Phrase_ID,Source,Source_Record_ID,Company,Country,Industry,Job_Function,Position,Seniority,Phrase,Word_Count,Phrase_Type,Competency
P_008514,South_Africa_Director_dataFile,JDRAW_02503,Resideo,South Africa,Procurement / Sourcing / Supply Chain,Unknown,Access Control & Fire Category Manager,Director,Ability to build relationships with diverse groups.,7,Skill,Communal
P_009614,2021_10_08_23_43_Sales_dataFile,JDRAW_04881,TikTok,"Moscow, Moscow City, Russia",Project Management / Programme Management,Project Management and Information Technology,Project Manager,Mid-Senior level,Glean insights from data.,4,Requirement,Neutral
P_009614,2021_10_08_23_43_Sales_dataFile,JDRAW_04881,TikTok,"Moscow, Moscow City, Russia",Project Management / Programme Management,Project Management and Information Technology,Project Manager,Mid-Senior level,Use data to make client recommendations and inform future proposals.,10,Requirement,Neutral
P_018137,2021_10_09_22_38_Sales_dataFile,JDRAW_06491,White Sand Group,"Singapore, Singapore",Procurement / Sourcing / Supply Chain,Purchasing and Supply Chain,Procurement Director,Director,Candidate speaks/writes/reads Mandarin to liaise with required stakeholders.,8,Requirement,Neutral
P_018137,2021_10_09_22_38_Sales_dataFile,JDRAW_06491,White Sand Group,"Singapore, Singapore",Procurement / Sourcing / Supply Chain,Purchasing and Supply Chain,Procurement Director,Director,This is a full time position in [Location].,8,Requirement,Neutral
P_009613,2021_10_08_23_43_Sales_dataFile,JDRAW_04881,TikTok,"Moscow, Moscow City, Russia",Project Management / Programme Management,Project Management and Information Technology,Project Manager,Mid-Senior level,"Knowledge of digital third-party servers, measurement, content and media verification partners.",11,Requirement,Neutral
P_017674,2021_10_09_22_38_Sales_dataFile,JDRAW_06437,Unknown,"Singapore, Singapore",Sales / Business Development,Management and Manufacturing,Catering Sales Director,Director,"Competent with Microsoft Office Suite, Salesforce.com and ComScore.",8,Requirement,Neutral
P_006705,India_Director_dataFile,JDRAW_01438,JPMorgan Chase & Co.,India,Project Management / Programme Management,Unknown,"Vice President - Manager - Credit Product Delivery India, Wholesale Lending Services Asia Pacific",Director,Managing strategic enhancements and executing change initiatives.,7,Requirement,Neutral
P_006705,India_Director_dataFile,JDRAW_01438,JPMorgan Chase & Co.,India,Project Management / Programme Management,Unknown,"Vice President - Manager - Credit Product Delivery India, Wholesale Lending Services Asia Pacific",Director,Supporting MIS reporting.,3,Requirement,Neutral
P_018138,2021_10_09_22_38_Sales_dataFile,JDRAW_06491,White Sand Group,"Singapore, Singapore",Procurement / Sourcing / Supply Chain,Purchasing and Supply Chain,Procurement Director,Director,Liaising with internal stakeholders and external suppliers to maximise stock availability and minimise lead times.,15,Requirement,Communal
P_022587,2021_10_09_06_09_Sales_dataFile,JDRAW_07591,Obvi,"Jersey City, NJ",Sales / Business Development,Unknown,Sales Intern - No Remote - Supplement & Beauty Brand,Unknown,Supplement & Beauty Industry Sales Experience.,6,Requirement,Neutral
P_018321,2021_10_09_22_38_Sales_dataFile,JDRAW_06520,"Happy Marketer, A Merkle Company","Singapore, Singapore",Project Management / Programme Management,Information Technology,"Director, Delivery",Director,"Education to degree level in advertising, media, IT or similar, 12 years of experience in digital marketing.",17,Requirement,Neutral
P_007283,Indonesia_Associate_dataFile,JDRAW_01787,Siemens,Indonesia,Project Management / Programme Management,Unknown,Commercial Project Manager,Associate,"Managing Projects, University Degree in Business Administration, Professional commercial knowledge in financial management of complex projects.",16,Requirement,Neutral
P_004985,2021_10_08_11_02_Sales_dataFile,JDRAW_00683,mtu solutions,"Longsheng Various Nationalities Autonomous County, Guangxi Zhuang, China",Sales / Business Development,Sales and Business Development,Sr. Regional Sales Manager,Mid-Senior level,Maintain competitive product and pricing knowledge.,6,Requirement,Neutral
P_007321,Indonesia_Director_dataFile,JDRAW_01811,Robert Walters,Indonesia,Procurement / Sourcing / Supply Chain,Unknown,Procurement Director - Financial Services/Trade Finance,Director,Reporting into [Location].,3,Requirement,Neutral
P_006712,India_Director_dataFile,JDRAW_01438,JPMorgan Chase & Co.,India,Project Management / Programme Management,Unknown,"Vice President - Manager - Credit Product Delivery India, Wholesale Lending Services Asia Pacific",Director,Knowledge of associated risks and regulatory requirements.,7,Requirement,Neutral
P_006712,India_Director_dataFile,JDRAW_01438,JPMorgan Chase & Co.,India,Project Management / Programme Management,Unknown,"Vice President - Manager - Credit Product Delivery India, Wholesale Lending Services Asia Pacific",Director,Strong leadership and management abilities.,5,Skill,Agentic
P_008499,South_Africa_Director_dataFile,JDRAW_02503,Resideo,South Africa,Procurement / Sourcing / Supply Chain,Unknown,Access Control & Fire Category Manager,Director,Understands the [Location] security market and competitive landscape.,8,Requirement,Neutral
P_008499,South_Africa_Director_dataFile,JDRAW_02503,Resideo,South Africa,Procurement / Sourcing / Supply Chain,Unknown,Access Control & Fire Category Manager,Director,Can translate business strategy into sales growth.,7,Skill,Agentic
P_007268,Indonesia_Associate_dataFile,JDRAW_01787,Siemens,Indonesia,Project Management / Programme Management,Unknown,Commercial Project Manager,Associate,Synchronizes contract structure with tax and delegation concept.,8,Requirement,Neutral
P_022711,2021_10_09_03_13_Sales_dataFile,JDRAW_07632,Keywords Studios,"St Petersburg, St Petersburg City, Russia",Project Management / Programme Management,Project Management,Chinese speaking Customer Support Project Manager - Video Games,Mid-Senior level,Experience in Player Support (Customer Service).,6,Requirement,Neutral
P_020091,2021_10_09_12_59_Sales_dataFile,JDRAW_07019,Jobs via eFinancialCareers,"Singapore, Singapore",Sales / Business Development,Sales and Business Development,Asst Dir-Sales Strategist,Entry level,Strong teamwork and demonstrated leadership skills.,6,Skill,Communal
P_018144,2021_10_09_22_38_Sales_dataFile,JDRAW_06491,White Sand Group,"Singapore, Singapore",Procurement / Sourcing / Supply Chain,Purchasing and Supply Chain,Procurement Director,Director,Supporting Sales and Operations in developing supply solutions to maintain fulfilment targets.,12,Requirement,Neutral
P_008110,Philippines_Entry_dataFile,JDRAW_02265,The Insights Shop,Philippines,Project Management / Programme Management,Unknown,Project Manager,Entry,Must have knowledge of Qualitative and Quantitative Research.,8,Requirement,Neutral
P_018322,2021_10_09_22_38_Sales_dataFile,JDRAW_06520,"Happy Marketer, A Merkle Company","Singapore, Singapore",Project Management / Programme Management,Information Technology,"Director, Delivery",Director,Strong knowledge in Web and Digital Analytics.,7,Requirement,Neutral
P_018322,2021_10_09_22_38_Sales_dataFile,JDRAW_06520,"Happy Marketer, A Merkle Company","Singapore, Singapore",Project Management / Programme Management,Information Technology,"Director, Delivery",Director,Aptitude to build and maintain strong working relationships.,8,Skill,Communal
P_020952,2021_10_09_16_33_Sales_dataFile,JDRAW_07251,Unknown,"Singapore, Singapore",Procurement / Sourcing / Supply Chain,Management and Manufacturing,Supply Chain Trainee #SGUnitedTraineeship #SGUT,Internship,private universities and overseas institutions,5,Requirement,Neutral
P_018154,2021_10_09_22_38_Sales_dataFile,JDRAW_06491,White Sand Group,"Singapore, Singapore",Procurement / Sourcing / Supply Chain,Purchasing and Supply Chain,Procurement Director,Director,Monitoring the market for new best practice tools and techniques.,10,Requirement,Neutral
P_018154,2021_10_09_22_38_Sales_dataFile,JDRAW_06491,White Sand Group,"Singapore, Singapore",Procurement / Sourcing / Supply Chain,Purchasing and Supply Chain,Procurement Director,Director,Expanding your own knowledge and skills.,6,Skill,Agentic
P_020944,2021_10_09_16_33_Sales_dataFile,JDRAW_07251,Unknown,"Singapore, Singapore",Procurement / Sourcing / Supply Chain,Management and Manufacturing,Supply Chain Trainee #SGUnitedTraineeship #SGUT,Internship,Understanding the Quality Management System and supply chain management.,9,Requirement,Neutral
P_018315,2021_10_09_22_38_Sales_dataFile,JDRAW_06520,"Happy Marketer, A Merkle Company","Singapore, Singapore",Project Management / Programme Management,Information Technology,"Director, Delivery",Director,Establish a solid working relationship with multiple clients.,8,Skill,Communal
P_008500,South_Africa_Director_dataFile,JDRAW_02503,Resideo,South Africa,Procurement / Sourcing / Supply Chain,Unknown,Access Control & Fire Category Manager,Director,Fully own two of the main product categories including: Access Control and Fire.,13,Skill,Agentic
P_013906,2021_10_09_16_58_Sales_dataFile,JDRAW_05717,Michael Page,"Shanghai, Shanghai, China",Sales / Business Development,Sales and Business Development,Sales Director-Online and Offline Exposure (Meat),Director,Project management.,2,Requirement,Neutral
P_013906,2021_10_09_16_58_Sales_dataFile,JDRAW_05717,Michael Page,"Shanghai, Shanghai, China",Sales / Business Development,Sales and Business Development,Sales Director-Online and Offline Exposure (Meat),Director,Coordinate with internal teams.,4,Skill,Communal
P_018142,2021_10_09_22_38_Sales_dataFile,JDRAW_06491,White Sand Group,"Singapore, Singapore",Procurement / Sourcing / Supply Chain,Purchasing and Supply Chain,Procurement Director,Director,Monitoring data accuracy and consistency of forecast adjustments.,8,Requirement,Neutral
P_007279,Indonesia_Associate_dataFile,JDRAW_01787,Siemens,Indonesia,Project Management / Programme Management,Unknown,Commercial Project Manager,Associate,"Experience in AC, Taxes, Treasury, Audit, RIC.",7,Requirement,Neutral
P_014883,2021_10_09_12_59_Sales_dataFile,JDRAW_05918,Unknown,"Singapore, Singapore",Sales / Business Development,Sales and Business Development,"Sales Development Representative, BytePlus",Entry level,Grading leads and distributing them to sales representatives in a timely manner.,12,Requirement,Neutral
P_022714,2021_10_09_03_13_Sales_dataFile,JDRAW_07632,Keywords Studios,"St Petersburg, St Petersburg City, Russia",Project Management / Programme Management,Project Management,Chinese speaking Customer Support Project Manager - Video Games,Mid-Senior level,Formal Project Management techniques or training.,6,Requirement,Neutral
P_001340,2021_10_09_06_44_Sales_dataFile,JDRAW_00146,Andor Technology,"Beijing, Beijing, China",Sales / Business Development,Sales and Business Development,Sales & Technical Application Specialist - North China,Entry level,Build key business partnerships.,4,Skill,Communal
P_014823,2021_10_10_15_21_Sales_dataFile,JDRAW_05906,Linio Group,"Shenzhen, Guangdong, China",Sales / Business Development,Sales and Business Development,CHINA-Key Account Manager,Mid-Senior level,"Fluent in oral and written English, Spanish will be a plus.",11,Requirement,Neutral
P_007277,Indonesia_Associate_dataFile,JDRAW_01787,Siemens,Indonesia,Project Management / Programme Management,Unknown,Commercial Project Manager,Associate,Ensures proper execution of all tasks with all relevant stakeholders.,10,Skill,Agentic
P_020946,2021_10_09_16_33_Sales_dataFile,JDRAW_07251,Unknown,"Singapore, Singapore",Procurement / Sourcing / Supply Chain,Management and Manufacturing,Supply Chain Trainee #SGUnitedTraineeship #SGUT,Internship,"Skills in Oracle, Glovia, or Sage systems.",7,Requirement,Neutral
P_022709,2021_10_09_03_13_Sales_dataFile,JDRAW_07632,Keywords Studios,"St Petersburg, St Petersburg City, Russia",Project Management / Programme Management,Project Management,Chinese speaking Customer Support Project Manager - Video Games,Mid-Senior level,Minimum 2 years of experience in Project Management or similar role in the Video Games or related industry.,18,Requirement,
P_020936,2021_10_09_16_33_Sales_dataFile,JDRAW_07247,Unknown,"Singapore, Singapore",Procurement / Sourcing / Supply Chain,Purchasing and Supply Chain,Purchasing Trainee (West Area),Internship,Sourcing of products from the marketplace.,6,Requirement,
P_004389,2021_10_09_09_30_Sales_dataFile,JDRAW_00554,Coca-Cola Beverages Florida,"Hollywood, FL",Sales / Business Development,Sales and Business Development,Field Sales Representative,Entry level,"Ability to repetitively lift, carry, and position objects weighing up to 50 pounds without assistance.",15,Requirement,
P_020172,2021_10_09_12_59_Sales_dataFile,JDRAW_07038,Unknown,"Singapore, Singapore",Sales / Business Development,Sales and Business Development,Sales Manager,Entry level,Provide input to the Content Development team based on customer and industry feedback.,13,Requirement,
P_011539,2021_10_09_06_09_Sales_dataFile,JDRAW_05310,Redlist,"Pleasant Grove, UT",Sales / Business Development,Sales and Business Development,Sales Development Intern,Internship,Growth mindset,2,Skill,Agentic
P_008501,South_Africa_Director_dataFile,JDRAW_02503,Resideo,South Africa,Procurement / Sourcing / Supply Chain,Unknown,Access Control & Fire Category Manager,Director,Creating strategic plans for the product category.,7,Requirement,
P_008501,South_Africa_Director_dataFile,JDRAW_02503,Resideo,South Africa,Procurement / Sourcing / Supply Chain,Unknown,Access Control & Fire Category Manager,Director,Developing growth and promotional programs to achieve budget objectives.,9,Requirement,Agentic
P_007273,Indonesia_Associate_dataFile,JDRAW_01787,Siemens,Indonesia,Project Management / Programme Management,Unknown,Commercial Project Manager,Associate,"Calculation, tax, insurances, currency.",4,Requirement,
P_007273,Indonesia_Associate_dataFile,JDRAW_01787,Siemens,Indonesia,Project Management / Programme Management,Unknown,Commercial Project Manager,Associate,Ensures communication of relevant commercial contractual obligations/conditions to the relevant project team members.,13,Requirement,Communal
P_007273,Indonesia_Associate_dataFile,JDRAW_01787,Siemens,Indonesia,Project Management / Programme Management,Unknown,Commercial Project Manager,Associate,"Member of the Change Management Authority (change control board) - review, approval, rejection of change requests.",16,Requirement,
P_022701,2021_10_09_03_13_Sales_dataFile,JDRAW_07632,Keywords Studios,"St Petersburg, St Petersburg City, Russia",Project Management / Programme Management,Project Management,Chinese speaking Customer Support Project Manager - Video Games,Mid-Senior level,Day-to-day management of Team Leadership.,5,Requirement,
P_022701,2021_10_09_03_13_Sales_dataFile,JDRAW_07632,Keywords Studios,"St Petersburg, St Petersburg City, Russia",Project Management / Programme Management,Project Management,Chinese speaking Customer Support Project Manager - Video Games,Mid-Senior level,Mentoring Team Leadership.,3,Skill,Communal
P_022701,2021_10_09_03_13_Sales_dataFile,JDRAW_07632,Keywords Studios,"St Petersburg, St Petersburg City, Russia",Project Management / Programme Management,Project Management,Chinese speaking Customer Support Project Manager - Video Games,Mid-Senior level,Conducting performance management of Team Leadership.,6,Requirement,
P_020735,2021_10_09_16_33_Sales_dataFile,JDRAW_07195,Unknown,"Singapore, Singapore",Sales / Business Development,Education and Training,Management Trainee (Business Development),Internship,Negotiate contracts with prospective clients.,5,Requirement,Agentic
P_006224,Egypt_Associate_dataFile,JDRAW_01179,Arrow Electronics,Egypt,Project Management / Programme Management,Unknown,Project Manager,Associate,Manage standard coverage reports.,4,Requirement,
P_001581,2021_10_10_15_21_Sales_dataFile,JDRAW_00166,Michael Page,"Beijing, Beijing, China",Sales / Business Development,Sales and Business Development,Senior Sales Manager - for a leading publishing company,Mid-Senior level,Experience in publishing industry.,4,Requirement,
P_018378,2021_10_09_22_38_Sales_dataFile,JDRAW_06546,Robert Half,"Singapore, Singapore",Procurement / Sourcing / Supply Chain,Accounting/Auditing and Finance,Controller (Business Controlling & Supply Chain),Director,Identify key risks and opportunities revolving around Supply Chain.,9,Skill,Agentic
P_018378,2021_10_09_22_38_Sales_dataFile,JDRAW_06546,Robert Half,"Singapore, Singapore",Procurement / Sourcing / Supply Chain,Accounting/Auditing and Finance,Controller (Business Controlling & Supply Chain),Director,Drive continuous improvement via regional projects and initiatives.,8,Skill,Agentic
P_023540,2021_10_09_14_59_Sales_dataFile,JDRAW_07830,Modern Hire,United States,Sales / Business Development,Sales and Business Development,Enterprise Business Development Representative,Mid-Senior level,Engage and inspire others.,4,Skill,Agentic
P_022715,2021_10_09_03_13_Sales_dataFile,JDRAW_07632,Keywords Studios,"St Petersburg, St Petersburg City, Russia",Project Management / Programme Management,Project Management,Chinese speaking Customer Support Project Manager - Video Games,Mid-Senior level,Excellent written and verbal communication skills in English and Chinese.,10,Requirement,Agentic
P_006710,India_Director_dataFile,JDRAW_01438,JPMorgan Chase & Co.,India,Project Management / Programme Management,Unknown,"Vice President - Manager - Credit Product Delivery India, Wholesale Lending Services Asia Pacific",Director,"Manage controls framework, reporting and escalation for transaction execution.",9,Requirement,
P_008161,Philippines_Mid-Senior_dataFile,JDRAW_02311,Carousell Group,Philippines,Procurement / Sourcing / Supply Chain,Unknown,Category Manager (Autos),Mid-Senior,Attuned to the needs of our users,7,Skill,Communal
P_008161,Philippines_Mid-Senior_dataFile,JDRAW_02311,Carousell Group,Philippines,Procurement / Sourcing / Supply Chain,Unknown,Category Manager (Autos),Mid-Senior,Break down and solve complex business problems,7,Skill,Agentic
P_018150,2021_10_09_22_38_Sales_dataFile,JDRAW_06491,White Sand Group,"Singapore, Singapore",Procurement / Sourcing / Supply Chain,Purchasing and Supply Chain,Procurement Director,Director,Delivering world class business and change management consulting to senior management within client organisations.,14,Requirement,Neutral
P_007276,Indonesia_Associate_dataFile,JDRAW_01787,Siemens,Indonesia,Project Management / Programme Management,Unknown,Commercial Project Manager,Associate,"Ensures proper handling of bank accounts including petty cash, if applicable",11,Requirement,Neutral
P_007276,Indonesia_Associate_dataFile,JDRAW_01787,Siemens,Indonesia,Project Management / Programme Management,Unknown,Commercial Project Manager,Associate,Manage project team,3,Skill,Agentic
P_007276,Indonesia_Associate_dataFile,JDRAW_01787,Siemens,Indonesia,Project Management / Programme Management,Unknown,Commercial Project Manager,Associate,Agrees targets and work packages with commercial project staff,9,Skill,Agentic
P_007276,Indonesia_Associate_dataFile,JDRAW_01787,Siemens,Indonesia,Project Management / Programme Management,Unknown,Commercial Project Manager,Associate,Holds meetings and seeks actively feedback,6,Skill,Communal
P_002711,2021_10_10_07_00_Sales_dataFile,JDRAW_00302,endpoint Clinical,China,Sales / Business Development,Business Development and Sales,"Manager, APAC Business Development",Associate,"The Manager, [Location] Business Development will primarily focus on identifying, developing and winning [Location] new business opportunities.",17,Requirement,Neutral
P_014854,2021_10_09_12_59_Sales_dataFile,JDRAW_05915,Enthof,Singapore,Sales / Business Development,Unknown,Independent Sales Contractor,Unknown,Please apply with your resume,5,Requirement,Neutral
P_014854,2021_10_09_12_59_Sales_dataFile,JDRAW_05915,Enthof,Singapore,Sales / Business Development,Unknown,Independent Sales Contractor,Unknown,Work to bring sales for [Company],6,Skill,Agentic
P_004032,2021_10_09_06_09_Sales_dataFile,JDRAW_00501,NorthPoint Search Group,"Greensboro, NC",Sales / Business Development,Sales and Business Development,Sales Specialist,Internship,Assist sales and marketing with selected trade show coordination and requested administrative tasks.,13,Requirement,Neutral
P_009606,2021_10_08_23_43_Sales_dataFile,JDRAW_04881,TikTok,"Moscow, Moscow City, Russia",Project Management / Programme Management,Project Management and Information Technology,Project Manager,Mid-Senior level,Coordinate people and processes to ensure that our projects are delivered on time and produce the desired results,18,Skill,Agentic
P_007427,Ireland_Director_dataFile,JDRAW_01929,Cpl,Ireland,Procurement / Sourcing / Supply Chain,Unknown,Credit Controller - 3 Month Contract,Director,Reconciliation of customer accounts to ensure clean aged debt report. Order release in accordance with the company policy.,18,Requirement,Neutral
P_020951,2021_10_09_16_33_Sales_dataFile,JDRAW_07251,Unknown,"Singapore, Singapore",Procurement / Sourcing / Supply Chain,Management and Manufacturing,Supply Chain Trainee #SGUnitedTraineeship #SGUT,Internship,"Graduated or graduating in calendar year 2019 to 2021 from ITEs, polytechnics, universities, or other educational institutions",17,Requirement,Neutral
P_020938,2021_10_09_16_33_Sales_dataFile,JDRAW_07247,Unknown,"Singapore, Singapore",Procurement / Sourcing / Supply Chain,Purchasing and Supply Chain,Purchasing Trainee (West Area),Internship,Prepare Sales quotations and submit to customers on time.,9,Requirement,Neutral
P_008507,South_Africa_Director_dataFile,JDRAW_02503,Resideo,South Africa,Procurement / Sourcing / Supply Chain,Unknown,Access Control & Fire Category Manager,Director,"Experience as a professional product/category manager in retail, e-tail/catalog, distribution or similar environment.",13,Requirement,Neutral
P_004835,2021_10_10_15_21_Sales_dataFile,JDRAW_00642,Umbratek Technology Ltd,"Shenzhen, Guangdong, China",Sales / Business Development,Unknown,Sales And Marketing Specialist,Unknown,Drive traffic to increase sales.,5,Skill,Agentic
P_018153,2021_10_09_22_38_Sales_dataFile,JDRAW_06491,White Sand Group,"Singapore, Singapore",Procurement / Sourcing / Supply Chain,Purchasing and Supply Chain,Procurement Director,Director,Analysing procurement & supply chain processes,6,Requirement,Neutral
P_018153,2021_10_09_22_38_Sales_dataFile,JDRAW_06491,White Sand Group,"Singapore, Singapore",Procurement / Sourcing / Supply Chain,Purchasing and Supply Chain,Procurement Director,Director,Developing optimised concepts for presentation to the client,8,Skill,Agentic
P_003111,2021_10_09_17_03_Sales_dataFile,JDRAW_00364,Holiday Inn,"Dallas, TX",Sales / Business Development,Sales and Business Development,Director of Sales,Director,Previous Director of Sales experience in a full service or select service property.,13,Requirement,Neutral
P_005506,Argentina_Executive_dataFile,JDRAW_00757,Translation Back Office,Argentina,Sales / Business Development,Unknown,Sales Support - CG,Executive,"Ability to comprehend, analyze, and interpret language industry related requests.",10,Skill,Agentic
P_008273,Romania_Associate_dataFile,JDRAW_02363,Bosch Romania,Romania,Project Management / Programme Management,Unknown,Project Manager,Associate,Defines the timeline and work packages for different departments involved internally.,11,Skill,Agentic
P_018318,2021_10_09_22_38_Sales_dataFile,JDRAW_06520,"Happy Marketer, A Merkle Company","Singapore, Singapore",Project Management / Programme Management,Information Technology,"Director, Delivery",Director,Working with the delivery team to be the first line of support in the running of accounts.,17,Skill,Communal
P_021440,2021_10_09_19_55_Sales_dataFile,JDRAW_07414,Siemens,"Singapore, Singapore",Sales / Business Development,"Sales, Business Development, and Product Management",Service and Sales Technical Specialist,Mid-Senior level,Specify components to be used in the Automation systems and interface with customers / vendors,15,Requirement,Neutral
P_021440,2021_10_09_19_55_Sales_dataFile,JDRAW_07414,Siemens,"Singapore, Singapore",Sales / Business Development,"Sales, Business Development, and Product Management",Service and Sales Technical Specialist,Mid-Senior level,Responsible for programming automation and controls systems involving PLCs,9,Requirement,Neutral
P_008552,South_Africa_Mid-Senior_dataFile,JDRAW_02572,NTT Ltd.,South Africa,Sales / Business Development,Unknown,"Specialist, Group Sales Training",Mid-Senior,Accountable for the design and management of the global sales training calendar.,12,Responsibility,Neutral
P_019300,2021_10_09_12_59_Sales_dataFile,JDRAW_06832,Decathlon Singapore,"Singapore, Singapore",Procurement / Sourcing / Supply Chain,"Product Management, Supply Chain, and Strategy/Planning",Regional Category Manager (SEA),Entry level,Time split between Category Management.,5,Responsibility,Neutral
P_019300,2021_10_09_12_59_Sales_dataFile,JDRAW_06832,Decathlon Singapore,"Singapore, Singapore",Procurement / Sourcing / Supply Chain,"Product Management, Supply Chain, and Strategy/Planning",Regional Category Manager (SEA),Entry level,Time split between Merchandising.,4,Responsibility,Neutral
P_019300,2021_10_09_12_59_Sales_dataFile,JDRAW_06832,Decathlon Singapore,"Singapore, Singapore",Procurement / Sourcing / Supply Chain,"Product Management, Supply Chain, and Strategy/Planning",Regional Category Manager (SEA),Entry level,Time split between Supply Chain.,5,Responsibility,Neutral
P_008510,South_Africa_Director_dataFile,JDRAW_02503,Resideo,South Africa,Procurement / Sourcing / Supply Chain,Unknown,Access Control & Fire Category Manager,Director,Experience generating tactical and strategic category roadmaps and detailed plans including annual and 5-year plans.,15,Requirement,Neutral
P_006603,Hong_Kong_Executive_dataFile,JDRAW_01349,BNP Paribas,Hong Kong,Procurement / Sourcing / Supply Chain,Unknown,"Vice President, Transaction Banking - Supply Chain Management",Executive,Preparing and reviewing of transaction memos.,6,Responsibility,Neutral
P_006603,Hong_Kong_Executive_dataFile,JDRAW_01349,BNP Paribas,Hong Kong,Procurement / Sourcing / Supply Chain,Unknown,"Vice President, Transaction Banking - Supply Chain Management",Executive,Preparing and reviewing of legal documentation.,6,Responsibility,Neutral
P_006603,Hong_Kong_Executive_dataFile,JDRAW_01349,BNP Paribas,Hong Kong,Procurement / Sourcing / Supply Chain,Unknown,"Vice President, Transaction Banking - Supply Chain Management",Executive,Preparing and reviewing of marketing material.,6,Responsibility,Neutral
P_006603,Hong_Kong_Executive_dataFile,JDRAW_01349,BNP Paribas,Hong Kong,Procurement / Sourcing / Supply Chain,Unknown,"Vice President, Transaction Banking - Supply Chain Management",Executive,Participating in credit committees.,4,Responsibility,Neutral
P_007428,Ireland_Director_dataFile,JDRAW_01929,Cpl,Ireland,Procurement / Sourcing / Supply Chain,Unknown,Credit Controller - 3 Month Contract,Director,Ability to prioritise workloads in accordance with business needs.,9,Skill,Agentic
P_022700,2021_10_09_03_13_Sales_dataFile,JDRAW_07632,Keywords Studios,"St Petersburg, St Petersburg City, Russia",Project Management / Programme Management,Project Management,Chinese speaking Customer Support Project Manager - Video Games,Mid-Senior level,Planning project strategies.,3,Responsibility,Neutral
P_022700,2021_10_09_03_13_Sales_dataFile,JDRAW_07632,Keywords Studios,"St Petersburg, St Petersburg City, Russia",Project Management / Programme Management,Project Management,Chinese speaking Customer Support Project Manager - Video Games,Mid-Senior level,Applying project strategies.,3,Responsibility,Neutral
P_022700,2021_10_09_03_13_Sales_dataFile,JDRAW_07632,Keywords Studios,"St Petersburg, St Petersburg City, Russia",Project Management / Programme Management,Project Management,Chinese speaking Customer Support Project Manager - Video Games,Mid-Senior level,Adapting project strategies with the support of the Team Leads.,10,Responsibility,Neutral
P_008447,Saudi_Arabia_Director_dataFile,JDRAW_02434,Arbete Careers,Saudi Arabia,Sales / Business Development,Unknown,Senior Sales Supervisor,Director,Gross salary: [Salary].,3,Other,Neutral
P_008447,Saudi_Arabia_Director_dataFile,JDRAW_02434,Arbete Careers,Saudi Arabia,Sales / Business Development,Unknown,Senior Sales Supervisor,Director,Minimum 2 years experience.,4,Requirement,Neutral
P_008447,Saudi_Arabia_Director_dataFile,JDRAW_02434,Arbete Careers,Saudi Arabia,Sales / Business Development,Unknown,Senior Sales Supervisor,Director,Position of Senior Sales Supervisor for our client in the Oil & Gas industry.,14,Other,Neutral
P_020521,2021_10_09_12_59_Sales_dataFile,JDRAW_07128,Unknown,"Singapore, Singapore",Sales / Business Development,Business Development,B2B Business Development Associate (B2B Sales and Marketing),Entry level,Acquire new clients.,3,Responsibility,Neutral
P_020521,2021_10_09_12_59_Sales_dataFile,JDRAW_07128,Unknown,"Singapore, Singapore",Sales / Business Development,Business Development,B2B Business Development Associate (B2B Sales and Marketing),Entry level,Maintain existing customers.,3,Responsibility,Neutral
P_020521,2021_10_09_12_59_Sales_dataFile,JDRAW_07128,Unknown,"Singapore, Singapore",Sales / Business Development,Business Development,B2B Business Development Associate (B2B Sales and Marketing),Entry level,Perform lead generation to acquire new accounts.,7,Responsibility,Neutral
P_020521,2021_10_09_12_59_Sales_dataFile,JDRAW_07128,Unknown,"Singapore, Singapore",Sales / Business Development,Business Development,B2B Business Development Associate (B2B Sales and Marketing),Entry level,Perform canvassing to acquire new accounts.,6,Responsibility,Neutral
P_010184,2021_10_09_17_03_Sales_dataFile,JDRAW_05082,Connect Search,"New Jersey, United States",Sales / Business Development,Sales and Business Development,Global Sales Director,Director,Global Sales Director to execute the commercial strategy in this specialist Ingredients portfolio.,13,Responsibility,Neutral
P_022122,2021_10_09_09_30_Sales_dataFile,JDRAW_07510,BarBak Hospitality,"Charleston, SC",Sales / Business Development,Unknown,Outside Sales Representative,Unknown,Determine product/service value delivered throughout customer operations.,7,Responsibility,Neutral
P_022122,2021_10_09_09_30_Sales_dataFile,JDRAW_07510,BarBak Hospitality,"Charleston, SC",Sales / Business Development,Unknown,Outside Sales Representative,Unknown,Effectively communicate value to customers to promote new business and sales.,11,Responsibility,Agentic
P_012729,2021_10_09_16_58_Sales_dataFile,JDRAW_05518,BMMP,"Shanghai, China",Sales / Business Development,Business Development and Sales,Director Of Business Development,Director,"Build, grow and manage BD team.",6,Responsibility,Neutral
P_021516,2021_10_09_09_30_Sales_dataFile,JDRAW_07422,Unknown,United States,Sales / Business Development,Unknown,Sales Representative,Unknown,Capable of making 50 calls per hour.,7,Requirement,Neutral
P_008504,South_Africa_Director_dataFile,JDRAW_02503,Resideo,South Africa,Procurement / Sourcing / Supply Chain,Unknown,Access Control & Fire Category Manager,Director,Work with [Company] leadership team.,5,Responsibility,Communal
P_008504,South_Africa_Director_dataFile,JDRAW_02503,Resideo,South Africa,Procurement / Sourcing / Supply Chain,Unknown,Access Control & Fire Category Manager,Director,"Clearly communicating new opportunities, new products or suppliers.",8,Responsibility,Agentic
P_008504,South_Africa_Director_dataFile,JDRAW_02503,Resideo,South Africa,Procurement / Sourcing / Supply Chain,Unknown,Access Control & Fire Category Manager,Director,Resolve transactional issues as needed.,5,Responsibility,Agentic
P_018139,2021_10_09_22_38_Sales_dataFile,JDRAW_06491,White Sand Group,"Singapore, Singapore",Procurement / Sourcing / Supply Chain,Purchasing and Supply Chain,Procurement Director,Director,Ensuring stock shortfalls are avoided whilst keeping stock levels to a minimum.,12,Responsibility,Neutral
P_011397,2021_10_09_12_15_Sales_dataFile,JDRAW_05287,Lucas Group,"Phoenix, AZ",Sales / Business Development,Sales,Account Manager (Sales) AZ/NM,Associate,Maintain the knowledge required to be able to demonstrate standard equipment and software.,13,Requirement,Neutral
P_018786,2021_10_09_01_12_Sales_dataFile,JDRAW_06694,BigTeams,United States,Sales / Business Development,Unknown,Inside Sales Representative,Unknown,Ability to achieve targets with little to no supervision.,9,Skill,Agentic
P_008104,Philippines_Entry_dataFile,JDRAW_02265,The Insights Shop,Philippines,Project Management / Programme Management,Unknown,Project Manager,Entry,The PM will work alongside a team of Project Managers.,10,Responsibility,Communal
P_007426,Ireland_Director_dataFile,JDRAW_01929,Cpl,Ireland,Procurement / Sourcing / Supply Chain,Unknown,Credit Controller - 3 Month Contract,Director,Handle day to day Credit and Collection activities on customer accounts,11,Requirement,Neutral
P_007426,Ireland_Director_dataFile,JDRAW_01929,Cpl,Ireland,Procurement / Sourcing / Supply Chain,Unknown,Credit Controller - 3 Month Contract,Director,Liaising with Customer Services to ensure customer queries are resolved on a timely basis,14,Skill,Communal
P_019151,2021_10_09_12_59_Sales_dataFile,JDRAW_06814,360F,"Singapore, Singapore",Sales / Business Development,Sales and Business Development,Account Manager,Entry level,Develop strategies and content that will retain and satisfy customers.,10,Skill,Agentic
P_022704,2021_10_09_03_13_Sales_dataFile,JDRAW_07632,Keywords Studios,"St Petersburg, St Petersburg City, Russia",Project Management / Programme Management,Project Management,Chinese speaking Customer Support Project Manager - Video Games,Mid-Senior level,Facilitate team and client meetings effectively.,6,Skill,Communal
P_007290,Indonesia_Director_dataFile,JDRAW_01794,JPMorgan Chase & Co.,Indonesia,Project Management / Programme Management,Unknown,Commercial Bank - Wholesale Lending Services - Credit Product Delivery - Associate,Director,This position will be based in [Location].,7,Requirement,Neutral
P_007278,Indonesia_Associate_dataFile,JDRAW_01787,Siemens,Indonesia,Project Management / Programme Management,Unknown,Commercial Project Manager,Associate,"Financing, insurance, guarantees, currency & commodity hedging, CF.",8,Requirement,Neutral
P_008281,Romania_Associate_dataFile,JDRAW_02363,Bosch Romania,Romania,Project Management / Programme Management,Unknown,Project Manager,Associate,Manages projects involving external partners to the factory.,8,Skill,Agentic
P_022716,2021_10_09_03_13_Sales_dataFile,JDRAW_07632,Keywords Studios,"St Petersburg, St Petersburg City, Russia",Project Management / Programme Management,Project Management,Chinese speaking Customer Support Project Manager - Video Games,Mid-Senior level,Strong leadership skills,3,Skill,Agentic
P_022716,2021_10_09_03_13_Sales_dataFile,JDRAW_07632,Keywords Studios,"St Petersburg, St Petersburg City, Russia",Project Management / Programme Management,Project Management,Chinese speaking Customer Support Project Manager - Video Games,Mid-Senior level,decision-making abilities,2,Skill,Agentic
P_013251,2021_10_08_11_02_Sales_dataFile,JDRAW_05601,Michael Page,"Shanghai, Shanghai, China",Sales / Business Development,Sales and Business Development,APAC Sales Manager (Chemicals to Paper Industry),Entry level,"Develop market share in [Location], while working with distributors and service companies serving the paper industry.",16,Requirement,Neutral
P_020939,2021_10_09_16_33_Sales_dataFile,JDRAW_07247,Unknown,"Singapore, Singapore",Procurement / Sourcing / Supply Chain,Purchasing and Supply Chain,Purchasing Trainee (West Area),Internship,Graduates interested in this position should possess a Polytechnic Diploma or Professional Certification.,13,Requirement,Neutral
P_007262,Indonesia_Associate_dataFile,JDRAW_01787,Siemens,Indonesia,Project Management / Programme Management,Unknown,Commercial Project Manager,Associate,A professional collaboration between the [Company] project roles is key for the overall project success.,15,Skill,Communal
P_007262,Indonesia_Associate_dataFile,JDRAW_01787,Siemens,Indonesia,Project Management / Programme Management,Unknown,Commercial Project Manager,Associate,Describe the remarkable challanges & characteristics of this position/ role.,10,Other,Neutral
P_007271,Indonesia_Associate_dataFile,JDRAW_01787,Siemens,Indonesia,Project Management / Programme Management,Unknown,Commercial Project Manager,Associate,Prepares commercial documentation for regular project status meetings and ensures the accuracy of the commercial project data.,17,Requirement,Neutral
P_007265,Indonesia_Associate_dataFile,JDRAW_01787,Siemens,Indonesia,Project Management / Programme Management,Unknown,Commercial Project Manager,Associate,Coordinates with Legal for document review and holds commercial project status meetings with relevant parties.,15,Skill,Communal
P_006714,India_Director_dataFile,JDRAW_01438,JPMorgan Chase & Co.,India,Project Management / Programme Management,Unknown,"Vice President - Manager - Credit Product Delivery India, Wholesale Lending Services Asia Pacific",Director,must be a change leader,5,Skill,Agentic
P_006714,India_Director_dataFile,JDRAW_01438,JPMorgan Chase & Co.,India,Project Management / Programme Management,Unknown,"Vice President - Manager - Credit Product Delivery India, Wholesale Lending Services Asia Pacific",Director,Navigate uncertainty,2,Skill,Agentic
P_021994,2021_10_09_19_55_Sales_dataFile,JDRAW_07494,Ramboll,"Singapore, Singapore",Sales / Business Development,Administrative and Human Resources,Market and Business Development Manager,Mid-Senior level,"Strategic Planning - Creating the capacity for business value and developing business plans for the department, Business Unit and/or PBU.",20,Skill,Agentic
P_022710,2021_10_09_03_13_Sales_dataFile,JDRAW_07632,Keywords Studios,"St Petersburg, St Petersburg City, Russia",Project Management / Programme Management,Project Management,Chinese speaking Customer Support Project Manager - Video Games,Mid-Senior level,Minimum 2 years of experience in Client Services Management preferably in the video game industry.,15,Requirement,Neutral
P_008101,Philippines_Entry_dataFile,JDRAW_02265,The Insights Shop,Philippines,Project Management / Programme Management,Unknown,Project Manager,Entry,Market Research Professional.,3,Requirement,Neutral
P_008101,Philippines_Entry_dataFile,JDRAW_02265,The Insights Shop,Philippines,Project Management / Programme Management,Unknown,Project Manager,Entry,Experienced Project Manager.,3,Skill,Agentic
P_008107,Philippines_Entry_dataFile,JDRAW_02265,The Insights Shop,Philippines,Project Management / Programme Management,Unknown,Project Manager,Entry,"Ability to act quickly to replace no-shows, follow up with late respondents, send last minute materials.",16,Skill,Agentic
P_008503,South_Africa_Director_dataFile,JDRAW_02503,Resideo,South Africa,Procurement / Sourcing / Supply Chain,Unknown,Access Control & Fire Category Manager,Director,"Growing the product category profitably in line with gross margin targets, while adhering to working capital and inventory requirements.",19,Requirement,Neutral
P_004098,2021_10_09_06_44_Sales_dataFile,JDRAW_00509,Ewellix China,"Guangdong, China",Sales / Business Development,Unknown,DD Sales South China,Unknown,Drive initiatives for distribution business growth.,6,Responsibility,Agentic
P_004098,2021_10_09_06_44_Sales_dataFile,JDRAW_00509,Ewellix China,"Guangdong, China",Sales / Business Development,Unknown,DD Sales South China,Unknown,Coordinate initiatives according to sales team strategy.,7,Responsibility,Agentic
P_019321,2021_10_09_01_12_Sales_dataFile,JDRAW_06840,Le Bleu Enterprises,Greensboro--Winston-Salem--High Point Area,Sales / Business Development,Unknown,Regional Sales Representative,Unknown,"While you would be centered in the [Location], our reps have the ability to sell into other key [Location] markets.",20,Responsibility,Neutral
P_007322,Indonesia_Director_dataFile,JDRAW_01811,Robert Walters,Indonesia,Procurement / Sourcing / Supply Chain,Unknown,Procurement Director - Financial Services/Trade Finance,Director,"Working from [Location], you will help to develop a new portfolio of clients.",13,Responsibility,Agentic
P_009610,2021_10_08_23_43_Sales_dataFile,JDRAW_04881,TikTok,"Moscow, Moscow City, Russia",Project Management / Programme Management,Project Management and Information Technology,Project Manager,Mid-Senior level,"Collaborate with content partnership and product colleagues to develop, test, execute, and measure ideas for specific brand and agency clients.",20,Responsibility,Communal
P_018377,2021_10_09_22_38_Sales_dataFile,JDRAW_06546,Robert Half,"Singapore, Singapore",Procurement / Sourcing / Supply Chain,Accounting/Auditing and Finance,Controller (Business Controlling & Supply Chain),Director,"Monitor, evaluate and perform complex scenario analysis and present financial simulations.",11,Requirement,Agentic
P_018377,2021_10_09_22_38_Sales_dataFile,JDRAW_06546,Robert Half,"Singapore, Singapore",Procurement / Sourcing / Supply Chain,Accounting/Auditing and Finance,Controller (Business Controlling & Supply Chain),Director,Prepare and consolidate supply chain results and performance trends.,9,Responsibility,Agentic
P_018377,2021_10_09_22_38_Sales_dataFile,JDRAW_06546,Robert Half,"Singapore, Singapore",Procurement / Sourcing / Supply Chain,Accounting/Auditing and Finance,Controller (Business Controlling & Supply Chain),Director,Review strategic plans and track supply chain's project costing activities.,10,Responsibility,Agentic
P_018141,2021_10_09_22_38_Sales_dataFile,JDRAW_06491,White Sand Group,"Singapore, Singapore",Procurement / Sourcing / Supply Chain,Purchasing and Supply Chain,Procurement Director,Director,Accurately projecting supply shortfalls and surpluses in a timely manner.,10,Requirement,Agentic
P_018325,2021_10_09_22_38_Sales_dataFile,JDRAW_06520,"Happy Marketer, A Merkle Company","Singapore, Singapore",Project Management / Programme Management,Information Technology,"Director, Delivery",Director,Hands-on experience in Google Analytics.,5,Requirement,Neutral
P_004102,2021_10_09_06_44_Sales_dataFile,JDRAW_00509,Ewellix China,"Guangdong, China",Sales / Business Development,Unknown,DD Sales South China,Unknown,Distributor validation process and approval matrix management.,7,Responsibility,Neutral
P_006717,India_Director_dataFile,JDRAW_01438,JPMorgan Chase & Co.,India,Project Management / Programme Management,Unknown,"Vice President - Manager - Credit Product Delivery India, Wholesale Lending Services Asia Pacific",Director,Demonstrate understanding of the risks and downstream impacts of inaccurate data capture.,12,Requirement,Neutral
P_006717,India_Director_dataFile,JDRAW_01438,JPMorgan Chase & Co.,India,Project Management / Programme Management,Unknown,"Vice President - Manager - Credit Product Delivery India, Wholesale Lending Services Asia Pacific",Director,High degree of numeracy and aptitude for analytical examination of problems.,11,Skill,Agentic
P_007281,Indonesia_Associate_dataFile,JDRAW_01787,Siemens,Indonesia,Project Management / Programme Management,Unknown,Commercial Project Manager,Associate,"Manage delegation processes, ECC, Customs, and external auditors.",8,Responsibility,Agentic
P_007281,Indonesia_Associate_dataFile,JDRAW_01787,Siemens,Indonesia,Project Management / Programme Management,Unknown,Commercial Project Manager,Associate,"Drives interpersonal relationship, fosters effective communication and manages conflicts.",9,Skill,Communal
P_007281,Indonesia_Associate_dataFile,JDRAW_01787,Siemens,Indonesia,Project Management / Programme Management,Unknown,Commercial Project Manager,Associate,Interacts with all relevant stakeholders to ensure execution of project financing issues.,12,Responsibility,Communal
P_006706,India_Director_dataFile,JDRAW_01438,JPMorgan Chase & Co.,India,Project Management / Programme Management,Unknown,"Vice President - Manager - Credit Product Delivery India, Wholesale Lending Services Asia Pacific",Director,The role will report to the Head of [Location] Credit Product Delivery.,12,Other,Neutral
P_018149,2021_10_09_22_38_Sales_dataFile,JDRAW_06491,White Sand Group,"Singapore, Singapore",Procurement / Sourcing / Supply Chain,Purchasing and Supply Chain,Procurement Director,Director,Continuous improvement of sourcing activities by identifying and implementing best practices.,11,Responsibility,Agentic
P_018320,2021_10_09_22_38_Sales_dataFile,JDRAW_06520,"Happy Marketer, A Merkle Company","Singapore, Singapore",Project Management / Programme Management,Information Technology,"Director, Delivery",Director,Assist with additional ad hoc tasks to support the team.,10,Responsibility,Communal
P_018316,2021_10_09_22_38_Sales_dataFile,JDRAW_06520,"Happy Marketer, A Merkle Company","Singapore, Singapore",Project Management / Programme Management,Information Technology,"Director, Delivery",Director,Be the point of contact for all client requests.,9,Responsibility,Communal
P_018316,2021_10_09_22_38_Sales_dataFile,JDRAW_06520,"Happy Marketer, A Merkle Company","Singapore, Singapore",Project Management / Programme Management,Information Technology,"Director, Delivery",Director,Ensure that briefs are met with quality and timeliness.,9,Skill,Agentic
P_008279,Romania_Associate_dataFile,JDRAW_02363,Bosch Romania,Romania,Project Management / Programme Management,Unknown,Project Manager,Associate,Structures the organization chart of the project.,7,Responsibility,Agentic
P_018152,2021_10_09_22_38_Sales_dataFile,JDRAW_06491,White Sand Group,"Singapore, Singapore",Procurement / Sourcing / Supply Chain,Purchasing and Supply Chain,Procurement Director,Director,Work in project teams with colleagues and client staff to develop innovative procurement and supply chain solutions.,17,Responsibility,Communal
P_008513,South_Africa_Director_dataFile,JDRAW_02503,Resideo,South Africa,Procurement / Sourcing / Supply Chain,Unknown,Access Control & Fire Category Manager,Director,Ability to create reports and analyze data.,7,Skill,Agentic
P_008513,South_Africa_Director_dataFile,JDRAW_02503,Resideo,South Africa,Procurement / Sourcing / Supply Chain,Unknown,Access Control & Fire Category Manager,Director,"Proficiency in Excel, PowerPoint, Word.",5,Requirement,Neutral
P_018156,2021_10_09_22_38_Sales_dataFile,JDRAW_06491,White Sand Group,"Singapore, Singapore",Procurement / Sourcing / Supply Chain,Purchasing and Supply Chain,Procurement Director,Director,Managing a team of 11-50 people.,6,Responsibility,Agentic
P_006555,Hong_Kong_Entry_dataFile,JDRAW_01325,PCCW Solutions Limited,Hong Kong,Project Management / Programme Management,Unknown,Programme Manager - Pension,Entry,Experience in driving development of project management capability and adoption of critical project management techniques,15,Requirement,Agentic
P_011280,2021_10_08_23_43_Sales_dataFile,JDRAW_05258,Airswift,"Perm, Perm, Russia",Sales / Business Development,Sales and Business Development,Key account manager (Service - Ural region),Associate,"Providing technical information and consulting technical support to design institutes, technical services and customer procurement services",16,Requirement,Communal
P_011280,2021_10_08_23_43_Sales_dataFile,JDRAW_05258,Airswift,"Perm, Perm, Russia",Sales / Business Development,Sales and Business Development,Key account manager (Service - Ural region),Associate,Organizing and conducting seminars and presentations,6,Requirement,Agentic
P_011280,2021_10_08_23_43_Sales_dataFile,JDRAW_05258,Airswift,"Perm, Perm, Russia",Sales / Business Development,Sales and Business Development,Key account manager (Service - Ural region),Associate,Conducting price negotiations,3,Requirement,Agentic
P_018157,2021_10_09_22_38_Sales_dataFile,JDRAW_06491,White Sand Group,"Singapore, Singapore",Procurement / Sourcing / Supply Chain,Purchasing and Supply Chain,Procurement Director,Director,"At least 1 year experience as a Planning/ Forecasting, Sourcing or Supply Chain Consulting within Manufacturing, Transport & Logistics and Hospitality.",21,Requirement,Neutral
P_022712,2021_10_09_03_13_Sales_dataFile,JDRAW_07632,Keywords Studios,"St Petersburg, St Petersburg City, Russia",Project Management / Programme Management,Project Management,Chinese speaking Customer Support Project Manager - Video Games,Mid-Senior level,Degree in Management or relevant experience.,6,Requirement,Neutral
P_008512,South_Africa_Director_dataFile,JDRAW_02503,Resideo,South Africa,Procurement / Sourcing / Supply Chain,Unknown,Access Control & Fire Category Manager,Director,"Experience developing and driving integrated growth programs, using data mining and tools to target appropriate customer segments.",17,Requirement,Agentic
P_008511,South_Africa_Director_dataFile,JDRAW_02503,Resideo,South Africa,Procurement / Sourcing / Supply Chain,Unknown,Access Control & Fire Category Manager,Director,"Ability to drive improvements in inventory management processes, forecasting, and surplus management.",12,Requirement,Agentic
P_016995,2021_10_09_17_34_Sales_dataFile,JDRAW_06327,Unknown,"Singapore, Singapore",Sales / Business Development,Sales and Business Development,Wedding Sales Executive,Associate,Willingness to travel independently to other countries.,7,Requirement,Agentic
P_010112,2021_10_09_01_12_Sales_dataFile,JDRAW_05070,Beacon Building Products,"Nashville, TN",Sales / Business Development,Sales and Business Development,Outside Sales Representative,Entry level,Meet or exceed the sales and margin expectations for the assigned territory.,12,Requirement,Agentic
P_008276,Romania_Associate_dataFile,JDRAW_02363,Bosch Romania,Romania,Project Management / Programme Management,Unknown,Project Manager,Associate,Report to the steering committee.,5,Requirement,Agentic
P_014544,2021_10_10_15_21_Sales_dataFile,JDRAW_05843,Zebra Technologies,"Shanghai, Shanghai, China",Sales / Business Development,Sales and Business Development,Sales Eng Sr,Mid-Senior level,"Develops strong relationships with sales team, internal engineering, and key technical customer contacts.",13,Requirement,Communal
P_022720,2021_10_09_03_13_Sales_dataFile,JDRAW_07632,Keywords Studios,"St Petersburg, St Petersburg City, Russia",Project Management / Programme Management,Project Management,Chinese speaking Customer Support Project Manager - Video Games,Mid-Senior level,"Honest & open communication, speaks up in meetings, shares opinions.",10,Skill,Communal
P_020945,2021_10_09_16_33_Sales_dataFile,JDRAW_07251,Unknown,"Singapore, Singapore",Procurement / Sourcing / Supply Chain,Management and Manufacturing,Supply Chain Trainee #SGUnitedTraineeship #SGUT,Internship,"Learn about sourcing, procurement and coordination with multiple functions including purchasing, project, production, sales and quality.",16,Requirement,Communal
P_022703,2021_10_09_03_13_Sales_dataFile,JDRAW_07632,Keywords Studios,"St Petersburg, St Petersburg City, Russia",Project Management / Programme Management,Project Management,Chinese speaking Customer Support Project Manager - Video Games,Mid-Senior level,Ensure correct quality control procedures are carried out.,8,Requirement,Agentic
P_022708,2021_10_09_03_13_Sales_dataFile,JDRAW_07632,Keywords Studios,"St Petersburg, St Petersburg City, Russia",Project Management / Programme Management,Project Management,Chinese speaking Customer Support Project Manager - Video Games,Mid-Senior level,Communicate effectively with clients to identify needs and evaluate alternative business solutions.,12,Skill,Communal
P_018146,2021_10_09_22_38_Sales_dataFile,JDRAW_06491,White Sand Group,"Singapore, Singapore",Procurement / Sourcing / Supply Chain,Purchasing and Supply Chain,Procurement Director,Director,Developing and leading sourcing strategies together with cross-functional teams across the organisation.,12,Requirement,Agentic
P_000964,2021_10_08_11_02_Sales_dataFile,JDRAW_00102,Honeywell,"Beijing, Beijing, China",Sales / Business Development,Sales and Business Development,"Sr Sales Representative,Beijing,UOP,PMT",Associate,"Develop customer relationships through coordinating and attending trade shows, seminar, and events.",12,Requirement,Communal
P_019435,2021_10_09_12_59_Sales_dataFile,JDRAW_06863,Shopee,"Singapore, Singapore",Sales / Business Development,Marketing and Sales,Singapore Marketing (Big Campaigns),Entry level,Strong communication and writing skills.,5,Skill,Agentic
P_019810,2021_10_09_12_59_Sales_dataFile,JDRAW_06942,Unknown,"Singapore, Singapore",Sales / Business Development,Marketing and Sales,Merchandiser,Entry level,Ensure timely submission of documents to various stakeholders when new price revisions are made.,14,Requirement,Agentic
P_007261,Indonesia_Associate_dataFile,JDRAW_01787,Siemens,Indonesia,Project Management / Programme Management,Unknown,Commercial Project Manager,Associate,Responsible for the completion of all commercial/financial related matters.,9,Requirement,Agentic
P_009607,2021_10_08_23_43_Sales_dataFile,JDRAW_04881,TikTok,"Moscow, Moscow City, Russia",Project Management / Programme Management,Project Management and Information Technology,Project Manager,Mid-Senior level,Develop a detailed project plan to monitor and track progress,10,Responsibility,Neutral
P_002580,2021_10_09_09_30_Sales_dataFile,JDRAW_00289,PeopleScout,"Chicago, IL",Sales / Business Development,Sales and Business Development,Sales Engineer,Entry level,Listens to clients.,3,Skill,Communal
P_002580,2021_10_09_09_30_Sales_dataFile,JDRAW_00289,PeopleScout,"Chicago, IL",Sales / Business Development,Sales and Business Development,Sales Engineer,Entry level,Researches and presents technical solutions to clients to solve business challenges.,11,Responsibility,Neutral
P_012601,2021_10_09_14_59_Sales_dataFile,JDRAW_05496,Amazon,"Seattle, WA",Sales / Business Development,"Sales, Advertising, and Business Development","Sales Manager, Healthcare",Mid-Senior level,Lead a business team.,4,Skill,Agentic
P_012601,2021_10_09_14_59_Sales_dataFile,JDRAW_05496,Amazon,"Seattle, WA",Sales / Business Development,"Sales, Advertising, and Business Development","Sales Manager, Healthcare",Mid-Senior level,Drive customer engagement and adoption for an innovative leader in supply chain.,12,Responsibility,Neutral
P_001604,2021_10_10_15_21_Sales_dataFile,JDRAW_00167,Pfizer,"Beijing, Beijing, China",Sales / Business Development,Sales and Business Development,Operation Supervisor,Mid-Senior level,Create and adapt communication plans and messages in support of the local colleagues.,13,Responsibility,Neutral
P_001203,2021_10_09_16_58_Sales_dataFile,JDRAW_00134,Syniverse,"Beijing, Beijing, China",Sales / Business Development,Sales and Business Development,Sales Director,Director,"Prepare periodic sales report showing sales volume, potential sales, and areas of proposed client base expansion.",16,Responsibility,Neutral
P_020949,2021_10_09_16_33_Sales_dataFile,JDRAW_07251,Unknown,"Singapore, Singapore",Procurement / Sourcing / Supply Chain,Management and Manufacturing,Supply Chain Trainee #SGUnitedTraineeship #SGUT,Internship,Graduates interested in this position should possess a Poly Diploma Qualification.,11,Requirement,Neutral
P_007323,Indonesia_Director_dataFile,JDRAW_01811,Robert Walters,Indonesia,Procurement / Sourcing / Supply Chain,Unknown,Procurement Director - Financial Services/Trade Finance,Director,Experience and knowledge of working in relevant environments.,8,Requirement,Neutral
P_013680,2021_10_10_07_00_Sales_dataFile,JDRAW_05670,Honeywell,"Shanghai, Shanghai, China",Sales / Business Development,Sales and Business Development,"Sr Sales Excellence Spec.,Shanghai,BSEC,HBT",Associate,"Develop and assess sales support libraries and templates to enable scalable work processes, reporting and financial roll-up.",17,Responsibility,Neutral
P_009612,2021_10_08_23_43_Sales_dataFile,JDRAW_04881,TikTok,"Moscow, Moscow City, Russia",Project Management / Programme Management,Project Management and Information Technology,Project Manager,Mid-Senior level,Work with sales and ad ops teams to launch campaigns and assist in optimizations to maintain client goals.,18,Responsibility,Neutral
P_018326,2021_10_09_22_38_Sales_dataFile,JDRAW_06520,"Happy Marketer, A Merkle Company","Singapore, Singapore",Project Management / Programme Management,Information Technology,"Director, Delivery",Director,Ability to tell a story on a presentation deck.,9,Skill,Agentic
P_019299,2021_10_09_12_59_Sales_dataFile,JDRAW_06832,Decathlon Singapore,"Singapore, Singapore",Procurement / Sourcing / Supply Chain,"Product Management, Supply Chain, and Strategy/Planning",Regional Category Manager (SEA),Entry level,"Ensure profitable, sustainable growth in [Location].",6,Responsibility,Neutral
P_019299,2021_10_09_12_59_Sales_dataFile,JDRAW_06832,Decathlon Singapore,"Singapore, Singapore",Procurement / Sourcing / Supply Chain,"Product Management, Supply Chain, and Strategy/Planning",Regional Category Manager (SEA),Entry level,Make available the best offer on [Company] products for their portfolio.,11,Responsibility,Neutral
P_007267,Indonesia_Associate_dataFile,JDRAW_01787,Siemens,Indonesia,Project Management / Programme Management,Unknown,Commercial Project Manager,Associate,"Supports the [Company] in identifying, evaluating, assessing risks & opportunities, strategies and response activities and ensures adherence of [Company] regulations.",20,Responsibility,Neutral
P_003434,2021_10_09_09_30_Sales_dataFile,JDRAW_00405,AstraZeneca,"Detroit, MI",Sales / Business Development,Sales,"Pharmaceutical Sales Specialist - Primary Care, Detroit, MI",Entry level,Bachelor's degree.,2,Requirement,Neutral
P_003434,2021_10_09_09_30_Sales_dataFile,JDRAW_00405,AstraZeneca,"Detroit, MI",Sales / Business Development,Sales,"Pharmaceutical Sales Specialist - Primary Care, Detroit, MI",Entry level,A valid driver's license and safe driving record.,8,Requirement,Neutral
P_003434,2021_10_09_09_30_Sales_dataFile,JDRAW_00405,AstraZeneca,"Detroit, MI",Sales / Business Development,Sales,"Pharmaceutical Sales Specialist - Primary Care, Detroit, MI",Entry level,"Knowledge of the medical, healthcare or pharmacy industry.",8,Requirement,Neutral
P_000284,2021_10_09_01_12_Sales_dataFile,JDRAW_00021,Aetna,"Atlanta, GA",Sales / Business Development,Business Development and Sales,"Vice President, New Business Sales - Public & Labor",Executive,"Meets public & labor growth sales production, retention and profitability objectives.",11,Responsibility,Agentic
P_020937,2021_10_09_16_33_Sales_dataFile,JDRAW_07247,Unknown,"Singapore, Singapore",Procurement / Sourcing / Supply Chain,Purchasing and Supply Chain,Purchasing Trainee (West Area),Internship,Negotiation for prices and contract terms with vendors.,8,Responsibility,Neutral
P_012803,2021_10_09_17_34_Sales_dataFile,JDRAW_05541,Westpoint Transit Pte Ltd,"Singapore, Singapore",Sales / Business Development,Unknown,Senior Sales Executive,Unknown,Responsible for building and maintaining a strong sales presence for [Company].,11,Responsibility,Neutral
P_012959,2021_10_08_11_02_Sales_dataFile,JDRAW_05566,Michael Page,"Shanghai, Shanghai, China",Sales / Business Development,Sales and Business Development,Sales Head,Director,Ability to drive change and strong in change management.,9,Skill,Agentic
P_006570,Hong_Kong_Entry_dataFile,JDRAW_01329,JAC Group,Hong Kong,Sales / Business Development,Unknown,Sales Representative (Sporting Goods),Entry,Work effectively under critical deadlines.,5,Skill,Agentic
P_019706,2021_10_09_12_59_Sales_dataFile,JDRAW_06926,Lam Soon Singapore Pte Ltd,"Singapore, Singapore",Sales / Business Development,Sales and Business Development,Sales Representative,Entry level,Proficiency in [Company] Office.,4,Requirement,Neutral
P_007264,Indonesia_Associate_dataFile,JDRAW_01787,Siemens,Indonesia,Project Management / Programme Management,Unknown,Commercial Project Manager,Associate,Drives the review and evaluation of the contract conditions.,9,Responsibility,Agentic
P_017508,2021_10_09_22_38_Sales_dataFile,JDRAW_06412,Axxel Marketing Sdn Bhd,"Singapore, Singapore",Sales / Business Development,Sales and Business Development,Wholesale Business Manager,Director,Possess business acumen.,3,Requirement,Neutral
P_017508,2021_10_09_22_38_Sales_dataFile,JDRAW_06412,Axxel Marketing Sdn Bhd,"Singapore, Singapore",Sales / Business Development,Sales and Business Development,Wholesale Business Manager,Director,Excellent communication skills.,3,Skill,Communal
P_022722,2021_10_09_03_13_Sales_dataFile,JDRAW_07632,Keywords Studios,"St Petersburg, St Petersburg City, Russia",Project Management / Programme Management,Project Management,Chinese speaking Customer Support Project Manager - Video Games,Mid-Senior level,Self-motivated.,1,Skill,Agentic
P_022722,2021_10_09_03_13_Sales_dataFile,JDRAW_07632,Keywords Studios,"St Petersburg, St Petersburg City, Russia",Project Management / Programme Management,Project Management,Chinese speaking Customer Support Project Manager - Video Games,Mid-Senior level,Innovative.,1,Skill,Agentic
P_022722,2021_10_09_03_13_Sales_dataFile,JDRAW_07632,Keywords Studios,"St Petersburg, St Petersburg City, Russia",Project Management / Programme Management,Project Management,Chinese speaking Customer Support Project Manager - Video Games,Mid-Senior level,Analytical.,1,Skill,Agentic
P_022722,2021_10_09_03_13_Sales_dataFile,JDRAW_07632,Keywords Studios,"St Petersburg, St Petersburg City, Russia",Project Management / Programme Management,Project Management,Chinese speaking Customer Support Project Manager - Video Games,Mid-Senior level,Strong attention to detail and accuracy.,6,Skill,Agentic
P_018323,2021_10_09_22_38_Sales_dataFile,JDRAW_06520,"Happy Marketer, A Merkle Company","Singapore, Singapore",Project Management / Programme Management,Information Technology,"Director, Delivery",Director,Speak Tagalog.,2,Requirement,Neutral
P_018323,2021_10_09_22_38_Sales_dataFile,JDRAW_06520,"Happy Marketer, A Merkle Company","Singapore, Singapore",Project Management / Programme Management,Information Technology,"Director, Delivery",Director,Who should not apply?,4,Other,Neutral
P_009611,2021_10_08_23_43_Sales_dataFile,JDRAW_04881,TikTok,"Moscow, Moscow City, Russia",Project Management / Programme Management,Project Management and Information Technology,Project Manager,Mid-Senior level,Monitor campaign delivery and make adjustments/recommendations to clients with ops team accordingly.,12,Responsibility,Neutral
P_007266,Indonesia_Associate_dataFile,JDRAW_01787,Siemens,Indonesia,Project Management / Programme Management,Unknown,Commercial Project Manager,Associate,Ensures correct methodology for evaluation of risk and opportunities as defined.,11,Requirement,Neutral
P_014842,2021_10_10_15_21_Sales_dataFile,JDRAW_05914,Avient Corporation,"Shenzhen, Guangdong, China",Sales / Business Development,Sales,Area Sales Manager,Mid-Senior level,Ability to coach.,3,Skill,Communal
P_014842,2021_10_10_15_21_Sales_dataFile,JDRAW_05914,Avient Corporation,"Shenzhen, Guangdong, China",Sales / Business Development,Sales,Area Sales Manager,Mid-Senior level,Ability to mentor.,3,Skill,Communal
P_014842,2021_10_10_15_21_Sales_dataFile,JDRAW_05914,Avient Corporation,"Shenzhen, Guangdong, China",Sales / Business Development,Sales,Area Sales Manager,Mid-Senior level,Ability to develop direct reports.,5,Skill,Communal
P_022718,2021_10_09_03_13_Sales_dataFile,JDRAW_07632,Keywords Studios,"St Petersburg, St Petersburg City, Russia",Project Management / Programme Management,Project Management,Chinese speaking Customer Support Project Manager - Video Games,Mid-Senior level,Results driven.,2,Skill,Agentic
P_022718,2021_10_09_03_13_Sales_dataFile,JDRAW_07632,Keywords Studios,"St Petersburg, St Petersburg City, Russia",Project Management / Programme Management,Project Management,Chinese speaking Customer Support Project Manager - Video Games,Mid-Senior level,Able to lead a team.,5,Skill,Agentic
P_022698,2021_10_09_03_13_Sales_dataFile,JDRAW_07632,Keywords Studios,"St Petersburg, St Petersburg City, Russia",Project Management / Programme Management,Project Management,Chinese speaking Customer Support Project Manager - Video Games,Mid-Senior level,Developing and managing successful relationships with [Company] clients.,8,Skill,Communal
P_020940,2021_10_09_16_33_Sales_dataFile,JDRAW_07247,Unknown,"Singapore, Singapore",Procurement / Sourcing / Supply Chain,Purchasing and Supply Chain,Purchasing Trainee (West Area),Internship,Mid career individuals from any qualification level can apply.,9,Requirement,Neutral
P_018735,2021_10_09_22_38_Sales_dataFile,JDRAW_06688,Jobs via eFinancialCareers,"Singapore, Singapore",Sales / Business Development,Marketing and Sales,Product Marketing Director,Director,Work with internal resources to develop professional marketing communications.,9,Responsibility,Communal
P_018735,2021_10_09_22_38_Sales_dataFile,JDRAW_06688,Jobs via eFinancialCareers,"Singapore, Singapore",Sales / Business Development,Marketing and Sales,Product Marketing Director,Director,"Manage timelines, budgets, resources, and staff.",6,Responsibility,Neutral
P_018735,2021_10_09_22_38_Sales_dataFile,JDRAW_06688,Jobs via eFinancialCareers,"Singapore, Singapore",Sales / Business Development,Marketing and Sales,Product Marketing Director,Director,Maintain effective communications and relationships with internal and external partners.,10,Skill,Communal
P_009988,2021_10_09_02_45_Sales_dataFile,JDRAW_04969,Canonical,"Moscow, Moscow, Russia",Project Management / Programme Management,Project Management and Information Technology,Technical Engagement Project Manager,Associate,Responsible for ensuring project success through delivery of technical cloud solutions and managed services.,14,Responsibility,Neutral
P_000929,2021_10_08_11_02_Sales_dataFile,JDRAW_00100,Agilent Technologies,"Beijing, Beijing, China",Sales / Business Development,Sales and Business Development,Sales,Entry level,Manages relationships and business plan.,5,Responsibility,Communal
P_000929,2021_10_08_11_02_Sales_dataFile,JDRAW_00100,Agilent Technologies,"Beijing, Beijing, China",Sales / Business Development,Sales and Business Development,Sales,Entry level,"Manages associated activities such as marketing, advertising, sales promotions, training and other Channel-related support.",14,Responsibility,Neutral
P_004707,2021_10_10_15_21_Sales_dataFile,JDRAW_00612,"August Supply Chain (Shenzhen) Co., Ltd.","Shenzhen, Guangdong, China",Sales / Business Development,Unknown,Global Sales,Unknown,Work as a team.,4,Skill,Communal
P_006078,Czechia_Director_dataFile,JDRAW_01113,Connect Search,Czechia,Sales / Business Development,Unknown,Business Development Director (Product),Director,The business is at an exciting phase.,7,Other,Neutral
P_006078,Czechia_Director_dataFile,JDRAW_01113,Connect Search,Czechia,Sales / Business Development,Unknown,Business Development Director (Product),Director,Instrumental in driving growth in the Colors category.,8,Responsibility,Agentic
P_020947,2021_10_09_16_33_Sales_dataFile,JDRAW_07251,Unknown,"Singapore, Singapore",Procurement / Sourcing / Supply Chain,Management and Manufacturing,Supply Chain Trainee #SGUnitedTraineeship #SGUT,Internship,Communicate with suppliers.,3,Skill,Communal
P_020947,2021_10_09_16_33_Sales_dataFile,JDRAW_07251,Unknown,"Singapore, Singapore",Procurement / Sourcing / Supply Chain,Management and Manufacturing,Supply Chain Trainee #SGUnitedTraineeship #SGUT,Internship,Prepare report for audit requirement.,5,Requirement,Neutral
P_020322,2021_10_09_12_59_Sales_dataFile,JDRAW_07080,Lab Science Solution Pte Ltd,"Singapore, Singapore",Sales / Business Development,"Research, Analyst, and Information Technology",Fresh Graduate Opportunity - Sales Product Specialist,Entry level,Seeking capable fresh graduate.,4,Requirement,Neutral
P_020322,2021_10_09_12_59_Sales_dataFile,JDRAW_07080,Lab Science Solution Pte Ltd,"Singapore, Singapore",Sales / Business Development,"Research, Analyst, and Information Technology",Fresh Graduate Opportunity - Sales Product Specialist,Entry level,Fill the post of Sales Product Specialist for our [Location] Office.,11,Responsibility,Neutral
P_018143,2021_10_09_22_38_Sales_dataFile,JDRAW_06491,White Sand Group,"Singapore, Singapore",Procurement / Sourcing / Supply Chain,Purchasing and Supply Chain,Procurement Director,Director,Conducting root cause analysis of supply & production side issues.,10,Responsibility,Agentic
P_019936,2021_10_09_12_59_Sales_dataFile,JDRAW_06977,Brenntag,"Singapore, Singapore",Sales / Business Development,Sales and Business Development,Sales Manager,Entry level,Establish strong customer and supplier relationships with existing and new partners,11,Skill,Communal
P_012523,2021_10_09_01_12_Sales_dataFile,JDRAW_05480,Harris Computer,"Sarasota, FL",Sales / Business Development,Information Technology,Regional Sales Representative - Florida,Entry level,Proven track record of meeting or exceeding sales quota,9,Requirement,
P_012523,2021_10_09_01_12_Sales_dataFile,JDRAW_05480,Harris Computer,"Sarasota, FL",Sales / Business Development,Information Technology,Regional Sales Representative - Florida,Entry level,Developing and managing a consistent sales pipeline,7,Requirement,
P_022697,2021_10_09_03_13_Sales_dataFile,JDRAW_07632,Keywords Studios,"St Petersburg, St Petersburg City, Russia",Project Management / Programme Management,Project Management,Chinese speaking Customer Support Project Manager - Video Games,Mid-Senior level,"Delivering projects successfully within budget, time-frame and quality scopes.",9,Requirement,
P_008160,Philippines_Mid-Senior_dataFile,JDRAW_02311,Carousell Group,Philippines,Procurement / Sourcing / Supply Chain,Unknown,Category Manager (Autos),Mid-Senior,Deliver results by generating insights across complex set of categories,10,Skill,Agentic
P_008160,Philippines_Mid-Senior_dataFile,JDRAW_02311,Carousell Group,Philippines,Procurement / Sourcing / Supply Chain,Unknown,Category Manager (Autos),Mid-Senior,Use insights to identify opportunities and continuously improve customer experience,10,Skill,Agentic
P_001202,2021_10_09_16_58_Sales_dataFile,JDRAW_00134,Syniverse,"Beijing, Beijing, China",Sales / Business Development,Sales and Business Development,Sales Director,Director,Analyze and control expenses for area to conform to budgetary requirements.,11,Requirement,
P_008509,South_Africa_Director_dataFile,JDRAW_02503,Resideo,South Africa,Procurement / Sourcing / Supply Chain,Unknown,Access Control & Fire Category Manager,Director,"Ability to support field sales with special pricing, inventory positions, vendor relations, and product issues.",15,Requirement,Agentic
P_018145,2021_10_09_22_38_Sales_dataFile,JDRAW_06491,White Sand Group,"Singapore, Singapore",Procurement / Sourcing / Supply Chain,Purchasing and Supply Chain,Procurement Director,Director,"Coaching, motivating and developing team members",6,Skill,Communal
P_018145,2021_10_09_22_38_Sales_dataFile,JDRAW_06491,White Sand Group,"Singapore, Singapore",Procurement / Sourcing / Supply Chain,Purchasing and Supply Chain,Procurement Director,Director,Ensuring high operational standards,4,Requirement,
P_008272,Romania_Associate_dataFile,JDRAW_02363,Bosch Romania,Romania,Project Management / Programme Management,Unknown,Project Manager,Associate,Ensures the inclusion in the investment budget,7,Requirement,
P_007324,Indonesia_Director_dataFile,JDRAW_01811,Robert Walters,Indonesia,Procurement / Sourcing / Supply Chain,Unknown,Procurement Director - Financial Services/Trade Finance,Director,Background in financial services,4,Requirement,
P_007324,Indonesia_Director_dataFile,JDRAW_01811,Robert Walters,Indonesia,Procurement / Sourcing / Supply Chain,Unknown,Procurement Director - Financial Services/Trade Finance,Director,Proven track record of building business in [Location],8,Requirement,
P_007970,Norway_Entry_dataFile,JDRAW_02199,Quorum Software,Norway,Procurement / Sourcing / Supply Chain,Unknown,Contracts Administrator,Entry,"Drafting and creating agreements, reviewing agreements and ensuring CRM/Salesforce is current and correct.",13,Requirement,
P_006329,Finland_Mid-Senior_dataFile,JDRAW_01229,Sofigate,Finland,Project Management / Programme Management,Unknown,SAP Project Managers,Mid-Senior,"Project management, consulting and facilitation.",5,Requirement,
P_017605,2021_10_09_22_38_Sales_dataFile,JDRAW_06428,Unknown,"Singapore, Singapore",Sales / Business Development,Business Development and Sales,"Head of Channel Partnerships, Google Customer Solutions - Singapore",Director,Experience in technology and emerging/early stage products.,7,Requirement,
P_006729,India_Director_dataFile,JDRAW_01474,CIEL HR,India,Project Management / Programme Management,Unknown,CIEL/SEL/26314: Delivery Head,Director,Design and review the automation framework/solution,6,Requirement,
P_006729,India_Director_dataFile,JDRAW_01474,CIEL HR,India,Project Management / Programme Management,Unknown,CIEL/SEL/26314: Delivery Head,Director,Ensure the delivery of services for customer contracted work.,9,Requirement,
P_018155,2021_10_09_22_38_Sales_dataFile,JDRAW_06491,White Sand Group,"Singapore, Singapore",Procurement / Sourcing / Supply Chain,Purchasing and Supply Chain,Procurement Director,Director,Implementing strategies and concepts presented within the client organisation and ensuring validation of these strategies.,15,Requirement,
P_006554,Hong_Kong_Entry_dataFile,JDRAW_01325,PCCW Solutions Limited,Hong Kong,Project Management / Programme Management,Unknown,Programme Manager - Pension,Entry,"Manage schedule, financials, people, clients, subcontractors/vendors, contractual terms, resources.",9,Requirement,
P_013823,2021_10_09_16_58_Sales_dataFile,JDRAW_05698,Michael Page,"Shanghai, Shanghai, China",Sales / Business Development,Sales and Business Development,China Country Manager,Director,Presenting updates on performance and trends to global leadership team.,10,Responsibility,Neutral
P_013823,2021_10_09_16_58_Sales_dataFile,JDRAW_05698,Michael Page,"Shanghai, Shanghai, China",Sales / Business Development,Sales and Business Development,China Country Manager,Director,Manage a small team established spread across [Location] and [Location].,10,Responsibility,Neutral
P_013777,2021_10_10_07_00_Sales_dataFile,JDRAW_05687,cargo-partner,"Shanghai, Shanghai, China",Sales / Business Development,Business Development and Sales,Business Development Manager,Associate,English language knowledge.,3,Requirement,Neutral
P_013777,2021_10_10_07_00_Sales_dataFile,JDRAW_05687,cargo-partner,"Shanghai, Shanghai, China",Sales / Business Development,Business Development and Sales,Business Development Manager,Associate,Mandarin language knowledge.,3,Requirement,Neutral
P_013777,2021_10_10_07_00_Sales_dataFile,JDRAW_05687,cargo-partner,"Shanghai, Shanghai, China",Sales / Business Development,Business Development and Sales,Business Development Manager,Associate,Team spirit.,2,Skill,Communal
P_013777,2021_10_10_07_00_Sales_dataFile,JDRAW_05687,cargo-partner,"Shanghai, Shanghai, China",Sales / Business Development,Business Development and Sales,Business Development Manager,Associate,Communication skills.,2,Skill,Agentic
P_013777,2021_10_10_07_00_Sales_dataFile,JDRAW_05687,cargo-partner,"Shanghai, Shanghai, China",Sales / Business Development,Business Development and Sales,Business Development Manager,Associate,Interpersonal relationships.,2,Skill,Communal
P_006716,India_Director_dataFile,JDRAW_01438,JPMorgan Chase & Co.,India,Project Management / Programme Management,Unknown,"Vice President - Manager - Credit Product Delivery India, Wholesale Lending Services Asia Pacific",Director,Set high standards of performance for self and others.,9,Skill,Agentic
P_006716,India_Director_dataFile,JDRAW_01438,JPMorgan Chase & Co.,India,Project Management / Programme Management,Unknown,"Vice President - Manager - Credit Product Delivery India, Wholesale Lending Services Asia Pacific",Director,Attention to detail.,3,Skill,Agentic
P_008157,Philippines_Mid-Senior_dataFile,JDRAW_02311,Carousell Group,Philippines,Procurement / Sourcing / Supply Chain,Unknown,Category Manager (Autos),Mid-Senior,Staying humble to constantly improve.,5,Skill,Agentic
P_007269,Indonesia_Associate_dataFile,JDRAW_01787,Siemens,Indonesia,Project Management / Programme Management,Unknown,Commercial Project Manager,Associate,Preparation and signature of mandatory documents.,6,Responsibility,Neutral
P_007269,Indonesia_Associate_dataFile,JDRAW_01787,Siemens,Indonesia,Project Management / Programme Management,Unknown,Commercial Project Manager,Associate,Manage project finances.,3,Responsibility,Neutral
P_007269,Indonesia_Associate_dataFile,JDRAW_01787,Siemens,Indonesia,Project Management / Programme Management,Unknown,Commercial Project Manager,Associate,Ensure accuracy of cost and pricing calculation as well as overall project books and records.,15,Responsibility,Agentic
P_021482,2021_10_09_19_55_Sales_dataFile,JDRAW_07418,Space Matrix,"Singapore, Singapore",Sales / Business Development,Business Development,Senior Manager- Business Development,Mid-Senior level,Goal-oriented.,1,Skill,Agentic
P_021482,2021_10_09_19_55_Sales_dataFile,JDRAW_07418,Space Matrix,"Singapore, Singapore",Sales / Business Development,Business Development,Senior Manager- Business Development,Mid-Senior level,Experience managing complex sales cycles with B2B selling process.,9,Requirement,Neutral
P_022724,2021_10_09_03_13_Sales_dataFile,JDRAW_07632,Keywords Studios,"St Petersburg, St Petersburg City, Russia",Project Management / Programme Management,Project Management,Chinese speaking Customer Support Project Manager - Video Games,Mid-Senior level,International cooperation with global brands.,5,Skill,Communal
P_014305,2021_10_09_06_44_Sales_dataFile,JDRAW_05790,Gordian,"Shanghai, Shanghai, China",Sales / Business Development,Sales and Business Development,Sales Operations Specialist,Entry level,Develop Sales Matrix/Index and enable the Sales Strategy.,8,Responsibility,Neutral
P_022702,2021_10_09_03_13_Sales_dataFile,JDRAW_07632,Keywords Studios,"St Petersburg, St Petersburg City, Russia",Project Management / Programme Management,Project Management,Chinese speaking Customer Support Project Manager - Video Games,Mid-Senior level,"Uses, develops, and applies best practices for Business Process Outsourcing environment.",11,Responsibility,Neutral
P_018158,2021_10_09_22_38_Sales_dataFile,JDRAW_06491,White Sand Group,"Singapore, Singapore",Procurement / Sourcing / Supply Chain,Purchasing and Supply Chain,Procurement Director,Director,Excellent negotiating skills.,3,Skill,Agentic
P_018158,2021_10_09_22_38_Sales_dataFile,JDRAW_06491,White Sand Group,"Singapore, Singapore",Procurement / Sourcing / Supply Chain,Purchasing and Supply Chain,Procurement Director,Director,Ability to influence people of all levels.,7,Skill,Agentic
P_021553,2021_10_09_19_55_Sales_dataFile,JDRAW_07425,Unknown,"Singapore, Singapore",Sales / Business Development,Business Development,Business Development Brand Manager,Mid-Senior level,Develop the affiliate marketing strategy.,5,Responsibility,Neutral
P_021553,2021_10_09_19_55_Sales_dataFile,JDRAW_07425,Unknown,"Singapore, Singapore",Sales / Business Development,Business Development,Business Development Brand Manager,Mid-Senior level,Recruit new affiliate partners and deliver sales volume.,8,Responsibility,Neutral
P_021553,2021_10_09_19_55_Sales_dataFile,JDRAW_07425,Unknown,"Singapore, Singapore",Sales / Business Development,Business Development,Business Development Brand Manager,Mid-Senior level,"Proactively acquire, onboard, and manage partners.",6,Skill,Agentic
P_008280,Romania_Associate_dataFile,JDRAW_02363,Bosch Romania,Romania,Project Management / Programme Management,Unknown,Project Manager,Associate,Organizes the review of quality gates and monitors the implementation of defined actions.,13,Responsibility,Neutral
P_008505,South_Africa_Director_dataFile,JDRAW_02503,Resideo,South Africa,Procurement / Sourcing / Supply Chain,Unknown,Access Control & Fire Category Manager,Director,Collaborate with cross-functional teams to ensure effective product marketing and sales drive.,12,Responsibility,Communal
P_022721,2021_10_09_03_13_Sales_dataFile,JDRAW_07632,Keywords Studios,"St Petersburg, St Petersburg City, Russia",Project Management / Programme Management,Project Management,Chinese speaking Customer Support Project Manager - Video Games,Mid-Senior level,Able to meet deadlines.,4,Skill,Agentic
P_006709,India_Director_dataFile,JDRAW_01438,JPMorgan Chase & Co.,India,Project Management / Programme Management,Unknown,"Vice President - Manager - Credit Product Delivery India, Wholesale Lending Services Asia Pacific",Director,Acts as a key point of escalation for business-as-usual issues.,10,Responsibility,Neutral
P_024114,2021_10_09_06_09_Sales_dataFile,JDRAW_07898,Truist,"Windsor, CT",Sales / Business Development,Sales and Business Development,Internal Sales Consultant - Hanleigh,Internship,Lead regular team meetings and establish team priorities.,8,Responsibility,Agentic
P_007969,Norway_Entry_dataFile,JDRAW_02199,Quorum Software,Norway,Procurement / Sourcing / Supply Chain,Unknown,Contracts Administrator,Entry,Contracts Administrator supports client base and sales team through contracts and data management.,13,Requirement,Neutral
P_019088,2021_10_09_12_59_Sales_dataFile,JDRAW_06804,Unknown,"Singapore, Singapore",Sales / Business Development,Sales and Business Development,SALES ASSISTANT,Entry level,Online Advertisement spending and management.,5,Requirement,Neutral
P_022699,2021_10_09_03_13_Sales_dataFile,JDRAW_07632,Keywords Studios,"St Petersburg, St Petersburg City, Russia",Project Management / Programme Management,Project Management,Chinese speaking Customer Support Project Manager - Video Games,Mid-Senior level,Managing Team Leads.,3,Requirement,Neutral
P_022699,2021_10_09_03_13_Sales_dataFile,JDRAW_07632,Keywords Studios,"St Petersburg, St Petersburg City, Russia",Project Management / Programme Management,Project Management,Chinese speaking Customer Support Project Manager - Video Games,Mid-Senior level,Leading Team Leads.,3,Skill,Agentic
P_022699,2021_10_09_03_13_Sales_dataFile,JDRAW_07632,Keywords Studios,"St Petersburg, St Petersburg City, Russia",Project Management / Programme Management,Project Management,Chinese speaking Customer Support Project Manager - Video Games,Mid-Senior level,Motivating Team Leads.,3,Skill,Agentic
P_022699,2021_10_09_03_13_Sales_dataFile,JDRAW_07632,Keywords Studios,"St Petersburg, St Petersburg City, Russia",Project Management / Programme Management,Project Management,Chinese speaking Customer Support Project Manager - Video Games,Mid-Senior level,Coaching Team Leads.,3,Skill,Communal
P_022699,2021_10_09_03_13_Sales_dataFile,JDRAW_07632,Keywords Studios,"St Petersburg, St Petersburg City, Russia",Project Management / Programme Management,Project Management,Chinese speaking Customer Support Project Manager - Video Games,Mid-Senior level,Training Team Leads.,3,Requirement,Neutral
P_011889,2021_10_09_12_15_Sales_dataFile,JDRAW_05353,Kaiser Permanente,"Renton, WA",Sales / Business Development,Sales and Business Development,"Sales Executive II, Large Group",Associate,Strong knowledge of and experience with employee health benefits.,9,Requirement,Neutral
P_012376,2021_10_09_17_34_Sales_dataFile,JDRAW_05457,Clear Channel Singapore Pte Ltd,"Singapore, Singapore",Sales / Business Development,Unknown,"Executive, Sales Optimisation",Unknown,Self-starter.,1,Skill,Agentic
P_012376,2021_10_09_17_34_Sales_dataFile,JDRAW_05457,Clear Channel Singapore Pte Ltd,"Singapore, Singapore",Sales / Business Development,Unknown,"Executive, Sales Optimisation",Unknown,Determined and pro-active.,3,Skill,Agentic
P_012376,2021_10_09_17_34_Sales_dataFile,JDRAW_05457,Clear Channel Singapore Pte Ltd,"Singapore, Singapore",Sales / Business Development,Unknown,"Executive, Sales Optimisation",Unknown,Energetic and impactful agent of change.,6,Skill,Agentic
P_012376,2021_10_09_17_34_Sales_dataFile,JDRAW_05457,Clear Channel Singapore Pte Ltd,"Singapore, Singapore",Sales / Business Development,Unknown,"Executive, Sales Optimisation",Unknown,Highly analytical.,2,Skill,Agentic
P_012376,2021_10_09_17_34_Sales_dataFile,JDRAW_05457,Clear Channel Singapore Pte Ltd,"Singapore, Singapore",Sales / Business Development,Unknown,"Executive, Sales Optimisation",Unknown,Strong communicator.,2,Skill,Communal
P_008278,Romania_Associate_dataFile,JDRAW_02363,Bosch Romania,Romania,Project Management / Programme Management,Unknown,Project Manager,Associate,Defines the structure of the necessary functions.,7,Requirement,Neutral
P_008506,South_Africa_Director_dataFile,JDRAW_02503,Resideo,South Africa,Procurement / Sourcing / Supply Chain,Unknown,Access Control & Fire Category Manager,Director,"Developing and executing on product mix, inventory, and pricing strategies based on historical data, industry trends and customer buying patterns.",20,Requirement,Neutral
P_008105,Philippines_Entry_dataFile,JDRAW_02265,The Insights Shop,Philippines,Project Management / Programme Management,Unknown,Project Manager,Entry,"Facilitate screening, scheduling and confirming of respondents for research.",9,Requirement,Neutral
P_020948,2021_10_09_16_33_Sales_dataFile,JDRAW_07251,Unknown,"Singapore, Singapore",Procurement / Sourcing / Supply Chain,Management and Manufacturing,Supply Chain Trainee #SGUnitedTraineeship #SGUT,Internship,Trainee will gain exposure to the safety and supply chain management.,11,Requirement,Neutral
P_007320,Indonesia_Director_dataFile,JDRAW_01811,Robert Walters,Indonesia,Procurement / Sourcing / Supply Chain,Unknown,Procurement Director - Financial Services/Trade Finance,Director,A non-banking institution is seeking a Procurement Director to help launch their [Location] operations.,14,Requirement,Neutral
P_008508,South_Africa_Director_dataFile,JDRAW_02503,Resideo,South Africa,Procurement / Sourcing / Supply Chain,Unknown,Access Control & Fire Category Manager,Director,Strategic leadership.,2,Skill,Agentic
P_008508,South_Africa_Director_dataFile,JDRAW_02503,Resideo,South Africa,Procurement / Sourcing / Supply Chain,Unknown,Access Control & Fire Category Manager,Director,Direction.,1,Skill,Agentic
P_008508,South_Africa_Director_dataFile,JDRAW_02503,Resideo,South Africa,Procurement / Sourcing / Supply Chain,Unknown,Access Control & Fire Category Manager,Director,Development.,1,Skill,Communal
P_021872,2021_10_09_19_55_Sales_dataFile,JDRAW_07476,Hire Digital,"Singapore, Singapore",Sales / Business Development,Sales and Business Development,e-Commerce Manager,Mid-Senior level,Work with Finance and CCO to ensure that e-Commerce operations are profitable.,12,Requirement,Neutral
P_006715,India_Director_dataFile,JDRAW_01438,JPMorgan Chase & Co.,India,Project Management / Programme Management,Unknown,"Vice President - Manager - Credit Product Delivery India, Wholesale Lending Services Asia Pacific",Director,Have the confidence to make decisions.,6,Skill,Agentic
P_006715,India_Director_dataFile,JDRAW_01438,JPMorgan Chase & Co.,India,Project Management / Programme Management,Unknown,"Vice President - Manager - Credit Product Delivery India, Wholesale Lending Services Asia Pacific",Director,Provide direction to individuals.,4,Skill,Agentic
P_006715,India_Director_dataFile,JDRAW_01438,JPMorgan Chase & Co.,India,Project Management / Programme Management,Unknown,"Vice President - Manager - Credit Product Delivery India, Wholesale Lending Services Asia Pacific",Director,Lead by example.,3,Skill,Agentic
P_013428,2021_10_10_07_00_Sales_dataFile,JDRAW_05629,EBANX,"Shanghai, Shanghai, China",Sales / Business Development,Business Development and Sales,Business Development | CHINA,Associate,Semi flexible hours (8 hours a day - Monday to Friday).,11,Requirement,Neutral
P_020161,2021_10_09_12_59_Sales_dataFile,JDRAW_07038,Unknown,"Singapore, Singapore",Sales / Business Development,Sales and Business Development,Sales Manager,Entry level,"Establish internal guidelines for personal data protection based on applicable legislations, to manage customer data.",15,Requirement,Neutral
P_007275,Indonesia_Associate_dataFile,JDRAW_01787,Siemens,Indonesia,Project Management / Programme Management,Unknown,Commercial Project Manager,Associate,Conduct Compliance assessments at the appropriate milestones.,7,Requirement,Neutral
P_015372,2021_10_10_12_31_Sales_dataFile,JDRAW_06005,Salesforce,"Singapore, Singapore",Sales / Business Development,Sales and Business Development,"Account Executive, Singapore, Commercial",Not Applicable,Ability to see the value of Cloud Computing and be a salesperson and evangelist to drive Salesforce penetration.,18,Requirement,Neutral
P_023090,2021_10_09_01_12_Sales_dataFile,JDRAW_07772,Keet Health,United States,Sales / Business Development,Sales and Business Development,Sales Development Representative,Entry level,Perform a minimum number of sales activities per day to generate interest and reach a predetermined monthly meeting goal.,19,Requirement,Neutral
P_006331,Finland_Mid-Senior_dataFile,JDRAW_01229,Sofigate,Finland,Project Management / Programme Management,Unknown,SAP Project Managers,Mid-Senior,"Your location will be the [Location] area, Flexible work arrangements for optimal work-life balance.",14,Requirement,Neutral
P_009989,2021_10_09_02_45_Sales_dataFile,JDRAW_04969,Canonical,"Moscow, Moscow, Russia",Project Management / Programme Management,Project Management and Information Technology,Technical Engagement Project Manager,Associate,Customer facing.,2,Skill,Communal
P_009989,2021_10_09_02_45_Sales_dataFile,JDRAW_04969,Canonical,"Moscow, Moscow, Russia",Project Management / Programme Management,Project Management and Information Technology,Technical Engagement Project Manager,Associate,Team player.,2,Skill,Communal
P_009989,2021_10_09_02_45_Sales_dataFile,JDRAW_04969,Canonical,"Moscow, Moscow, Russia",Project Management / Programme Management,Project Management and Information Technology,Technical Engagement Project Manager,Associate,"Own, drive and communicate projects.",5,Requirement,Neutral
P_009989,2021_10_09_02_45_Sales_dataFile,JDRAW_04969,Canonical,"Moscow, Moscow, Russia",Project Management / Programme Management,Project Management and Information Technology,Technical Engagement Project Manager,Associate,Navigate complex engineering solutions.,4,Requirement,Neutral
P_018313,2021_10_09_22_38_Sales_dataFile,JDRAW_06520,"Happy Marketer, A Merkle Company","Singapore, Singapore",Project Management / Programme Management,Information Technology,"Director, Delivery",Director,We are looking for an Director of Delivery to join our [Location] Office.,13,Requirement,Neutral
P_023630,2021_10_09_01_12_Sales_dataFile,JDRAW_07839,Omya,"Utah, United States",Sales / Business Development,"Distribution, Sales, and Business Development",Senior Sales Representative - Food Ingredients,Mid-Senior level,Responsible for sales activities with assigned accounts in the [Location] region focusing on the Food ingredients market segment.,18,Requirement,Neutral
P_002875,2021_10_10_07_00_Sales_dataFile,JDRAW_00326,Vidoukin limited,"Baoding, Hebei, China",Sales / Business Development,Unknown,Chassis Sales Director,Unknown,Chassis Sales Director role in [Location].,6,Requirement,Neutral
P_007272,Indonesia_Associate_dataFile,JDRAW_01787,Siemens,Indonesia,Project Management / Programme Management,Unknown,Commercial Project Manager,Associate,Supports the implementation of lessons learned into own project and the organization.,12,Skill,Agentic
P_007272,Indonesia_Associate_dataFile,JDRAW_01787,Siemens,Indonesia,Project Management / Programme Management,Unknown,Commercial Project Manager,Associate,"Manage the risk, contract and claims.",6,Requirement,Neutral
P_007272,Indonesia_Associate_dataFile,JDRAW_01787,Siemens,Indonesia,Project Management / Programme Management,Unknown,Commercial Project Manager,Associate,Ensures compliance with guidelines for commercial aspects.,7,Requirement,Neutral
P_006731,India_Director_dataFile,JDRAW_01474,CIEL HR,India,Project Management / Programme Management,Unknown,CIEL/SEL/26314: Delivery Head,Director,"Establishing operating procedures, work assignments, planning, and all project management activities.",11,Requirement,Neutral
P_006731,India_Director_dataFile,JDRAW_01474,CIEL HR,India,Project Management / Programme Management,Unknown,CIEL/SEL/26314: Delivery Head,Director,Ownership for competency building.,4,Skill,Agentic
P_006731,India_Director_dataFile,JDRAW_01474,CIEL HR,India,Project Management / Programme Management,Unknown,CIEL/SEL/26314: Delivery Head,Director,Responsibility for delivery excellence.,4,Skill,Agentic
P_006707,India_Director_dataFile,JDRAW_01438,JPMorgan Chase & Co.,India,Project Management / Programme Management,Unknown,"Vice President - Manager - Credit Product Delivery India, Wholesale Lending Services Asia Pacific",Director,This position will be based in [Location].,7,Requirement,Neutral
P_006730,India_Director_dataFile,JDRAW_01474,CIEL HR,India,Project Management / Programme Management,Unknown,CIEL/SEL/26314: Delivery Head,Director,Take ownership of all key performance parameters to drive the operating margin of the accounts.,15,Skill,Agentic
P_006730,India_Director_dataFile,JDRAW_01474,CIEL HR,India,Project Management / Programme Management,Unknown,CIEL/SEL/26314: Delivery Head,Director,"Introduce best practices in software development, agile methodologies and coding standards.",11,Requirement,Neutral
P_008159,Philippines_Mid-Senior_dataFile,JDRAW_02311,Carousell Group,Philippines,Procurement / Sourcing / Supply Chain,Unknown,Category Manager (Autos),Mid-Senior,Autos Category Manager in [Location].,5,Requirement,Neutral
P_008159,Philippines_Mid-Senior_dataFile,JDRAW_02311,Carousell Group,Philippines,Procurement / Sourcing / Supply Chain,Unknown,Category Manager (Autos),Mid-Senior,Data driven category specialist to drive growth for Auto & Related Categories.,12,Requirement,Neutral
P_006323,Finland_Mid-Senior_dataFile,JDRAW_01229,Sofigate,Finland,Project Management / Programme Management,Unknown,SAP Project Managers,Mid-Senior,Support clients who have new situations or limited resources to ensure planned value is realized.,15,Skill,Communal
P_018317,2021_10_09_22_38_Sales_dataFile,JDRAW_06520,"Happy Marketer, A Merkle Company","Singapore, Singapore",Project Management / Programme Management,Information Technology,"Director, Delivery",Director,Work collaboratively with delivery teams and subject matter experts to evaluate client needs regarding their objectives and goals.,18,Skill,Communal
P_009608,2021_10_08_23_43_Sales_dataFile,JDRAW_04881,TikTok,"Moscow, Moscow City, Russia",Project Management / Programme Management,Project Management and Information Technology,Project Manager,Mid-Senior level,"Partner with Business Operations, Sales and Client Services teams to track opportunities and ensure they remain in scope.",18,Skill,Communal
P_008497,South_Africa_Director_dataFile,JDRAW_02503,Resideo,South Africa,Procurement / Sourcing / Supply Chain,Unknown,Access Control & Fire Category Manager,Director,"Seeking a Product Category Manager to drive the strategy, roadmap, strategic supplier relationships, growth, and profitability for a high value category of products.",23,Requirement,Neutral
P_018140,2021_10_09_22_38_Sales_dataFile,JDRAW_06491,White Sand Group,"Singapore, Singapore",Procurement / Sourcing / Supply Chain,Purchasing and Supply Chain,Procurement Director,Director,Analysing forecasted demand versus production & supply capacities and adjusting accordingly.,11,Requirement,Neutral
P_022719,2021_10_09_03_13_Sales_dataFile,JDRAW_07632,Keywords Studios,"St Petersburg, St Petersburg City, Russia",Project Management / Programme Management,Project Management,Chinese speaking Customer Support Project Manager - Video Games,Mid-Senior level,Encourages others to keep a high standard of accuracy.,9,Skill,Communal
P_022719,2021_10_09_03_13_Sales_dataFile,JDRAW_07632,Keywords Studios,"St Petersburg, St Petersburg City, Russia",Project Management / Programme Management,Project Management,Chinese speaking Customer Support Project Manager - Video Games,Mid-Senior level,Leads by example.,3,Skill,Agentic
P_007270,Indonesia_Associate_dataFile,JDRAW_01787,Siemens,Indonesia,Project Management / Programme Management,Unknown,Commercial Project Manager,Associate,Recording of such in appropriate systems.,6,Requirement,Neutral
P_018151,2021_10_09_22_38_Sales_dataFile,JDRAW_06491,White Sand Group,"Singapore, Singapore",Procurement / Sourcing / Supply Chain,Purchasing and Supply Chain,Procurement Director,Director,Supporting clients in the development and implementation of state-of-the art procurement/supply chain strategies.,13,Requirement,Neutral
P_008467,Saudi_Arabia_Entry_dataFile,JDRAW_02440,Syarah,Saudi Arabia,Procurement / Sourcing / Supply Chain,Unknown,Purchasing Officer (Dammam),Entry,"Ambitious, competitive, growth-minded professionals who harness technology to achieve growth objectives.",11,Skill,Agentic
P_012679,2021_10_10_07_00_Sales_dataFile,JDRAW_05511,Oracle,"Shanghai, China",Sales / Business Development,Sales,Cloud Sales(Early Talent Program),Associate,Manage the entire sales process to ensure delivery against key performance metrics.,12,Requirement,Neutral
P_012679,2021_10_10_07_00_Sales_dataFile,JDRAW_05511,Oracle,"Shanghai, China",Sales / Business Development,Sales,Cloud Sales(Early Talent Program),Associate,New business sales.,3,Requirement,Neutral
P_012679,2021_10_10_07_00_Sales_dataFile,JDRAW_05511,Oracle,"Shanghai, China",Sales / Business Development,Sales,Cloud Sales(Early Talent Program),Associate,Expanding existing accounts.,3,Requirement,Neutral
P_006732,India_Director_dataFile,JDRAW_01474,CIEL HR,India,Project Management / Programme Management,Unknown,CIEL/SEL/26314: Delivery Head,Director,Proven people management skills.,4,Skill,Agentic
P_006732,India_Director_dataFile,JDRAW_01474,CIEL HR,India,Project Management / Programme Management,Unknown,CIEL/SEL/26314: Delivery Head,Director,Excellent oral and written communication.,5,Skill,Agentic
P_006732,India_Director_dataFile,JDRAW_01474,CIEL HR,India,Project Management / Programme Management,Unknown,CIEL/SEL/26314: Delivery Head,Director,Excellent presentation skills.,3,Skill,Agentic
P_006732,India_Director_dataFile,JDRAW_01474,CIEL HR,India,Project Management / Programme Management,Unknown,CIEL/SEL/26314: Delivery Head,Director,Experience implementing and delivering projects to international customers.,8,Requirement,Neutral
P_006732,India_Director_dataFile,JDRAW_01474,CIEL HR,India,Project Management / Programme Management,Unknown,CIEL/SEL/26314: Delivery Head,Director,Excellent Customer Interfacing skills.,4,Skill,Communal
P_006732,India_Director_dataFile,JDRAW_01474,CIEL HR,India,Project Management / Programme Management,Unknown,CIEL/SEL/26314: Delivery Head,Director,Well-versed with quality management processes.,5,Requirement,Neutral
P_006732,India_Director_dataFile,JDRAW_01474,CIEL HR,India,Project Management / Programme Management,Unknown,CIEL/SEL/26314: Delivery Head,Director,Pre-sales exposure.,2,Requirement,Neutral
P_006732,India_Director_dataFile,JDRAW_01474,CIEL HR,India,Project Management / Programme Management,Unknown,CIEL/SEL/26314: Delivery Head,Director,"Project management, resource planning, monitoring and execution skills.",8,Requirement,Neutral
P_006732,India_Director_dataFile,JDRAW_01474,CIEL HR,India,Project Management / Programme Management,Unknown,CIEL/SEL/26314: Delivery Head,Director,Strong Operations Management.,3,Requirement,Neutral
P_006732,India_Director_dataFile,JDRAW_01474,CIEL HR,India,Project Management / Programme Management,Unknown,CIEL/SEL/26314: Delivery Head,Director,MBA.,1,Requirement,Neutral
P_006732,India_Director_dataFile,JDRAW_01474,CIEL HR,India,Project Management / Programme Management,Unknown,CIEL/SEL/26314: Delivery Head,Director,Technical background and exposure to RPA.,6,Requirement,Neutral
P_018148,2021_10_09_22_38_Sales_dataFile,JDRAW_06491,White Sand Group,"Singapore, Singapore",Procurement / Sourcing / Supply Chain,Purchasing and Supply Chain,Procurement Director,Director,Performing ongoing supplier evaluation and improvement.,6,Requirement,Neutral
P_006297,Egypt_Mid-Senior_dataFile,JDRAW_01214,TRM Labs,Egypt,Sales / Business Development,Unknown,"Senior Account Executive, MENA",Mid-Senior,"Grit, passion, and humility.",4,Skill,Agentic
P_006713,India_Director_dataFile,JDRAW_01438,JPMorgan Chase & Co.,India,Project Management / Programme Management,Unknown,"Vice President - Manager - Credit Product Delivery India, Wholesale Lending Services Asia Pacific",Director,"Able to build and lead effective, diverse teams.",8,Skill,Agentic
P_006713,India_Director_dataFile,JDRAW_01438,JPMorgan Chase & Co.,India,Project Management / Programme Management,Unknown,"Vice President - Manager - Credit Product Delivery India, Wholesale Lending Services Asia Pacific",Director,Strong decision-making capabilities.,3,Skill,Agentic
P_006713,India_Director_dataFile,JDRAW_01438,JPMorgan Chase & Co.,India,Project Management / Programme Management,Unknown,"Vice President - Manager - Credit Product Delivery India, Wholesale Lending Services Asia Pacific",Director,Ability to identify problems and drive to a resolution.,9,Skill,Agentic
P_006713,India_Director_dataFile,JDRAW_01438,JPMorgan Chase & Co.,India,Project Management / Programme Management,Unknown,"Vice President - Manager - Credit Product Delivery India, Wholesale Lending Services Asia Pacific",Director,Excellent interpersonal and communication skills.,5,Skill,Communal
P_020421,2021_10_09_12_59_Sales_dataFile,JDRAW_07098,Sinch,"Singapore, Singapore",Sales / Business Development,Sales,Junior Sales Engineer,Entry level,Provide product expertise and act as subject matter expert to support the Sales Team.,14,Requirement,Neutral
P_020954,2021_10_09_16_33_Sales_dataFile,JDRAW_07251,Unknown,"Singapore, Singapore",Procurement / Sourcing / Supply Chain,Management and Manufacturing,Supply Chain Trainee #SGUnitedTraineeship #SGUT,Internship,Successful applicant must be able to commence the program before 17th November 2021.,13,Requirement,Neutral
P_004105,2021_10_09_06_44_Sales_dataFile,JDRAW_00509,Ewellix China,"Guangdong, China",Sales / Business Development,Unknown,DD Sales South China,Unknown,Communication and market information support within sales teams.,8,Requirement,Neutral
P_022707,2021_10_09_03_13_Sales_dataFile,JDRAW_07632,Keywords Studios,"St Petersburg, St Petersburg City, Russia",Project Management / Programme Management,Project Management,Chinese speaking Customer Support Project Manager - Video Games,Mid-Senior level,Responsible for client account management.,5,Requirement,Neutral
P_008498,South_Africa_Director_dataFile,JDRAW_02503,Resideo,South Africa,Procurement / Sourcing / Supply Chain,Unknown,Access Control & Fire Category Manager,Director,Develop and execute product mix and pricing models.,8,Requirement,Neutral
P_008498,South_Africa_Director_dataFile,JDRAW_02503,Resideo,South Africa,Procurement / Sourcing / Supply Chain,Unknown,Access Control & Fire Category Manager,Director,"Identify, initiate, cultivate, and manage supplier relationships.",7,Skill,Communal
P_004635,2021_10_09_17_03_Sales_dataFile,JDRAW_00594,Demandwell,"Indianapolis, IN",Sales / Business Development,Sales and Business Development,Head of Sales,Director,Coach sales team members to achieve their highest level of performance and exceed their bookings and sourcing targets.,18,Skill,Agentic
P_008465,Saudi_Arabia_Entry_dataFile,JDRAW_02440,Syarah,Saudi Arabia,Procurement / Sourcing / Supply Chain,Unknown,Purchasing Officer (Dammam),Entry,"Build systems to manage sourcing, inspection, photography, merchandising, reconditioning, financing, insurance, and shipping.",13,Requirement,Neutral
P_006711,India_Director_dataFile,JDRAW_01438,JPMorgan Chase & Co.,India,Project Management / Programme Management,Unknown,"Vice President - Manager - Credit Product Delivery India, Wholesale Lending Services Asia Pacific",Director,Thorough understanding of the transaction cycle of credit documentation.,9,Requirement,Neutral
P_018319,2021_10_09_22_38_Sales_dataFile,JDRAW_06520,"Happy Marketer, A Merkle Company","Singapore, Singapore",Project Management / Programme Management,Information Technology,"Director, Delivery",Director,Support delivery and sales team in cross-sells and upsells.,9,Requirement,Neutral
P_018319,2021_10_09_22_38_Sales_dataFile,JDRAW_06520,"Happy Marketer, A Merkle Company","Singapore, Singapore",Project Management / Programme Management,Information Technology,"Director, Delivery",Director,Proactively looking for opportunities that will surprise and delight your client.,11,Skill,Communal
P_019508,2021_10_09_12_59_Sales_dataFile,JDRAW_06880,Unknown,"Singapore, Singapore",Sales / Business Development,Business Development,Sales and Business Development,Entry level,18 and above.,3,Requirement,Neutral
P_022706,2021_10_09_03_13_Sales_dataFile,JDRAW_07632,Keywords Studios,"St Petersburg, St Petersburg City, Russia",Project Management / Programme Management,Project Management,Chinese speaking Customer Support Project Manager - Video Games,Mid-Senior level,Manage and lead client interactions and meetings.,7,Skill,Communal
P_008271,Romania_Associate_dataFile,JDRAW_02363,Bosch Romania,Romania,Project Management / Programme Management,Unknown,Project Manager,Associate,Leads the project team.,4,Skill,Agentic
P_008502,South_Africa_Director_dataFile,JDRAW_02503,Resideo,South Africa,Procurement / Sourcing / Supply Chain,Unknown,Access Control & Fire Category Manager,Director,"Managing end-to-end vendor relationships, including identification, contract negotiation, product assortment, marketing programs, and communications.",14,Requirement,Neutral
P_020261,2021_10_09_12_59_Sales_dataFile,JDRAW_07068,Morgan McKinley,"Singapore, Singapore",Sales / Business Development,Sales and Business Development,Sales Manager - Enterprise Retail,Entry level,Build long-term business relationships in the [Location] region.,8,Skill,Communal
P_020261,2021_10_09_12_59_Sales_dataFile,JDRAW_07068,Morgan McKinley,"Singapore, Singapore",Sales / Business Development,Sales and Business Development,Sales Manager - Enterprise Retail,Entry level,Facilitate client expansion in the market.,6,Skill,Agentic
P_006326,Finland_Mid-Senior_dataFile,JDRAW_01229,Sofigate,Finland,Project Management / Programme Management,Unknown,SAP Project Managers,Mid-Senior,Ambitious culture.,2,Skill,Agentic
P_007963,Norway_Entry_dataFile,JDRAW_02199,Quorum Software,Norway,Procurement / Sourcing / Supply Chain,Unknown,Contracts Administrator,Entry,Location: [Location].,2,Requirement,Neutral
P_012897,2021_10_08_11_02_Sales_dataFile,JDRAW_05558,Amazon,"Shanghai, Shanghai, China",Sales / Business Development,Business Development and Information Technology,Sales Director,Not Applicable,Track record of driving results.,5,Skill,Agentic
P_012897,2021_10_08_11_02_Sales_dataFile,JDRAW_05558,Amazon,"Shanghai, Shanghai, China",Sales / Business Development,Business Development and Information Technology,Sales Director,Not Applicable,Partnering cross-functionally.,2,Skill,Communal
P_012897,2021_10_08_11_02_Sales_dataFile,JDRAW_05558,Amazon,"Shanghai, Shanghai, China",Sales / Business Development,Business Development and Information Technology,Sales Director,Not Applicable,Representing customers' needs/perspectives to stakeholders.,5,Skill,Communal
P_022713,2021_10_09_03_13_Sales_dataFile,JDRAW_07632,Keywords Studios,"St Petersburg, St Petersburg City, Russia",Project Management / Programme Management,Project Management,Chinese speaking Customer Support Project Manager - Video Games,Mid-Senior level,Experience in an Account Management or sales-oriented role.,8,Requirement,Neutral
P_002360,2021_10_10_15_21_Sales_dataFile,JDRAW_00265,Dell Technologies,"Chengdu, Sichuan, China",Sales / Business Development,Sales,Inside Sales Mananger,Mid-Senior level,"Provide management to a unit by establishing goals, objectives, assigning tasks and reviewing work.",14,Skill,Agentic
P_006708,India_Director_dataFile,JDRAW_01438,JPMorgan Chase & Co.,India,Project Management / Programme Management,Unknown,"Vice President - Manager - Credit Product Delivery India, Wholesale Lending Services Asia Pacific",Director,Deliver documentation negotiation management and transaction execution of credit facilities.,10,Requirement,Neutral
P_009128,United_Kingdom_Entry_dataFile,JDRAW_02777,Hays,United Kingdom,Sales / Business Development,Unknown,Sales Support Coordinator,Entry,Sales Support Representative.,3,Requirement,Neutral
P_010406,2021_10_09_12_15_Sales_dataFile,JDRAW_05124,Papaya Global,"New York, NY",Sales / Business Development,Sales and Business Development,Regional Sales Executive - Northeast,Associate,"Experience working in a global, cross-cultural, and multilingual organization.",9,Requirement,Neutral
P_008275,Romania_Associate_dataFile,JDRAW_02363,Bosch Romania,Romania,Project Management / Programme Management,Unknown,Project Manager,Associate,"Defines resources and requests approvals (project team, budget, infrastructure, tools, software).",11,Requirement,Neutral
P_000429,2021_10_09_12_15_Sales_dataFile,JDRAW_00037,Steritech,"Atlanta, GA",Sales / Business Development,Sales and Business Development,National Sales Executive,Associate,Bachelor's degree.,2,Requirement,Neutral
P_000429,2021_10_09_12_15_Sales_dataFile,JDRAW_00037,Steritech,"Atlanta, GA",Sales / Business Development,Sales and Business Development,National Sales Executive,Associate,"Five or more years of sales track record with larger, complex accounts.",12,Requirement,Neutral
P_008106,Philippines_Entry_dataFile,JDRAW_02265,The Insights Shop,Philippines,Project Management / Programme Management,Unknown,Project Manager,Entry,Ensuring all respondents are prepared according to client requirements.,9,Skill,Communal
P_020950,2021_10_09_16_33_Sales_dataFile,JDRAW_07251,Unknown,"Singapore, Singapore",Procurement / Sourcing / Supply Chain,Management and Manufacturing,Supply Chain Trainee #SGUnitedTraineeship #SGUT,Internship,Must be [Location] Citizen or Permanent Resident.,7,Requirement,Neutral
P_008102,Philippines_Entry_dataFile,JDRAW_02265,The Insights Shop,Philippines,Project Management / Programme Management,Unknown,Project Manager,Entry,"Management of multiple studies, both domestic and international, with a focus on qualitative & quantitative research.",16,Requirement,Neutral
P_009679,2021_10_08_23_43_Sales_dataFile,JDRAW_04909,Rakuten Viber,"Moscow, Moscow, Russia",Sales / Business Development,Sales and Business Development,Sales Manager,Entry level,"Analyzing data and trends, and making recommendations to the sales team.",11,Skill,Agentic
P_018159,2021_10_09_22_38_Sales_dataFile,JDRAW_06491,White Sand Group,"Singapore, Singapore",Procurement / Sourcing / Supply Chain,Purchasing and Supply Chain,Procurement Director,Director,Goal driven.,2,Skill,Agentic
P_018159,2021_10_09_22_38_Sales_dataFile,JDRAW_06491,White Sand Group,"Singapore, Singapore",Procurement / Sourcing / Supply Chain,Purchasing and Supply Chain,Procurement Director,Director,Strong mentor and coach.,4,Skill,Communal
P_018159,2021_10_09_22_38_Sales_dataFile,JDRAW_06491,White Sand Group,"Singapore, Singapore",Procurement / Sourcing / Supply Chain,Purchasing and Supply Chain,Procurement Director,Director,Builds high performing teams.,4,Skill,Communal
P_018159,2021_10_09_22_38_Sales_dataFile,JDRAW_06491,White Sand Group,"Singapore, Singapore",Procurement / Sourcing / Supply Chain,Purchasing and Supply Chain,Procurement Director,Director,Adaptable.,1,Skill,Agentic
P_006892,India_Entry_dataFile,JDRAW_01550,The Hershey Company,India,Sales / Business Development,Unknown,Sales Officer Surat,Entry,Train subordinates effectively.,3,Skill,Communal
P_006892,India_Entry_dataFile,JDRAW_01550,The Hershey Company,India,Sales / Business Development,Unknown,Sales Officer Surat,Entry,Achievement Orientation.,2,Skill,Agentic
P_018147,2021_10_09_22_38_Sales_dataFile,JDRAW_06491,White Sand Group,"Singapore, Singapore",Procurement / Sourcing / Supply Chain,Purchasing and Supply Chain,Procurement Director,Director,"Negotiating favourable terms on pricing, payment, and delivery lead times.",10,Skill,Agentic
P_004045,2021_10_09_06_09_Sales_dataFile,JDRAW_00501,NorthPoint Search Group,"Greensboro, NC",Sales / Business Development,Sales and Business Development,Sales Specialist,Internship,Significant experience with a CRM program.,6,Requirement,Neutral
P_008277,Romania_Associate_dataFile,JDRAW_02363,Bosch Romania,Romania,Project Management / Programme Management,Unknown,Project Manager,Associate,Apply the [Company] Project Management central directive.,7,Requirement,Neutral
P_020941,2021_10_09_16_33_Sales_dataFile,JDRAW_07251,Unknown,"Singapore, Singapore",Procurement / Sourcing / Supply Chain,Management and Manufacturing,Supply Chain Trainee #SGUnitedTraineeship #SGUT,Internship,Reports to the Supply Chain Manager and interfaces with other team members.,12,Requirement,Neutral
P_023939,2021_10_09_14_59_Sales_dataFile,JDRAW_07874,Finstro USA,"Denver, CO",Sales / Business Development,Unknown,Unit Sales Manager,Unknown,Minimum 3 years of sales leadership experience.,7,Requirement,Neutral
P_023939,2021_10_09_14_59_Sales_dataFile,JDRAW_07874,Finstro USA,"Denver, CO",Sales / Business Development,Unknown,Unit Sales Manager,Unknown,Minimum 5 years of experience in business development or partnership management.,11,Requirement,Neutral
P_007429,Ireland_Director_dataFile,JDRAW_01929,Cpl,Ireland,Procurement / Sourcing / Supply Chain,Unknown,Credit Controller - 3 Month Contract,Director,Previous exposure to a culturally diverse working environment.,8,Requirement,Neutral
P_007429,Ireland_Director_dataFile,JDRAW_01929,Cpl,Ireland,Procurement / Sourcing / Supply Chain,Unknown,Credit Controller - 3 Month Contract,Director,Shared Service Centre experience.,4,Requirement,Neutral
P_007429,Ireland_Director_dataFile,JDRAW_01929,Cpl,Ireland,Procurement / Sourcing / Supply Chain,Unknown,Credit Controller - 3 Month Contract,Director,Previous credit control experience in Multinational organisation.,7,Requirement,Neutral
P_008103,Philippines_Entry_dataFile,JDRAW_02265,The Insights Shop,Philippines,Project Management / Programme Management,Unknown,Project Manager,Entry,"Manage all aspects of each project to ensure successful project completion on time and within budget, while meeting client expectations.",20,Skill,Agentic
P_008515,South_Africa_Director_dataFile,JDRAW_02503,Resideo,South Africa,Procurement / Sourcing / Supply Chain,Unknown,Access Control & Fire Category Manager,Director,High level of critical thinking skills.,6,Skill,Agentic
P_008515,South_Africa_Director_dataFile,JDRAW_02503,Resideo,South Africa,Procurement / Sourcing / Supply Chain,Unknown,Access Control & Fire Category Manager,Director,SAP Knowledge.,2,Requirement,
P_008515,South_Africa_Director_dataFile,JDRAW_02503,Resideo,South Africa,Procurement / Sourcing / Supply Chain,Unknown,Access Control & Fire Category Manager,Director,Industry experience in the Access Control and/or Fire industry.,9,Requirement,
P_008515,South_Africa_Director_dataFile,JDRAW_02503,Resideo,South Africa,Procurement / Sourcing / Supply Chain,Unknown,Access Control & Fire Category Manager,Director,"Driven by a desire to contribute, be challenged, and grow.",10,Skill,Agentic
P_002409,2021_10_09_01_12_Sales_dataFile,JDRAW_00270,Legacy.com,"Chicago, IL",Sales / Business Development,Marketing and Sales,Marketing & Sales Operations Associate - Full Time,Entry level,Excellent written communication skills.,4,Skill,Agentic
P_002409,2021_10_09_01_12_Sales_dataFile,JDRAW_00270,Legacy.com,"Chicago, IL",Sales / Business Development,Marketing and Sales,Marketing & Sales Operations Associate - Full Time,Entry level,Excellent verbal communication skills.,4,Skill,Agentic
P_018376,2021_10_09_22_38_Sales_dataFile,JDRAW_06546,Robert Half,"Singapore, Singapore",Procurement / Sourcing / Supply Chain,Accounting/Auditing and Finance,Controller (Business Controlling & Supply Chain),Director,"Provide timely and accurate insights, analysis and business cases to support decision making processes relating to distribution and supply chain strategies.",21,Requirement,
