Phrase_ID,Source_Record_ID,Source,Company,Country,Industry,Job_Function,Position,Seniority,Phrase,Word_Count
P_008514,JDRAW_02503,South_Africa_Director_dataFile,Resideo,South Africa,Procurement / Sourcing / Supply Chain,Unknown,Access Control & Fire Category Manager,Director,- Ability to build large number of relationships with diverse groups.,10
P_009614,JDRAW_04881,2021_10_08_23_43_Sales_dataFile,TikTok,"Moscow, Moscow City, Russia",Project Management / Programme Management,Project Management and Information Technology,Project Manager,Mid-Senior level,"Glean insights from data, and use that data to make client recommendations and inform future proposa",16
P_012190,JDRAW_05432,2021_10_09_06_09_Sales_dataFile,Chosen Foods,"San Diego, CA",Sales / Business Development,Sales and Business Development,Sales Analyst Intern,Internship,"At Chosen Foods we believe in the power of real food to nourish ourselves, our families and our communities.",19
P_007975,JDRAW_02199,Norway_Entry_dataFile,Quorum Software,Norway,Procurement / Sourcing / Supply Chain,Unknown,Contracts Administrator,Entry,"Our vision for the future connects the global energy ecosystem through cloud-first software, data standards, and integration.",16
P_008158,JDRAW_02311,Philippines_Mid-Senior_dataFile,Carousell Group,Philippines,Procurement / Sourcing / Supply Chain,Unknown,Category Manager (Autos),Mid-Senior,"Together as an Organisation, we make magic happen.",8
P_018137,JDRAW_06491,2021_10_09_22_38_Sales_dataFile,White Sand Group,"Singapore, Singapore",Procurement / Sourcing / Supply Chain,Purchasing and Supply Chain,Procurement Director,Director,The Role NOTE: Requirement that candidate speaks/writes/reads Mandarin to liaise with required stakeholders This is a full time position in Cambodia All travel expenses and visa costs/vaccination and others will be covered by the company.,33
P_009613,JDRAW_04881,2021_10_08_23_43_Sales_dataFile,TikTok,"Moscow, Moscow City, Russia",Project Management / Programme Management,Project Management and Information Technology,Project Manager,Mid-Senior level,"Knowledge of digital third-party servers, measurement, content and media verification partners",10
P_001685,JDRAW_00177,2021_10_09_12_15_Sales_dataFile,Summit Search Consultants,"Bellingham, WA",Sales / Business Development,Sales,Associate Sales Representative,Associate,This phenomenal opportunity gives you exposure to multiple divisions of this F500 company.,13
P_017674,JDRAW_06437,2021_10_09_22_38_Sales_dataFile,Unknown,"Singapore, Singapore",Sales / Business Development,Management and Manufacturing,Catering Sales Director,Director,"Competent with Microsoft Office Suite, Salesforce.com and ComScore.",7
P_006705,JDRAW_01438,India_Director_dataFile,JPMorgan Chase & Co.,India,Project Management / Programme Management,Unknown,"Vice President - Manager - Credit Product Delivery India, Wholesale Lending Services Asia Pacific",Director,"In addition, this role will also involve managing strategic enhancements and executing change initiatives on behalf of CPD and supporting MIS reporting.",22
P_002506,JDRAW_00280,2021_10_09_17_03_Sales_dataFile,Bevy,"Chicago, IL",Sales / Business Development,Sales and Business Development,Regional Sales Director,Director,"Our Team We are a small but powerful team, dedicated to achieving our mission to bring more community to the world through virtual events.",24
P_018138,JDRAW_06491,2021_10_09_22_38_Sales_dataFile,White Sand Group,"Singapore, Singapore",Procurement / Sourcing / Supply Chain,Purchasing and Supply Chain,Procurement Director,Director,You Will Be Responsible For Liaising with internal stakeholders and external suppliers to maximise stock availability and minimise lead times.,20
P_022587,JDRAW_07591,2021_10_09_06_09_Sales_dataFile,Obvi,"Jersey City, NJ",Sales / Business Development,Unknown,Sales Intern - No Remote - Supplement & Beauty Brand,Unknown,Preferred: Supplement & Beauty Industry Sales Experience - Compensation.,7
P_009206,JDRAW_02795,United_Kingdom_Internship_dataFile,Amundi,United Kingdom,Sales / Business Development,Unknown,ETF Sales - 1 Year Intern,Internship,Amundi is Europe's largest asset manager by assets under management.,10
P_018321,JDRAW_06520,2021_10_09_22_38_Sales_dataFile,"Happy Marketer, A Merkle Company","Singapore, Singapore",Project Management / Programme Management,Information Technology,"Director, Delivery",Director,"Requirements Education to degree level in advertising, media, IT or similar 12 years of experience in digital marketing, preferable digital agencies.",21
P_007283,JDRAW_01787,Indonesia_Associate_dataFile,Siemens,Indonesia,Project Management / Programme Management,Unknown,Commercial Project Manager,Associate,Experience: Level 1 Managing Projects Education: University Degree in Business Administration/Commercial/FinanceProfessional commercial knowledge in financial management of complex dprojects and in financial management itselfRecommended Learning Program : Excellence in Project Management Organization: Smart Infrastructure Company: P.T.,33
P_006322,JDRAW_01229,Finland_Mid-Senior_dataFile,Sofigate,Finland,Project Management / Programme Management,Unknown,SAP Project Managers,Mid-Senior,Our customers are developing and taking new emerging technologies and services into use.,13
P_004985,JDRAW_00683,2021_10_08_11_02_Sales_dataFile,mtu solutions,"Longsheng Various Nationalities Autonomous County, Guangxi Zhuang, China",Sales / Business Development,Sales and Business Development,Sr. Regional Sales Manager,Mid-Senior level,Maintain competitive product and pricing knowledge.,6
P_007321,JDRAW_01811,Indonesia_Director_dataFile,Robert Walters,Indonesia,Procurement / Sourcing / Supply Chain,Unknown,Procurement Director - Financial Services/Trade Finance,Director,"Reporting into Singapore in this job, the group's global HQ is in Europe.",13
P_006712,JDRAW_01438,India_Director_dataFile,JPMorgan Chase & Co.,India,Project Management / Programme Management,Unknown,"Vice President - Manager - Credit Product Delivery India, Wholesale Lending Services Asia Pacific",Director,associated risks and regulatory requirements Strong leadership and management abilities,10
P_008499,JDRAW_02503,South_Africa_Director_dataFile,Resideo,South Africa,Procurement / Sourcing / Supply Chain,Unknown,Access Control & Fire Category Manager,Director,"This is an excellent opportunity for a candidate that understands the South African security market, its competitive landscape and can translate business strategy into sales growth.",26
P_011623,JDRAW_05317,2021_10_09_01_12_Sales_dataFile,LegitScript,"Portland, OR",Sales / Business Development,Sales and Business Development,Sales Development Representative,Entry level,"LegitScript does not accept unsolicited headhunter and agency resumes, and will not pay fees to any third-party agency or company that does not have a signed agreement with LegitScript.",28
P_007268,JDRAW_01787,Indonesia_Associate_dataFile,Siemens,Indonesia,Project Management / Programme Management,Unknown,Commercial Project Manager,Associate,ICFR # For cross border projects: synchronizes contract structure with tax and delegation concept,13
P_022711,JDRAW_07632,2021_10_09_03_13_Sales_dataFile,Keywords Studios,"St Petersburg, St Petersburg City, Russia",Project Management / Programme Management,Project Management,Chinese speaking Customer Support Project Manager - Video Games,Mid-Senior level,Experience in Player Support (Customer Service).,6
P_020091,JDRAW_07019,2021_10_09_12_59_Sales_dataFile,Jobs via eFinancialCareers,"Singapore, Singapore",Sales / Business Development,Sales and Business Development,Asst Dir-Sales Strategist,Entry level,Strong teamwork and demonstrated leadership skills.,6
P_015692,JDRAW_06044,2021_10_10_12_31_Sales_dataFile,Autodesk,"Singapore, Singapore",Sales / Business Development,Information Technology,Digital Sales Representative,Mid-Senior level,"At Autodesk, we believe a salesperson's success depends on our customer's success - and we offer our clients technology solutions to help them grow their business and maximize the return on their software investment.",33
P_018144,JDRAW_06491,2021_10_09_22_38_Sales_dataFile,White Sand Group,"Singapore, Singapore",Procurement / Sourcing / Supply Chain,Purchasing and Supply Chain,Procurement Director,Director,Supporting Sales and Operations in developing supply solutions to maintain fulfilment targets.,12
P_008110,JDRAW_02265,Philippines_Entry_dataFile,The Insights Shop,Philippines,Project Management / Programme Management,Unknown,Project Manager,Entry,Must have good knowledge of Qualitative and Quantitative Research.,9
P_018322,JDRAW_06520,2021_10_09_22_38_Sales_dataFile,"Happy Marketer, A Merkle Company","Singapore, Singapore",Project Management / Programme Management,Information Technology,"Director, Delivery",Director,Strong knowledge and passion in Web and Digital Analytics Aptitude to build and maintain strong working relationships.,17
P_007424,JDRAW_01929,Ireland_Director_dataFile,Cpl,Ireland,Procurement / Sourcing / Supply Chain,Unknown,Credit Controller - 3 Month Contract,Director,"Company Description Our client, a large multi-national based in Cork is seeking a Credit Controller for a 3-month contract.",17
P_020952,JDRAW_07251,2021_10_09_16_33_Sales_dataFile,Unknown,"Singapore, Singapore",Procurement / Sourcing / Supply Chain,Management and Manufacturing,Supply Chain Trainee #SGUnitedTraineeship #SGUT,Internship,private universities and overseas institutions),5
P_018154,JDRAW_06491,2021_10_09_22_38_Sales_dataFile,White Sand Group,"Singapore, Singapore",Procurement / Sourcing / Supply Chain,Purchasing and Supply Chain,Procurement Director,Director,"Monitoring the market for new best practice tools and techniques, expanding your own knowledge and skills and thereby enabling clients to achieve competitive success.",24
P_006596,JDRAW_01349,Hong_Kong_Executive_dataFile,BNP Paribas,Hong Kong,Procurement / Sourcing / Supply Chain,Unknown,"Vice President, Transaction Banking - Supply Chain Management",Executive,"In Asia Pacific, BNP Paribas is one of the best-positioned international financial institutions with an uninterrupted presence since 1860.",18
P_020944,JDRAW_07251,2021_10_09_16_33_Sales_dataFile,Unknown,"Singapore, Singapore",Procurement / Sourcing / Supply Chain,Management and Manufacturing,Supply Chain Trainee #SGUnitedTraineeship #SGUT,Internship,Specific Responsibilities The Supply Chain Trainee purpose includes understanding the Quality Management System and be familiar with supply chain management.,20
P_018315,JDRAW_06520,2021_10_09_22_38_Sales_dataFile,"Happy Marketer, A Merkle Company","Singapore, Singapore",Project Management / Programme Management,Information Technology,"Director, Delivery",Director,Roles And Responsibilities Establish a solid working relationship with multiple clients.,11
P_002230,JDRAW_00247,2021_10_09_06_09_Sales_dataFile,inSegment,"Charlotte, NC",Sales / Business Development,Sales and Business Development,Sales and Business Development Intern,Internship,Additional Information All your information will be kept confidential according to EEO guidelines.,13
P_008500,JDRAW_02503,South_Africa_Director_dataFile,Resideo,South Africa,Procurement / Sourcing / Supply Chain,Unknown,Access Control & Fire Category Manager,Director,WHAT YOU WILL DO - Fully own two of the main product categories including: Access Control and Fire.,17
P_013906,JDRAW_05717,2021_10_09_16_58_Sales_dataFile,Michael Page,"Shanghai, Shanghai, China",Sales / Business Development,Sales and Business Development,Sales Director-Online and Offline Exposure (Meat),Director,This role will also be involved in project management and will need to coordinate with internal teams.,17
P_018142,JDRAW_06491,2021_10_09_22_38_Sales_dataFile,White Sand Group,"Singapore, Singapore",Procurement / Sourcing / Supply Chain,Purchasing and Supply Chain,Procurement Director,Director,"Monitoring data accuracy and consistency of forecast adjustments supplied by sales, production, suppliers etc.",14
P_005515,JDRAW_00765,Australia_Associate_dataFile,FAAC Australia,Australia,Sales / Business Development,Unknown,Sales Executive,Associate,"FAAC Technologies is the leading global player in the field of automation and access control, dedicated to satisfying end-user needs for security, safety and convenience.",24
P_007279,JDRAW_01787,Indonesia_Associate_dataFile,Siemens,Indonesia,Project Management / Programme Management,Unknown,Commercial Project Manager,Associate,"AC, Taxes, Treasury, Audit), RIC incl.",6
P_014883,JDRAW_05918,2021_10_09_12_59_Sales_dataFile,Unknown,"Singapore, Singapore",Sales / Business Development,Sales and Business Development,"Sales Development Representative, BytePlus",Entry level,"Meanwhile, you are in charge of grading all the leads and distributing them to the hands of sales representatives in a timely manner.",23
P_022714,JDRAW_07632,2021_10_09_03_13_Sales_dataFile,Keywords Studios,"St Petersburg, St Petersburg City, Russia",Project Management / Programme Management,Project Management,Chinese speaking Customer Support Project Manager - Video Games,Mid-Senior level,Formal Project Management techniques or training (asset).,7
P_019301,JDRAW_06832,2021_10_09_12_59_Sales_dataFile,Decathlon Singapore,"Singapore, Singapore",Procurement / Sourcing / Supply Chain,"Product Management, Supply Chain, and Strategy/Planning",Regional Category Manager (SEA),Entry level,Opportunities to meet like-minded people and practice sports at work Generous staff discount across all brands Medical and insurance benefits Local and Global opportunities for career/ zig-zag progression and/or specialization (You decide your own career path!),32
P_018375,JDRAW_06546,2021_10_09_22_38_Sales_dataFile,Robert Half,"Singapore, Singapore",Procurement / Sourcing / Supply Chain,Accounting/Auditing and Finance,Controller (Business Controlling & Supply Chain),Director,The Company My client is an established Petrochemical company and an industry leader - hiring a FP&A talent to support Supply Chain and Business Controlling portfolio.,26
P_001340,JDRAW_00146,2021_10_09_06_44_Sales_dataFile,Andor Technology,"Beijing, Beijing, China",Sales / Business Development,Sales and Business Development,Sales & Technical Application Specialist - North China,Entry level,Travel as required across China and to UK to build key business partnerships.,13
P_007967,JDRAW_02199,Norway_Entry_dataFile,Quorum Software,Norway,Procurement / Sourcing / Supply Chain,Unknown,Contracts Administrator,Entry,"From emerging companies to supermajors, throughout every region of the globe, customers rely on Quorum's proven innovation and unmatched global expertise to streamline business operations and make data-driven decisions that optimize profitability and growth.",33
P_014823,JDRAW_05906,2021_10_10_15_21_Sales_dataFile,Linio Group,"Shenzhen, Guangdong, China",Sales / Business Development,Sales and Business Development,CHINA-Key Account Manager,Mid-Senior level,"Fluent in oral and written English, Spanish will be a plus.",11
P_007277,JDRAW_01787,Indonesia_Associate_dataFile,Siemens,Indonesia,Project Management / Programme Management,Unknown,Commercial Project Manager,Associate,"HR, Quality Management, EHS, customers, suppliers, consortium partners # Ensures proper execution of all tasks with all relevant stakeholders, i.e.",18
P_020946,JDRAW_07251,2021_10_09_16_33_Sales_dataFile,Unknown,"Singapore, Singapore",Procurement / Sourcing / Supply Chain,Management and Manufacturing,Supply Chain Trainee #SGUnitedTraineeship #SGUT,Internship,Trainee will have the opportunity to learn and/or sharpen their skills in Oracle / Glovia/ Sage system.,14
P_022709,JDRAW_07632,2021_10_09_03_13_Sales_dataFile,Keywords Studios,"St Petersburg, St Petersburg City, Russia",Project Management / Programme Management,Project Management,Chinese speaking Customer Support Project Manager - Video Games,Mid-Senior level,Requirements Minimum 2 years of experience in Project Management or similar role in the Video Games or related industry.,19
P_007964,JDRAW_02199,Norway_Entry_dataFile,Quorum Software,Norway,Procurement / Sourcing / Supply Chain,Unknown,Contracts Administrator,Entry,"Do you enjoy working in a fast-paced, international and dynamic environment?",10
P_020936,JDRAW_07247,2021_10_09_16_33_Sales_dataFile,Unknown,"Singapore, Singapore",Procurement / Sourcing / Supply Chain,Purchasing and Supply Chain,Purchasing Trainee (West Area),Internship,Role Description & Specific Responsibilities Sourcing of products from the marketplace.,10
P_008162,JDRAW_02311,Philippines_Mid-Senior_dataFile,Carousell Group,Philippines,Procurement / Sourcing / Supply Chain,Unknown,Category Manager (Autos),Mid-Senior,This role will report to the Philippines General Manager.,9
P_004389,JDRAW_00554,2021_10_09_09_30_Sales_dataFile,Coca-Cola Beverages Florida,"Hollywood, FL",Sales / Business Development,Sales and Business Development,Field Sales Representative,Entry level,"Physical Abilities Ability to repetitively lift, carry, and position objects weighing up to 50 pounds without assistance.",17
P_020172,JDRAW_07038,2021_10_09_12_59_Sales_dataFile,Unknown,"Singapore, Singapore",Sales / Business Development,Sales and Business Development,Sales Manager,Entry level,Provide input to the Content Development team based on customer and industry feedback.,13
P_009887,JDRAW_04936,2021_10_08_23_43_Sales_dataFile,adidas,"Moscow, Moscow, Russia",Procurement / Sourcing / Supply Chain,Quality Assurance and Supply Chain,Brigadier,Not Applicable,"Barantsevskoe Full compliance with the labor code of the Russian Federation: official registration, white wages, paid sick leave and vacations (including training) Shift work schedule: 2 days/ 2 nights/ 4 days off.",30
P_008516,JDRAW_02503,South_Africa_Director_dataFile,Resideo,South Africa,Procurement / Sourcing / Supply Chain,Unknown,Access Control & Fire Category Manager,Director,Our people make Resideo a special company and are a key competitive advantage.,13
P_008155,JDRAW_02311,Philippines_Mid-Senior_dataFile,Carousell Group,Philippines,Procurement / Sourcing / Supply Chain,Unknown,Category Manager (Autos),Mid-Senior,"As a team of passionate individuals working together to solve meaningful problems, there is so much more for you to discover in a career with Carousell.",26
P_011539,JDRAW_05310,2021_10_09_06_09_Sales_dataFile,Redlist,"Pleasant Grove, UT",Sales / Business Development,Sales and Business Development,Sales Development Intern,Internship,"WE ARE FAITHFUL: We expect you to have a growth mindset and the belief that you and all of us, can do more and be better.",26
P_008501,JDRAW_02503,South_Africa_Director_dataFile,Resideo,South Africa,Procurement / Sourcing / Supply Chain,Unknown,Access Control & Fire Category Manager,Director,"- Creating strategic plans for the product category, including growth and promotional programs to achieve budget objectives.",16
P_007273,JDRAW_01787,Indonesia_Associate_dataFile,Siemens,Indonesia,Project Management / Programme Management,Unknown,Commercial Project Manager,Associate,"calculation, tax, insurances, currency # Ensures communication of relevant commercial contractual obligations/conditions to the relevant project team members # Member of the Change Management Authority (change control board) - review, approval, rejection of change requests incl.",32
P_007972,JDRAW_02199,Norway_Entry_dataFile,Quorum Software,Norway,Procurement / Sourcing / Supply Chain,Unknown,Contracts Administrator,Entry,"Twenty years ago, we built the first software for gas plant accountants.",12
P_022701,JDRAW_07632,2021_10_09_03_13_Sales_dataFile,Keywords Studios,"St Petersburg, St Petersburg City, Russia",Project Management / Programme Management,Project Management,Chinese speaking Customer Support Project Manager - Video Games,Mid-Senior level,Day-to-day management and mentoring and conducting performance management of Team Leadership.,10
P_020735,JDRAW_07195,2021_10_09_16_33_Sales_dataFile,Unknown,"Singapore, Singapore",Sales / Business Development,Education and Training,Management Trainee (Business Development),Internship,Negotiate contracts with prospective clients.,5
P_006224,JDRAW_01179,Egypt_Associate_dataFile,Arrow Electronics,Egypt,Project Management / Programme Management,Unknown,Project Manager,Associate,Position: Project Manager Job Description: Manage standard coverage reports.,9
P_001581,JDRAW_00166,2021_10_10_15_21_Sales_dataFile,Michael Page,"Beijing, Beijing, China",Sales / Business Development,Sales and Business Development,Senior Sales Manager - for a leading publishing company,Mid-Senior level,Experience in publishing industry will be a plus.,8
P_018378,JDRAW_06546,2021_10_09_22_38_Sales_dataFile,Robert Half,"Singapore, Singapore",Procurement / Sourcing / Supply Chain,Accounting/Auditing and Finance,Controller (Business Controlling & Supply Chain),Director,"You will also identify key risks and opportunities revolving around Supply Chain, and drive continuous improvement via regional projects and initiatives.",21
P_007973,JDRAW_02199,Norway_Entry_dataFile,Quorum Software,Norway,Procurement / Sourcing / Supply Chain,Unknown,Contracts Administrator,Entry,"Pipeline operators came next, followed by land administrators, pumpers, and planners.",11
P_011089,JDRAW_05232,2021_10_09_06_09_Sales_dataFile,Gravitational Marketing,"Orlando, FL",Sales / Business Development,Sales and Business Development,Sales Intern,Internship,Do you want to gain experience with a fun and energetic advertising agency?,13
P_006321,JDRAW_01229,Finland_Mid-Senior_dataFile,Sofigate,Finland,Project Management / Programme Management,Unknown,SAP Project Managers,Mid-Senior,Would you like to be part of the ongoing business technology revolution?,12
P_023540,JDRAW_07830,2021_10_09_14_59_Sales_dataFile,Modern Hire,United States,Sales / Business Development,Sales and Business Development,Enterprise Business Development Representative,Mid-Senior level,Are you able to engage and inspire others?,8
P_018136,JDRAW_06491,2021_10_09_22_38_Sales_dataFile,White Sand Group,"Singapore, Singapore",Procurement / Sourcing / Supply Chain,Purchasing and Supply Chain,Procurement Director,Director,"With previous investments in tobacco, the company has recent large scale developments in real estate investments, casinos and software engineering in Cambodia.",22
P_022715,JDRAW_07632,2021_10_09_03_13_Sales_dataFile,Keywords Studios,"St Petersburg, St Petersburg City, Russia",Project Management / Programme Management,Project Management,Chinese speaking Customer Support Project Manager - Video Games,Mid-Senior level,Excellent written and verbal communication skills in English and Chinese.,10
P_006710,JDRAW_01438,India_Director_dataFile,JPMorgan Chase & Co.,India,Project Management / Programme Management,Unknown,"Vice President - Manager - Credit Product Delivery India, Wholesale Lending Services Asia Pacific",Director,"Manage controls framework, reporting and escalation for transaction execution",9
P_006601,JDRAW_01349,Hong_Kong_Executive_dataFile,BNP Paribas,Hong Kong,Procurement / Sourcing / Supply Chain,Unknown,"Vice President, Transaction Banking - Supply Chain Management",Executive,"excluding partnerships At BNP Paribas, we passionately embrace diversity and are committed to fostering an inclusive workplace where all employees are valued, respected and can bring their authentic selves to work.",31
P_008161,JDRAW_02311,Philippines_Mid-Senior_dataFile,Carousell Group,Philippines,Procurement / Sourcing / Supply Chain,Unknown,Category Manager (Autos),Mid-Senior,This person should be attuned to the needs of our users and be able to break down and solve complex business problems.,22
P_018150,JDRAW_06491,2021_10_09_22_38_Sales_dataFile,White Sand Group,"Singapore, Singapore",Procurement / Sourcing / Supply Chain,Purchasing and Supply Chain,Procurement Director,Director,Delivering world class business and change management consulting to senior management within client organisations.,14
P_007276,JDRAW_01787,Indonesia_Associate_dataFile,Siemens,Indonesia,Project Management / Programme Management,Unknown,Commercial Project Manager,Associate,"Compliance, Legal Units, HR), if required # Ensures proper handling of bank accounts including petty cash 'Baukasse', if applicable Manage project team # Agrees targets and work packages with commercial project staff # Holds meetings and seeks actively feedback (e.g.",35
P_002711,JDRAW_00302,2021_10_10_07_00_Sales_dataFile,endpoint Clinical,China,Sales / Business Development,Business Development and Sales,"Manager, APAC Business Development",Associate,"Position Overview The Manager, APAC Business Development will primarily focus on identifying, developing and winning APAC new business opportunities.",19
P_014854,JDRAW_05915,2021_10_09_12_59_Sales_dataFile,Enthof,Singapore,Sales / Business Development,Unknown,Independent Sales Contractor,Unknown,Please apply with your resume and let us know how you will work to bring sales for Enthof.,18
P_004032,JDRAW_00501,2021_10_09_06_09_Sales_dataFile,NorthPoint Search Group,"Greensboro, NC",Sales / Business Development,Sales and Business Development,Sales Specialist,Internship,Assist sales and marketing with selected trade show coordination and requested administrative tasks.,13
P_009606,JDRAW_04881,2021_10_08_23_43_Sales_dataFile,TikTok,"Moscow, Moscow City, Russia",Project Management / Programme Management,Project Management and Information Technology,Project Manager,Mid-Senior level,Coordinate people and processes to ensure that our projects are delivered on time and produce the desired results,18
P_006599,JDRAW_01349,Hong_Kong_Executive_dataFile,BNP Paribas,Hong Kong,Procurement / Sourcing / Supply Chain,Unknown,"Vice President, Transaction Banking - Supply Chain Management",Executive,"Worldwide, BNP Paribas has a presence in 68 markets with more than 193,000 employees.",13
P_007427,JDRAW_01929,Ireland_Director_dataFile,Cpl,Ireland,Procurement / Sourcing / Supply Chain,Unknown,Credit Controller - 3 Month Contract,Director,Reconciliation of customer accounts to ensure clean aged debt report Order release in accordance with the company policy.,18
P_020951,JDRAW_07251,2021_10_09_16_33_Sales_dataFile,Unknown,"Singapore, Singapore",Procurement / Sourcing / Supply Chain,Management and Manufacturing,Supply Chain Trainee #SGUnitedTraineeship #SGUT,Internship,"For Recent Graduates, Please Note The Below Requirement Graduated or graduating in calendar year 2019 to 2021 from ITEs, polytechnics, universities, or other educational institutions (e.g.",25
P_020938,JDRAW_07247,2021_10_09_16_33_Sales_dataFile,Unknown,"Singapore, Singapore",Procurement / Sourcing / Supply Chain,Purchasing and Supply Chain,Purchasing Trainee (West Area),Internship,Prepare Sales quotations and submit to customers on time.,9
P_011018,JDRAW_05218,2021_10_09_09_30_Sales_dataFile,"Millennium Recruiting, Inc.","Oklahoma City, OK",Sales / Business Development,"Sales, Marketing, and Customer Service",Entry Level Sales Representative,Entry level,At SAFinc we are all of the above!,8
P_008507,JDRAW_02503,South_Africa_Director_dataFile,Resideo,South Africa,Procurement / Sourcing / Supply Chain,Unknown,Access Control & Fire Category Manager,Director,"YOU MUST HAVE - Experience as a professional product/category manager in retail, e-tail/catalog, distribution or similar environment.",14
P_004835,JDRAW_00642,2021_10_10_15_21_Sales_dataFile,Umbratek Technology Ltd,"Shenzhen, Guangdong, China",Sales / Business Development,Unknown,Sales And Marketing Specialist,Unknown,to drive traffic to increase sales.,6
P_022725,JDRAW_07632,2021_10_09_03_13_Sales_dataFile,Keywords Studios,"St Petersburg, St Petersburg City, Russia",Project Management / Programme Management,Project Management,Chinese speaking Customer Support Project Manager - Video Games,Mid-Senior level,Relocation Assistance available in certain cases.,6
P_017521,JDRAW_06413,2021_10_09_22_38_Sales_dataFile,Unknown,"Singapore, Singapore",Sales / Business Development,Business Development and Sales,Channels and Alliances Director,Director,Interview Process: Health and safety remain a top priority for all of our roles.,14
P_018153,JDRAW_06491,2021_10_09_22_38_Sales_dataFile,White Sand Group,"Singapore, Singapore",Procurement / Sourcing / Supply Chain,Purchasing and Supply Chain,Procurement Director,Director,Analysing procurement & supply chain processes together with your counterparts and developing optimised concepts for presentation to the client.,18
P_003111,JDRAW_00364,2021_10_09_17_03_Sales_dataFile,Holiday Inn,"Dallas, TX",Sales / Business Development,Sales and Business Development,Director of Sales,Director,The ideal candidate should have previous Director of Sales experience in a full service or select service property.,18
P_019295,JDRAW_06832,2021_10_09_12_59_Sales_dataFile,Decathlon Singapore,"Singapore, Singapore",Procurement / Sourcing / Supply Chain,"Product Management, Supply Chain, and Strategy/Planning",Regional Category Manager (SEA),Entry level,"About the Company Decathlon, Europe's leading sports retailer, is recruiting passionate sports people for its expansion in Singapore and the SEA region.",22
P_005506,JDRAW_00757,Argentina_Executive_dataFile,Translation Back Office,Argentina,Sales / Business Development,Unknown,Sales Support - CG,Executive,"Ability to comprehend, analyze, and interpret language industry related requests.",10
P_008273,JDRAW_02363,Romania_Associate_dataFile,Bosch Romania,Romania,Project Management / Programme Management,Unknown,Project Manager,Associate,"Defines the timeline and work packages for different departments involved internally (QMM, TEF, ENG, etc.)",15
P_018318,JDRAW_06520,2021_10_09_22_38_Sales_dataFile,"Happy Marketer, A Merkle Company","Singapore, Singapore",Project Management / Programme Management,Information Technology,"Director, Delivery",Director,Working with the delivery team to be the first line of support in the running of accounts.,17
P_006226,JDRAW_01179,Egypt_Associate_dataFile,Arrow Electronics,Egypt,Project Management / Programme Management,Unknown,Project Manager,Associate,"Location: EG-Banha, Egypt (EI Corniche Street) Time Type: Full time Job Category: Engineering and Technology",14
P_021440,JDRAW_07414,2021_10_09_19_55_Sales_dataFile,Siemens,"Singapore, Singapore",Sales / Business Development,"Sales, Business Development, and Product Management",Service and Sales Technical Specialist,Mid-Senior level,Specify components to be used in the Automation systems and interface with customers / vendors Responsible for programming automation and controls systems involving PLCs (programmable logic controllers).,26
P_008552,JDRAW_02572,South_Africa_Mid-Senior_dataFile,NTT Ltd.,South Africa,Sales / Business Development,Unknown,"Specialist, Group Sales Training",Mid-Senior,This individual is accountable for the design and management of the global sales training calendar,15
P_009992,JDRAW_04969,2021_10_09_02_45_Sales_dataFile,Canonical,"Moscow, Moscow, Russia",Project Management / Programme Management,Project Management and Information Technology,Technical Engagement Project Manager,Associate,We are committed to ensuring equal employment opportunities to all qualified individuals.,12
P_012731,JDRAW_05519,2021_10_09_16_58_Sales_dataFile,LEON CYCLE,"Shanghai, China",Procurement / Sourcing / Supply Chain,Management and Supply Chain,APAC Supply Chain Manager,Director,"With strong growth and expansions in place, we are now seeking a Supply Chain Director.",15
P_019297,JDRAW_06832,2021_10_09_12_59_Sales_dataFile,Decathlon Singapore,"Singapore, Singapore",Procurement / Sourcing / Supply Chain,"Product Management, Supply Chain, and Strategy/Planning",Regional Category Manager (SEA),Entry level,Join our purpose and let's make sports accessible to the many!,11
P_019300,JDRAW_06832,2021_10_09_12_59_Sales_dataFile,Decathlon Singapore,"Singapore, Singapore",Procurement / Sourcing / Supply Chain,"Product Management, Supply Chain, and Strategy/Planning",Regional Category Manager (SEA),Entry level,"Your time will be split evenly between Category Management, Merchandising and Supply Chain.",13
P_007425,JDRAW_01929,Ireland_Director_dataFile,Cpl,Ireland,Procurement / Sourcing / Supply Chain,Unknown,Credit Controller - 3 Month Contract,Director,"You will have the strength of a global market leader behind you as you make an impact in an open, collaborative culture.",22
P_008510,JDRAW_02503,South_Africa_Director_dataFile,Resideo,South Africa,Procurement / Sourcing / Supply Chain,Unknown,Access Control & Fire Category Manager,Director,- Experience generating tactical and strategic category roadmaps and detailed plans including annual and 5-year plans.,14
P_011187,JDRAW_05246,2021_10_09_06_09_Sales_dataFile,"Orbit Energy & Power, LLC","Owings Mills, MD",Sales / Business Development,Marketing and Sales,Outside Sales/Marketing Representative,Internship,You are the front line of bringing clean renewable energy to homeowners!,12
P_006603,JDRAW_01349,Hong_Kong_Executive_dataFile,BNP Paribas,Hong Kong,Procurement / Sourcing / Supply Chain,Unknown,"Vice President, Transaction Banking - Supply Chain Management",Executive,"Preparing / reviewing of transaction memos, legal documentation, marketing material.Participating in credit committees.",11
P_007428,JDRAW_01929,Ireland_Director_dataFile,Cpl,Ireland,Procurement / Sourcing / Supply Chain,Unknown,Credit Controller - 3 Month Contract,Director,Ability to prioritise workloads in accordance with business needs.,9
P_022700,JDRAW_07632,2021_10_09_03_13_Sales_dataFile,Keywords Studios,"St Petersburg, St Petersburg City, Russia",Project Management / Programme Management,Project Management,Chinese speaking Customer Support Project Manager - Video Games,Mid-Senior level,"Planning, applying and adapting project strategies with the support of the Team Leads.",13
P_000985,JDRAW_00106,2021_10_08_11_02_Sales_dataFile,Michael Page,"Beijing, Beijing, China",Sales / Business Development,Other,We're hiring for ambitious & commercial Sales people,Not Applicable,"If you are looking to work for a company, who is currently experieninge high growth (which means lots of opportunities for you!)",22
P_008447,JDRAW_02434,Saudi_Arabia_Director_dataFile,Arbete Careers,Saudi Arabia,Sales / Business Development,Unknown,Senior Sales Supervisor,Director,Gross salary: SAR 19000 Experience: Minimum 2 years We are hiring for the position of Senior Sales Supervisor for our reputed client in the Oil & Gas industry.,27
P_020521,JDRAW_07128,2021_10_09_12_59_Sales_dataFile,Unknown,"Singapore, Singapore",Sales / Business Development,Business Development,B2B Business Development Associate (B2B Sales and Marketing),Entry level,Responsibilities Acquire new clients & maintain existing customers Perform lead generation & canvassing to acquire new accounts.,15
P_010184,JDRAW_05082,2021_10_09_17_03_Sales_dataFile,Connect Search,"New Jersey, United States",Sales / Business Development,Sales and Business Development,Global Sales Director,Director,"Our client, a specialist Ingredients division of a larger group, is recruiting for a Global Sales Director to execute the commercial strategy in this specialist Ingredients portfolio.",27
P_022122,JDRAW_07510,2021_10_09_09_30_Sales_dataFile,BarBak Hospitality,"Charleston, SC",Sales / Business Development,Unknown,Outside Sales Representative,Unknown,Determine product/service value delivered throughout customer operations and effectively communicate value to customers to promote new business and sales.,18
P_012729,JDRAW_05518,2021_10_09_16_58_Sales_dataFile,BMMP,"Shanghai, China",Sales / Business Development,Business Development and Sales,Director Of Business Development,Director,"Build, grow and manage BD team, as client portfolio grows.",10
P_021516,JDRAW_07422,2021_10_09_09_30_Sales_dataFile,Unknown,United States,Sales / Business Development,Unknown,Sales Representative,Unknown,Using a laptop I can make about 50 calls per hour.,11
P_008504,JDRAW_02503,South_Africa_Director_dataFile,Resideo,South Africa,Procurement / Sourcing / Supply Chain,Unknown,Access Control & Fire Category Manager,Director,"- Work with ADI South African leadership team by clearly communicating new opportunities, new products or suppliers and resolve transactional issues as needed.",22
P_018139,JDRAW_06491,2021_10_09_22_38_Sales_dataFile,White Sand Group,"Singapore, Singapore",Procurement / Sourcing / Supply Chain,Purchasing and Supply Chain,Procurement Director,Director,Ensuring stock shortfalls are avoided whilst keeping stock levels to a minimum.,12
P_011397,JDRAW_05287,2021_10_09_12_15_Sales_dataFile,Lucas Group,"Phoenix, AZ",Sales / Business Development,Sales,Account Manager (Sales) AZ/NM,Associate,Maintain the knowledge required to be able to demonstrate standard equipment and software.,13
P_018786,JDRAW_06694,2021_10_09_01_12_Sales_dataFile,BigTeams,United States,Sales / Business Development,Unknown,Inside Sales Representative,Unknown,Ability to achieve targets with little to no supervision.,9
P_021937,JDRAW_07482,2021_10_09_19_55_Sales_dataFile,AURORA Talent,"Singapore, Singapore",Sales / Business Development,Sales and Business Development,Sales Manager - Waterproofing,Mid-Senior level,Our client is a leading MNC operating within the Building Materials sector.,12
P_008104,JDRAW_02265,Philippines_Entry_dataFile,The Insights Shop,Philippines,Project Management / Programme Management,Unknown,Project Manager,Entry,The PM will work alongside a team of Project Managers.,10
P_019296,JDRAW_06832,2021_10_09_12_59_Sales_dataFile,Decathlon Singapore,"Singapore, Singapore",Procurement / Sourcing / Supply Chain,"Product Management, Supply Chain, and Strategy/Planning",Regional Category Manager (SEA),Entry level,"We believe that humans are at the heart of our business, innovation is endless and that the freedom to decide and act is vital in building a strong workforce.",29
P_007426,JDRAW_01929,Ireland_Director_dataFile,Cpl,Ireland,Procurement / Sourcing / Supply Chain,Unknown,Credit Controller - 3 Month Contract,Director,Principal Accountabilities Handle day to day Credit and Collection activities on customer accounts Liaising with Customer Services to ensure customer queries are resolved on a timely basis.,27
P_019151,JDRAW_06814,2021_10_09_12_59_Sales_dataFile,360F,"Singapore, Singapore",Sales / Business Development,Sales and Business Development,Account Manager,Entry level,You will work with the team to develop strategies and content that will retain and satisfy customers.,17
P_007966,JDRAW_02199,Norway_Entry_dataFile,Quorum Software,Norway,Procurement / Sourcing / Supply Chain,Unknown,Contracts Administrator,Entry,Quorum Software is the world's largest provider of digital technology focused solely on business workflows that empower the next evolution of energy.,22
P_022704,JDRAW_07632,2021_10_09_03_13_Sales_dataFile,Keywords Studios,"St Petersburg, St Petersburg City, Russia",Project Management / Programme Management,Project Management,Chinese speaking Customer Support Project Manager - Video Games,Mid-Senior level,Facilitate team and client meetings effectively.,6
P_006703,JDRAW_01438,India_Director_dataFile,JPMorgan Chase & Co.,India,Project Management / Programme Management,Unknown,"Vice President - Manager - Credit Product Delivery India, Wholesale Lending Services Asia Pacific",Director,"Description J.P. Morgan is a global leader in financial services, providing strategic advice and products to the world's most prominent corporations, governments, wealthy individuals and institutional investors.",26
P_007290,JDRAW_01794,Indonesia_Director_dataFile,JPMorgan Chase & Co.,Indonesia,Project Management / Programme Management,Unknown,Commercial Bank - Wholesale Lending Services - Credit Product Delivery - Associate,Director,"This position will be based in Jakarta, Indonesia.",8
P_007278,JDRAW_01787,Indonesia_Associate_dataFile,Siemens,Indonesia,Project Management / Programme Management,Unknown,Commercial Project Manager,Associate,"financing, insurance, guarantees, currency & commodity hedging), CF (e.g.",7
P_008281,JDRAW_02363,Romania_Associate_dataFile,Bosch Romania,Romania,Project Management / Programme Management,Unknown,Project Manager,Associate,Manages projects involving external partners to the factory.,8
P_022716,JDRAW_07632,2021_10_09_03_13_Sales_dataFile,Keywords Studios,"St Petersburg, St Petersburg City, Russia",Project Management / Programme Management,Project Management,Chinese speaking Customer Support Project Manager - Video Games,Mid-Senior level,Skills Strong leadership skills and decision-making abilities.,6
P_013251,JDRAW_05601,2021_10_08_11_02_Sales_dataFile,Michael Page,"Shanghai, Shanghai, China",Sales / Business Development,Sales and Business Development,APAC Sales Manager (Chemicals to Paper Industry),Entry level,"Job Description Develop market share in APAC, while working with distributors and service companies serving the paper industry.",18
P_020939,JDRAW_07247,2021_10_09_16_33_Sales_dataFile,Unknown,"Singapore, Singapore",Procurement / Sourcing / Supply Chain,Purchasing and Supply Chain,Purchasing Trainee (West Area),Internship,Graduates interested in this position should possess a Polytechnic Diploma or Professional Certification.,13
P_007262,JDRAW_01787,Indonesia_Associate_dataFile,Siemens,Indonesia,Project Management / Programme Management,Unknown,Commercial Project Manager,Associate,A professional collaboration between the CPM and the General Project Manager is key for the overall project success.Describe the remarkable challanges & characteristics of this position/ role.,24
P_007271,JDRAW_01787,Indonesia_Associate_dataFile,Siemens,Indonesia,Project Management / Programme Management,Unknown,Commercial Project Manager,Associate,SAP # Prepares commercial documentation for regular project status meetings and ensures the accuracy of the commercial project data (i.e.,18
P_007265,JDRAW_01787,Indonesia_Associate_dataFile,Siemens,Indonesia,Project Management / Programme Management,Unknown,Commercial Project Manager,Associate,"all attachments, ensures examination by Legal # Holds commercial project status meetings with the involved commercials (incl.",16
P_006714,JDRAW_01438,India_Director_dataFile,JPMorgan Chase & Co.,India,Project Management / Programme Management,Unknown,"Vice President - Manager - Credit Product Delivery India, Wholesale Lending Services Asia Pacific",Director,must be a change leader Navigate uncertainty,7
P_021994,JDRAW_07494,2021_10_09_19_55_Sales_dataFile,Ramboll,"Singapore, Singapore",Sales / Business Development,Administrative and Human Resources,Market and Business Development Manager,Mid-Senior level,"Strategic Planning - Creating the capacity for business value and developing business plans for the department, Business Unit and/or PBU.",18
P_008152,JDRAW_02311,Philippines_Mid-Senior_dataFile,Carousell Group,Philippines,Procurement / Sourcing / Supply Chain,Unknown,Category Manager (Autos),Mid-Senior,"Founded in August 2012 in Singapore, the group has a leading presence in eight markets under the brands Carousell, Mudah.my, Cho Tot, OneKyat, Ox Street and Refash, serving tens of millions of monthly active users.",34
P_022710,JDRAW_07632,2021_10_09_03_13_Sales_dataFile,Keywords Studios,"St Petersburg, St Petersburg City, Russia",Project Management / Programme Management,Project Management,Chinese speaking Customer Support Project Manager - Video Games,Mid-Senior level,Minimum 2 years of experience in Client Services Management preferably in the video game industry.,15
P_000251,JDRAW_00019,2021_10_09_01_12_Sales_dataFile,Aetna,"Atlanta, GA",Sales / Business Development,Sales and Business Development,Regional Vice President - Sales Meritain Health,Executive,"We do not discriminate in recruiting, hiring or promotion based on race, ethnicity, gender, gender identity, age, disability or protected veteran status.",22
P_007357,JDRAW_01872,Indonesia_Internship_dataFile,Somethinc - BeautyHaul,Indonesia,Sales / Business Development,Unknown,Management Trainee - Sales Leadership Development Program,Internship,About The Company Beautyhaul is one of the fastest-growing beauty companies in Indonesia that aspires to be the largest vertically integrated beauty ecosystem from supply to retail.,26
P_008101,JDRAW_02265,Philippines_Entry_dataFile,The Insights Shop,Philippines,Project Management / Programme Management,Unknown,Project Manager,Entry,"FOR MARKET RESEARCH PROFESSIONALS WITH EXPERIENCE ONLY**IMMEDIATE JOINING* Due to our continued growth and expansion, TIS is seeking an experienced Project Manager to join our team.",27
P_008107,JDRAW_02265,Philippines_Entry_dataFile,The Insights Shop,Philippines,Project Management / Programme Management,Unknown,Project Manager,Entry,"Ability to act quickly to replace no-shows, follow up with late respondents, send last minute materials, etc.",16
P_008503,JDRAW_02503,South_Africa_Director_dataFile,Resideo,South Africa,Procurement / Sourcing / Supply Chain,Unknown,Access Control & Fire Category Manager,Director,"- Growing the product category profitably in line with gross margin targets, while adhering to working capital and IOS (Inactive, Obsolete, Surplus) requirements.",22
P_019298,JDRAW_06832,2021_10_09_12_59_Sales_dataFile,Decathlon Singapore,"Singapore, Singapore",Procurement / Sourcing / Supply Chain,"Product Management, Supply Chain, and Strategy/Planning",Regional Category Manager (SEA),Entry level,"Game changers and sport lovers, our doors are wide open for you!",12
P_000961,JDRAW_00101,2021_10_08_11_02_Sales_dataFile,Sabre Corporation,"Beijing, Beijing, China",Sales / Business Development,Marketing and Sales,"Online Sales Director, North Asia",Director,"Join our life community at Sabre by following us on Twitter, Facebook and LinkedIn Stay connected with Sabre Careers",19
P_022723,JDRAW_07632,2021_10_09_03_13_Sales_dataFile,Keywords Studios,"St Petersburg, St Petersburg City, Russia",Project Management / Programme Management,Project Management,Chinese speaking Customer Support Project Manager - Video Games,Mid-Senior level,Benefits Work on exciting projects.,5
P_006602,JDRAW_01349,Hong_Kong_Executive_dataFile,BNP Paribas,Hong Kong,Procurement / Sourcing / Supply Chain,Unknown,"Vice President, Transaction Banking - Supply Chain Management",Executive,"As a global Bank, we truly believe that inclusion and diversity of our teams is key to our success in serving our clients and the communities we operate in.",29
P_004098,JDRAW_00509,2021_10_09_06_44_Sales_dataFile,Ewellix China,"Guangdong, China",Sales / Business Development,Unknown,DD Sales South China,Unknown,Drive and coordinate the initiatives for distribution business growth according to sales team strategy.,14
P_019321,JDRAW_06840,2021_10_09_01_12_Sales_dataFile,Le Bleu Enterprises,Greensboro--Winston-Salem--High Point Area,Sales / Business Development,Unknown,Regional Sales Representative,Unknown,"While you would be centered in the greater Triad area, our reps have to ability to sell into other key markets such as the Columbia, Charleston and the Charlotte, NC regions.",31
P_006327,JDRAW_01229,Finland_Mid-Senior_dataFile,Sofigate,Finland,Project Management / Programme Management,Unknown,SAP Project Managers,Mid-Senior,Your curiosity can take you to work with our other business streams as well.,14
P_007322,JDRAW_01811,Indonesia_Director_dataFile,Robert Walters,Indonesia,Procurement / Sourcing / Supply Chain,Unknown,Procurement Director - Financial Services/Trade Finance,Director,"About The Procurement Director - Financial Services/Trade Finance Role Working from Jakarta, you will help to develop a new portfolio of clients.",20
P_009610,JDRAW_04881,2021_10_08_23_43_Sales_dataFile,TikTok,"Moscow, Moscow City, Russia",Project Management / Programme Management,Project Management and Information Technology,Project Manager,Mid-Senior level,"Collaborate with content partnership and product colleagues to develop, test, execute, and measure ideas for specific brand and agency clients",20
P_018377,JDRAW_06546,2021_10_09_22_38_Sales_dataFile,Robert Half,"Singapore, Singapore",Procurement / Sourcing / Supply Chain,Accounting/Auditing and Finance,Controller (Business Controlling & Supply Chain),Director,"You will monitor, evaluate and perform complex scenario analysis and present financial simulations, prepare and consolidate supply chain results and performance trends, review strategic plans and track supply chain's project costing activities.",32
P_018141,JDRAW_06491,2021_10_09_22_38_Sales_dataFile,White Sand Group,"Singapore, Singapore",Procurement / Sourcing / Supply Chain,Purchasing and Supply Chain,Procurement Director,Director,Accurately projecting supply shortfalls and surpluses in a timely manner.,10
P_018325,JDRAW_06520,2021_10_09_22_38_Sales_dataFile,"Happy Marketer, A Merkle Company","Singapore, Singapore",Project Management / Programme Management,Information Technology,"Director, Delivery",Director,Hands-on experience in Google Analytics / GA Certifications.,6
P_004102,JDRAW_00509,2021_10_09_06_44_Sales_dataFile,Ewellix China,"Guangdong, China",Sales / Business Development,Unknown,DD Sales South China,Unknown,Distributor validation process and approval matrix.,6
P_011932,JDRAW_05357,2021_10_09_01_12_Sales_dataFile,Vyaire Medical,"Richmond, VA",Sales / Business Development,Sales,"Medical Device Sales Consultant - Richmond, VA",Associate,"At Vyaire, you will find a company that puts the customer at the center of all we do.",18
P_006717,JDRAW_01438,India_Director_dataFile,JPMorgan Chase & Co.,India,Project Management / Programme Management,Unknown,"Vice President - Manager - Credit Product Delivery India, Wholesale Lending Services Asia Pacific",Director,understanding of the risks and downstream impacts of inaccurate data capture High degree of numeracy and aptitude for analytical examination of problems,22
P_007280,JDRAW_01787,Indonesia_Associate_dataFile,Siemens,Indonesia,Project Management / Programme Management,Unknown,Commercial Project Manager,Associate,"OR, Legal and Compliance, HR (incl.",6
P_007281,JDRAW_01787,Indonesia_Associate_dataFile,Siemens,Indonesia,Project Management / Programme Management,Unknown,Commercial Project Manager,Associate,"Delegation process), ECC, Customs, external auditors etc # Drives interpersonal relationship, fosters effective communication and manages conflicts # Interacts with all relevant stakeholders in order to ensure the execution of all issues with regard to project financing, e.g.",35
P_006706,JDRAW_01438,India_Director_dataFile,JPMorgan Chase & Co.,India,Project Management / Programme Management,Unknown,"Vice President - Manager - Credit Product Delivery India, Wholesale Lending Services Asia Pacific",Director,The role will report to the Head of India Credit Product Delivery.,12
P_018149,JDRAW_06491,2021_10_09_22_38_Sales_dataFile,White Sand Group,"Singapore, Singapore",Procurement / Sourcing / Supply Chain,Purchasing and Supply Chain,Procurement Director,Director,Continuous improvement of sourcing activities by identifying and implementing best practices.,11
P_008274,JDRAW_02363,Romania_Associate_dataFile,Bosch Romania,Romania,Project Management / Programme Management,Unknown,Project Manager,Associate,"and externally (CP, Sales, QMM)",5
P_018320,JDRAW_06520,2021_10_09_22_38_Sales_dataFile,"Happy Marketer, A Merkle Company","Singapore, Singapore",Project Management / Programme Management,Information Technology,"Director, Delivery",Director,Assist with additional ad hoc tasks to support the team as and when required.,14
P_018316,JDRAW_06520,2021_10_09_22_38_Sales_dataFile,"Happy Marketer, A Merkle Company","Singapore, Singapore",Project Management / Programme Management,Information Technology,"Director, Delivery",Director,"Be the point of contact for all client requests, ensuring that briefs are met with quality and timeliness.",18
P_008279,JDRAW_02363,Romania_Associate_dataFile,Bosch Romania,Romania,Project Management / Programme Management,Unknown,Project Manager,Associate,Structures the organization chart of the project,7
P_018152,JDRAW_06491,2021_10_09_22_38_Sales_dataFile,White Sand Group,"Singapore, Singapore",Procurement / Sourcing / Supply Chain,Purchasing and Supply Chain,Procurement Director,Director,Working in project teams with both colleagues and client staff from a wide variety of business areas to develop innovative procurement and supply chain solutions.,25
P_008513,JDRAW_02503,South_Africa_Director_dataFile,Resideo,South Africa,Procurement / Sourcing / Supply Chain,Unknown,Access Control & Fire Category Manager,Director,"- Ability to create reports and analyze data, adept at Excel, PowerPoint, Word.",12
P_020943,JDRAW_07251,2021_10_09_16_33_Sales_dataFile,Unknown,"Singapore, Singapore",Procurement / Sourcing / Supply Chain,Management and Manufacturing,Supply Chain Trainee #SGUnitedTraineeship #SGUT,Internship,"JFS is an equal opportunity employer, committed to providing a working environment in which employees are encouraged to realise their full potential in an open atmosphere of trust, honesty and respect.",31
P_018156,JDRAW_06491,2021_10_09_22_38_Sales_dataFile,White Sand Group,"Singapore, Singapore",Procurement / Sourcing / Supply Chain,Purchasing and Supply Chain,Procurement Director,Director,Managing a team of 11-50 people.,5
P_006555,JDRAW_01325,Hong_Kong_Entry_dataFile,PCCW Solutions Limited,Hong Kong,Project Management / Programme Management,Unknown,Programme Manager - Pension,Entry,Experience in driving development of project management capability and adoption of critical project management techniques,15
P_011280,JDRAW_05258,2021_10_08_23_43_Sales_dataFile,Airswift,"Perm, Perm, Russia",Sales / Business Development,Sales and Business Development,Key account manager (Service - Ural region),Associate,"Working with design institutes, technical services and customer procurement services: providing technical information and consulting technical support, organizing and conducting seminars and presentations on the services and products offered, conducting price negotiations",32
P_018157,JDRAW_06491,2021_10_09_22_38_Sales_dataFile,White Sand Group,"Singapore, Singapore",Procurement / Sourcing / Supply Chain,Purchasing and Supply Chain,Procurement Director,Director,"Ideal Profile You have at least 1 year experience ideally as a Planning/ Forecasting, Sourcing or Supply Chain Consulting within Manufacturing, Transport & Logistics and Hospitality.",24
P_022712,JDRAW_07632,2021_10_09_03_13_Sales_dataFile,Keywords Studios,"St Petersburg, St Petersburg City, Russia",Project Management / Programme Management,Project Management,Chinese speaking Customer Support Project Manager - Video Games,Mid-Senior level,Degree in Management (an asset) or relevant experience.,8
P_008512,JDRAW_02503,South_Africa_Director_dataFile,Resideo,South Africa,Procurement / Sourcing / Supply Chain,Unknown,Access Control & Fire Category Manager,Director,"- Experience developing and driving integrated growth programs across all sub-categories, using data mining and other tools to target appropriate customer segments.",20
P_007965,JDRAW_02199,Norway_Entry_dataFile,Quorum Software,Norway,Procurement / Sourcing / Supply Chain,Unknown,Contracts Administrator,Entry,"Then now is the time to join Quorum Software, a rapidly growing company and industry leader in oil & gas transformation.",20
P_008153,JDRAW_02311,Philippines_Mid-Senior_dataFile,Carousell Group,Philippines,Procurement / Sourcing / Supply Chain,Unknown,Category Manager (Autos),Mid-Senior,"We have three technology development centers in Singapore, Taiwan, and India, as well as offices in Hong Kong, Malaysia, Philippines, Indonesia, Myanmar, and Vietnam.",24
P_006333,JDRAW_01229,Finland_Mid-Senior_dataFile,Sofigate,Finland,Project Management / Programme Management,Unknown,SAP Project Managers,Mid-Senior,Consider this as an opportunity to take the next steps and grow.,12
P_020942,JDRAW_07251,2021_10_09_16_33_Sales_dataFile,Unknown,"Singapore, Singapore",Procurement / Sourcing / Supply Chain,Management and Manufacturing,Supply Chain Trainee #SGUnitedTraineeship #SGUT,Internship,JFD is committed to offering the opportunity for our trainee to get involved with a challenging and exciting role.,19
P_009986,JDRAW_04969,2021_10_09_02_45_Sales_dataFile,Canonical,"Moscow, Moscow, Russia",Project Management / Programme Management,Project Management and Information Technology,Technical Engagement Project Manager,Associate,Our mission is to streamline and accelerate the adoption of open source across the entire global enterprise technology market.,19
P_006334,JDRAW_01229,Finland_Mid-Senior_dataFile,Sofigate,Finland,Project Management / Programme Management,Unknown,SAP Project Managers,Mid-Senior,We will receive applications during the holiday season in July and the interviews will start after the holiday season in August.,21
P_008511,JDRAW_02503,South_Africa_Director_dataFile,Resideo,South Africa,Procurement / Sourcing / Supply Chain,Unknown,Access Control & Fire Category Manager,Director,"- Ability to drive improvements in inventory management processes, including SIOP (Sales, Inventory, Operations, Planning), forecasting, and IOS (Inactive, Obsolete, Surplus).",20
P_016995,JDRAW_06327,2021_10_09_17_34_Sales_dataFile,Unknown,"Singapore, Singapore",Sales / Business Development,Sales and Business Development,Wedding Sales Executive,Associate,Are you willing to do whatever it takes (including travelling to other countries independently)?,14
P_010112,JDRAW_05070,2021_10_09_01_12_Sales_dataFile,Beacon Building Products,"Nashville, TN",Sales / Business Development,Sales and Business Development,Outside Sales Representative,Entry level,Our Ideal Candidate Will Meet or exceed the sales and margin expectations for the assigned territory.,16
P_008276,JDRAW_02363,Romania_Associate_dataFile,Bosch Romania,Romania,Project Management / Programme Management,Unknown,Project Manager,Associate,Report to the steering committee,5
P_014544,JDRAW_05843,2021_10_10_15_21_Sales_dataFile,Zebra Technologies,"Shanghai, Shanghai, China",Sales / Business Development,Sales and Business Development,Sales Eng Sr,Mid-Senior level,"Develops strong relationships with sales team, internal engineering, and key technical customer contacts and leverages to Zebra's advantage",18
P_022720,JDRAW_07632,2021_10_09_03_13_Sales_dataFile,Keywords Studios,"St Petersburg, St Petersburg City, Russia",Project Management / Programme Management,Project Management,Chinese speaking Customer Support Project Manager - Video Games,Mid-Senior level,"Honest & open communication, speaks up in meetings, shares opinions.",9
P_020945,JDRAW_07251,2021_10_09_16_33_Sales_dataFile,Unknown,"Singapore, Singapore",Procurement / Sourcing / Supply Chain,Management and Manufacturing,Supply Chain Trainee #SGUnitedTraineeship #SGUT,Internship,"Trainee will learn about sourcing, procurement and coordination with multiple functions including but not limited to purchasing, project, production, sales and quality.",22
P_022703,JDRAW_07632,2021_10_09_03_13_Sales_dataFile,Keywords Studios,"St Petersburg, St Petersburg City, Russia",Project Management / Programme Management,Project Management,Chinese speaking Customer Support Project Manager - Video Games,Mid-Senior level,Ensure correct quality control procedures are carried out.,8
P_022708,JDRAW_07632,2021_10_09_03_13_Sales_dataFile,Keywords Studios,"St Petersburg, St Petersburg City, Russia",Project Management / Programme Management,Project Management,Chinese speaking Customer Support Project Manager - Video Games,Mid-Senior level,Communicate effectively with clients to identify needs and evaluate alternative business solutions.,12
P_018146,JDRAW_06491,2021_10_09_22_38_Sales_dataFile,White Sand Group,"Singapore, Singapore",Procurement / Sourcing / Supply Chain,Purchasing and Supply Chain,Procurement Director,Director,Developing and leading sourcing strategies together with cross-functional teams across the organisation.,11
P_000964,JDRAW_00102,2021_10_08_11_02_Sales_dataFile,Honeywell,"Beijing, Beijing, China",Sales / Business Development,Sales and Business Development,"Sr Sales Representative,Beijing,UOP,PMT",Associate,"You will develop customer relationships through coordinating and/or attending trade shows, seminar, and similar events.",14
P_019435,JDRAW_06863,2021_10_09_12_59_Sales_dataFile,Shopee,"Singapore, Singapore",Sales / Business Development,Marketing and Sales,Singapore Marketing (Big Campaigns),Entry level,Strong communication and writing skills.,5
P_019810,JDRAW_06942,2021_10_09_12_59_Sales_dataFile,Unknown,"Singapore, Singapore",Sales / Business Development,Marketing and Sales,Merchandiser,Entry level,Ensure timely submission of documents to various stakeholders when new price revisions are made.,14
P_007261,JDRAW_01787,Indonesia_Associate_dataFile,Siemens,Indonesia,Project Management / Programme Management,Unknown,Commercial Project Manager,Associate,Mission/Position Headline: Responsible for the completion of all commercial/financial related matters.,9
P_009607,JDRAW_04881,2021_10_08_23_43_Sales_dataFile,TikTok,"Moscow, Moscow City, Russia",Project Management / Programme Management,Project Management and Information Technology,Project Manager,Mid-Senior level,Develop a detailed project plan to monitor and track progress,10
P_002580,JDRAW_00289,2021_10_09_09_30_Sales_dataFile,PeopleScout,"Chicago, IL",Sales / Business Development,Sales and Business Development,Sales Engineer,Entry level,"Listens, researches and presents technical solutions to clients to solve business challenges.",12
P_006328,JDRAW_01229,Finland_Mid-Senior_dataFile,Sofigate,Finland,Project Management / Programme Management,Unknown,SAP Project Managers,Mid-Senior,We offer an extensive learning and development program for all our employees covering e.g.,13
P_012601,JDRAW_05496,2021_10_09_14_59_Sales_dataFile,Amazon,"Seattle, WA",Sales / Business Development,"Sales, Advertising, and Business Development","Sales Manager, Healthcare",Mid-Senior level,Would you like to lead a business team to drive customer engagement and adoption for an innovative leader in supply chain?,21
P_001604,JDRAW_00167,2021_10_10_15_21_Sales_dataFile,Pfizer,"Beijing, Beijing, China",Sales / Business Development,Sales and Business Development,Operation Supervisor,Mid-Senior level,Create and adapt communication plans and messages in support of the local SMS colleagues.,14
P_001203,JDRAW_00134,2021_10_09_16_58_Sales_dataFile,Syniverse,"Beijing, Beijing, China",Sales / Business Development,Sales and Business Development,Sales Director,Director,"Prepare periodic sales report showing sales volume, potential sales, and areas of proposed client base expansion.",16
P_022343,JDRAW_07546,2021_10_09_19_55_Sales_dataFile,Unknown,"Singapore, Singapore",Sales / Business Development,Business Development and Sales,Senior Business Development Manager / Business Development Director,Mid-Senior level,We were 1 of the 3 agencies part of a national COVID initiative by ESG last year to help the retail sector.,22
P_020949,JDRAW_07251,2021_10_09_16_33_Sales_dataFile,Unknown,"Singapore, Singapore",Procurement / Sourcing / Supply Chain,Management and Manufacturing,Supply Chain Trainee #SGUnitedTraineeship #SGUT,Internship,Graduates interested in this position should possess a Poly Diploma Qualification.,11
P_008154,JDRAW_02311,Philippines_Mid-Senior_dataFile,Carousell Group,Philippines,Procurement / Sourcing / Supply Chain,Unknown,Category Manager (Autos),Mid-Senior,"Carousell is backed by leading investors, including Telenor Group, Rakuten Ventures, Naver, STIC Investments and Sequoia Capital India.",18
P_007323,JDRAW_01811,Indonesia_Director_dataFile,Robert Walters,Indonesia,Procurement / Sourcing / Supply Chain,Unknown,Procurement Director - Financial Services/Trade Finance,Director,Key Requirements Experience and knowledge of working in relevant environments (i.e.,10
P_013680,JDRAW_05670,2021_10_10_07_00_Sales_dataFile,Honeywell,"Shanghai, Shanghai, China",Sales / Business Development,Sales and Business Development,"Sr Sales Excellence Spec.,Shanghai,BSEC,HBT",Associate,Develop and assess sales support libraries and templates to enable scalable work processes as well as right and fast reporting and financial roll-up.,22
P_009612,JDRAW_04881,2021_10_08_23_43_Sales_dataFile,TikTok,"Moscow, Moscow City, Russia",Project Management / Programme Management,Project Management and Information Technology,Project Manager,Mid-Senior level,"Work with both sales and ad ops teams to timely launch, and assist in campaign optimizations to ensure revenue is maintained and balanced with client goals",26
P_018326,JDRAW_06520,2021_10_09_22_38_Sales_dataFile,"Happy Marketer, A Merkle Company","Singapore, Singapore",Project Management / Programme Management,Information Technology,"Director, Delivery",Director,Your ability to tell a story on a Slide deck,10
P_019299,JDRAW_06832,2021_10_09_12_59_Sales_dataFile,Decathlon Singapore,"Singapore, Singapore",Procurement / Sourcing / Supply Chain,"Product Management, Supply Chain, and Strategy/Planning",Regional Category Manager (SEA),Entry level,"Your Role To satisfy sport users and ensure profitable, sustainable growth in Southeast Asia, the Offer & Supply Sport leader will have to make available the best offer on DECATHLON products for their portfolio.",33
P_007267,JDRAW_01787,Indonesia_Associate_dataFile,Siemens,Indonesia,Project Management / Programme Management,Unknown,Commercial Project Manager,Associate,"in FRG, PM guide # Supports the PM in identifying, evaluating, assessing risks & opportunities, strategies and response activities # Ensures adherence of NCM regulations, incl.",23
P_003434,JDRAW_00405,2021_10_09_09_30_Sales_dataFile,AstraZeneca,"Detroit, MI",Sales / Business Development,Sales,"Pharmaceutical Sales Specialist - Primary Care, Detroit, MI",Entry level,"Essential for the role Bachelor's degree A valid driver's license and safe driving record Desirable for the role Knowledge of the medical, healthcare or pharmacy industry and skills in clinical",30
P_001596,JDRAW_00167,2021_10_10_15_21_Sales_dataFile,Pfizer,"Beijing, Beijing, China",Sales / Business Development,Sales and Business Development,Operation Supervisor,Mid-Senior level,It is your hard work and focus that will make Pfizer ready to achieve new milestones and help patients across the globe.,22
P_000284,JDRAW_00021,2021_10_09_01_12_Sales_dataFile,Aetna,"Atlanta, GA",Sales / Business Development,Business Development and Sales,"Vice President, New Business Sales - Public & Labor",Executive,"Preferred Qualifications Meets public & labor growth sales production, retention and profitability objectives for assigned book of business.",17
P_020937,JDRAW_07247,2021_10_09_16_33_Sales_dataFile,Unknown,"Singapore, Singapore",Procurement / Sourcing / Supply Chain,Purchasing and Supply Chain,Purchasing Trainee (West Area),Internship,Negotiation for best prices and contract terms with vendors.,9
P_012803,JDRAW_05541,2021_10_09_17_34_Sales_dataFile,Westpoint Transit Pte Ltd,"Singapore, Singapore",Sales / Business Development,Unknown,Senior Sales Executive,Unknown,The ideal candidate will be responsible for building and maintaining a strong sales presence for Westpoint Transit.,17
P_012959,JDRAW_05566,2021_10_08_11_02_Sales_dataFile,Michael Page,"Shanghai, Shanghai, China",Sales / Business Development,Sales and Business Development,Sales Head,Director,* Ability to drive change and strong in change management.,9
P_012427,JDRAW_05460,2021_10_09_17_34_Sales_dataFile,Unknown,"Singapore, Singapore",Sales / Business Development,Sales and Business Development,Sales Executive,Associate,"We operate regionally in Singapore, Malaysia, India, Indonesia and Thailand.",10
P_006570,JDRAW_01329,Hong_Kong_Entry_dataFile,JAC Group,Hong Kong,Sales / Business Development,Unknown,Sales Representative (Sporting Goods),Entry,Able to work effectively under critical deadlines and multi-tasks.,8
P_019706,JDRAW_06926,2021_10_09_12_59_Sales_dataFile,Lam Soon Singapore Pte Ltd,"Singapore, Singapore",Sales / Business Development,Sales and Business Development,Sales Representative,Entry level,Proficiency in Microsoft Office preferred but not essential.,8
P_007264,JDRAW_01787,Indonesia_Associate_dataFile,Siemens,Indonesia,Project Management / Programme Management,Unknown,Commercial Project Manager,Associate,ECC matters # Drives the review and evaluation of the contract conditions incl.,12
P_017508,JDRAW_06412,2021_10_09_22_38_Sales_dataFile,Axxel Marketing Sdn Bhd,"Singapore, Singapore",Sales / Business Development,Sales and Business Development,Wholesale Business Manager,Director,Possess business acumen embraced with excellent communication skills.,8
P_022722,JDRAW_07632,2021_10_09_03_13_Sales_dataFile,Keywords Studios,"St Petersburg, St Petersburg City, Russia",Project Management / Programme Management,Project Management,Chinese speaking Customer Support Project Manager - Video Games,Mid-Senior level,"Self-motivated, innovative and analytical with strong attention to detail and accuracy.",10
P_018323,JDRAW_06520,2021_10_09_22_38_Sales_dataFile,"Happy Marketer, A Merkle Company","Singapore, Singapore",Project Management / Programme Management,Information Technology,"Director, Delivery",Director,Speak Tagalog Who should not apply?,6
P_009611,JDRAW_04881,2021_10_08_23_43_Sales_dataFile,TikTok,"Moscow, Moscow City, Russia",Project Management / Programme Management,Project Management and Information Technology,Project Manager,Mid-Senior level,Monitor campaign delivery and make adjustments/recommendations to clients with ops team accordingly,11
P_007266,JDRAW_01787,Indonesia_Associate_dataFile,Siemens,Indonesia,Project Management / Programme Management,Unknown,Commercial Project Manager,Associate,"onshore, offshore, site etc) # Ensures correct methodology for evaluation of risk and opportunities as defined, e.g.",15
P_014842,JDRAW_05914,2021_10_10_15_21_Sales_dataFile,Avient Corporation,"Shenzhen, Guangdong, China",Sales / Business Development,Sales,Area Sales Manager,Mid-Senior level,"Ability to coach, mentor and develop direct reports is a key aspect of this position.",15
P_006598,JDRAW_01349,Hong_Kong_Executive_dataFile,BNP Paribas,Hong Kong,Procurement / Sourcing / Supply Chain,Unknown,"Vice President, Transaction Banking - Supply Chain Management",Executive,"It offers a wide range of financial services covering corporate & institutional banking, wealth management, asset management, insurance, as well as retail banking and consumer financing through strategic partnerships.",28
P_022718,JDRAW_07632,2021_10_09_03_13_Sales_dataFile,Keywords Studios,"St Petersburg, St Petersburg City, Russia",Project Management / Programme Management,Project Management,Chinese speaking Customer Support Project Manager - Video Games,Mid-Senior level,Results driven and able to lead a team to success.,10
P_019302,JDRAW_06832,2021_10_09_12_59_Sales_dataFile,Decathlon Singapore,"Singapore, Singapore",Procurement / Sourcing / Supply Chain,"Product Management, Supply Chain, and Strategy/Planning",Regional Category Manager (SEA),Entry level,Think you're a good fit for the role?,8
P_022698,JDRAW_07632,2021_10_09_03_13_Sales_dataFile,Keywords Studios,"St Petersburg, St Petersburg City, Russia",Project Management / Programme Management,Project Management,Chinese speaking Customer Support Project Manager - Video Games,Mid-Senior level,Developing and managing successful relationships with Keywords Studios clients.,9
P_023409,JDRAW_07808,2021_10_09_17_03_Sales_dataFile,FloodGate Medical,United States,Sales / Business Development,Business Development and Sales,Head of US Sales,Director,Products A new to the world diagnostic device for Trauma care that can save limbs and money.,17
P_007968,JDRAW_02199,Norway_Entry_dataFile,Quorum Software,Norway,Procurement / Sourcing / Supply Chain,Unknown,Contracts Administrator,Entry,"Our industry-leading solutions are transforming energy companies across the entire value chain, helping visionary leaders evolve their organizations into modern energy companies.",21
P_020940,JDRAW_07247,2021_10_09_16_33_Sales_dataFile,Unknown,"Singapore, Singapore",Procurement / Sourcing / Supply Chain,Purchasing and Supply Chain,Purchasing Trainee (West Area),Internship,Mid career individuals from any qualification level can apply.,9
P_018735,JDRAW_06688,2021_10_09_22_38_Sales_dataFile,Jobs via eFinancialCareers,"Singapore, Singapore",Sales / Business Development,Marketing and Sales,Product Marketing Director,Director,"work with internal resources, including sales and product management organizations to develop professional marketing communications Manage timelines, budgets, resources, and staff and maintain effective communications and relationships with internal and external partners.",32
P_006718,JDRAW_01438,India_Director_dataFile,JPMorgan Chase & Co.,India,Project Management / Programme Management,Unknown,"Vice President - Manager - Credit Product Delivery India, Wholesale Lending Services Asia Pacific",Director,"Our history spans over 200 years and today we are a leader in investment banking, consumer and small business banking, commercial banking, financial transaction processing and asset management.",28
P_009988,JDRAW_04969,2021_10_09_02_45_Sales_dataFile,Canonical,"Moscow, Moscow, Russia",Project Management / Programme Management,Project Management and Information Technology,Technical Engagement Project Manager,Associate,Canonical Engagement Project Managers are responsible for ensuring project success through delivery of technical cloud solutions and managed services for our Customers.,22
P_000929,JDRAW_00100,2021_10_08_11_02_Sales_dataFile,Agilent Technologies,"Beijing, Beijing, China",Sales / Business Development,Sales and Business Development,Sales,Entry level,"Manages relationships and business plan as well as associated activities such as marketing, advertising, sales promotions, training and other Channel-related support.",20
P_004707,JDRAW_00612,2021_10_10_15_21_Sales_dataFile,"August Supply Chain (Shenzhen) Co., Ltd.","Shenzhen, Guangdong, China",Sales / Business Development,Unknown,Global Sales,Unknown,we work as a team.,5
P_006078,JDRAW_01113,Czechia_Director_dataFile,Connect Search,Czechia,Sales / Business Development,Unknown,Business Development Director (Product),Director,The business is at an exciting phase of its evolution and this critical hire will be instrumental in driving growth in the Colors category.,24
P_020947,JDRAW_07251,2021_10_09_16_33_Sales_dataFile,Unknown,"Singapore, Singapore",Procurement / Sourcing / Supply Chain,Management and Manufacturing,Supply Chain Trainee #SGUnitedTraineeship #SGUT,Internship,Trainees will be expected to communicate with suppliers and learn to prepare report for audit requirement.,16
P_012730,JDRAW_05519,2021_10_09_16_58_Sales_dataFile,LEON CYCLE,"Shanghai, China",Procurement / Sourcing / Supply Chain,Management and Supply Chain,APAC Supply Chain Manager,Director,"Leon Cycle offers a range of e-bike models from mountain bikes, folding e-bikes, and trekking e-bikes.",13
P_020322,JDRAW_07080,2021_10_09_12_59_Sales_dataFile,Lab Science Solution Pte Ltd,"Singapore, Singapore",Sales / Business Development,"Research, Analyst, and Information Technology",Fresh Graduate Opportunity - Sales Product Specialist,Entry level,"Due to our business expansion, we are seeking capable fresh graduate to fill the post of Sales Product Specialist for our Singapore Office.",23
P_007971,JDRAW_02199,Norway_Entry_dataFile,Quorum Software,Norway,Procurement / Sourcing / Supply Chain,Unknown,Contracts Administrator,Entry,About Quorum Software Quorum Software connects people and information across the energy value chain.,14
P_018143,JDRAW_06491,2021_10_09_22_38_Sales_dataFile,White Sand Group,"Singapore, Singapore",Procurement / Sourcing / Supply Chain,Purchasing and Supply Chain,Procurement Director,Director,Conducting root cause analysis of supply & production side issues.,9
P_011041,JDRAW_05227,2021_10_09_01_12_Sales_dataFile,KPMG US,"Orlando, FL",Sales / Business Development,General Business,"Associate, Inside Sales Rep",Mid-Senior level,"With a wealth of learning and career development opportunities, a world-class training facility and leading market tools, we make sure our people continue to grow both professionally and personally.",28
P_018381,JDRAW_06546,2021_10_09_22_38_Sales_dataFile,Robert Half,"Singapore, Singapore",Procurement / Sourcing / Supply Chain,Accounting/Auditing and Finance,Controller (Business Controlling & Supply Chain),Director,: 07C5595 | Hor Man Teng (Geraldine) EA Registration no.,8
P_019936,JDRAW_06977,2021_10_09_12_59_Sales_dataFile,Brenntag,"Singapore, Singapore",Sales / Business Development,Sales and Business Development,Sales Manager,Entry level,Establish strong customer and supplier relationships with existing and new partners,11
P_012523,JDRAW_05480,2021_10_09_01_12_Sales_dataFile,Harris Computer,"Sarasota, FL",Sales / Business Development,Information Technology,Regional Sales Representative - Florida,Entry level,Proven track record of meeting or exceeding sales quota and developing and managing a consistent sales pipeline,17
P_020953,JDRAW_07251,2021_10_09_16_33_Sales_dataFile,Unknown,"Singapore, Singapore",Procurement / Sourcing / Supply Chain,Management and Manufacturing,Supply Chain Trainee #SGUnitedTraineeship #SGUT,Internship,or Graduated from the mentioned institutions and completed National Service between 2019 to 2021.,14
P_006324,JDRAW_01229,Finland_Mid-Senior_dataFile,Sofigate,Finland,Project Management / Programme Management,Unknown,SAP Project Managers,Mid-Senior,We are looking for SAP Project Managers.,7
P_022697,JDRAW_07632,2021_10_09_03_13_Sales_dataFile,Keywords Studios,"St Petersburg, St Petersburg City, Russia",Project Management / Programme Management,Project Management,Chinese speaking Customer Support Project Manager - Video Games,Mid-Senior level,"MAIN RESPONSIBILITIES: Delivering projects successfully within budget, time-frame and quality scopes.",10
P_013259,JDRAW_05606,2021_10_08_11_02_Sales_dataFile,Michael Page,"Shanghai, Shanghai, China",Sales / Business Development,Sales and Business Development,Sales Director,Director,Attractive salary package and career progression.,6
P_008160,JDRAW_02311,Philippines_Mid-Senior_dataFile,Carousell Group,Philippines,Procurement / Sourcing / Supply Chain,Unknown,Category Manager (Autos),Mid-Senior,"This person will deliver results by generating insights across this diverse and complex set of categories, and use those insights to identify opportunities and to continuously improve our customer experience.",30
P_001202,JDRAW_00134,2021_10_09_16_58_Sales_dataFile,Syniverse,"Beijing, Beijing, China",Sales / Business Development,Sales and Business Development,Sales Director,Director,Analyze and controls expenses for their area to conform to budgetary requirements.,12
P_008509,JDRAW_02503,South_Africa_Director_dataFile,Resideo,South Africa,Procurement / Sourcing / Supply Chain,Unknown,Access Control & Fire Category Manager,Director,"- Ability to support field sales with special pricing, inventory positions, vendor relations, and product issues.",15
P_018145,JDRAW_06491,2021_10_09_22_38_Sales_dataFile,White Sand Group,"Singapore, Singapore",Procurement / Sourcing / Supply Chain,Purchasing and Supply Chain,Procurement Director,Director,"Coaching, motivating and developing team members and ensuring high operational standards.",11
P_008109,JDRAW_02265,Philippines_Entry_dataFile,The Insights Shop,Philippines,Project Management / Programme Management,Unknown,Project Manager,Entry,Please do not apply if you do not meet this requirement.,11
P_008272,JDRAW_02363,Romania_Associate_dataFile,Bosch Romania,Romania,Project Management / Programme Management,Unknown,Project Manager,Associate,Ensures the inclusion in the investment budget,7
P_007282,JDRAW_01787,Indonesia_Associate_dataFile,Siemens,Indonesia,Project Management / Programme Management,Unknown,Commercial Project Manager,Associate,Accordingly some of the above defined mandatory tasks where the CPM is fully responsible for may not apply while others might be further specified in respective guidelines.,27
P_007324,JDRAW_01811,Indonesia_Director_dataFile,Robert Walters,Indonesia,Procurement / Sourcing / Supply Chain,Unknown,Procurement Director - Financial Services/Trade Finance,Director,"If you have a background in financial services and a proven track record of building business in Indonesia, this opportunity could be for you.",24
P_008151,JDRAW_02311,Philippines_Mid-Senior_dataFile,Carousell Group,Philippines,Procurement / Sourcing / Supply Chain,Unknown,Category Manager (Autos),Mid-Senior,"Carousell is the leading classifieds group in Greater Southeast Asia on a mission to inspire the world to start buying and selling, and to make secondhand the first choice.",29
P_007970,JDRAW_02199,Norway_Entry_dataFile,Quorum Software,Norway,Procurement / Sourcing / Supply Chain,Unknown,Contracts Administrator,Entry,"This position is responsible for drafting and creating agreements, reviewing agreements and ensuring Aucerna CRM/Salesforce is current and correct.",18
P_006329,JDRAW_01229,Finland_Mid-Senior_dataFile,Sofigate,Finland,Project Management / Programme Management,Unknown,SAP Project Managers,Mid-Senior,"areas like Business Technology Standard (read more www.managebt.org), project management, consulting and facilitation.",12
P_006330,JDRAW_01229,Finland_Mid-Senior_dataFile,Sofigate,Finland,Project Management / Programme Management,Unknown,SAP Project Managers,Mid-Senior,"In addition, we collaborate closely with Hintsa Performance and offer versatile well-being services and programs to all our employees.",18
P_017605,JDRAW_06428,2021_10_09_22_38_Sales_dataFile,Unknown,"Singapore, Singapore",Sales / Business Development,Business Development and Sales,"Head of Channel Partnerships, Google Customer Solutions - Singapore",Director,Experience in technology and emerging/early stage products.,6
P_007781,JDRAW_02094,New_Zealand_Entry_dataFile,THE PHOTO STUDIO,New Zealand,Sales / Business Development,Unknown,2IC and Sales Assistance,Entry,"Who we are: THE PHOTO STUDIO are a NZ owned chain of two branches, Auckland based retail stores with traditional in house photo-lab services.",23
P_006729,JDRAW_01474,India_Director_dataFile,CIEL HR,India,Project Management / Programme Management,Unknown,CIEL/SEL/26314: Delivery Head,Director,"Haveskills to Design and review the automation framework / solution including all automation components,targetapplications,infrastructureandsecuritydesign,other3rdpartycomponentsHLandLLdesignofBOTsforspecificprocessesBOTestimationsEnsure the delivery of services for customer contracted work.",24
P_018155,JDRAW_06491,2021_10_09_22_38_Sales_dataFile,White Sand Group,"Singapore, Singapore",Procurement / Sourcing / Supply Chain,Purchasing and Supply Chain,Procurement Director,Director,Implementing the strategies and concepts presented within the client organisation and ensuring validation of these strategies.,16
P_008466,JDRAW_02440,Saudi_Arabia_Entry_dataFile,Syarah,Saudi Arabia,Procurement / Sourcing / Supply Chain,Unknown,Purchasing Officer (Dammam),Entry,"Our goal is to turn car buying into an experience of delight, comfort and peace of mind.",17
P_006554,JDRAW_01325,Hong_Kong_Entry_dataFile,PCCW Solutions Limited,Hong Kong,Project Management / Programme Management,Unknown,Programme Manager - Pension,Entry,"schedule, financials, people, clients, subcontractors / vendors, contractual terms, resources, etc.",10
P_013823,JDRAW_05698,2021_10_09_16_58_Sales_dataFile,Michael Page,"Shanghai, Shanghai, China",Sales / Business Development,Sales and Business Development,China Country Manager,Director,"including presenting updates on performance and trends to global Leadership Team Manage a small team established spread across Shanghai and Beijing, with multiple direct reports across sales, marketing, and operations/Account Management.",30
P_013777,JDRAW_05687,2021_10_10_07_00_Sales_dataFile,cargo-partner,"Shanghai, Shanghai, China",Sales / Business Development,Business Development and Sales,Business Development Manager,Associate,"know-how English language Mandarin language Personal Qualification Passion in sales, with good team spirit, communication skill, interpersonal relationships",17
P_006716,JDRAW_01438,India_Director_dataFile,JPMorgan Chase & Co.,India,Project Management / Programme Management,Unknown,"Vice President - Manager - Credit Product Delivery India, Wholesale Lending Services Asia Pacific",Director,set high standards of performance for self and others Attention to detail,12
P_008157,JDRAW_02311,Philippines_Mid-Senior_dataFile,Carousell Group,Philippines,Procurement / Sourcing / Supply Chain,Unknown,Category Manager (Autos),Mid-Senior,and staying humble to constantly improve.,6
P_010429,JDRAW_05125,2021_10_09_12_15_Sales_dataFile,Curaleaf,"New York, NY",Sales / Business Development,Sales and Business Development,Senior Sales Administrator of Hemp Operations (CBD),Associate,Curaleaf Equal Employment Employer Curaleaf is committed to creating a diverse environment and is proud to be an equal opportunity employer.,21
P_007269,JDRAW_01787,Indonesia_Associate_dataFile,Siemens,Indonesia,Project Management / Programme Management,Unknown,Commercial Project Manager,Associate,"preparation and signature of NCM mandatory documents Manage Project finances # Ensures the accuracy of cost and pricing calculation as well as overall project books and records, incl.",27
P_022695,JDRAW_07632,2021_10_09_03_13_Sales_dataFile,Keywords Studios,"St Petersburg, St Petersburg City, Russia",Project Management / Programme Management,Project Management,Chinese speaking Customer Support Project Manager - Video Games,Mid-Senior level,"Pioneers & Leaders for over 20 years, we have been the premier international provider of services for companies that publish and develop MMOs, virtual worlds, social games, casual games, mobile games and transmedia content.",33
P_021482,JDRAW_07418,2021_10_09_19_55_Sales_dataFile,Space Matrix,"Singapore, Singapore",Sales / Business Development,Business Development,Senior Manager- Business Development,Mid-Senior level,What we expect You are a goal oriented sales professional with experience of managing complex sales cycles with B2B selling process to multinational companies.,24
P_006600,JDRAW_01349,Hong_Kong_Executive_dataFile,BNP Paribas,Hong Kong,Procurement / Sourcing / Supply Chain,Unknown,"Vice President, Transaction Banking - Supply Chain Management",Executive,Asia Pacific is a key strategic region for BNP Paribas and it continues to develop its franchise in the region.,20
P_022724,JDRAW_07632,2021_10_09_03_13_Sales_dataFile,Keywords Studios,"St Petersburg, St Petersburg City, Russia",Project Management / Programme Management,Project Management,Chinese speaking Customer Support Project Manager - Video Games,Mid-Senior level,International cooperation with global brands.,5
P_014305,JDRAW_05790,2021_10_09_06_44_Sales_dataFile,Gordian,"Shanghai, Shanghai, China",Sales / Business Development,Sales and Business Development,Sales Operations Specialist,Entry level,- Develop Sales Matrix/Index and enable the Sales Strategy.,7
P_018225,JDRAW_06508,2021_10_09_22_38_Sales_dataFile,Michael Page,"Singapore, Singapore",Procurement / Sourcing / Supply Chain,Purchasing and Supply Chain,Global Head of Procurement - Consumer Goods/Healthcare,Director,"As their business has grown exponentially over the last two years, the organisation is now looking for an experienced and dynamic Global Procurement Director to be based in Singapore.",29
P_006325,JDRAW_01229,Finland_Mid-Senior_dataFile,Sofigate,Finland,Project Management / Programme Management,Unknown,SAP Project Managers,Mid-Senior,"With us, you can develop your skills and work with top professionals.",12
P_015512,JDRAW_06023,2021_10_10_12_31_Sales_dataFile,Sift,"Singapore, Singapore",Sales / Business Development,Sales and Business Development,Sales Development Representative,Entry level,But it's not just another anti-fraud platform: Sift enables businesses to tailor experiences to each customer according to the risk they pose.,21
P_007289,JDRAW_01794,Indonesia_Director_dataFile,JPMorgan Chase & Co.,Indonesia,Project Management / Programme Management,Unknown,Commercial Bank - Wholesale Lending Services - Credit Product Delivery - Associate,Director,The role will report to the Head of Indonesia Credit Product Delivery.,12
P_022702,JDRAW_07632,2021_10_09_03_13_Sales_dataFile,Keywords Studios,"St Petersburg, St Petersburg City, Russia",Project Management / Programme Management,Project Management,Chinese speaking Customer Support Project Manager - Video Games,Mid-Senior level,"Uses, develops, and applies best practices for Business Process Outsourcing environment.",11
P_018158,JDRAW_06491,2021_10_09_22_38_Sales_dataFile,White Sand Group,"Singapore, Singapore",Procurement / Sourcing / Supply Chain,Purchasing and Supply Chain,Procurement Director,Director,You possess excellent negotiating skills with a strong ability to influence people of all levels.,15
P_021553,JDRAW_07425,2021_10_09_19_55_Sales_dataFile,Unknown,"Singapore, Singapore",Sales / Business Development,Business Development,Business Development Brand Manager,Mid-Senior level,"Develop the affiliate marketing strategy with the aim of recruiting new affiliate partners and delivering sales volume Proactively acquire, onboard, and manage new and existing partners, influencers and KOLs to grow affiliate and marketing programs.",35
P_008280,JDRAW_02363,Romania_Associate_dataFile,Bosch Romania,Romania,Project Management / Programme Management,Unknown,Project Manager,Associate,Organizes the review of quality gates and monitors the implementation of defined actions,13
P_008505,JDRAW_02503,South_Africa_Director_dataFile,Resideo,South Africa,Procurement / Sourcing / Supply Chain,Unknown,Access Control & Fire Category Manager,Director,"- Work with your supplier partners, ADI's marketing, sales and procurement teams to ensure effective product marketing and sales drive of your product category.",23
P_008163,JDRAW_02311,Philippines_Mid-Senior_dataFile,Carousell Group,Philippines,Procurement / Sourcing / Supply Chain,Unknown,Category Manager (Autos),Mid-Senior,"In case you are interested to know more, read about our Candidates Personal Data Privacy Statement [https://support.carousell.com/hc/en-us/articles/4410378144537-Candidates-Personal-Data-Privacy-Statement].",17
P_007974,JDRAW_02199,Norway_Entry_dataFile,Quorum Software,Norway,Procurement / Sourcing / Supply Chain,Unknown,Contracts Administrator,Entry,"Since 1998, Quorum has helped thousands of energy workers with business workflows that optimize profitability and growth.",17
P_022721,JDRAW_07632,2021_10_09_03_13_Sales_dataFile,Keywords Studios,"St Petersburg, St Petersburg City, Russia",Project Management / Programme Management,Project Management,Chinese speaking Customer Support Project Manager - Video Games,Mid-Senior level,Understands and is able to meet deadlines.,7
P_006709,JDRAW_01438,India_Director_dataFile,JPMorgan Chase & Co.,India,Project Management / Programme Management,Unknown,"Vice President - Manager - Credit Product Delivery India, Wholesale Lending Services Asia Pacific",Director,Acts as a key point of escalation for BAU issues.,10
P_024114,JDRAW_07898,2021_10_09_06_09_Sales_dataFile,Truist,"Windsor, CT",Sales / Business Development,Sales and Business Development,Internal Sales Consultant - Hanleigh,Internship,Lead regular team meetings and establish team priorities with the sales team.,12
P_007969,JDRAW_02199,Norway_Entry_dataFile,Quorum Software,Norway,Procurement / Sourcing / Supply Chain,Unknown,Contracts Administrator,Entry,Overview The Contracts Administrator supports our expanding client base and our sales team through contracts and data management.,18
P_019088,JDRAW_06804,2021_10_09_12_59_Sales_dataFile,Unknown,"Singapore, Singapore",Sales / Business Development,Sales and Business Development,SALES ASSISTANT,Entry level,Online Advertisement spending and management.,5
P_022699,JDRAW_07632,2021_10_09_03_13_Sales_dataFile,Keywords Studios,"St Petersburg, St Petersburg City, Russia",Project Management / Programme Management,Project Management,Chinese speaking Customer Support Project Manager - Video Games,Mid-Senior level,"Managing, leading, motivating, coaching and training PS Team Leads.",9
P_007263,JDRAW_01787,Indonesia_Associate_dataFile,Siemens,Indonesia,Project Management / Programme Management,Unknown,Commercial Project Manager,Associate,For orientation please notice existing definitions of GRIP.,8
P_011889,JDRAW_05353,2021_10_09_12_15_Sales_dataFile,Kaiser Permanente,"Renton, WA",Sales / Business Development,Sales and Business Development,"Sales Executive II, Large Group",Associate,Strong knowledge of and experience with employee health benefits.,9
P_008282,JDRAW_02363,Romania_Associate_dataFile,Bosch Romania,Romania,Project Management / Programme Management,Unknown,Project Manager,Associate,Diversity Day is a special day dedicated to sharing diversity our cultural experiences.Seniority Bonus- awarded for uninterrupted seniority from company as a permanent percentage (2% for 3-6 years old,26
P_012376,JDRAW_05457,2021_10_09_17_34_Sales_dataFile,Clear Channel Singapore Pte Ltd,"Singapore, Singapore",Sales / Business Development,Unknown,"Executive, Sales Optimisation",Unknown,Essential Behaviours/ Skills : A self-starter Determined and pro-active Energetic and impactful agent of change Highly analytical and strong communicator Make meaningful sense of data,21
P_008278,JDRAW_02363,Romania_Associate_dataFile,Bosch Romania,Romania,Project Management / Programme Management,Unknown,Project Manager,Associate,Defines the structure of the necessary functions,7
P_008506,JDRAW_02503,South_Africa_Director_dataFile,Resideo,South Africa,Procurement / Sourcing / Supply Chain,Unknown,Access Control & Fire Category Manager,Director,"- Developing and executing on product mix, inventory, and pricing strategies based on historical data, industry trends and customer buying patterns.",20
P_008105,JDRAW_02265,Philippines_Entry_dataFile,The Insights Shop,Philippines,Project Management / Programme Management,Unknown,Project Manager,Entry,"ResponsibilitiesQualitative Research - Facilitate screening, scheduling and confirming of respondents for TDIs, focus groups, in-person IDIs, online qual interviews, etc.",18
P_020948,JDRAW_07251,2021_10_09_16_33_Sales_dataFile,Unknown,"Singapore, Singapore",Procurement / Sourcing / Supply Chain,Management and Manufacturing,Supply Chain Trainee #SGUnitedTraineeship #SGUT,Internship,Competencies Trainee will gain exposure to the safety and supply chain management.,12
P_007320,JDRAW_01811,Indonesia_Director_dataFile,Robert Walters,Indonesia,Procurement / Sourcing / Supply Chain,Unknown,Procurement Director - Financial Services/Trade Finance,Director,"A non-banking institution which helps to provide global inventory solutions, is seeking a Procurement Director - Financial Services/Trade Finance to help launch their Indonesian operations.",22
P_008508,JDRAW_02503,South_Africa_Director_dataFile,Resideo,South Africa,Procurement / Sourcing / Supply Chain,Unknown,Access Control & Fire Category Manager,Director,"- Ability to provide strategic leadership, direction, and development.",8
P_021872,JDRAW_07476,2021_10_09_19_55_Sales_dataFile,Hire Digital,"Singapore, Singapore",Sales / Business Development,Sales and Business Development,e-Commerce Manager,Mid-Senior level,Work with Finance and CCO to ensure that e-Commerce operations are profitable.,11
P_007326,JDRAW_01811,Indonesia_Director_dataFile,Robert Walters,Indonesia,Procurement / Sourcing / Supply Chain,Unknown,Procurement Director - Financial Services/Trade Finance,Director,Apply now to learn more.,5
P_006715,JDRAW_01438,India_Director_dataFile,JPMorgan Chase & Co.,India,Project Management / Programme Management,Unknown,"Vice President - Manager - Credit Product Delivery India, Wholesale Lending Services Asia Pacific",Director,have the confidence to make decisions and provide direction to individuals Lead by example,14
P_008156,JDRAW_02311,Philippines_Mid-Senior_dataFile,Carousell Group,Philippines,Procurement / Sourcing / Supply Chain,Unknown,Category Manager (Autos),Mid-Senior,"Our culture is made up of hiring, developing, and promoting people who embody our values of solving problems for our users",21
P_013428,JDRAW_05629,2021_10_10_07_00_Sales_dataFile,EBANX,"Shanghai, Shanghai, China",Sales / Business Development,Business Development and Sales,Business Development | CHINA,Associate,Semi flexible hours (8 hours a day - Monday to Friday),10
P_020161,JDRAW_07038,2021_10_09_12_59_Sales_dataFile,Unknown,"Singapore, Singapore",Sales / Business Development,Sales and Business Development,Sales Manager,Entry level,"Establish internal guidelines for personal data protection based on applicable legislations, to manage customer data.",15
P_007275,JDRAW_01787,Indonesia_Associate_dataFile,Siemens,Indonesia,Project Management / Programme Management,Unknown,Commercial Project Manager,Associate,by conducting Compliance (Re-) assessments at the appropriate milestones / Quality Gates # Involves the respective corporate governance units (e.g.,16
P_015372,JDRAW_06005,2021_10_10_12_31_Sales_dataFile,Salesforce,"Singapore, Singapore",Sales / Business Development,Sales and Business Development,"Account Executive, Singapore, Commercial",Not Applicable,This is a role for someone who can see the value of Cloud Computing and who can be a combination salesperson and evangelist to get the Salesforce penetration into the sector growing even more.,34
P_023090,JDRAW_07772,2021_10_09_01_12_Sales_dataFile,Keet Health,United States,Sales / Business Development,Sales and Business Development,Sales Development Representative,Entry level,Perform a minimum number of sales activities per day to generate interest with prospects and reach a predetermined monthly meeting goal.,21
P_006331,JDRAW_01229,Finland_Mid-Senior_dataFile,Sofigate,Finland,Project Management / Programme Management,Unknown,SAP Project Managers,Mid-Senior,"Your location will be the Helsinki or Tampere area, Flexible work arrangements for optimal work-life balance.",15
P_009989,JDRAW_04969,2021_10_09_02_45_Sales_dataFile,Canonical,"Moscow, Moscow, Russia",Project Management / Programme Management,Project Management and Information Technology,Technical Engagement Project Manager,Associate,In support of that goal we are looking for a customer facing team player to fully own/drive/communicate projects and navigate complex engineering solutions.,22
P_018313,JDRAW_06520,2021_10_09_22_38_Sales_dataFile,"Happy Marketer, A Merkle Company","Singapore, Singapore",Project Management / Programme Management,Information Technology,"Director, Delivery",Director,We are looking for an Director of Delivery to join our Singapore Office.,13
P_023630,JDRAW_07839,2021_10_09_01_12_Sales_dataFile,Omya,"Utah, United States",Sales / Business Development,"Distribution, Sales, and Business Development",Senior Sales Representative - Food Ingredients,Mid-Senior level,BASIC FUNCTION: Responsible for sales activities with assigned accounts in the Western Region focusing on the Food ingredients market segment.,20
P_002875,JDRAW_00326,2021_10_10_07_00_Sales_dataFile,Vidoukin limited,"Baoding, Hebei, China",Sales / Business Development,Unknown,Chassis Sales Director,Unknown,We are currently looking for a Chassis Sales Director in Baoding.,11
P_007272,JDRAW_01787,Indonesia_Associate_dataFile,Siemens,Indonesia,Project Management / Programme Management,Unknown,Commercial Project Manager,Associate,"supports the implementation of lessons learned into own project and the organization in general Manage the risk, contract and claims # Ensures compliance with LoA guidelines for commercial aspects, e.g.",28
P_003101,JDRAW_00364,2021_10_09_17_03_Sales_dataFile,Holiday Inn,"Dallas, TX",Sales / Business Development,Sales and Business Development,Director of Sales,Director,"Welcome to the Holiday Inn Corpus Christi Downtown Marina Hotel conveniently located in Downtown Corpus Christi, experience a picturesque view overlooking the beauty of Corpus Christi Bay and Marina.",29
P_002886,JDRAW_00326,2021_10_10_07_00_Sales_dataFile,Vidoukin limited,"Baoding, Hebei, China",Sales / Business Development,Unknown,Chassis Sales Director,Unknown,If you think you could be a fit for this position please contact Feihua at : miracle.chen@vidoukin.com.,15
P_020043,JDRAW_07012,2021_10_09_12_59_Sales_dataFile,Phaidon International,"Singapore, Singapore",Sales / Business Development,"Business Development, Sales, and Consulting",Entry Level Recruiter - ASAP Start,Entry level,"Phaidon International is a specialist, multi-brand global recruitment group.",8
P_006731,JDRAW_01474,India_Director_dataFile,CIEL HR,India,Project Management / Programme Management,Unknown,CIEL/SEL/26314: Delivery Head,Director,"institutechangewhennecessaryandappropriateResponsible for establishing operating procedures, work assignments, planning, and all projectmanagementactivities.Ownershipforcompetencybuildingandcompleteresponsibility&ownershipforDeliveryexcellence.",11
P_006707,JDRAW_01438,India_Director_dataFile,JPMorgan Chase & Co.,India,Project Management / Programme Management,Unknown,"Vice President - Manager - Credit Product Delivery India, Wholesale Lending Services Asia Pacific",Director,"This position will be based in Mumbai, India.",8
P_006730,JDRAW_01474,India_Director_dataFile,CIEL HR,India,Project Management / Programme Management,Unknown,CIEL/SEL/26314: Delivery Head,Director,"Would need to take ownership of all keyperformanceparameterstodrivetheoperatingmarginoftheaccounts.Introduce best practices in software development, agile methodologies and coding standards",17
P_008159,JDRAW_02311,Philippines_Mid-Senior_dataFile,Carousell Group,Philippines,Procurement / Sourcing / Supply Chain,Unknown,Category Manager (Autos),Mid-Senior,We are looking for an Autos Category Manager to join our Category Management Team in Philippines This person is a data driven category specialist to drive growth for our Auto & Related Categories.,32
P_006323,JDRAW_01229,Finland_Mid-Senior_dataFile,Sofigate,Finland,Project Management / Programme Management,Unknown,SAP Project Managers,Mid-Senior,Often the situation is new for them or they are short with resources and they need support to make sure that the planned value is realized.,26
P_018317,JDRAW_06520,2021_10_09_22_38_Sales_dataFile,"Happy Marketer, A Merkle Company","Singapore, Singapore",Project Management / Programme Management,Information Technology,"Director, Delivery",Director,Work collaboratively with delivery teams and subject matter experts to evaluate client needs regarding their objectives and goals.,18
P_012603,JDRAW_05496,2021_10_09_14_59_Sales_dataFile,Amazon,"Seattle, WA",Sales / Business Development,"Sales, Advertising, and Business Development","Sales Manager, Healthcare",Mid-Senior level,"The Amazon Business team is dedicated to developing solutions that make it easy for business customers to source, procure, and manage supply chain using Amazon.",25
P_009608,JDRAW_04881,2021_10_08_23_43_Sales_dataFile,TikTok,"Moscow, Moscow City, Russia",Project Management / Programme Management,Project Management and Information Technology,Project Manager,Mid-Senior level,"Partner with Business Operations, Sales and Client Services teams to track opportunities and ensure they remain in scope as they make their way through the sales pipeline",27
P_018379,JDRAW_06546,2021_10_09_22_38_Sales_dataFile,Robert Half,"Singapore, Singapore",Procurement / Sourcing / Supply Chain,Accounting/Auditing and Finance,Controller (Business Controlling & Supply Chain),Director,"Apply Today Please send your resume, in WORD format only and quote reference number GH11921372, by clicking the apply button.",20
P_008497,JDRAW_02503,South_Africa_Director_dataFile,Resideo,South Africa,Procurement / Sourcing / Supply Chain,Unknown,Access Control & Fire Category Manager,Director,"Company: ADI ADI Global, a division of Resideo, is seeking a Product Category Manager to drive the strategy, roadmap, strategic supplier relationships, growth, and profitability for a high value category of products.",32
P_006597,JDRAW_01349,Hong_Kong_Executive_dataFile,BNP Paribas,Hong Kong,Procurement / Sourcing / Supply Chain,Unknown,"Vice President, Transaction Banking - Supply Chain Management",Executive,"Currently with over 18,000 employees* and a presence in 13 markets, BNP Paribas provides corporates, institutional and private investors with product and service solutions tailored to their specific needs.",28
P_008464,JDRAW_02440,Saudi_Arabia_Entry_dataFile,Syarah,Saudi Arabia,Procurement / Sourcing / Supply Chain,Unknown,Purchasing Officer (Dammam),Entry,We offer buyers an end-to-end digital car buying experience where they can buy their next car from the comfort of their living rooms.,22
P_018140,JDRAW_06491,2021_10_09_22_38_Sales_dataFile,White Sand Group,"Singapore, Singapore",Procurement / Sourcing / Supply Chain,Purchasing and Supply Chain,Procurement Director,Director,Analysing forecasted demand versus production & supply capacities and adjusting accordingly.,10
P_022719,JDRAW_07632,2021_10_09_03_13_Sales_dataFile,Keywords Studios,"St Petersburg, St Petersburg City, Russia",Project Management / Programme Management,Project Management,Chinese speaking Customer Support Project Manager - Video Games,Mid-Senior level,Encourages others to keep a high standard of accuracy and leads by example.,13
P_007976,JDRAW_02199,Norway_Entry_dataFile,Quorum Software,Norway,Procurement / Sourcing / Supply Chain,Unknown,Contracts Administrator,Entry,"The trusted source of decision-ready data for 1,800+ companies, Quorum Software makes the essential connections that let us work better together in the connected energy workplace.",24
P_007270,JDRAW_01787,Indonesia_Associate_dataFile,Siemens,Indonesia,Project Management / Programme Management,Unknown,Commercial Project Manager,Associate,"recording of such in appropriate systems, e.g.",6
P_018151,JDRAW_06491,2021_10_09_22_38_Sales_dataFile,White Sand Group,"Singapore, Singapore",Procurement / Sourcing / Supply Chain,Purchasing and Supply Chain,Procurement Director,Director,Supporting clients from various industries in the development and implementation of state-of-the art procurement/supply chain strategies.,14
P_019710,JDRAW_06927,2021_10_09_12_59_Sales_dataFile,Unknown,"Singapore, Singapore",Sales / Business Development,Sales and Business Development,Sales Associate,Entry level,"We work to revamp and refine business potential, driving business excellence.",11
P_008467,JDRAW_02440,Saudi_Arabia_Entry_dataFile,Syarah,Saudi Arabia,Procurement / Sourcing / Supply Chain,Unknown,Purchasing Officer (Dammam),Entry,"We are on the lookout for ambitious, competitive, growth-minded professionals to help us continue to harness technology to delight our customers and achieve our ambitious growth objectives in the auto sector.",30
P_012679,JDRAW_05511,2021_10_10_07_00_Sales_dataFile,Oracle,"Shanghai, China",Sales / Business Development,Sales,Cloud Sales(Early Talent Program),Associate,"Manage the entire sales process to ensure delivery against key performance metrics, with a strong emphasis on new business sales, while expanding existing accounts.",24
P_008681,JDRAW_02632,Taiwan_Internship_dataFile,Marsh,Taiwan,Project Management / Programme Management,Unknown,Part-time Intern - Open to Penultimate Year Insurance/ Risk Management major student,Internship,"We aim to attract and retain the best people regardless of their sex/gender, marital or parental status, ethnic origin, nationality, age, background, disability, sexual orientation, and gender identity.",27
P_006732,JDRAW_01474,India_Director_dataFile,CIEL HR,India,Project Management / Programme Management,Unknown,CIEL/SEL/26314: Delivery Head,Director,"Attributes ProvenpeoplemanagementskillsExcellentoralandwrittencommunication&PresentationskillsExperienceofhavingimplementedandsuccessfullydeliveredprojectstoInternationalcustomersExcellentCustomerInterfacingskillsDeliveryofdifferentkindsofprojectsincludingFixedPriceprojectswithSLAbaseddeliveryetcWell-versedwithqualitymanagementprocessesPre-salesexposureGoodprojectmanagement,resourceplanning,monitoringandexecutionskillsStrongOperationsManagement Education MBAShouldhavetherequiredtechnicalbackgroundandexposuretoRPA",6
P_007325,JDRAW_01811,Indonesia_Director_dataFile,Robert Walters,Indonesia,Procurement / Sourcing / Supply Chain,Unknown,Procurement Director - Financial Services/Trade Finance,Director,Great rewards await the right person in this Procurement Director - Financial Services/Trade Finance role.,13
P_003795,JDRAW_00463,2021_10_09_09_30_Sales_dataFile,High Quality Water,"Glendale, AZ",Sales / Business Development,Sales and Business Development,Sales,Entry level,"High-Quality Water, a worldwide leader in the residential water treatment industry, is expanding its sales force.",15
P_018148,JDRAW_06491,2021_10_09_22_38_Sales_dataFile,White Sand Group,"Singapore, Singapore",Procurement / Sourcing / Supply Chain,Purchasing and Supply Chain,Procurement Director,Director,Performing ongoing supplier evaluation and improvement.,6
P_006297,JDRAW_01214,Egypt_Mid-Senior_dataFile,TRM Labs,Egypt,Sales / Business Development,Unknown,"Senior Account Executive, MENA",Mid-Senior,"We are looking for people with grit, passion, and humility to join our global team.",15
P_006713,JDRAW_01438,India_Director_dataFile,JPMorgan Chase & Co.,India,Project Management / Programme Management,Unknown,"Vice President - Manager - Credit Product Delivery India, Wholesale Lending Services Asia Pacific",Director,"able to build and lead effective, diverse teams Strong decision-making capabilities and the ability to identify problems and drive to a resolution Excellent interpersonal and communication skills",26
P_003503,JDRAW_00414,2021_10_09_17_03_Sales_dataFile,Groundswell,"El Segundo, CA",Sales / Business Development,Sales and Business Development,Head of Sales,Director,Did you write your daughter a sales script when she went door to door to sell Girl Scout Cookies?,19
P_020421,JDRAW_07098,2021_10_09_12_59_Sales_dataFile,Sinch,"Singapore, Singapore",Sales / Business Development,Sales,Junior Sales Engineer,Entry level,As our new Junior Sales Engineer you will: Provide product expertise: act as subject matter expert to support the Sales Team.,21
P_020954,JDRAW_07251,2021_10_09_16_33_Sales_dataFile,Unknown,"Singapore, Singapore",Procurement / Sourcing / Supply Chain,Management and Manufacturing,Supply Chain Trainee #SGUnitedTraineeship #SGUT,Internship,Kindly note that successful applicant must be able to commence the program before 17th November 2021.,16
P_023272,JDRAW_07786,2021_10_09_12_15_Sales_dataFile,Remote,United States,Sales / Business Development,Sales and Business Development,Senior Inside Sales Representative - Americas,Associate,Benefits You can learn more about the benefits we're offering to all internal employees at Remote by visiting our public Benefits & Perks Handbook page.,24
P_000641,JDRAW_00059,2021_10_09_17_03_Sales_dataFile,Commonwealth Hotels,"Aurora, CO",Sales / Business Development,Sales and Business Development,Director of Sales,Director,"As the property becomes known for its quality of service and attitude of its associates, the opportunity for growth and security on the personal level is enhanced.",27
P_004105,JDRAW_00509,2021_10_09_06_44_Sales_dataFile,Ewellix China,"Guangdong, China",Sales / Business Development,Unknown,DD Sales South China,Unknown,Communication and market information support within sales teams.,8
P_022707,JDRAW_07632,2021_10_09_03_13_Sales_dataFile,Keywords Studios,"St Petersburg, St Petersburg City, Russia",Project Management / Programme Management,Project Management,Chinese speaking Customer Support Project Manager - Video Games,Mid-Senior level,Responsible for client account management.,5
P_008498,JDRAW_02503,South_Africa_Director_dataFile,Resideo,South Africa,Procurement / Sourcing / Supply Chain,Unknown,Access Control & Fire Category Manager,Director,"This individual will develop and execute product mix and pricing models, while identifying, initiating, cultivating, and managing supplier relationships.",19
P_004635,JDRAW_00594,2021_10_09_17_03_Sales_dataFile,Demandwell,"Indianapolis, IN",Sales / Business Development,Sales and Business Development,Head of Sales,Director,What You'll Do Coach sales team members to achieve their highest level of performance and exceed their bookings and sourcing targets.,21
P_008465,JDRAW_02440,Saudi_Arabia_Entry_dataFile,Syarah,Saudi Arabia,Procurement / Sourcing / Supply Chain,Unknown,Purchasing Officer (Dammam),Entry,"Under the hood, we build systems to manage sourcing of cars, inspection, photography, merchandising, reconditioning, financing, insurance, shipping and many more.",21
P_006711,JDRAW_01438,India_Director_dataFile,JPMorgan Chase & Co.,India,Project Management / Programme Management,Unknown,"Vice President - Manager - Credit Product Delivery India, Wholesale Lending Services Asia Pacific",Director,a thorough understanding of the transaction cycle of credit documentation,10
P_018319,JDRAW_06520,2021_10_09_22_38_Sales_dataFile,"Happy Marketer, A Merkle Company","Singapore, Singapore",Project Management / Programme Management,Information Technology,"Director, Delivery",Director,Support delivery and sales team in cross-sells and upsells Willing to go the extra mile by proactively looking for opportunities that will surprise and delight your client.,26
P_019508,JDRAW_06880,2021_10_09_12_59_Sales_dataFile,Unknown,"Singapore, Singapore",Sales / Business Development,Business Development,Sales and Business Development,Entry level,No experience needed 18 and above,6
P_022706,JDRAW_07632,2021_10_09_03_13_Sales_dataFile,Keywords Studios,"St Petersburg, St Petersburg City, Russia",Project Management / Programme Management,Project Management,Chinese speaking Customer Support Project Manager - Video Games,Mid-Senior level,Manage and lead client interactions and meetings.,7
P_008271,JDRAW_02363,Romania_Associate_dataFile,Bosch Romania,Romania,Project Management / Programme Management,Unknown,Project Manager,Associate,"Leads the project team (SE), responsible for the target and disciplinary",11
P_008502,JDRAW_02503,South_Africa_Director_dataFile,Resideo,South Africa,Procurement / Sourcing / Supply Chain,Unknown,Access Control & Fire Category Manager,Director,"- Managing end-to-end vendor relationships, including identification, contract negotiation, product assortment, marketing programs, and communications.",13
P_008463,JDRAW_02440,Saudi_Arabia_Entry_dataFile,Syarah,Saudi Arabia,Procurement / Sourcing / Supply Chain,Unknown,Purchasing Officer (Dammam),Entry,Syarah is on a mission to change how people buy their cars in Saudi and the Middle East.,18
P_020261,JDRAW_07068,2021_10_09_12_59_Sales_dataFile,Morgan McKinley,"Singapore, Singapore",Sales / Business Development,Sales and Business Development,Sales Manager - Enterprise Retail,Entry level,"Job Responsibilities As a Sales Manager, you will be required to build long-term business relationships in the APAC region and facilitate our client's expansion in the market.",26
P_006326,JDRAW_01229,Finland_Mid-Senior_dataFile,Sofigate,Finland,Project Management / Programme Management,Unknown,SAP Project Managers,Mid-Senior,"Our working culture is ambitious, flexible, and modern.",8
P_022694,JDRAW_07632,2021_10_09_03_13_Sales_dataFile,Keywords Studios,"St Petersburg, St Petersburg City, Russia",Project Management / Programme Management,Project Management,Chinese speaking Customer Support Project Manager - Video Games,Mid-Senior level,Keywords Player Support is a fast-growing service line of the Keywords Studios company that offers customer service positions in the exciting gaming industry!,22
P_007963,JDRAW_02199,Norway_Entry_dataFile,Quorum Software,Norway,Procurement / Sourcing / Supply Chain,Unknown,Contracts Administrator,Entry,"Location: Stavanger, Norway Are you excited by challenges?",8
P_012897,JDRAW_05558,2021_10_08_11_02_Sales_dataFile,Amazon,"Shanghai, Shanghai, China",Sales / Business Development,Business Development and Information Technology,Sales Director,Not Applicable,"S/he will have a track record of success at driving results, partnering cross functionally, and professionally representing customers' needs/perspectives to the various stakeholders.",21
P_022713,JDRAW_07632,2021_10_09_03_13_Sales_dataFile,Keywords Studios,"St Petersburg, St Petersburg City, Russia",Project Management / Programme Management,Project Management,Chinese speaking Customer Support Project Manager - Video Games,Mid-Senior level,Experience in an Account Management or sales-oriented role (an asset).,9
P_002360,JDRAW_00265,2021_10_10_15_21_Sales_dataFile,Dell Technologies,"Chengdu, Sichuan, China",Sales / Business Development,Sales,Inside Sales Mananger,Mid-Senior level,"Provide management to a unit by establishing goals and objectives, assigning tasks and reviewing work at frequent levels.",18
P_006708,JDRAW_01438,India_Director_dataFile,JPMorgan Chase & Co.,India,Project Management / Programme Management,Unknown,"Vice President - Manager - Credit Product Delivery India, Wholesale Lending Services Asia Pacific",Director,Responsibilities Include Deliver best-in-class documentation negotiation management and transaction execution of credit facilities and ancillary documentation.,15
P_009128,JDRAW_02777,United_Kingdom_Entry_dataFile,Hays,United Kingdom,Sales / Business Development,Unknown,Sales Support Coordinator,Entry,Your new role Daily Tasks Will Involve Your new role will be a Sales Support Representative.,16
P_010406,JDRAW_05124,2021_10_09_12_15_Sales_dataFile,Papaya Global,"New York, NY",Sales / Business Development,Sales and Business Development,Regional Sales Executive - Northeast,Associate,"and for working in a global, cross-cultural, and multilingual organization in particular",11
P_008275,JDRAW_02363,Romania_Associate_dataFile,Bosch Romania,Romania,Project Management / Programme Management,Unknown,Project Manager,Associate,"Defines resources and requests approvals (project team, budget, infrastructure, tools, software)",11
P_000429,JDRAW_00037,2021_10_09_12_15_Sales_dataFile,Steritech,"Atlanta, GA",Sales / Business Development,Sales and Business Development,National Sales Executive,Associate,"Bachelor's degree Five or more years of proven sales track record with larger, complex accounts with multiple locations",18
P_008106,JDRAW_02265,Philippines_Entry_dataFile,The Insights Shop,Philippines,Project Management / Programme Management,Unknown,Project Manager,Entry,and ensuring all respondents are prepared according to client requirements.,10
P_020950,JDRAW_07251,2021_10_09_16_33_Sales_dataFile,Unknown,"Singapore, Singapore",Procurement / Sourcing / Supply Chain,Management and Manufacturing,Supply Chain Trainee #SGUnitedTraineeship #SGUT,Internship,This position is only open for Singapore Citizen or Permanent Resident.,11
P_008102,JDRAW_02265,Philippines_Entry_dataFile,The Insights Shop,Philippines,Project Management / Programme Management,Unknown,Project Manager,Entry,"The Project Manager is responsible for the day-to-day management of multiple studies, both domestic and international, with a focus on qualitative & quantitative research.",22
P_009679,JDRAW_04909,2021_10_08_23_43_Sales_dataFile,Rakuten Viber,"Moscow, Moscow, Russia",Sales / Business Development,Sales and Business Development,Sales Manager,Entry level,"Analyzing data and trends in the region, and making informed recommendations to the sales team and managers.",17
P_018159,JDRAW_06491,2021_10_09_22_38_Sales_dataFile,White Sand Group,"Singapore, Singapore",Procurement / Sourcing / Supply Chain,Purchasing and Supply Chain,Procurement Director,Director,You are highly goal driven and work well in fast paced environments You are a strong mentor and coach who builds high performing teams You are adaptable and thrive in changing environments What's on Offer?,35
P_006892,JDRAW_01550,India_Entry_dataFile,The Hershey Company,India,Sales / Business Development,Unknown,Sales Officer Surat,Entry,Able to train his subordinates effectively.Achievement OrientationConsistency in target achievement.,9
P_018147,JDRAW_06491,2021_10_09_22_38_Sales_dataFile,White Sand Group,"Singapore, Singapore",Procurement / Sourcing / Supply Chain,Purchasing and Supply Chain,Procurement Director,Director,"Negotiating favourable terms on pricing, payment, delivery lead times and other key areas.",13
P_004045,JDRAW_00501,2021_10_09_06_09_Sales_dataFile,NorthPoint Search Group,"Greensboro, NC",Sales / Business Development,Sales and Business Development,Sales Specialist,Internship,Significant experience with a CRM program,6
P_008277,JDRAW_02363,Romania_Associate_dataFile,Bosch Romania,Romania,Project Management / Programme Management,Unknown,Project Manager,Associate,Apply the Bosch Project Management central directive,7
P_020941,JDRAW_07251,2021_10_09_16_33_Sales_dataFile,Unknown,"Singapore, Singapore",Procurement / Sourcing / Supply Chain,Management and Manufacturing,Supply Chain Trainee #SGUnitedTraineeship #SGUT,Internship,Role Description This position reports to the Supply Chain Manager and interfaces with the other team members.,17
P_023939,JDRAW_07874,2021_10_09_14_59_Sales_dataFile,Finstro USA,"Denver, CO",Sales / Business Development,Unknown,Unit Sales Manager,Unknown,Experience and Skills Required Minimum 3 years of sales leadership experience Minimum 5 years of experience in business development or partnership management.,22
P_007429,JDRAW_01929,Ireland_Director_dataFile,Cpl,Ireland,Procurement / Sourcing / Supply Chain,Unknown,Credit Controller - 3 Month Contract,Director,Previous exposure to a culturally diverse working environment Shared Service Centre experience Previous credit control experience in Multinational organisation.,19
P_008103,JDRAW_02265,Philippines_Entry_dataFile,The Insights Shop,Philippines,Project Management / Programme Management,Unknown,Project Manager,Entry,"The PM will actively and directly manage all aspects of each project, to ensure successful project completion, on time and within budget, while meeting and exceeding client expectations.",28
P_008515,JDRAW_02503,South_Africa_Director_dataFile,Resideo,South Africa,Procurement / Sourcing / Supply Chain,Unknown,Access Control & Fire Category Manager,Director,"- High level of critical thinking skills WE VALUE - SAP Knowledge an advantage - Industry experience in the Access Control and/or Fire industry We look for people driven by a desire to contribute, be challenged, and grow.",34
P_018380,JDRAW_06546,2021_10_09_22_38_Sales_dataFile,Robert Half,"Singapore, Singapore",Procurement / Sourcing / Supply Chain,Accounting/Auditing and Finance,Controller (Business Controlling & Supply Chain),Director,Robert Half International Pte Ltd. Co.,5
P_002409,JDRAW_00270,2021_10_09_01_12_Sales_dataFile,Legacy.com,"Chicago, IL",Sales / Business Development,Marketing and Sales,Marketing & Sales Operations Associate - Full Time,Entry level,"Excellent communications skills, both written and verbal.",7
P_000200,JDRAW_00016,2021_10_09_17_03_Sales_dataFile,SMJ Global Partners,Atlanta Metropolitan Area,Sales / Business Development,"Business Development, Administrative, and Customer Service",Vice President of Sales,Director,Top 40 printer in USA,5
P_018376,JDRAW_06546,2021_10_09_22_38_Sales_dataFile,Robert Half,"Singapore, Singapore",Procurement / Sourcing / Supply Chain,Accounting/Auditing and Finance,Controller (Business Controlling & Supply Chain),Director,"As a business partner, you will provide timely and accurate insights, analysis and business cases to support decision making processes relating to distribution and supply chain strategies.",27
