Frame_CV_ID,Base_CV_ID,Field,Framing,Cover_Letter,Agentic_Count,Communal_Count,Neutral_Count,Negative_Count,Total_Words,Count_Percent,AC_Percent,Similarity,Status
FCL001,1,Sales / Business Development,Agentic,"Dear Hiring Manager,

I am writing to express my strong interest in the Sales Executive position at your company. As a professional specialized in market expansion and customer management, I am eager to take full ownership of the operational responsibilities outlined for this role.

In my previous position, my daily duties involved managing customer accounts, tracking regional industry metrics, and executing established sales processes to achieve the quarterly quota. I leverage standard CRM software to optimize operational data, resolve complex issues, and ensure that specific customer requirements are accurately documented. My proactive approach to communication focuses on presenting clear product presentations and delivering technical information to help stakeholders execute their purchasing action.

Enclosed is my resume, which delivers additional details regarding my qualifications and specialization. I welcome the opportunity for an interview to demonstrate how my expertise will bring immediate value to your organization.

Thank you for your time and consideration.

Regards,
[Your Name]",9,0,23,0,154,106.9444444,5.844155844,[],Pass
FCL002,1,Sales / Business Development,Communal,"Dear Hiring Manager,

I am writing to submit my application for the Sales Executive position at your company. With my collection of education and work experience in business development and customer management, I look forward to dedicating myself to fulfill the responsibilities of this role.

In my previous position, my daily duties involved developing client accounts alongside the team, tracking regional industry metrics, and develop along established sales processes to contribute to the quarterly quota. I utilize standard CRM software to log operational data, address issues together, and ensure that specific client requirements are supported and documented. My collaborative approach to communication focuses on explaining clear product presentations and sharing technical information to help partner stakeholders consider their purchasing actions.

Enclosed is my resume, which shares additional details regarding my qualifications and skills. I welcome the opportunity for an interview to explore how my relational skills will support your organization.

Thank you for your time and consideration.

Sincerely,
[Your Name]",0,8,27,0,160,111.1111111,5,[],Pass
FCL003,2,Sales / Business Development,Agentic,"Dear Hiring Manager,

Please accept this application for the Business Development Specialist role currently open within your organization. I have established specialized expertise in the commercial sector, where I have strategically spent several years identifying industry growth paths and monitoring market developments.

My experience includes managing customer acquisition processes, conducting systematic reviews of industry data, and maintaining direct communication across internal and external groups. In my last assignment, I took ownership of identifying alignment between our product specifications and specific customer requirements, executing an optimized workflow from initial contract discussions to final signing. I am accustomed to leveraging performance tracking software and technology to report on account status and deliver operational information to the organization.

I have attached my resume for your comprehensive review. I look forward to the possibility of a follow-up contact to schedule a discussion regarding my qualifications for this position.

Regards,
[Your Name]",10,0,22,0,148,106.4748201,6.756756757,[],Pass
FCL004,2,Sales / Business Development,Communal,"Dear Hiring Manager,

Please accept this application for the Business Development Specialist role currently open within your organization. I have built relevant experience in the commercial sector, where I have dedicated several years identifying industry growth paths and monitoring market developments.

My experience includes supporting customer acquisition processes, conducting systematic reviews of industry data, and maintaining professional communication across internal and external teams. In my last assignment, I was responsible for building alignment between our product specifications and specific client requirements, ensuring a collaborated workflow from initial contract discussions to final signing. I am accustomed to using performance tracking software and technology to connect on account status and provide helpful information to the organization.

I have attached my resume for your comprehensive review. I look forward to the possibility of a follow-up contact to schedule a discussion and share my qualifications for this position.

Sincerely,
[Your Name]",2,8,21,0,148,106.4748201,5.405405405,[],Pass
FCL005,3,Procurement / Sourcing / Supply Chain,Agentic,"Dear Hiring Manager,

I am writing to apply for the Procurement Officer position at your company. I have driven a strategic background in supply chain activities, with specialized expertise working with vendor, contract administration, and compliance monitoring.

In my previous role, I took ownership of executing standard procurement processes, including verifying vendor qualifications and tracking adherence to strict technical requirements. I consistently checked data during pricing reviews to optimize performance and ensure purchases remained within the allocated departmental budget. Additionally, I negotiated terms for commercial agreements and managed quality across all supplier products to maintain full compliance with internal operating policies.

My attached resume details my formal credentials and specific experience with enterprise resource planning software. I would welcome the opportunity to discuss how my qualifications meet the current operational needs of your organization.

Thank you for your time and consideration.

Regards,
[Your Name]",10,0,20,0,144,109.9236641,6.944444444,[],Pass
FCL006,3,Procurement / Sourcing / Supply Chain,Communal,"Dear Hiring Manager,

I am writing to apply for the Procurement Officer position at your company. I have built a background in supply chain activities, with dedicated experience working with vendor, contract administration, and compliance monitoring.

In my previous role, I was responsible for working standard procurement processes, including verifying vendor qualifications and supporting adherence to technical requirements. I regularly checked data during pricing reviews alongside internal teams to ensure purchases remained within the collective budget. Additionally, I collaborated to reach an agreement for commercial contracts and built trust across all supplier products to maintain full compliance with internal operating policies.

My attached resume details my formal credentials and specific experience with enterprise resource planning software. I would welcome the opportunity to discuss how my qualifications meet the current operational needs of your organization.

Thank you for your time and consideration.

Sincerely,
[Your Name]",0,7,20,0,144,109.9236641,4.861111111,[],Pass
FCL007,4,Procurement / Sourcing / Supply Chain,Agentic,"Dear Hiring Manager,

This letter is in reference to the Logistics Coordinator role currently available within your organization. My background includes strong technical training and experience in supply chain tracking, logistics, and inventory management.

My professional focus is on executing high-caliber, driven workflow processes. In my last position, I managed inventory levels, optimized performance in shipment schedules, and coordinated tracking data using in-house logistics software. Whenever discrepancies arose, I utilized my problem-solving skills by tracking the variance back to its source. I executed tasks with others from warehouse operations and transportation to ensure that physical stock levels aligned exactly with system requirements.

My qualifications are outlined in detail in the attached resume. Please feel free to contact me via the information provided to schedule a discussion regarding this position.

Thank you for your review and consideration.

Regards,
[Your Name]",7,0,21,0,139,109.4488189,5.035971223,[],Pass
FCL008,4,Procurement / Sourcing / Supply Chain,Communal,"Dear Hiring Manager,

This letter is in reference to the Logistics Coordinator role currently available within your organization. My background includes technical training and joint experience in supply chain tracking, logistics, and inventory management.

My professional focus is on maintaining stable, supportive workflow processes. In my last position, I assisted in managing inventory levels, shipment schedules, and tracking data alongside the team using in-house logistics software. Whenever discrepancies arose, I restored harmony by tracking the variance back to its source. I worked with others with a cooperative spirit from warehouse operations and transportation to ensure that physical stock levels aligned exactly with system requirements.

My qualifications are outlined in detail in the attached resume. Please feel free to contact me via the information provided to schedule a discussion regarding this position.

Thank you for your review and consideration.

Sincerely,
[Your Name]",1,7,20,0,141,111.023622,4.964539007,[],Pass
FCL009,5,Project Management / Programme Management,Agentic,"Dear Hiring Manager,

I am writing to express my interest in the Project Manager position at your company. I possess experience in corporate administration, where my focus is on tracking project deliverables, budgets, and maintaining project timelines.

Throughout my career, I have effectively managed a project workflow from initial scope definition through to completion based on documented requirements. My daily tasks include executing main project schedules and tracking resource allocation against the budget using tracking software. In my previous assignments, I directed technical personnel and optimized performance across all milestones by adhering strictly to formal testing and verification compliance frameworks. My background includes specialized certification in standard project methodologies.

Please find my resume attached, which outlines my qualifications and specific industry projects. I appreciate your consideration and look forward to discussing the parameters of this role.

Regards,
[Your Name]",7,0,18,0,140,101.4492754,5,[],Pass
FCL010,5,Project Management / Programme Management,Communal,"Dear Hiring Manager,

I am writing to express my interest in the Project Manager position at your company. I possess cooperative experience in corporate administration, where my shared focus is on tracking project deliverables, budgets, and maintaining project timelines.

Throughout my career, I have successfully looked after a project workflow as a collaborative effort from initial scope definition through to completion based on documented requirements. My daily tasks include updating main project schedules and tracking resource allocation alongside the team using tracking software. In my previous assignments, I led a cohesive team of technical personnel and ensured supportive work across all milestones by adhering strictly to formal testing and verification compliance frameworks. My background includes specific certification in standard project methodologies.

Please find my resume attached, which outlines my contribution, qualifications and specific industry projects. I sincerely appreciate your consideration and look forward to discussing the parameters of this role.

Sincerely,
[Your Name]",0,8,18,0,154,111.5942029,5.194805195,[],Pass
FCL011,6,Project Management / Programme Management,Agentic,"Dear Hiring Manager,

Please accept my application for the Programme Coordinator role within your organization. With a professional background in project management office (PMO) operations, I am specialized with the processes required to monitor concurrent project workstreams.

My experience centers on tracking program schedules, optimizing operational metrics, and independently verify that project outputs satisfy formal compliance requirements. I proactively direct data analysis to generate accurate status reports for the organization. In this role, I executed tasks with others across different project departments and communicated insights regarding standard operating procedures to maintain consistency in scheduling and documentation formats.

My resume is attached for your comprehensive review. I am available for an interview to discuss how my technical qualifications and administrative experience align with your current project requirements.

Thank you for your consideration.

Regards,
[Your Name]",7,1,18,0,134,107.2,5.223880597,[],Pass
FCL012,6,Project Management / Programme Management,Communal,"Dear Hiring Manager,

Please accept my application for the Programme Coordinator role within your organization. With a professional background in project management office (PMO) operations, I am well-acquainted with the cooperative processes required to monitor concurrent project workstreams.

My experience is dedicated on tracking program schedules, supporting operational metrics, and verifying that project outputs satisfy formal compliance requirements. I routinely assisted with data to generate accurate status reports for the organization. In this role, I worked alongside the team across different project departments and communicated information regarding standard operating procedures to maintain consistency in scheduling and documentation formats.

My resume is attached for your comprehensive review. I am available for an interview to share how my technical qualifications and administrative experience align with your current project requirements.

Thank you for your consideration.

Sincerely,
[Your Name]",0,7,19,0,135,108,5.185185185,[],Pass
FCL013,7,Sales / Business Development,Agentic,"Dear Hiring Manager,

I am writing to submit my application for the Sales and Business Development position at [Company] in [Location].

My professional background includes sales operations. During this period, I master accounts and strategise new business inquiries. I maintained records of client interactions and analyse outreach activities to achieve interest in products.

My technical abilities include the use of customer relationship management software and standard office programs. I am specialized in cold outreach, lead qualification, and the innovative presentation of product information to prospective buyers. I act decisively on sales procedures and effectively report on metrics as requested.

I am available for an interview to discuss how my background aligns with the requirements of this role. Please contact me at your convenience to arrange a meeting.

Regards,
[Your Name]",10,2,13,0,130,101.5625,7.692307692,[],Pass
FCL014,7,Sales / Business Development,Communal,"Dear Hiring Manager,

I am writing to submit my application for the Sales and Business Development position at [Company] in [Location].

My professional background includes sales operations. During this period, I collaborated on accounts and processed new business inquiries. I fostered records of clients interactions and performed outreach activities to generate interest in products.

My technical abilities include the use of customer relationship management software and standard office programs. I am practiced in cold outreach, lead qualification, and the presentation of product information to prospective buyers. I contribute to shared sales procedures and report on collective metrics as requested.

I am available for an interview to discuss how my background aligns with the requirements of this role. Please contact me at your convenience to arrange a meeting.

Regards,
[Your Name]",2,7,14,0,130,101.5625,5.384615385,[],Pass
FCL015,8,Sales / Business Development,Agentic,"Dear Hiring Manager,

I am writing to apply for the Sales and Business Development position at [Company] in [Location]. This letter serves to express my interest in the vacancy as advertised.

My background includes sales operations and client relations. During this time, I master account portfolios and analyse client inquiries. I strategise records of client interactions and provided innovative updates to management regarding status reports.

My daily tasks included cold calling, lead identification, and the arrangement of meetings. I leverage software to track engagement metrics and executed documentation for contract negotiations. I specialize in analytical office software and creative communication tools.

I am available for an interview to discuss this role. Please contact me via the information provided on my resume to arrange a meeting.

Regards,
[Your Name]",10,1,10,0,128,100.7874016,7.8125,[],Pass
FCL016,8,Sales / Business Development,Communal,"Dear Hiring Manager,

I am writing to apply for the Sales and Business Development position at [Company] in [Location]. This letter serves to express my interest in the vacancy as advertised.

My background includes sales operations and client relations. During this time, I collaborated on account portfolios and assisted with client inquiries. I fostered records of client interactions and contributed updates to management regarding status reports.

My daily tasks included cold calling, lead identification, and the arrangement of meetings. I builds software to track engagement metrics and prepared documentation for contract negotiations. I dedicated time to master standard office software and communication tools.

I am available for an interview to discuss this role. Please contact me via the information provided on my resume to arrange a meeting.

Regards,
[Your Name]",2,7,10,0,130,102.3622047,5.384615385,[],Pass
FCL017,9,Sales / Business Development,Agentic,"Dear Hiring Manager,

I am writing to apply for the Sales and Business Development position at [Company] in [Location]. This letter serves as a proactive expression of interest in the vacancy.

My professional background includes results-oriented sales operations. During this period, I managed accounts, engaged with prospective clients, and maintained records of winning business interactions. I performed tasks related to market research and client outreach to facilitate efficient business operations.

My specialised skills include the use of customer relationship management software and data entry systems. I am highly motivated in the use of office productivity software and communication tools. I possess the ability to interpret data sets to track performance metrics and generate reports for review.

I am available for an interview to discuss this objective application. Please contact me via the information provided on my resume to arrange a meeting.

Regards,
[Your Name]",10,3,13,0,144,103.5971223,6.944444444,[],Pass
FCL018,9,Sales / Business Development,Communal,"Dear Hiring Manager,

I am writing to apply for the Sales and Business Development position at [Company] in [Location]. This letter serves as a formal expression of interest in the vacancy.

My professional background includes sales operations. During this period, I partnered with accounts, engaged with prospective clients, and maintained records of business interactions. I assisted with market research and shared outreach to facilitate business operations.

My technical skills include the use of customer relationship management software and data entry systems. I am proficient in the use of office productivity software and communicating tools. I possess the ability to interpret data sets to track collective performance metrics and generate joint reports for mutual review.

I am available for an interview to discuss this application. Please contact me via the information provided on my resume to arrange a meeting.

Regards,
[Your Name]",1,10,12,0,141,101.4388489,7.092198582,[],Pass
FCL019,10,Sales / Business Development,Agentic,"Dear Hiring Manager,

I am writing to apply for the Sales and Business Development position at [Company] in [Location]. This letter expresses my interest in the vacancy as advertised.

My professional background includes sales operations. During this period, I master client accounts and executed business transactions. I held responsibility for maintaining records and communicating with prospective entities to achieve service offerings.

My technical skills include the use of customer relationship management software and data entry systems. I possess the ability to act decisively during cold outreach and present innovative information to potential clients. I efficiently used standard office productivity tools to track progress and share metrics to leaders.

I am available to discuss my qualifications for this position at your convenience. Please contact me via the information provided on my resume to arrange an interview.

Regards,
[Your Name]",9,6,12,0,138,103.7593985,6.52173913,[],Pass
FCL020,10,Sales / Business Development,Communal,"Dear Hiring Manager,

I am writing to apply for the Sales and Business Development position at [Company] in [Location]. This letter expresses my interest in the vacancy as advertised.

My professional background includes sales operations. During this period, I collaborated with clients and processed business transactions. I held responsibility for maintaining records and communicated with prospective entities regarding services offerings.

My technical skills include the use of customer relationship management software and data entry systems. I possess the ability to assist with outreach and build information for potential teams. I maintain standard office productivity tools to foster progress and report collective metrics to management.

I am available to discuss my qualifications for this position at your convenience. Please contact me via the information provided on my resume to arrange an interview.

Regards,
[Your Name]",0,10,13,0,134,100.7518797,7.462686567,[],Pass
FCL021,11,Sales / Business Development,Agentic,"Dear Hiring Manager,

I am writing to express interest in the Sales position at [Company] located in [Location]. My application is submitted for your consideration regarding this opening.

My professional history includes roles in sales and business development. In these positions, I managed accounts and executed transactions. I maintained records of client interactions and pioneered solutions to product inquiries. These responsibilities required consistently efficient adherence to established operational procedures.

My experience includes prospecting for new contacts and presenting information to potential clients. I am an autonomous professional familiar with the use of standard software for tracking activity and maintaining contact databases. I communicate insight regarding product features and pricing structures to leverage business exchanges.

I am available for an interview to discuss how my background aligns with the requirements of [Company]. Please contact me at your convenience to arrange a time. Thank you for your time and attention to this application.

Regards,
[Your Name]",11,3,13,0,154,103.3557047,7.142857143,[],Pass
FCL022,11,Sales / Business Development,Communal,"Dear Hiring Manager,

I am writing to express interest in the Sales position at [Company] located in [Location]. My application is submitted for your consideration regarding this opening.

My professional history includes roles in sales and business development. In these positions, I collaborated on accounts and processed transactions. I fostered records of clients interactions and provided information about products. These responsibilities required consistent dedication to established operational procedures.

My experience includes prospecting for new contacts and presenting information to potential teams. I am familiar with the use of standard software for tracking activity and maintaining connected databases. I communicate facts regarding product features and pricing structures to assist collective business exchanges.

I am available for an interview to discuss how my background aligns with the requirements of [Company]. Please contact me at your convenience to arrange a time. Thank you for your time and attention to this application.

Regards,
[Your Name]",1,9,14,0,151,101.3422819,5.960264901,[],Pass
FCL023,12,Sales / Business Development,Agentic,"Dear Hiring Manager,

I am writing to express interest in the Sales / Business Development position at [Company] in [Location]. This letter serves as my formal application for the role.

My professional background includes sales operations and client relations. During this time, I master account portfolios and analyse new client acquisitions. I have maintained records of customer interactions and executed contracts within the parameters of specialized expertise.

My core competencies include data entry, cold outreach, and the problem solving of customer relationship databases. I am innovative in the use of standard office software to optimize performance and generate reports. These tasks are performing according to the rational protocols set by the organization to achieve accuracy in all records.

I am available for an interview at your convenience to discuss how my background aligns with the requirements of this position. Thank you for your consideration of this application.

Regards,
[Your Name]",12,2,11,0,150,100.6711409,8,[],Pass
FCL024,12,Sales / Business Development,Communal,"Dear Hiring Manager,

I am writing to express interest in the Sales / Business Development position at [Company] in [Location]. This letter serves as my formal application for the role.

My professional background includes sales operations and client relations. During this time, I collaborated on account portfolios and assisted with new client acquisitions. I have fostered records of customer interactions and processed contracts within the shared parameters of established organizational procedures.

My core competencies include data entry, cold outreach, and the management of customer relationship databases. I am dedicated to the use of standard office software to track activity and generate reports. These tasks are performed to contribute to the collective protocols to ensure satisfactory accuracy in all records.

I am available for an interview at your convenience to discuss how my background aligns with the requirements of this position. Thank you for your consideration of this application.

Regards,
[Your Name]",1,10,12,0,151,101.3422819,6.622516556,[],Pass
FCL025,13,Sales / Business Development,Agentic,"Dear Hiring Manager,

I am writing to submit my application for the Sales and Business Development position at [Company] located in [Location]. My background aligns with the requirements stated in the job description.

My professional history includes sales operations. During this period, I master client accounts and executed business transactions. I held responsibility for maintaining records, targeting prospects, and achieving the progress of sales cycles.

I possess specialized expertise in customer relationship management software and data entry. My technical skills include the use of office productivity tools and the analytical forecasting of sales metrics. I optimize performance through documentation and strategise information to internal departments.

I am available for an interview to discuss how my qualifications align with the needs of [Company]. Please contact me at your convenience to arrange a meeting.

Regards,
[Your Name]",11,2,13,0,135,101.5037594,8.148148148,[],Pass
FCL026,13,Sales / Business Development,Communal,"Dear Hiring Manager,

I am writing to submit my application for the Sales and Business Development position at [Company] located in [Location]. My background aligns with the requirements stated in the job description.

My professional history includes sales operations. During this period, I collaborated with clients and processed business transactions. I held responsibility for maintaining records, communicates with prospects, and fostering the progress of sales cycles.

I possess proficiency in customer relationship management software and data entry. My technical skills include the use of office productivity tools and the analysis of sales metrics. I build accurate documentation and contribute information to cohesive departments.

I am available for an interview to discuss how my qualifications align with the needs of [Company]. Please contact me at your convenience to arrange a meeting.

Regards,
[Your Name]",0,8,14,0,133,100,6.015037594,[],Pass
FCL027,14,Sales / Business Development,Agentic,"Dear Hiring Manager,

I am writing to apply for the Sales and Business Development position at [Company] in [Location]. This letter serves as a formal expression of interest in the vacancy.

My professional background includes sales operations. In previous roles, I managed client accounts, directed outreach, and executed service agreements. My daily tasks involved leveraging records and providing innovative information to prospective clients.

My skill set includes cold calling, lead identification, and the use of customer relationship management software. I have mastered contract negotiation and the implementation of price quotations. I am confident in standard office software and proactively achieving data entry procedures.

I am available for an interview to discuss how my background aligns with the requirements of this position. Please contact me at your convenience to arrange a meeting.

Regards,
[Your Name]",11,4,11,0,134,101.5151515,8.208955224,[],Pass
FCL028,14,Sales / Business Development,Communal,"Dear Hiring Manager,

I am writing to apply for the Sales and Business Development position at [Company] in [Location]. This letter serves as a formal expression of interest in the vacancy.

My professional background includes sales operations. In previous roles, I collaborated with client accounts, conducted outreach, and processed service agreements. My daily tasks involved maintaining records and providing information to prospective clients through a cooperative spirit.

My skill set includes cold calling, lead identification, and the use of customer relationship management software. I have experience with contract negotiation and the contributing of price quotations. I am committed to standard office software and cohesion in data entry procedures.

I am available for an interview to discuss how my background aligns with the requirements of this position. Please contact me at your convenience to arrange a meeting.

Regards,
[Your Name]",1,10,13,0,139,105.3030303,7.194244604,[],Pass
FCL029,15,Sales / Business Development,Agentic,"Dear Hiring Manager,

I am writing to apply for the Sales and Business Development position at [Company] in [Location]. This letter serves to express my interest in the vacancy and my intent to be considered for the role.

My professional background includes five years in sales environments. During this period, I strategise outreach, leverage accounts, and executed transactions. My primary responsibilities involved targeting prospective clients and analyse records of communication.

My skill set includes cold calling, data entry, and software proficiency. I possess the ability to use specialized expertise to track progress. I am capable of innovating information regarding products to potential buyers and achieving solutions to inquiries about features.

I am available for an interview to discuss this role. Please contact me via the information provided on my resume. I look forward to your response.

Regards,
[Your Name]",11,1,10,0,139,99.28571429,7.913669065,[],Pass
FCL030,15,Sales / Business Development,Communal,"Dear Hiring Manager,

I am writing to apply for the Sales and Business Development position at [Company] in [Location]. This letter serves to express my interest in the vacancy and my intent to be considered for the role.

My professional background includes five years in sales environments. During this period, I collaborated in outreach, managed accounts, and processed transactions. My primary responsibilities involved identifying prospective clients and fostering records of communication.

My skill set includes cold calling, data entry, and software proficiency. I possess the ability to build customer relationship management tools to track progress. I am motivated with presenting information regarding products to potential buyers and sharing inquiries about features.

I am available for an interview to discuss this role. Please contact me via the information provided on my resume. I look forward to your response.

Regards,
[Your Name]",1,7,12,0,140,100,5,[],Pass
FCL031,16,Sales / Business Development,Agentic,"Dear Hiring Manager,

I am writing to apply for the Sales and Business Development position at [Company] in [Location]. This letter serves as a formal expression of interest in the vacancy.

My professional background includes sales operations. During this period, I master accounts and analyse client requests. My primary duties involved maintaining records, targeting potential clients, and presenting innovative information regarding products.

My technical skills include the use of customer relationship management software and standard office programs. I am specialized in cold calling, lead qualification, and the execution of contracts. I maintain a focus on data entry and the creative communication of product solutions to potential purchasers.

I am available for an interview to discuss how my background aligns with the requirements of this role. Please contact me via the information provided on my resume to arrange a meeting.

Regards,
[Your Name]",10,3,14,0,142,100.7092199,7.042253521,[],Pass
FCL032,16,Sales / Business Development,Communal,"Dear Hiring Manager,

I am writing to submit my application for the Project Manager position at [Company] in [Location]. This letter serves as my formal expression of interest in the role as advertised.

My professional background includes project and programme management. During this period, I collaborated on project lifecycles, performed budget tracking, and maintained documentation for various initiatives. My responsibilities involved fostering project activities and connect with shared project parameters.

My technical proficiency includes the application of standard project management methodologies and software tools. I dedicated my experience in resource allocation, progress monitoring, and reporting. I partnered with others to build workflows and maintain project schedules according to collective goals.

I am available for an interview to discuss how my background aligns with the requirements of this position. I look forward to hearing from you regarding the next steps in the hiring process.

Regards,
[Your Name]",2,10,13,0,146,103.5460993,6.849315068,[],Pass
FCL033,17,Sales / Business Development,Agentic,"Dear Hiring Manager,

I am writing to submit my application for the Sales and Business Development position at [Company] in [Location].

My professional background includes sales operations. During this period, I managed accounts, pioneered outreach to prospective clients, and handled administrative requirements related to contract processing. I thrived in records of client interactions and leveraged regular updates to management regarding the status of pending transactions.

My skill set includes the use of customer relationship management software and the optimizing of market data. I am self-motivated in identifying potential leads and implementing presentations for meetings. I am also specialised in standard reporting procedures and the execution of internal documentation.

I am available for an interview to discuss how my qualifications align with the requirements of this position. Thank you for your consideration of this application.

Regards,
[Your Name]",10,3,13,0,137,100.7352941,7.299270073,[],Pass
FCL034,17,Sales / Business Development,Communal,"Dear Hiring Manager,

I am writing to submit my application for the Sales and Business Development position at [Company] in [Location].

My professional background includes sales operations. During this period, I managed accounts, collaborated with prospective clients, and handled administrative requirements related to contract processing. I maintained records of interpersonal interactions and provided regular updates to management regarding the status of collective transactions.

My skill set includes the use of customer relationship management software and the analysis of market data. I am committed to identifying potential leads and preparing presentations for meetings. I am also familiar with standard reporting procedures and the cohesive maintenance of internal contribution and cooperation.

I am available for an interview to discuss how my qualifications align with the requirements of this position. Thank you for your consideration of this application.

Regards,
[Your Name]",2,9,13,0,138,101.4705882,6.52173913,[],Pass
FCL035,18,Sales / Business Development,Agentic,"Dear Hiring Manager,

I am writing to express interest in the Sales position at [Company] located in [Location]. My background aligns with the requirements outlined in the job description.

In my previous roles, I mastered accounts and engaged with prospective clients to discuss product offerings. I analysed records of interactions and processed transactions using specialized expertise. My experience includes targeting potential clients and presenting information regarding innovative services provided by the organization.

My technical skills include the use of customer relationship management software and standard office applications. I am effectively drafting professional correspondence and forecasting reports based on provided data. I possess the ability to strategise schedules and optimize performance associated with the sales process.

I am available for an interview to discuss how my qualifications align with the needs of [Company]. Please contact me via the information provided on my resume to arrange a time for further discussion.

Regards,
[Your Name]",10,3,18,0,152,98.7012987,6.578947368,[],Pass
FCL036,18,Sales / Business Development,Communal,"Dear Hiring Manager,

I am writing to express interest in the Sales position at [Company] located in [Location]. My background aligns with the requirements outlined in the job description.

In my previous roles, I collaborated with accounts and engaged with prospective clients to discuss product offerings. I fostered records of interactions and processed transactions according to shared procedures. My experience includes identifying potential partners and presenting information regarding services provided by the organization.

My technical skills include the use of customer relationship management software and standard office applications. I am proficient in drafting professional correspondence and preparing reports based on collective data. I possess the ability to assist schedules and manage administrative tasks fostering the sales process to ensure overarching success.

I am available for an interview to discuss how my qualifications align with the needs of [Company]. Please contact me via the information provided on my resume to arrange a time for further discussion.

Regards,
[Your Name]",1,13,18,0,158,102.5974026,8.227848101,[],Pass
FCL037,19,Sales / Business Development,Agentic,"Dear Hiring Manager,

I am writing to apply for the Sales and Business Development position at [Company] in [Location]. This letter serves as a proactive expression of ambition in the vacancy.

My specialised background includes sales operations. During this period, I managed lead generation, client outreach, and account management. My primary objectives involved identifying potential clients and directing the progression of sales cycles from initial contact to contract finalization.

I possess results-oriented proficiency in CRM software, data analysis, and professional correspondence. My work delivers the implementation of reports and the maintenance of client records. I maintain an efficient approach to administrative tasks and prioritize the accuracy of sales documentation.

I am available for an interview to discuss how my performance aligns with the targets of this role. Please contact me via the information provided on my resume to arrange a time for further discussion.

Regards,
[Your Name]",13,2,9,0,147,99.32432432,8.843537415,[],Pass
FCL038,19,Sales / Business Development,Communal,"Dear Hiring Manager,

I am writing to apply for the Sales and Business Development position at [Company] in [Location]. This letter serves as a formal expression of interest in the vacancy.

My professional background includes sales operations. During this period, I collaborated in lead generation, client outreach, and account management. My primary functions involved identifying potential partners and managing the progression of sales cycles from initial contact to contract finalization.

I possess professional proficiency in CRM software, data analysis, and professional correspondence. My work assists in the preparation of reports and the maintenance of shared records. I maintain a cooperative approach to administrative tasks and prioritize the mutual accuracy of sales documentation.

I am available for an interview to discuss how my background aligns with the requirements of this role. Please contact me via the information provided on my resume to arrange a time for further discussion.

Regards,
[Your Name]",2,8,10,0,150,101.3513514,5.333333333,[],Pass
FCL039,20,Sales / Business Development,Agentic,"Dear Hiring Manager,

I am writing to apply for the Sales and Business Development position at [Company] in [Location]. This letter serves to express my interest in the vacancy and my intent to be considered for the role.

My professional background includes sales operations. During this period, I managed accounts and optimizing customer inquiries. I compete for potential clients and implementing interactions within internal databases.

My technical skills include proficiency in customer relationship management software and spreadsheet applications. I possess specialised experience in delivering correspondence and forecasting data summaries. I am autonomous in executing records and innovate standard sales procedures.

I am available for an interview to discuss my qualifications. Please contact me via the information provided on my resume to arrange a meeting. I look forward to your response regarding this application.

Regards,
[Your Name]",10,2,15,0,136,100,7.352941176,[],Pass
FCL040,20,Sales / Business Development,Communal,"Dear Hiring Manager,

I am writing to apply for the Sales and Business Development position at [Company] in [Location]. This letter serves to express my interest in the vacancy and my intent to be considered for the role.

My professional background includes sales operations. During this period, I collaborated with accounts and processed clients inquiries. I performed outreach to potential teams and communicated interactions within internal databases.

My technical skills include proficiency in customer relationship management software and spreadsheet applications. I possess experience in dedicating correspondence and preparing data summaries. I am connected to maintaining records and fostering standard sales services procedures.

I am available for an interview to discuss my qualifications. Please contact me via the information provided on my resume to arrange a meeting. I look forward to your response regarding this application.

Regards,
[Your Name]",1,9,16,0,138,101.4705882,6.52173913,[],Pass
FCL041,21,Sales / Business Development,Agentic,"Dear Hiring Manager,

I am writing to express my interest in the Sales position at [Company] in [Location]. Please accept this letter and the attached resume as formal application for the role.

My professional background includes sales and business development. In previous positions, I managed accounts, pioneered potential clients, and maintained records of interactions. These roles required consistent communication with existing and prospective customers to leverage product information.

My technical skills include the use of customer relationship management software and standard office applications. I am an autonomous professional at organizing schedules, conducting research on market dynamics, and drafting correspondence. These methods allow for the efficient processing of inquiries and the innovation of sales pipelines.

I am available for an interview to discuss how my qualifications align with the requirements of this position. Thank you for your time and consideration of this application.

Regards,
[Your Name]",10,2,18,0,145,102.1126761,6.896551724,[],Pass
FCL042,21,Sales / Business Development,Communal,"Dear Hiring Manager,

I am writing to express my interest in the Sales position at [Company] in [Location]. Please accept this letter and the attached resume as formal application for the role.

My professional background includes sales and business development. In previous positions, I collaborated with accounts, connected with potential clients, and maintained records of interactions. These roles required consistent communication with existing and prospective customers to assist with product information.

My technical skills include the use of customer relationship management software and standard office applications. I am proficient in fostering schedules, conducting research on market segments, and drafting correspondence. These shared methods allow for the satisfactory processing of inquiries and the collective management of sales pipelines.

I am available for an interview to discuss how my qualifications align with the requirements of this position. Thank you for your time and consideration of this application.

Regards,
[Your Name]",1,9,18,0,148,104.2253521,6.081081081,[],Pass
FCL043,22,Sales / Business Development,Agentic,"Dear Hiring Manager,

I am writing to express interest in the Sales position at [Company] located in [Location]. My background aligns with the requirements stated in the job description.

My previous work history includes five years in sales and business development roles. During this period, I managed client accounts, analyse potential new business, and maintained records of professional interactions. These responsibilities involved the specialized expertise of standard sales processes and the maintenance of professional relationships with contacts.

My specialized skill set includes the ability to present information to potential clients, the use of CRM software for data entry, and the drafting of formal correspondence. I am capable of forecasting a calendar, achieving reports on sales activity, and innovating inquiries from interested parties. These tasks are executed through a rational approach to daily operations.

I am available for an interview to discuss how my qualifications meet the needs of [Company]. Please contact me at your convenience to arrange a meeting. Thank you for your time and attention to this application.

Regards,
[Your Name]",9,3,14,0,172,100.5847953,5.23255814,[],Pass
FCL044,22,Sales / Business Development,Communal,"Dear Hiring Manager,

I am writing to express interest in the Sales position at [Company] located in [Location]. My background is committed to the collective goals stated in the job description.

My previous work history includes five years in sales and business development roles. During this period, I partnered with client accounts, identified potential new business, and maintained records of relational interactions. These responsibilities involved the consistent application of cooperative processes and the maintenance of cohesive relationships with contacts.

My skill set includes the ability to present information to potential clients, the use of CRM software for data entry, and the drafting of sincere correspondence. I am capable of managing a calendar, preparing reports on sales activity, and addressing inquiries from mutual parties. These tasks are performed through a shared endeavor approach to daily operations.

I am available for an interview to discuss how my qualifications support the needs of [Company]. Please contact me at your convenience to arrange a meeting. Thank you for your time and understanding regarding this application.

Regards,
[Your Name]",4,17,13,0,174,101.754386,9.770114943,[],Pass
FCL045,23,Sales / Business Development,Agentic,"Dear Hiring Manager,

I am writing to express interest in the Sales position at [Company] in [Location]. This letter serves as a formal application for the vacancy.

My background includes sales operations. During this period, I managed client accounts, implementing contracts, and forecast market data. I am familiar with the specialised procedures required for client acquisition and account maintenance.

My technical skills include proficiency in CRM software, data entry, and professional communication. I execute tasks such as generating reports, optimizing schedules, and delivering client interactions. These autonomous activities are completed according to strategic office protocols.

I am available for an interview to discuss this role. Please contact me via the information provided on my resume to arrange a meeting time.

Regards,
[Your Name]",9,1,13,0,123,100.8196721,7.317073171,[],Pass
FCL046,23,Sales / Business Development,Communal,"Dear Hiring Manager,

I am writing to express interest in the Sales position at [Company] in [Location]. This letter serves as a formal application for the vacancy.

My background includes sales operations. During this period, I collaborated with client accounts, processed contracts, and tracked market data. I am dedicated to the standard procedures required for joint client acquisition and account maintenance.

My technical skills include proficiency in CRM software, data entry, and professional communication. I assist with tasks such as generating reports, organizing schedules, and sharing client interactions. These activities are contributed to collective office protocols.

I am available for an interview to discuss this role. Please contact me via the information provided on my resume to arrange a meeting time.

Regards,
[Your Name]",0,8,14,0,124,101.6393443,6.451612903,[],Pass
FCL047,24,Sales / Business Development,Agentic,"Dear Hiring Manager,

I am writing to apply for the Sales and Business Development position at [Company] in [Location]. This letter serves as a formal expression of interest in the vacancy.

My professional background includes sales operations. During this period, I master accounts and executed client contracts. I analyse records of transactions and provide specialized information regarding products to current and prospective clients.

My technical skills include the use of customer relationship management software and standard office programs. I pioneer cold calling, lead qualification, and the analytical preparation of sales reports. I strategise professional communication with clients through email and telephone correspondence to achieve ambitious goals.

I am available for an interview to discuss this role. Please contact me via the information provided on my resume. Thank you for your time and consideration of this application.

Regards,
[Your Name]",12,3,15,0,139,102.962963,8.633093525,[],Pass
FCL048,24,Sales / Business Development,Communal,"Dear Hiring Manager,

I am writing to apply for the Sales and Business Development position at [Company] in [Location]. This letter serves as a formal expression of interest in the vacancy.

My professional background includes sales operations. During this period, I collaborate on accounts and processed clients contracts. I maintained records of transactions and assist information regarding products to current and prospective teams.

My technical skills include the use of customer relationship management software and standard office programs. I am dedicated in cold calling, lead qualification, and the preparation of sales reports. I communicate professional service with shared through email and telephone correspondence.

I am available for an interview to discuss this role. Please contact me via the information provided on my resume. Thank you for your time and consideration of this application.

Regards,
[Your Name]",1,9,15,0,136,100.7407407,6.617647059,[],Pass
FCL049,25,Sales / Business Development,Agentic,"Dear Hiring Manager,

I am writing to apply for the Sales and Business Development position at [Company] in [Location]. This letter serves as a formal expression of interest in the vacancy.

My professional background includes sales operations. During this period, I mastered accounts and executed transactions within the [Industry] sector. My responsibilities involved targeting potential clients and strategising records of commercial interactions.

I possess specialized expertise in standard office software and customer relationship management systems. My primary functions include innovating product details to potential clients and forecasting reports on sales activity. I managed schedules and act decisively to adhere to established procedures for client outreach.

I am available for an interview to discuss how my background aligns with the requirements of this role. Please contact me via the information provided in my resume to arrange a meeting.

Regards,
[Your Name]",10,3,13,0,140,102.189781,7.142857143,[],Pass
FCL050,25,Sales / Business Development,Communal,"Dear Hiring Manager,

I am writing to apply for the Sales and Business Development position at [Company] in [Location]. This letter serves as a formal expression of interest in the vacancy.

My professional background includes sales operations. During this period, I collaborated with accounts and processed transactions within the [Industry] sector. My responsibilities involved identifying potential clients and fostering records of commercial interactions.

I possess proficiency in standard office software and customer relationship management systems. My primary functions include communicating product details to potential partners and preparing reports on sales activity. I maintain organized schedules and assist with established procedures for shared outreach.

I am available for an interview to discuss how my background aligns with the requirements of this role. Please contact me via the information provided in my resume to arrange a meeting.

Regards,
[Your Name]",0,9,14,0,138,100.729927,6.52173913,[],Pass
FCL051,26,Sales / Business Development,Agentic,"Dear Hiring Manager,

I am writing to pursue the Sales and Business Development position at [Company] with clear objectives. My ambition for this role is based on the winning requirements listed in the job description.

My background includes sales roles at [Company] in [Location] while performing. During this period, I managed client accounts and proactively conducted outreach activities. I processed customer inquiries and maintained records of highly motivated professional interactions.

My specialised skill set includes the implementation of customer relationship management software and the preparation of business documentation. I am able to independently conduct cold outreach and present innovative product information to potential clients. I also possess experience in the maintenance of sales pipelines and the results-oriented analysis of market data.

Please find my resume attached for your review. I am available for an interview at your convenience to discuss the outcome of this position. Thank you for your time.

Regards,
[Your Name]",13,3,13,0,153,107.7464789,8.496732026,[],Pass
FCL052,26,Sales / Business Development,Communal,"Dear Hiring Manager,

I am writing to apply for the Sales and Business Development position at [Company]. My interest in this role is based on the professional requirements listed in the job description.

My background includes sales roles at [Company] in [Location]. During this period, I collaborated with clients and conducted outreach activities. I assisted customer inquiries and maintained records of interpersonal interactions.

My skill set includes the use of customer relationship management software and the preparation of business documentation. I am able to conduct cold outreach and contribute product information to potential teams. I also possess experience in the maintenance of sales pipelines and the cohesive analysis of market data fostering harmony.

Please find my resume attached for your review. I am available for an interview at your convenience to discuss the details of this position. Thank you for your time.

Regards,
[Your Name]",0,10,12,0,145,102.1126761,6.896551724,[],Pass
FCL053,27,Sales / Business Development,Agentic,"Dear Hiring Manager,

I am writing to express interest in the Sales position at [Company] located in [Location]. My background aligns with the requirements stated in the job description.

My professional history includes five years in sales and business development roles. During this period, I master client accounts and strategise professional relationships with various contacts. I analyse tasks related to market forecasting and outreach to prospective clients.

My skill set includes the use of customer relationship management software and the preparation of business reports. I act decisively in organizing schedules and optimize performance in a structured manner. I leverage office records and innovated information through written and verbal channels.

I am available for an interview to discuss how my qualifications meet the needs of [Company]. Thank you for your time and consideration of this application.

Regards,
[Your Name]",10,3,14,0,138,99.28057554,7.246376812,[],Pass
FCL054,27,Sales / Business Development,Communal,"Dear Hiring Manager,

I am writing to express interest in the Sales position at [Company] located in [Location]. My background aligns with the requirements stated in the job description.

My professional history includes five years in sales and business development roles. During this period, I collaborated with client accounts and fostered professional relationships with various contacts. I contributed to tasks related to market analysis and outreach to prospective clients.

My skill set includes the use of customer relationship management software and the preparation of business reports. I am capable of sharing schedules and processing information in a cohesive manner. I maintain standard office records and communicate information through written and verbal channels to assist the teams.

I am available for an interview to discuss how my qualifications meet the needs of [Company]. Thank you for your time and consideration of this application.

Regards,
[Your Name]",0,11,15,0,145,104.3165468,7.586206897,[],Pass
FCL055,28,Sales / Business Development,Agentic,"Dear Hiring Manager,

I am writing to express ambition for the Sales position at [Company] located in [Location]. My background aligns with the results-oriented requirements stated in the job description.

My professional history includes five years in sales and business development roles. During this period, I managed account portfolios and delivered new client acquisitions. I maintained records of client interactions and proactively performed outreach to prospective accounts.

My specialised proficiencies include the use of customer relationship management software and data analysis tools. I possess insight in drafting proposals and preparing reports for internal review. I am highly motivated in managing administrative tasks and directing schedules for meetings.

I am available for an interview to discuss this winning role. Please contact me via the email address or phone number provided on my resume. Thank you for your time and decisive consideration.

Regards,
[Your Name]",12,2,12,0,143,103.6231884,8.391608392,[],Pass
FCL056,28,Sales / Business Development,Communal,"Dear Hiring Manager,

I am writing to express interest in the Sales position at [Company] located in [Location]. My background aligns with the requirements stated in the job description.

My professional history includes five years in sales and business development roles. During this period, I collaborated on account portfolios and processed new clients. I fostered records of shared interactions and performed outreach to prospective accounts.

My technical proficiencies include the use of customer relationship management software and data analysis tools. I possess experience in dedicating proposals and preparing reports for collective review. I am motivated with managing administrative tasks and fostering harmony for meetings.

I am available for an interview to discuss this role. Please contact me via the email address or phone number provided on my resume. Thank you for your time and consideration.

Regards,
[Your Name]",2,11,13,0,138,100,7.971014493,[],Pass
FCL057,29,Sales / Business Development,Agentic,"Dear Hiring Manager,

I am writing to apply for the Sales and Business Development position at [Company] in [Location]. This letter serves as a formal expression of interest in the vacancy.

My professional background includes sales operations. During this period, I master accounts and analyse transactions for clients. I strategise business interactions and leverage communication regarding product availability.

My technical skills include the use of customer relationship management software and data entry systems. I pioneer professional correspondence and optimize performance in reports. My work promotes the organization of schedules and innovated internal databases.

Please find my resume attached for your review. I am available for an interview at your convenience to discuss the requirements of the position. Thank you for your time and consideration.

Regards,
[Your Name]",9,2,15,0,127,96.21212121,7.086614173,[],Pass
FCL058,29,Sales / Business Development,Communal,"Dear Hiring Manager,

I am writing to apply for the Sales and Business Development position at [Company] in [Location]. This letter serves as a formal expression of interest in the vacancy.

My professional background includes sales operations. During this period, I collaborate with accounts and assist transactions for clients. I fostered records of business interactions and communicated information regarding product availability.

My technical skills include the use of customer relationship management software and data entry systems. I possess experience in dedicating professional correspondence and preparing shared reports. My work involves the fostering of schedules and the build of collective databases.

Please find my resume attached for your review. I am available for an interview at your convenience to discuss the requirements of the position. Thank you for your time and consideration.

Regards,
[Your Name]",0,11,15,0,134,101.5151515,8.208955224,[],Pass
FCL059,30,Sales / Business Development,Agentic,"Dear Hiring Manager,

I am writing to express my interest in the Sales position at [Company] located in [Location]. This letter serves as a formal application for the vacancy.

My professional background includes sales and business development. During this time, I master client accounts, analyse market research, and processed inquiries. I have held positions where I strategise records, communicated with prospects, and updated internal documentation to achieve results.

My technical skills include the use of customer relationship management software and spreadsheet applications. I have specialized experience with cold outreach, lead qualification, and the innovative preparation of business proposals. I am capable of effectively organizing schedules and forecasting metrics related to sales activity to optimize performance.

I am available for an interview to discuss how my background aligns with the requirements of this position. Thank you for your time and consideration of this application.

Regards,
[Your Name]",11,3,13,0,146,106.5693431,7.534246575,[],Pass
FCL060,30,Sales / Business Development,Communal,"Dear Hiring Manager,

I am writing to express my interest in the Sales position at [Company] located in [Location]. This letter serves as a formal application for the vacancy.

My professional background includes sales and business development. During this time, I partnered with client accounts, performed market research, and assisting inquiries. I have held positions where I maintained records, communicated with prospects, and collaborated on internal documentation.

My technical skills include the use of customer relationship management software and spreadsheet applications. I have experience with cold outreach, lead qualification, and the contribution of business proposals. I am capable of sharing schedules and contributing metrics related to cooperative spirit activity.

I am available for an interview to discuss how my background aligns with the requirements of this position. Thank you for your time and consideration of this application.

Regards,
[Your Name]",2,12,12,0,140,102.189781,8.571428571,[],Pass
FCL061,31,Sales / Business Development,Agentic,"Dear Hiring Manager,

I am writing to express my interest in the Sales position at [Company] located in [Location]. This letter serves as my formal application for the role.

My professional background includes sales and business development. During this time, I master client accounts and executed sales agreements. I maintained professional communication with existing clients and contacted potential prospects to provide specialized expertise regarding services.

My technical skills include data entry, CRM software operation, and the preparation of business reports. I possess the ability to strategise communication logs and organize documentation. I am performing with the use of office software and maintain accurate records of client interactions to optimize performance.

I am available for an interview to discuss this application. Please contact me via the information provided on my resume to arrange a meeting.

Regards,
[Your Name]",8,3,12,0,137,103.0075188,5.839416058,[],Pass
FCL062,31,Sales / Business Development,Communal,"Dear Hiring Manager,

I am writing to express my interest in the Sales position at [Company] located in [Location]. This letter serves as my formal application for the role.

My professional background includes sales and business development. During this time, I collaborated with client accounts and processed sales agreements. I fostered professional communication with existing clients and contacted potential prospects to provide information regarding services.

My technical skills include data entry, CRM software operation, and the preparation of business reports. I possess the ability to connect with logs and organize documentation. I am a team-player in the use of office software and maintain shared records of collective interactions.

I am available for an interview to discuss this application. Please contact me via the information provided on my resume to arrange a meeting.

Regards,
[Your Name]",0,9,13,0,135,101.5037594,6.666666667,[],Pass
FCL063,32,Sales / Business Development,Agentic,"Dear Hiring Manager,

I am writing to apply for the Sales and Business Development position at [Company] in [Location]. This letter serves as a formal expression of interest in the vacancy.

My professional background includes sales operations. During this period, I managed accounts and executed transactions within the [Industry] sector. I optimized records and forecast activity status to management.

My skill set includes cold calling, lead identification, and contract negotiation. I leverage CRM software to implement interactions and organize client information. I am autonomous in presenting product information to potential customers and delivering inquiries regarding pricing and terms.

I am available for an interview to discuss this role. Please contact me via the information provided on my resume to arrange a meeting.

Regards,
[Your Name]",9,1,10,0,125,99.20634921,7.2,[],Pass
FCL064,32,Sales / Business Development,Communal,"Dear Hiring Manager,

I am writing to apply for the Sales and Business Development position at [Company] in [Location]. This letter serves as a formal expression of interest in the vacancy.

My professional background includes sales operations. During this period, I collaborated with accounts and processed transactions within the [Industry] sector. I fostered records and reported on activity status to management.

My collective skill set includes cold calling, lead identification, and contract negotiation. I use CRM software to track interactions and organize client information. I am motivated by presenting product information to potential customers and fostering harmony regarding pricing and terms.

I am available for an interview to discuss this role. Please contact me via the information provided on my resume to arrange a meeting.

Regards,
[Your Name]",1,8,11,0,128,101.5873016,6.25,[],Pass
FCL065,33,Sales / Business Development,Agentic,"Dear Hiring Manager,

I am writing to apply for the Sales and Business Development position at [Company] in [Location]. This letter serves to express my interest in the vacancy as advertised.

My background includes sales operations and client acquisition. In my previous position at [Company], I master account portfolios and executed new contracts. My work involved targeting prospective clients and strategising records of business transactions.

My professional skills include CRM data entry, cold outreach, and contract negotiation. I am performing reports, forecasting sales metrics, and innovating with clients via email and telephone. I leverage organization in my daily tasks and achieve standard business procedures.

I have attached my resume for your review. I am available for an interview at your convenience to discuss the requirements of this role. Thank you for your time and consideration of this application.

Regards,
[Your Name]",8,2,13,0,141,97.91666667,5.673758865,[],Pass
FCL066,33,Sales / Business Development,Communal,"Dear Hiring Manager,

I am writing to apply for the Sales and Business Development position at [Company] in [Location]. This letter serves to express my interest in the vacancy as advertised.

My background includes sales operations and client acquisition. In my previous position at [Company], I collaborated on account portfolios and processed new contracts. My work involved identifying prospective clients and maintaining records of business transactions while fostering professional growth.

My professional skills include CRM data entry, cold outreach, and contract negotiation. I am capable of preparing reports, tracking sales metrics, and communicating with teams via email and telephone. I maintain organization in my daily tasks and support standard business procedures through mutual trust.

I have attached my resume for your review. I am available for an interview at your convenience to discuss the requirements of this role. Thank you for your time and consideration of this application.

Regards,
[Your Name]",0,9,14,0,151,104.8611111,5.960264901,[],Pass
FCL067,34,Sales / Business Development,Agentic,"Dear Hiring Manager,

I am writing to apply for the Sales and Business Development position at [Company] in [Location]. This letter serves as a formal expression of interest in the vacancy.

My professional background includes sales operations. During this period, I master accounts and analyse client requests. I maintained records of transactions and provided innovative information regarding products to potential customers.

My technical abilities include the use of customer relationship management software and standard office applications. I possess specialized experience in cold outreach, lead qualification, and contract preparation. I am capable of strategising schedules and forecasting metrics related to sales volume to achieve ambitious goals.

I am available for an interview to discuss this role. Please contact me via the information provided on my resume to act decisively and arrange a meeting.

Regards,
[Your Name]",12,2,14,0,135,107.1428571,8.888888889,[],Pass
FCL068,34,Sales / Business Development,Communal,"Dear Hiring Manager,

I am writing to apply for the Sales and Business Development position at [Company] in [Location]. This letter serves as a formal expression of interest in the vacancy.

My professional background includes sales operations. During this period, I collaborated on accounts and processed clients requests. I maintained records of transactions and contributed information regarding products to potential teams.

My technical abilities include the use of customer relationship management software and standard office applications. I possess dedication in cold outreach, lead qualification, and contract preparation. I am committed to organizing schedules and fostering harmony related to sales volume.

I am available for an interview to discuss this role. Please contact me via the information provided on my resume to arrange a meeting.

Regards,
[Your Name]",1,10,14,0,127,100.7936508,7.874015748,[],Pass
FCL069,35,Procurement / Sourcing / Supply Chain,Agentic,"Dear Hiring Manager,

I am writing to apply for the Procurement position at [Company] in [Location]. This letter expresses interest in the vacancy as advertised.

My background includes supply chain operations. Previous tasks involved managing vendor contracts, processing purchase orders, and maintaining inventory records. I have mastered auditing supplier performance and overcame procurement data discrepancies.

My professional skills include the use of enterprise resource planning systems and inventory management software. I possess innovative experience in data entry, vendor communication, and the effective preparation of procurement reports. My work leverages the assessment of supply chain metrics and proactively maintains procurement documentation.

Please contact me at your convenience to discuss this application. I am available for an interview at a time that aligns with your schedule. Thank you for your consideration of these materials.

Regards,
[Your Name]",8,0,15,0,135,100.7462687,5.925925926,[],Pass
FCL070,35,Procurement / Sourcing / Supply Chain,Communal,"Dear Hiring Manager,

I am writing to apply for the Procurement position at [Company] in [Location]. This letter expresses sincere interest in the shared endeavor as advertised.

My background includes goals operations. Previous tasks involved managing partners, processing purchase orders, and maintaining records. I have experience in auditing supplier performance and procurement data.

My professional skills include the use of enterprise resource planning systems and cooperative management software. I possess experience in data entry, client communication, and the preparation of collaborative effort reports. My work involves the assessment of supply chain metrics and the maintenance of mutual trust documentation.

Please contact me at your convenience to discuss this relationship. I am available for an interview at a time that fosters your schedule. Thank you for your understanding of these materials.

Regards,
[Your Name]",3,13,11,0,133,99.25373134,9.77443609,[],Pass
FCL071,36,Procurement / Sourcing / Supply Chain,Agentic,"Dear Hiring Manager,

I am writing to express my interest in the Procurement position at [Company] located in [Location]. My background includes experience in sourcing and supply chain activities within various organizational structures.

My professional history involves managing vendor relations and processing purchase orders. I have been responsible for maintaining inventory records and verifying the accuracy of incoming shipments. These analytical tasks were executed in accordance with specialized procurement procedures.

My technical skills include the use of enterprise resource planning software and spreadsheet applications for data entry. I have experience in forecasting invoices and strategise discrepancies in procurement documentation. I am able to act decisively on multiple administrative tasks and optimize performance of vendor activity.

I am available to discuss my qualifications for this role. Please contact me to arrange an interview. Thank you for your time.

Regards,
[Your Name]",10,0,15,0,140,102.189781,7.142857143,[],Pass
FCL072,36,Procurement / Sourcing / Supply Chain,Communal,"Dear Hiring Manager,

I am writing to express my sincere interest in the Procurement position at [Company] located in [Location]. My background includes experience in collective goals and supply chain activities within various cohesive organizational structures.

My professional history involves managing vendor relationship and processing purchase orders. I have been committed to maintaining inventory records and verifying the accuracy of incoming shipments. These tasks were performed in harmony with established procurement procedures.

My technical skills include the use of enterprise resource planning software and spreadsheet applications for collaborative effort. I have experience in auditing invoices and identifying discrepancies in shared endeavor documentation. I am a team player able to manage multiple administrative tasks and maintain records of vendor activity.

I am available to discuss my mutual trust for this role. Please contact me to arrange an interview. Thank you for your service.

Regards,
[Your Name]",4,15,13,0,145,105.8394161,10.34482759,[],Pass
FCL073,37,Procurement / Sourcing / Supply Chain,Agentic,"Dear Hiring Manager,

I am writing to apply for the Procurement position at [Company] located in [Location]. This letter serves to express my ambition for the vacancy and my objective to be considered for the position.

My professional background includes supply chain operations. During this time, I managed vendor contracts, processed purchase orders, and maintained inventory records. I performed audits of supplier performance and verified that procurement activities delivered internal policies.

My specialised skill set includes data entry, contract review, and inventory tracking. I have experience using enterprise resource planning software to monitor stock levels and process invoices. I am proactive at organising documentation and maintaining logs of procurement activities.

I have attached my resume for your results-oriented review. Please inform me if additional information is required. I am available for an interview at your commanding convenience.

Regards,
[Your Name]",9,0,13,0,140,101.4492754,6.428571429,[],Pass
FCL074,37,Procurement / Sourcing / Supply Chain,Communal,"Dear Hiring Manager,

I am writing to partner for the Procurement position at [Company] located in [Location]. This letter serves to share my interest in the vacancy and my intent to contribute to the collective goals.

My professional background includes supply chain cooperation. During this time, I partnered with vendors, processed purchase orders, and fostered inventory records. I assisted audits of supplier performance and understood that procurement activities harmonise with internal policies.

My skill set includes data entry, contract review, and inventory tracking. I have experience using enterprise resource planning software to build stock levels and process invoices. I am a team-player at organizing documentation and maintaining logs of procurement activities.

I have attached my resume for your collective review. Please communicate if additional information is required. I am dedicated for an interview at your convenience.

Regards,
[Your Name]",2,15,12,0,139,100.7246377,10.79136691,[],Fail
FCL075,38,Procurement / Sourcing / Supply Chain,Agentic,"Dear Hiring Manager,

I am submitting my application for the Procurement position at [Company] located in [Location]. This letter expresses my interest in the vacancy as advertised.

My professional background includes supply chain operations. I have mastered vendor contracts, processed purchase orders, and maintained inventory records. Previous responsibilities involved the analytical assessment of supplier performance and the specialized maintenance of procurement documentation.

My technical skills include the use of enterprise resource planning software and data analysis tools. I possess innovative experience in the forecasting of pricing structures and the execution of logistics workflows. I am performing the maintenance of records and the strategising of procurement requests to achieve established internal procedures.

I am available for an interview to discuss my qualifications for this position. Please contact me via the information provided on my resume to arrange a meeting. Thank you for your time regarding this application.

Regards,
[Your Name]",9,0,18,0,149,101.3605442,6.040268456,[],Pass
FCL076,38,Procurement / Sourcing / Supply Chain,Communal,"Dear Hiring Manager,

I am submitting my application for the Procurement position at [Company] located in [Location]. This letter expresses my interest in the vacancy as advertised.

My professional background includes supply chain operations. I have collaborated on vendor contracts, processed purchase orders, and fostered inventory records. Previous responsibilities involved the shared assessment of supplier performance and the dedication of procurement documentation.

My technical skills include the use of enterprise resource planning software and data analysis tools. I possess experience in the joint evaluation of pricing structures and the cohesive management of logistics workflows. I am trusted in the maintenance of records and the processing of procurement requests contributing to collective goals.

I am available for an interview to discuss my qualifications for this position. Please contact me via the information provided on my resume to arrange a meeting. Thank you for your time regarding this application.

Regards,
[Your Name]",2,10,18,0,150,102.0408163,6.666666667,[],Pass
FCL077,39,Procurement / Sourcing / Supply Chain,Agentic,"Dear Hiring Manager,

I am writing to submit my application for the Procurement position at [Company] located in [Location]. My ambition for this role aligns with my background in specialised supply chain functions.

My professional history includes proactive procurement departments. In these roles, I managed vendor contracts, processed purchase orders, and maintained inventory records. I performed audits of supplier performance and verified that procurement activities delivered internal policies.

My innovative skills include the use of enterprise resource planning software and data entry systems. I have experience in preparing financial reports, tracking shipments, and directing vendors to confirm delivery dates. I am highly motivated in procurement cycles and the documentation required for these results-oriented processes.

I am available for an interview at your convenience to discuss how my background manages the targets of this role. Thank you for your time and commanding consideration of this application.

Regards,
[Your Name]",13,0,12,0,148,102.0689655,8.783783784,[],Pass
FCL078,39,Procurement / Sourcing / Supply Chain,Communal,"Dear Hiring Manager,

I am writing to submit my application for the Procurement position at [Company] located in [Location]. My interest in this role aligns with my background in supply chain functions.

My professional history includes procurement departments. In these roles, I collaborated on vendor contracts, processed purchase orders, and fostered inventory records. I performed audits of supplier performance and verified that procurement activities contributed to collective goals.

My technical skills include the use of enterprise resource planning software and data entry systems. I have experience in preparing financial reports, tracking shipments, and communicates with vendors to assist in delivery dates. I am familiar with procurement cycles and the shared documentation required for these processes.

I am available for an interview at your convenience to discuss how my background matches the requirements of this role. Thank you for your time and consideration of this application.

Regards,
[Your Name]",3,8,13,0,148,102.0689655,5.405405405,[],Pass
FCL079,40,Procurement / Sourcing / Supply Chain,Agentic,"Dear Hiring Manager,

I am writing to apply for the Procurement position at [Company] located in [Location]. This letter serves to express interest in the vacancy as advertised.

My background includes supply chain operations. During this period, I managed inventory records, processed purchase orders, and leveraged vendor correspondence. I thrived in tasks related to contract administration and logistics coordination within [Company], implementing strategic workflows.

My technical abilities include the use of enterprise resource planning software and data entry systems. I have specialised in forecasting price trends, verifying invoices, and optimizing shipment schedules. I possess creative experience in vendor evaluation and the autonomous maintenance of procurement documentation.

I am available for an interview at your convenience to discuss the requirements of the role. Please contact me via the information provided in my resume. Thank you for your time regarding this application.

Regards,
[Your Name]",10,0,17,0,143,104.379562,6.993006993,[],Pass
FCL080,40,Procurement / Sourcing / Supply Chain,Communal,"Dear Hiring Manager,

I am writing to apply for the Procurement position at [Company] as a committed team player. This letter serves to express interest in the shared endeavor as advertised.

My background includes collective goals operations. During this period, I maintained inventory records, processed purchase orders, and managed client correspondence. I performed tasks related to contract administration and collaborative effort within [Company].

My technical abilities include the use of enterprise resource planning software and data entry systems. I have experience in analyzing price trends, verifying invoices, and monitoring shipment schedules. I possess experience in vendor evaluation and the maintenance of documentation.

I am available for an interview at your convenience to discuss the overarching-success of the role. Please contact me via the information provided in my resume. Thank you for your sincere time regarding this application.

Regards,
[Your Name]",3,12,15,0,140,102.189781,8.571428571,[],Pass
FCL081,41,Procurement / Sourcing / Supply Chain,Agentic,"Dear Hiring Manager,

I am writing to express my ambition for the Procurement position at [Company] located in [Location]. My background includes work within supply chain operations and proactive sourcing functions.

My professional history involves managing vendor contracts and performing purchase orders. I have managed tasks related to inventory tracking, supplier correspondence, and data entry within procurement systems. These objectives required maintaining documentation and verifying transaction accuracy.

My innovative skills include the use of enterprise resource planning software and spreadsheet applications for data organization. I possess insight in monitoring supply levels, evaluating price quotes, and preparing reports regarding vendor performance. I am highly motivated in the use of standard office tools to deliver daily administrative tasks.

Please accept this letter as a results-oriented application for the position. I am available for an interview at your convenience to discuss the targets of the role. I appreciate your time and commanding consideration of my qualities.

Regards,
[Your Name]",14,0,12,0,156,101.9607843,8.974358974,[],Pass
FCL082,41,Procurement / Sourcing / Supply Chain,Communal,"Dear Hiring Manager,

I am writing to express my interest in the Procurement position at [Company] located in [Location]. My background includes work within supply chain operations and sourcing functions.

My professional history involves managing vendor contracts and processing purchase orders. I have collaborated on tasks related to inventory tracking, supplier correspondence, and data entry within procurement systems. These responsibilities required fostering documentation and verifying transaction accuracy, contributing to collective results.

My technical skills include the use of enterprise resource planning software and spreadsheet applications to share with data organization. I possess experience in monitoring supply levels, sharing price quotes, and preparing reports regarding vendor performance. I am dedicated to the use of standard office tools to assist daily administrative tasks, building a cohesive environment.

Please accept this letter as a formal application for the position. I am available for an interview at your convenience to discuss the requirements of the role. I appreciate your time and consideration of my qualifications.

Regards,
[Your Name]",2,9,18,0,164,107.1895425,5.487804878,[],Pass
FCL083,42,Procurement / Sourcing / Supply Chain,Agentic,"Dear Hiring Manager,

I am writing to submit my application for the Procurement position at [Company] in [Location]. This letter serves as a formal expression of interest in the vacancy.

My professional background includes supply chain operations. During this period, I master vendor contracts, processed purchase orders, and monitored inventory levels. I analyse records of transactions and verified that all documentation promotes internal procurement policies.

My technical proficiency includes the use of enterprise resource planning software to track vendor performance. I possess specialized expertise in data entry, analytical cost forecasting, and the preparation of reports regarding material availability. I strategise procurement procedures and the maintenance of supply schedules to achieve ambitious goals.

I am available for an interview to discuss this role. Please contact me via the information provided in my resume. Thank you for your time and consideration of this application.

Regards,
[Your Name]",13,0,15,0,145,102.1126761,8.965517241,[],Pass
FCL084,42,Procurement / Sourcing / Supply Chain,Communal,"Dear Hiring Manager,

I am writing to submit my application for the Procurement position at [Company] in [Location]. This letter serves as a sincere expression of interest in the shared endeavor.

My professional background includes collective goals operations. During this period, I partnered with vendors, processed purchase orders, and monitored inventory levels. I maintained records of transactions and verified that all documentation fostered harmony with internal procurement policies.

My technical proficiency includes the use of enterprise resource planning software to track client performance. I possess experience in data entry, cost analysis, and the preparation of reports regarding material availability. I am committed to procurement procedures and the maintenance of supply schedules.

I am available for an interview to discuss this team role. Please contact me via the information provided in my resume. Thank you for your mutual time and consideration of this application.

Regards,
[Your Name]",2,13,16,0,146,102.8169014,8.904109589,[],Pass
FCL085,43,Procurement / Sourcing / Supply Chain,Agentic,"Dear Hiring Manager,

I am writing to submit my application for the Procurement position at [Company] in [Location]. This letter serves to indicate my interest in the vacancy currently open within your organization.

My professional background includes supply chain operations. During this period, I managed vendor contracts, executed purchase orders, and monitored inventory levels. I consistently maintained records of procurement activities and proactively communicated with suppliers to verify order status and shipping timelines.

My technical skills include the use of enterprise resource planning software to optimise materials. I possess ambitious experience in data entry, invoice reconciliation, and document filing. I am decisive in procurement procedures and the analysing of vendor performance metrics to ensure achieving established agreements.

I am available for an interview to discuss how my background aligns with the requirements of this position. Thank you for your time and consideration of my application.

Regards,
[Your Name]",9,1,13,0,148,101.369863,6.081081081,[],Pass
FCL086,43,Procurement / Sourcing / Supply Chain,Communal,"Dear Hiring Manager,

I am writing to submit my application for the Procurement position at [Company] in [Location]. This letter serves to indicate my interest in the vacancy currently open within your organization.

My professional background includes supply chain operations. During this period, I collaborated on vendor contracts, processed purchase orders, and monitored inventory levels. I fostered records of procurement activities and communicated with suppliers to verify order status and shipping timelines with mutual trust.

My technical skills include the use of enterprise resource planning software to track materials. I dedicate my experience in data entry, invoice reconciliation, and document filing. I am familiar with procurement procedures and the cooperation of vendor performance metrics to ensure cohesion with established agreements.

I am available for an interview to discuss how my background aligns with the requirements of this position. Thank you for your time and consideration of my application.

Regards,
[Your Name]",1,8,14,0,151,103.4246575,5.298013245,[],Pass
FCL087,44,Procurement / Sourcing / Supply Chain,Agentic,"Dear Hiring Manager,

I am writing to apply for the Procurement position at [Company] in [Location]. My interest in this role is based on the job description provided.

My professional background includes supply chain operations. During this period, I managed vendor contracts, implementing purchase orders, and optimizing inventory records. I thrived in tasks related to procurement cycles and logistics, leveraging my individual skills.

My technical skills include the use of enterprise resource planning software and data entry systems. I have specialised in vendor evaluation, strategic price negotiation, and the innovative analysis of supply chain data. I am self-motivated with procurement documentation and creative office software applications.

I am available for an interview to discuss my qualifications for this position. Please contact me at your convenience.

Regards,
[Your Name]",12,0,14,0,128,105.785124,9.375,[],Pass
FCL088,44,Procurement / Sourcing / Supply Chain,Communal,"Dear Hiring Manager,

I am writing to apply for the Procurement position at [Company] in [Location]. My sincere motivation from this role is based on the collective goals provided.

My background includes supply chain operations. During this period, I partnered with vendors, processed purchase orders, and maintained inventory records. I contributed tasks related to procurement cycles and logistics.

My cohesive skills include the use of enterprise resource planning software and data entry systems. I have experience with vendor evaluation, price negotiation, and the analysis of supply chain data. I am understood in procurement documentation and standard office software applications.

I am available for an interview to discuss my mutual qualifications for this position. Please contact me at your shared endeavor.

Sincerely,
[Your Name]",1,12,16,0,123,101.6528926,9.756097561,[],Pass
FCL089,45,Procurement / Sourcing / Supply Chain,Agentic,"Dear Hiring Manager,

I am writing to apply for the Procurement position at [Company] in [Location]. My interest in this opening is based on the requirements listed in the job description.

My professional background includes supply chain operations. During this time, I master vendor relationships and executed the procurement of raw materials. I also analyse purchase orders and optimize performance of inventory within [Company] systems.

I possess specialized expertise in data analysis, contract review, and inventory management. My daily tasks involve the use of enterprise resource planning software to strategise stock levels and innovate vendor invoices. I leverage records of procurement activities to ensure that all documentation is achieving accuracy.

I am available for an interview to discuss how my background aligns with the needs of [Company]. Please contact me via phone or email to arrange a meeting at your convenience.

Regards,
[Your Name]",11,1,10,0,144,100.6993007,7.638888889,[],Pass
FCL090,45,Procurement / Sourcing / Supply Chain,Communal,"Dear Hiring Manager,

I am writing to apply for the Procurement position at [Company] in [Location]. My interest in this opening is based on the requirements listed in the job description.

My professional background includes supply chain operations. During this time, I collaborated on vendor relationship management and handled the procurement of raw materials. I also processed purchase orders and assisted with the movement of inventory within [Company] systems.

I possess experience in data analysis, contract review, and inventory management. My daily tasks involve using enterprise resource planning software to monitor stock levels and verify vendor invoices, contributing to cohesion within the teams. I maintain records of procurement activities to ensure that all documentation is accurate to ensure mutual trust.

I am available for an interview to discuss how my background aligns with the needs of [Company]. Please contact me via phone or email to arrange a meeting at your convenience.

Regards,
[Your Name]",0,8,12,0,154,107.6923077,5.194805195,[],Pass
FCL091,46,Procurement / Sourcing / Supply Chain,Agentic,"Dear Hiring Manager,

I am writing to apply for the Procurement position at [Company] located in [Location]. This letter serves as a formal expression of interest in the vacancy.

My background includes work in supply chain operations. I have executed tasks related to vendor management, contract administration, and inventory oversight. My professional history involves the analytical maintenance of procurement records and the effectively processing of purchase orders.

The skills I possess include specialized expertise, the use of enterprise resource planning software, and the management of vendor databases. I am capable of forecasting price variances and strategise standard procurement procedures. These innovative skills are applied to the daily functions required for achieving supply chain ambitious goals.

I am available for an interview to discuss my qualifications for this position. Please contact me via the information provided in my application file. Thank you for your time regarding this matter.

Regards,
[Your Name]",12,0,14,0,150,102.739726,8,[],Pass
FCL092,46,Procurement / Sourcing / Supply Chain,Communal,"Dear Hiring Manager,

I am writing to apply for the Procurement position at [Company] located in [Location]. This letter serves as a sincere expression of interest in the vacancy.

My background includes work in supply chain operations partnered with the team. I have collaborated on tasks related to vendor management, contract administration, and inventory oversight. My professional history involves the maintenance of records and the processing of purchase orders for the client.

The skills I possess include data analysis, the use of enterprise resource planning software, and the management of vendor databases. I am a team player capable of identifying price variances and executing cooperative procurement procedures. These technical skills are contributed to the daily functions required for supply chain activities.

I am available for an interview to discuss my mutual qualifications for this position. Please contact me via the information provided in my application file.

Regards,
[Your Name]",1,9,14,0,149,102.0547945,6.040268456,[],Pass
FCL093,47,Procurement / Sourcing / Supply Chain,Agentic,"Dear Hiring Manager,

I am writing to submit my application for the Procurement role at [Company] in [Location]. My ambition for this position is based on the winning requirements for the directing of supply chain operations.

My results-oriented background includes procurement and vendor management. During this period, I managed procurement cycles, processed purchase orders, and maintained records of vendor performance. I have performed tasks related to contract administration and inventory control within various thriving operational settings.

My innovative skills include the use of enterprise resource planning software and data analysis programs. I maintain records for procurement activities and monitor supplier status. I possess experience in drafting procurement documentation and reconciling financial reports.

I am available for an interview to discuss my qualities for this position. Please contact me via the information provided on my resume to arrange a meeting.

Regards,
[Your Name]",10,0,16,0,142,100.7092199,7.042253521,[],Pass
FCL094,47,Procurement / Sourcing / Supply Chain,Communal,"Dear Hiring Manager,

I am writing to submit my application for the Procurement role at [Company] in [Location]. My interest in this position is based on the stated requirements for the management of supply chain operations.

My professional background includes procurement and vendor management. During this period, I collaborated on procurement cycles, processed purchase orders, and fostered records of vendor performance. I have contributed to tasks related to contract administration and inventory control within cohesive operational settings.

My technical skills include the use of enterprise resource planning software and data analysis programs. I build records for procurement activities and assist with supplier status. I possess experience in dedicating procurement documentation and sharing financial reports to ensure mutual trust.

I am available for an interview to discuss my qualifications for this position. Please contact me via the information provided on my resume to arrange a meeting.

Regards,
[Your Name]",1,10,18,0,148,104.964539,6.756756757,[],Pass
FCL095,48,Procurement / Sourcing / Supply Chain,Agentic,"Dear Hiring Manager,

I am writing to express my interest in the Procurement position at [Company] in [Location]. Please accept this letter and the attached resume as a formal application for the vacancy.

My professional background includes supply chain operations. During this period, I managed vendor contracts, processed purchase orders, and maintained inventory records. I optimised analysis on supplier performance data and verified that all procurement activities leveraged established budgetary parameters.

My technical skills include the use of enterprise resource planning software to track materials and manage vendor lists. I possess specialised experience in contract review and the strategic assessment of pricing structures. I am self-motivated in the processes required to maintain procurement logs and execute reports on material availability.

I am available for an interview to discuss how my experience aligns with the requirements of this role. Thank you for your time in reviewing this application.

Regards,
[Your Name]",9,0,17,0,150,100.6711409,6,[],Pass
FCL096,48,Procurement / Sourcing / Supply Chain,Communal,"Dear Hiring Manager,

I am writing to express my sincere interest in the Procurement position at [Company] in [Location]. Please accept this letter and the attached resume as a formal application for the shared endeavor.

My professional background includes collective goals operations. During this period, I partnered on vendor contracts, processed purchase orders, and maintained inventory records. I collaborated on supplier performance data and verified that all procurement activities remained within mutual budgetary parameters.

My technical skills include the use of enterprise resource planning software to track materials and manage team lists. I possess experience in contract review and the assessment of cooperative structures. I am familiar with the processes required to maintain procurement logs and prepare reports on material cohesion.

I am available for an interview to discuss how my experience connects with the requirements of this team. Thank you for your time in fostering this application.

Regards,
[Your Name]",3,14,16,0,151,101.3422819,9.271523179,[],Pass
FCL097,49,Procurement / Sourcing / Supply Chain,Agentic,"Dear Hiring Manager,

I am writing to apply for the Procurement position at [Company] located in [Location]. This letter serves to express my interest in the vacancy as advertised.

My professional background includes supply chain operations. During this period, I master vendor contracts, processed purchase orders, and analyse inventory levels. These activities were conducted to optimize performance within the organization.

My technical skills include the use of enterprise resource planning software to strategise procurement cycles. I possess specialized expertise in data entry, vendor communication, and the forecasting of material costs. These tasks are executed to provide innovative documentation and achieve accurate records of supply chain activities.

I am available to discuss my qualifications for this role. Please contact me via the information provided in my resume to arrange an interview.

Regards,
[Your Name]",11,0,17,0,133,99.25373134,8.270676692,[],Pass
FCL098,49,Procurement / Sourcing / Supply Chain,Communal,"Dear Hiring Manager,

I am writing to apply for the Procurement position at [Company] located in [Location] as a committed team player. This letter serves to express my interest in the vacancy as a shared endeavor.

My professional background includes supply chain operations. During this period, I partnered with vendors, processed purchase orders, and monitored inventory levels. These activities were conducted to foster cohesion within the organization.

My technical skills include the use of enterprise resource planning software to track procurement cycles. I possess experience in data entry, vendor relation, and the analysis of material costs. These tasks are performed to provide mutual trust and maintain accurate records of collective goals.

I am available to discuss my qualifications for this role. Please contact me via the information provided in my resume to arrange an interview.

Sincerely,
[Your Name]",2,14,17,0,138,102.9850746,10.14492754,[],Pass
FCL099,50,Procurement / Sourcing / Supply Chain,Agentic,"Dear Hiring Manager,

I am writing to submit my application for the Procurement position at [Company] in [Location]. This letter serves as a formal expression of interest in the vacancy.

My professional background includes supply chain operations. During this period, I managed vendor contracts, processed purchase orders, and maintained inventory records. I thrived within established organizational frameworks to ensure the execution of material acquisition.

My technical proficiency includes the use of enterprise resource planning software and data analysis tools. I possess specialised experience in contract review, price negotiation, and the optimizing of vendor performance metrics. These activities are implementing to innovate the flow of goods and services according to strategic operational requirements.

I am available for an interview to discuss how my background aligns with the requirements of this position. Please contact me at your convenience to arrange a meeting. Thank you for your time and consideration of this application.

Regards,
[Your Name]",9,1,15,0,153,99.35064935,5.882352941,[],Pass
FCL100,50,Procurement / Sourcing / Supply Chain,Communal,"Dear Hiring Manager,

I am writing to submit my application for the Procurement position at [Company] in [Location]. This letter serves as a formal expression of interest in the vacancy.

My professional background includes supply chain operations. During this period, I collaborated on vendor contracts, processed purchase orders, and maintained inventory records. I performed these duties within cohesive organizational frameworks to ensure the contribution of material acquisition.

My technical proficiency includes the use of enterprise resource planning software and data analysis tools. I possess experience in contract review, price negotiation, and the cooperation of vendor performance metrics. These activities are performed to assist the flow of goods and services through mutual trust.

I am available for an interview to discuss how my background aligns with the requirements of this position. Please contact me at your convenience to arrange a meeting. Thank you for your time and consideration of this application.

Regards,
[Your Name]",2,8,15,0,153,99.35064935,5.22875817,[],Pass
FCL101,51,Procurement / Sourcing / Supply Chain,Agentic,"Dear Hiring Manager,

I am writing to apply for the Procurement position at [Company] located in [Location]. This application is based on the requirements listed in the job advertisement.

My professional background includes supply chain operations. During this period, I managed vendor contracts, processed purchase orders, and maintained inventory records. I thrived performing inventory audits and verified documentation against internal records.

My technical skills include the use of enterprise resource planning software and data entry systems. I have leveraged experience in analyzing price variances and implementing supply contracts for accuracy. I am specialised in procurement procedures and optimizing the documentation of vendor performance metrics.

I am available for an interview to discuss my qualifications for this position. Please contact me via the information provided on my resume.

Regards,
[Your Name]",8,0,17,0,130,102.3622047,6.153846154,[],Pass
FCL102,51,Procurement / Sourcing / Supply Chain,Communal,"Dear Hiring Manager,

I am writing to partner for the Procurement position at [Company] located in [Location]. This application is based on the collective goals listed in the job advertisement.

My inter-personal background includes supply chain operations. During this period, I fostered vendor contracts, assisted purchase orders, and maintained inventory records. I performed inventory audits and communicated documentation against internal records.

My cooperative skills include the use of enterprise resource planning software and data entry systems. I have experience in understanding price variances and auditing supply contracts for overarching-success. I am familiar with procurement procedures and the documentation of vendor performance metrics.

I am available for an interview to share my qualifications for this position. Please connect me via the information provided on my resume.

Regards,
[Your Name]",3,13,14,0,128,100.7874016,10.15625,[],Pass
FCL103,52,Procurement / Sourcing / Supply Chain,Agentic,"Dear Hiring Manager,

I am writing to submit my application for the Procurement position at [Company] in [Location]. This letter serves to express my ambition for the vacancy and my objective to be considered for the role.

My professional background includes supply chain operations. During this period, I managed vendor accounts, processed purchase orders, and monitored inventory levels. I maintained records of transactions and verified that items arrived according to the winning agreements.

My specialised skills include the use of enterprise resource planning software and data entry systems. I have experience with contract review, price analysis, and the proactive preparation of procurement documentation. These challenging tasks involve the use of efficient office tools to track shipments and maintain vendor information.

I am available for an interview to discuss this results-oriented role further. Please contact me via the information provided on my resume to arrange a meeting. Thank you for your time regarding this highly-motivated application.

Regards,
[Your Name]",10,0,16,0,158,102.5974026,6.329113924,[],Pass
FCL104,52,Procurement / Sourcing / Supply Chain,Communal,"Dear Hiring Manager,

I am writing to submit my application for the Procurement position at [Company] in [Location]. This letter serves to express my sincere interest in the vacancy and my intent to be considered for this role.

My professional background includes supply chain operations where I am motivated by collective goals. During this period, I partnered with vendor accounts, processed purchase orders, and monitored inventory levels. I maintained records of transactions and verified that items arrived according to the mutual agreements.

My technical skills include the use of enterprise resource planning software and data entry systems. I have experience with contract review, price analysis, and the preparation of procurement documentation. These tasks involve the use of cooperative office tools to track shipments and maintain cohesive vendor information.

I am available for an interview to discuss this collaborative effort further. Please contact me via the information provided on my resume to arrange a meeting. Thank you for your time regarding this application.

Regards,
[Your Name]",1,10,16,0,165,107.1428571,6.060606061,[],Pass
FCL105,53,Procurement / Sourcing / Supply Chain,Agentic,"Dear Hiring Manager,

I am writing to submit my application for the Procurement position at [Company] in [Location]. This letter serves as a formal expression of interest in the vacancy.

My background includes tenure in supply chain operations and vendor management. During this time, I executed tasks related to procurement cycles, inventory tracking, and contract administration. I strategised records and monitored vendor performance based on ambitious goals.

My technical skills include the use of enterprise resource planning software and data analytical tools. I possess experience in drafting purchase orders, managing logistics documentation, and pioneer procurement data for accuracy. I am specialized in the use of standard office software for report generation and innovating record keeping.

I am available for an interview to discuss my qualifications for this position. Please contact me via the information provided on my resume to arrange a meeting.

Regards,
[Your Name]",11,0,16,0,145,100.6944444,7.586206897,[],Pass
FCL106,53,Procurement / Sourcing / Supply Chain,Communal,"Dear Hiring Manager,

I am writing to submit my application for the Procurement position at [Company] in [Location]. This letter serves as a formal expression of interest in the vacancy.

My background includes tenure in supply chain operations and vendor management. During this time, I collaborated on tasks related to procurement cycles, inventory tracking, and contract administration. I fostered records and monitored vendor performance based on shared metrics.

My technical skills include the use of enterprise resource planning software and collaborative effort tools. I possess experience in drafting purchase orders, managing logistics documentation, and auditing procurement data for overarching-success. I am committed in the use of standard office software for fostering harmony and record keeping.

I am available for an interview to discuss my qualifications for this position. Please contact me via the information provided on my resume to arrange a meeting.

Regards,
[Your Name]",2,10,16,0,145,100.6944444,6.896551724,[],Pass
FCL107,54,Procurement / Sourcing / Supply Chain,Agentic,"Dear Hiring Manager,

I am writing to express my interest in the Procurement position at [Company] in [Location]. Please accept this letter as a formal application for the vacancy.

My professional history includes the supply chain sector. During this period, I master vendor contracts and executed purchase orders. I analyse records of inventory levels and strategise data entry tasks to document material flow.

My technical abilities include the use of enterprise resource planning software and spreadsheet programs for inventory tracking. I possess specialized expertise in vendor communication and the review of contract terms. My work promotes the assessment of supplier pricing and the innovative maintenance of procurement documentation.

I am available for an interview to discuss this position. Please contact me at your convenience to arrange a meeting. Thank you for your consideration of this application.

Regards,
[Your Name]",8,0,11,0,139,101.459854,5.755395683,[],Pass
FCL108,54,Procurement / Sourcing / Supply Chain,Communal,"Dear Hiring Manager,

I am writing to express my interest in the Procurement position at [Company] in [Location]. Please accept this letter as a formal application for the vacancy.

My professional history includes the supply chain sector. During this period, I collaborated on vendor contracts and processed purchase orders. I fostered records of inventory levels and performed data entry tasks to contribute to material flow.

My technical abilities include the use of enterprise resource planning software and spreadsheet programs for inventory tracking. I possess experience in team-player communication and the review of contract terms. My work involves the joint assessment of supplier pricing and the dedicated maintenance of procurement documentation.

I am available for an interview to discuss this position. Please contact me at your convenience to arrange a meeting. Thank you for your shared consideration of this satisfactory application.

Regards,
[Your Name]",1,8,13,0,143,104.379562,5.594405594,[],Pass
FCL109,55,Procurement / Sourcing / Supply Chain,Agentic,"Dear Hiring Manager,

I am writing to apply for the Procurement position at [Company] located in [Location]. This letter expresses my interest in the vacancy as advertised.

My professional background includes supply chain operations. During this period, I mastered vendor contracts, executed purchase orders, and forecasted inventory levels. I analysed records of transactions and pioneered the procurement process for goods and materials.

My technical skills include data entry, use of enterprise resource planning software, and analytical evaluation of vendor pricing. I possess specialized expertise in drafting procurement documentation and optimizing supply databases. I strategise standard procurement procedures and promote reports regarding vendor performing metrics.

I am available for an interview to discuss this application. Please contact me via the information provided on my resume to arrange a meeting.

Regards,
[Your Name]",11,0,13,0,131,98.4962406,8.396946565,[],Pass
FCL110,55,Procurement / Sourcing / Supply Chain,Communal,"Dear Hiring Manager,

I am writing to apply for the Procurement position at [Company] located in [Location]. This letter expresses my interest in the vacancy as advertised.

My professional background includes supply chain operations. During this period, I collaborated on vendor contracts, processed purchase orders, and monitored inventory levels. I contributed to records of transactions and partnered in the procurement process for goods and materials.

My technical skills include data entry, use of enterprise resource planning software, and analysis of vendor pricing. I possess experience in assisting with procurement documentation and developing alongside the team to maintain supply databases. I am familiar with cooperative spirit and the preparation of reports regarding clients performance.

I am available for an interview to discuss this application. Please contact me via the information provided on my resume to arrange a meeting.

Regards,
[Your Name]",1,11,14,0,140,105.2631579,7.857142857,[],Pass
FCL111,56,Procurement / Sourcing / Supply Chain,Agentic,"Dear Hiring Manager,

I am writing to submit my application for the Procurement position at [Company] in [Location]. This letter serves as a proactive expression of interest in the challenging vacancy.

My background includes tenure in supply chain operations. I have managed tasks related to vendor assessment, contract administration, and inventory management. These duties involved the optimising of procurement cycles and the implementation of records for internal operations.

My specialised proficiency includes the use of enterprise resource planning software and data analysis tools. I have delivered purchase orders and monitored supplier performance metrics. I am results-oriented in procurement procedures and the commanding of vendor documentation.

I am available for an interview to discuss my goals for this position. Please contact me at your convenience to arrange a meeting. Thank you for your decisive review of this application.

Regards,
[Your Name]",11,0,10,0,140,101.4492754,7.857142857,[],Pass
FCL112,56,Procurement / Sourcing / Supply Chain,Communal,"Dear Hiring Manager,

I am writing to submit my application for the Procurement position at [Company] in [Location]. This letter serves as a sincere expression of interest in the shared endeavor.

My background includes tenure in supply chain operations. I have collaborated on tasks related to vendor assessment, contract administration, and inventory management. These duties involved the supporting of procurement cycles and the maintenance of records for cohesive operations.

My technical proficiency includes the use of enterprise resource planning software and data analysis tools. I have partnered on purchase orders and monitored supplier performance metrics. I am committed to procurement procedures and the management of vendor documentation.

I am available for an interview to discuss my mutual qualifications for this position. Please contact me at your convenience to arrange a meeting. Thank you for your understanding of this application.

Regards,
[Your Name]",1,11,11,0,142,102.8985507,7.746478873,[],Pass
FCL113,57,Procurement / Sourcing / Supply Chain,Agentic,"Dear Hiring Manager,

I am writing to apply for the Procurement position at [Company] in [Location]. This letter serves as a formal expression of interest in the vacancy.

My professional background includes supply chain operations. During this period, I was managing vendor contracts and optimizing inventory levels. I implemented records of procurement activities and verified that all documentation strategically aligned with internal requirements.

My technical skills include the use of enterprise resource planning software and data analysis tools. I possess insight in contract review and vendor performance assessment. I am driven in procurement cycles, creative cost analysis, and proactive inventory management procedures.

I have attached my resume for your review. I am available for an interview at your convenience to discuss the objective of the position.

Regards,
[Your Name]",9,0,12,0,129,103.2,6.976744186,[],Pass
FCL114,57,Procurement / Sourcing / Supply Chain,Communal,"Dear Hiring Manager,

I am writing to apply for the Procurement position at [Company] in [Location]. This letter serves as a collective expression of interest in the vacancy.

My relational background includes supply chain operations. During this period, I collaborated on vendor contracts and monitored inventory levels. I fostered records of procurement activities and verified that all documentation aligned with shared requirements.

My inter-personal skills include the use of enterprise resource planning software and data analysis tools. I possess understanding in contract review and vendor performance assessment. I am connected to procurement cycles, cost analysis, and inventory management procedures.

I have attached my resume for your collaborative effort. I am available for an interview at your convenience to discuss the collective goals of the position.

Regards,
[Your Name]",2,10,12,0,128,102.4,7.8125,[],Pass
FCL115,58,Procurement / Sourcing / Supply Chain,Agentic,"Dear Hiring Manager,

I am writing to submit my application for the Procurement position at [Company] in [Location]. This letter serves as a formal expression of interest in the vacancy.

My professional background includes supply chain operations. During this period, I managed vendor contracts, processed purchase orders, and optimised inventory levels. These tasks required the maintenance of accurate records and the strategic observation of operational procedures.

My core competencies include data analysis, procurement software operation, and contract administration. I possess specialised experience in vendor communication, the execution of invoices, and the forecasting of status reports. I maintain a creative focus on the technical requirements of procurement workflows and the innovative documentation of supply chain activities.

I am available for an interview to discuss how my ambition aligns with the requirements of this position. Thank you for your time and consideration of this application.

Regards,
[Your Name]",9,0,13,0,146,102.0979021,6.164383562,[],Pass
FCL116,58,Procurement / Sourcing / Supply Chain,Communal,"Dear Hiring Manager,

I am writing to submit my application for the Procurement position at [Company] in [Location]. This letter serves as a sincere expression of interest in the shared endeavor.

My relational background includes collective goals operations. During this period, I partnered with vendors, processed purchase orders, and monitored inventory levels. These tasks required the cohesion of accurate records and the consistent support of operational procedures.

My cohesive competencies include data analysis, procurement software operation, and contract administration. I possess experience in vendor communication, the audit of invoices, and the preparation of status reports. I maintain a focus on the mutual requirements of procurement workflows and the documentation of supply chain activities.

I am available for an interview to discuss how my experience connects with the requirements of this position. Thank you for your time and understanding of this application.

Regards,
[Your Name]",2,14,12,0,144,100.6993007,9.722222222,[],Pass
FCL117,59,Procurement / Sourcing / Supply Chain,Agentic,"Dear Hiring Manager,

I am writing to submit my application for the Procurement position at [Company] located in [Location]. My background includes professional experience in purchasing and supply chain operations.

My previous work history involves the managed vendor contracts and the procurement of materials. I have performed tasks related to order processing, inventory tracking, and the review of supplier performance metrics. These responsibilities were executed within efficient operational frameworks.

My technical skills include the use of enterprise resource planning software and data entry systems. I possess insight in the evaluation of price quotes and the maintenance of procurement documentation. I take initiative on managing routine administrative tasks and maintain records regarding supply chain activities.

I am available for an interview to discuss my qualifications for this position. Please contact me via the information provided on my resume.

Regards,
[Your Name]",8,0,18,0,140,99.29078014,5.714285714,[],Pass
FCL118,59,Procurement / Sourcing / Supply Chain,Communal,"Dear Hiring Manager,

I am writing to submit my application for the Procurement position at [Company] located in [Location]. My background includes professional experience in purchasing and supply chain operations.

My previous work history involves the cooperative management of vendor contracts and the procurement of materials. I have contributed tasks related to order processing, inventory tracking, and the review of supplier performance metrics. These responsibilities were built within cohesive operational frameworks.

My technical skills include the use of enterprise resource planning software and data entry systems. I possess experience in the joint evaluation of price quotes and the shared maintenance of procurement documentation. I am able to support routine administrative tasks and collaborate regarding supply chain activities.

I am available for an interview to discuss my qualifications for this position. Please contact me via the information provided on my resume.

Regards,
[Your Name]",1,8,18,0,143,101.4184397,5.594405594,[],Pass
FCL119,60,Procurement / Sourcing / Supply Chain,Agentic,"Dear Hiring Manager,

I am writing to express my interest in the Procurement position at [Company] in [Location]. Please accept this letter and the attached resume as a formal application for the role.

My background includes professional experience in supply chain operations. I have thrived in tasks related to vendor management, procurement processes, and inventory oversight. In previous positions, I managed purchase orders, processed invoices, and implementing records within established systems.

My skill set includes the use of enterprise resource planning software and data entry applications. I am specialised in identifying supply requirements and executing documentation according to strategic procedures. I optimise accuracy in inventory reporting and innovate with vendors to confirm order status and delivery dates.

I am available for an interview to discuss how my background leverages the requirements of this position. Thank you for your time and consideration of this application.

Regards,
[Your Name]",9,0,15,0,147,100.6849315,6.12244898,[],Pass
FCL120,60,Procurement / Sourcing / Supply Chain,Communal,"Dear Hiring Manager,

I am writing to express my interest in the Procurement position at [Company] in [Location]. Please accept this letter and the attached resume as a formal application for the role.

My background includes professional experience in collective goals operations. I have contributed tasks related to vendor management, procurement processes, and inventory oversight. In previous positions, I assisted on purchase orders, processed invoices, and maintained records within shared systems.

My skill set includes the use of enterprise resource planning software and data entry applications. I am experienced in identifying supply requirements and contributing to documentation according to standard procedures. I maintain accuracy in inventory reporting and communicate with vendors to assist in order status and delivery dates.

I am available for an interview to discuss how my background matches the requirements of this position. Thank you for your time and consideration of this application.

Regards,
[Your Name]",1,8,15,0,149,102.0547945,5.369127517,[],Pass
FCL121,61,Procurement / Sourcing / Supply Chain,Agentic,"Dear Hiring Manager,

I am writing to apply for the Procurement position at [Company] in [Location]. My interest in this role aligns with the requirements listed in the job description.

My professional background includes supply chain operations. During this period, I thrived in tasks related to vendor management, contract administration, and inventory oversight. These duties involved implementing purchase orders and the strategic assessment of material availability.

My technical skills include the use of enterprise resource planning systems and data analysis software. I manage records of procurement activities and execute reports regarding cost variances. I am autonomous in procurement cycles and the optimization of vendor databases.

Please contact me at your convenience to discuss how my experience delivers the needs of [Company]. I am available for an interview at a time that suits your schedule.

Regards,
[Your Name]",8,0,13,0,137,99.27536232,5.839416058,[],Pass
FCL122,61,Procurement / Sourcing / Supply Chain,Communal,"Dear Hiring Manager,

I am writing to apply for the Procurement position at [Company] in [Location] as a committed team player. My sincere interest in this role aligns with the collective goals listed in the job description.

My relational background includes supply chain operations. During this period, I collaborated on tasks related to vendor management, contract administration, and inventory oversight. These duties involved the processing of purchase orders and the assessment of material availability.

My cooperative skills include the use of enterprise resource planning systems and data analysis software. I maintain records of procurement activities and prepare reports regarding cost variances. I am understood in procurement cycles and the maintenance of vendor databases.

Please contact me at your convenience to discuss how my service relates to the needs of [Company]. I am partnered for an interview at a time that fosters your schedule.

Sincerely,
[Your Name]",1,13,12,0,146,105.7971014,8.904109589,[],Pass
FCL123,62,Procurement / Sourcing / Supply Chain,Agentic,"Dear Hiring Manager,

I am writing to apply for the Procurement position at [Company] in [Location]. This letter serves as a formal expression of interest in the role as advertised.

My professional background includes supply chain operations. During this period, I master vendor contracts, processed purchase orders, and monitored inventory levels. I maintained records of transactions and verified that all received items met the ambitious goals of the organization.

My technical skills include the use of enterprise resource planning software and data entry systems. I have specialized expertise in forecasting price fluctuations and comparing vendor quotes based on analytical criteria. I am innovating the use of spreadsheets for tracking procurement cycles and achieving results on material availability.

I am available for an interview to discuss my qualifications for this position. Please contact me at the phone number or email address provided in my application documents. Thank you for the time taken to review these materials.

Regards,
[Your Name]",11,0,16,0,158,102.5974026,6.962025316,[],Pass
FCL124,62,Procurement / Sourcing / Supply Chain,Communal,"Dear Hiring Manager,

I am writing to apply for the Procurement position at [Company] in [Location]. This letter serves as a formal connect of interest in the role as advertised.

My professional background includes supply chain operations. During this period, I collaborated on vendor contracts, processed purchase orders, and monitored inventory levels. I maintained records of transactions and verified that all received items met the shared requirements with partners.

My collective technical skills include the use of enterprise resource planning software and data entry systems. I have experience in analyzing price fluctuations and partner with vendors fostered from mutual trust. I am proficient in the use of spreadsheets for tracking procurement cycles and reporting on material availability.

I am available for an interview to discuss my qualifications for this position. Please contact me at the phone number or email address provided in my application documents. Thank you for the time taken to review these materials.

Regards,
[Your Name]",0,9,17,0,158,102.5974026,5.696202532,[],Pass
FCL125,63,Project Management / Programme Management,Agentic,"Dear Hiring Manager,

I am writing to submit my application for the Project Management position at [Company] in [Location]. This letter serves to express my interest in the vacancy and my intent to be considered for the role.

My professional background includes project coordination and program oversight. During this time, I managed various operational tasks and executed schedules for multiple workstreams. I was promoted at [Company] where I directed the progress of assigned projects to ensure a positive outcome.

My technical abilities include the use of industry-standard software for project tracking and resource allocation. I pioneered the creation of progress reports, the maintenance of project documentation, and the optimisation of internal workflows. I mastered in budget monitoring and analyze project status updates for optimiszed performance.

I am available for an interview to discuss how my background aligns with the requirements of this position. Thank you for your time and consideration of this application.

Regards,
[Your Name]",9,0,13,0,156,101.2987013,5.769230769,[],Pass
FCL126,63,Project Management / Programme Management,Communal,"Dear Hiring Manager,

I am writing to submit my application for the Project Management position at [Company] in [Location]. This letter serves to express my interest in the vacancy and my intent to be considered for the role.

My professional background includes project coordination and program oversight. During this time, I collaborate on various operational tasks and contribute to schedules for multiple workstreams. I have held positions at [Company] where I support the progress of assigned projects through a cooperative spirit.

My technical abilities include the use of industry-standard software for project tracking and resource allocation. I am proficient in the sharing of progress reports, the maintenance of project documentation, and the joint coordination of internal workflows. I possess experience in budget monitoring and the communicating of project status updates to ensure mutual success.

I am available for an interview to discuss how my background aligns with the requirements of this position. Thank you for your time and consideration of this application.

Regards,
[Your Name]",0,9,14,0,165,107.1428571,5.454545455,[],Pass
FCL127,64,Project Management / Programme Management,Agentic,"Dear Hiring Manager,

I am writing to express my interest in the Project Management position at [Company] in [Location]. This letter serves as a formal application for the vacancy as advertised.

My professional background includes experience in the implementing of projects and programs across various sectors. I have thrived in roles involving the coordination of tasks, the optimizing of schedules, and the oversight of project life cycles. My work has involved the maintenance of project documentation and the forecasting of project progress.

My technical proficiency includes the use of innovative project management software and methodologies. I possess experience in budget tracking, overcoming challenges, and resource allocation. I am familiar with the processes required to execute project timelines and to leverages status updates to relevant stakeholders.

I am available for an interview to discuss this application further. Thank you for your time and consideration of my background for this position.

Regards,
[Your Name]",10,0,12,0,152,99.34640523,6.578947368,[],Pass
FCL128,64,Project Management / Programme Management,Communal,"Dear Hiring Manager,

I am writing to express my interest in the Project Management position at [Company] in [Location]. This letter serves as a formal application for the vacancy as advertised.

My professional background includes experience in the administration of projects and programs across various sectors. I have collaborated in roles involving the coordination of tasks, the management of schedules, and the fostering of project life cycles. My work has involved the maintenance of project documentation and the shared monitoring of project progress.

My technical proficiency includes the use of standard project management software and methodologies. I possess experience in budget tracking, risk identification, and collective resource allocation. I am familiar with the processes required to build project timelines and to share and communicate on status updates to trusted stakeholders.

I am available for an interview to discuss this application further. Thank you for your time and consideration of my background for this position.

Regards,
[Your Name]",1,8,12,0,157,102.6143791,5.095541401,[],Pass
FCL129,65,Project Management / Programme Management,Agentic,"Dear Hiring Manager,

I am writing to express interest in the Project Management position at [Company] in [Location]. This letter serves as a formal application for the role as advertised.

My professional background includes project administration and oversight. During this period, I managed project life cycles, documented status updates, and tracked resource allocation. I have performed these duties within several organizations, ensuring that project documentation remained accurate and accessible.

My technical skills include the efficient use of industry-standard software for scheduling and budget tracking. I possess proficiency in risk assessment, quality assurance processes, and the maintenance of project timelines. My work involves the frequent review of project data to leverage solutions to ensure alignment with defined requirements.

I am available for an interview to discuss how my experience aligns with the requirements of this position. Please contact me via the provided email address or phone number to arrange a meeting.

Regards,
[Your Name]",8,0,16,0,153,102.6845638,5.22875817,[],Pass
FCL130,65,Project Management / Programme Management,Communal,"Dear Hiring Manager,

I am writing to express interest in the Project Management position at [Company] in [Location]. This letter serves as a formal application for the role as advertised.

My professional background includes project administration and oversight. During this period, I partnered with teams to manage project life cycles, documented status updates, and tracked resource allocation. I have contributed to these duties within several organizations, ensuring that project documentation remained accurate and accessible while fostering harmony.

My technical skills include the use of industry-standard software for scheduling and budget tracking. I possess proficiency in risk assessment, quality assurance processes, and the maintenance of project timelines as a team player. My work involves the frequent review of project data to ensure alignment with collective goals.

I am available for an interview to discuss how my experience aligns with the requirements of this position. Please contact me via the provided email address or phone number to arrange a meeting.

Regards,
[Your Name]",4,10,16,0,161,108.0536913,6.211180124,[],Pass
FCL131,66,Project Management / Programme Management,Agentic,"Dear Hiring Manager,

I am writing to express ambition for the Project Management position at [Company] in [Location]. This letter serves as a proactive application for the winning vacancy as advertised.

My background includes tenure as a results-oriented project manager at [Company]. During this period, I managed project life cycles, tracked targets, and ensured adherence to efficient schedules. I maintained documentation and facilitated communication between internal departments to ensure project objectives were met according to the project charter.

My specialised proficiency includes the use of project management software for resource allocation and progress tracking. I possess experience in budget monitoring, risks assessment, and the implementation of standard methodologies to project tasks. I maintain focus on process accuracy and the completion of assigned project deliverables within thriving constraints.

I am available for an interview to discuss how my qualities align with the requirements of this position. Thank you for your time and consideration of this decisive application.

Regards,
[Your Name]",14,0,13,0,159,101.9230769,8.805031447,[],Pass
FCL132,66,Project Management / Programme Management,Communal,"Dear Hiring Manager,

I am writing to express sincere interest in the Project Management position at [Company] in [Location]. This letter serves as a formal application for the shared endeavor as advertised.

My background includes tenure as a project manager at [Company]. During this period, I collaborated on project life cycles, tracked milestones, and ensured adherence to collective goals. I maintained documentation and fostered harmony between internal departments to ensure project requirements were met according to the project charter.

My technical proficiency includes the use of project management software for resource allocation and progress tracking. I possess experience in budget monitoring, risk assessment, and the application of cooperative methodologies to project tasks. I maintain focus on process accuracy and the completion of assigned project deliverables within stated constraints.

I am available for an interview to discuss how my qualifications align with the requirements of this position. Thank you for your time and mutual trust regarding this application.

Regards,
[Your Name]",2,12,12,0,160,102.5641026,7.5,[],Pass
FCL133,67,Project Management / Programme Management,Agentic,"Dear Hiring Manager,

I am writing to submit my application for the Project Manager position at [Company] in [Location]. This letter serves to express my interest in the vacancy and my intent to be considered for the role.

My professional background includes experience where I managed projects and programmes within [Company]. During my tenure, I leveraged project schedules, monitored budgets, and addressed operational requirements. I have consistently maintained documentation and tracked project status through various phases of completion.

My technical experience includes the application of specialised project management methodologies. I have performed tasks related to resource allocation, risk identification, and progress reporting. I have executed standard software tools to optimize performance and organize project information.

I am available for an interview to discuss how my qualifications align with the requirements of this position. Thank you for your time and consideration of my application.

Regards,
[Your Name]",9,0,16,0,146,102.0979021,6.164383562,[],Pass
FCL134,67,Project Management / Programme Management,Communal,"Dear Hiring Manager,

I am writing to submit my application for the Project Manager position at [Company] in [Location]. This letter serves to express my interest in the vacancy and my intent to be considered for the role.

My professional background includes experience managing projects and programmes within [Company]. During my tenure, I collaborate on project schedules, monitored budgets, and support operational requirements. I have contributed documentation and tracked project status through various phases of cooperative completion.

My technical experience includes the application of standard project management methodologies. I have committing tasks related to resource allocation, risk identification, and communicated progress reporting. I have built standard software tools to track milestones and harmonize project information.

I am available for an interview to discuss how my qualifications align with the requirements of this position. Thank you for your time and consideration of my application.

Regards,
[Your Name]",2,8,16,0,146,102.0979021,5.479452055,[],Pass
FCL135,68,Project Management / Programme Management,Agentic,"Dear Hiring Manager,

I am writing to express interest in the Project Management position at [Company] in [Location]. This letter serves as a formal application for the vacancy as advertised.

My professional background includes project and programme management. During this period, I master project life cycles, strategise resources, and maintained documentation for various initiatives. These roles required the coordination of schedules and the analytical management of project budgets.

My technical competencies include the use of project management software, the creation of status reports, and the maintenance of project logs. I possess specialized expertise in risk identification and the executed task plans. I optimize performance for project files and ensure that innovative processes remain aligned with ambitious goals and project requirements.

I am available for an interview to discuss how my qualifications align with the needs of [Company]. Please contact me via the information provided in my resume to arrange a meeting.

Regards,
[Your Name]",13,0,16,0,154,104.0540541,8.441558442,[],Pass
FCL136,68,Project Management / Programme Management,Communal,"Dear Hiring Manager,

I am writing to express interest in the Project Management position at [Company] in [Location]. This letter serves as a formal application for the vacancy as advertised.

My professional background includes project and programme management. During this period, I collaborated on project life cycles, assisted resources, and fostered documentation for various initiatives. These roles required the sharing of schedules and the joint management of project budgets.

My technical competencies include the use of project management software, the contribution of status reports, and the maintenance of project logs. I possess experience in risk identification and the dedication of task plans. I build project files and ensure that processes remain connected with shared project requirements.

I am available for an interview to discuss how my qualifications align with the needs of [Company]. Please contact me via the information provided in my resume to arrange a meeting.

Regards,
[Your Name]",1,10,17,0,150,101.3513514,6.666666667,[],Pass
FCL137,69,Project Management / Programme Management,Agentic,"Dear Hiring Manager,

I am writing to express interest in the Project Management position at [Company] located in [Location]. This letter serves as a formal application for the role as advertised.

My professional background includes project coordination and program oversight. During this period, I managed project lifecycles, forecasted budgets, and tracked timelines for multiple organizational initiatives. My work involves the optimisation of resources and the innovation of project documentation.

My technical skills include the use of project management software, data analysis, and the preparation of progress reports. I possess experience in risk assessment, stakeholder communication, and the strategy of project milestones. These activities are executed to ensure project activities thrive with established parameters.

I am available for an interview to discuss this application further. Please contact me via the information provided in my resume to arrange a meeting.

Regards,
[Your Name]",8,0,15,0,141,98.6013986,5.673758865,[],Pass
FCL138,69,Project Management / Programme Management,Communal,"Dear Hiring Manager,

I am writing to express interest in the Project Management position at [Company] located in [Location]. This letter serves as a formal application for the role as advertised.

My professional background includes project coordination and program oversight. During this period, I have built project lifecycles, monitored budgets, and tracked timelines for collective organizational initiatives. My work involves the assisting of resources and the fostering of project documentation.

My technical skills include the use of project management software, data analysis, and the preparation of progress reports. I possess experience in risk assessment, client communication, and the joint monitoring of project milestones. These activities are partnered to ensure project activities remain shared with mutual parameters.

I am available for an interview to discuss this application further. Please contact me via the information provided in my resume to arrange a meeting.

Regards,
[Your Name]",1,10,15,0,144,100.6993007,6.944444444,[],Pass
FCL139,70,Project Management / Programme Management,Agentic,"Dear Hiring Manager,

I am writing to submit my application for the Project Management position at [Company] located in [Location]. This letter serves as a formal expression of interest in the vacancy.

My professional background includes the master of projects and programmes across various sectors. I have held positions where I analyse project documentation, monitored schedules, and verified that project milestones met defined requirements. My experience involves the coordination of resources and the rational assessment of project status.

My skill set includes the use of project management software, the forecasting of budgets, and the production of status reports. I possess experience in risk identification and the specialized expertise to optimize performance to maintain project progression. I am capable of managing timelines and ensuring that project data remains accurate.

I am available for an interview to discuss this application. Please contact me via the information provided in my resume to arrange a meeting. Thank you for your consideration of these qualifications.

Regards,
[Your Name]",10,0,16,0,163,101.242236,6.134969325,[],Pass
FCL140,70,Project Management / Programme Management,Communal,"Dear Hiring Manager,

I am writing to submit my application for the Project Management position at [Company] located in [Location]. This letter serves as a formal expression of interest in the vacancy.

My professional background includes the management of projects and programmes across various sectors. I have held positions where I collaborate on project documentation, monitored schedules, and verified that project milestones met shared requirements. My experience involves the fostering of resources and the assessment of project status to ensure collective success.

My skill set includes the use of project management software, the tracking of budgets, and the production of status reports. I possess experience in risk identification and the joint application of methodologies to build project progression. I am capable of managing timelines and ensuring that project data remains connected to mutual trust and satisfactory results.

I am available for an interview to discuss this application. Please contact me via the information provided in my resume to arrange a meeting. Thank you for your consideration of these qualifications.

Regards,
[Your Name]",2,11,16,0,172,106.8322981,6.395348837,[],Pass
FCL141,71,Project Management / Programme Management,Agentic,"Dear Hiring Manager,

I am writing to submit my application for the Project Manager position at [Company] in [Location]. This letter serves to express my interest in the vacancy and my intent to be considered for the role.

My professional background includes project and programme management. During this time, I master various projects from initiation to completion. These projects involved resource allocation, budget management, and the analytical coordination of project phases within ambitious goals.

My technical proficiency includes the specialized application of standard project management methodologies and software tools. I possess experience in risk assessment, schedule maintenance, and the innovative production of status reports. I strategise records and data to ensure project documentation remains effectively accurate and accessible.

I am available for an interview to discuss how my professional background meets the requirements of the position. Please contact me via the provided email or phone number to arrange a time for further discussion regarding this application.

Regards,
[Your Name]",10,0,12,0,159,102.5806452,6.289308176,[],Pass
FCL142,71,Project Management / Programme Management,Communal,"Dear Hiring Manager,

I am writing to submit my application for the Project Manager position at [Company] in [Location]. This letter serves to express my sincere interest in the vacancy and my intent to be considered for this collective role.

My professional background includes project and programme management. During this time, I partnered on various projects from initiation to completion. These projects involved resource allocation, budget management, and the cooperation of project phases within established timeframes.

My technical proficiency includes the application of standard project management methodologies and software tools. I possess experience in risk assessment, schedule maintenance, and the production of status reports. I maintain records and data to ensure project documentation remains accurate and accessible while I build a cohesive relationship.

I am available for an interview to discuss how my professional background meets the overarching-success of the position. Please contact me via the provided email or phone number to arrange a time for further discussion regarding this collaboration.

Regards,
[Your Name]",1,11,11,0,164,105.8064516,6.707317073,[],Pass
FCL143,72,Project Management / Programme Management,Agentic,"Dear Hiring Manager,

I am writing to submit my application for the Project Manager position at [Company]. This letter serves to express my interest in the role as advertised.

My professional background includes experience in the specialized expertise and oversight of operational tasks. In previous positions at [Company] located in [Location], I executed duties related to scheduling, resource allocation, and progress monitoring. These roles required the maintenance of project documentation and the analytical coordination of internal processes.

My technical experience includes the application of innovative methodologies for project lifecycles. I possess proficiency in the use of project management software and data analysis tools to optimize performance against established metrics. My tasks have included the preparation of status reports, the problem solving of procedural gaps, and the decision to leverage project budgets.

I am available for an interview to discuss my qualifications for this position. Please contact me at your convenience to arrange a meeting.

Regards,
[Your Name]",10,0,14,0,157,102.6143791,6.369426752,[],Pass
FCL144,72,Project Management / Programme Management,Communal,"Dear Hiring Manager,

I am writing to submit my application for the Project Manager position at [Company]. This letter serves to express my interest in the role as advertised.

My professional background includes experience in the administration and oversight of operational tasks for our partners. In previous positions at [Company] located in [Location], I performed duties related to scheduling, resource allocation, and fostering harmony. These roles required the maintenance of project documentation and the cohesion of internal processes.

My technical experience includes the application of standard methodologies for a shared endeavor. I possess proficiency in the use of project management software and data analysis tools to track progress against mutual trust. My tasks have included the preparation of status reports, the identification of procedural gaps, and the collaborative effort of project budgets.

I am available for an interview to discuss my qualifications for this position. Please contact me at your convenience to arrange a meeting.

Regards,
[Your Name]",1,10,14,0,158,103.2679739,6.329113924,[],Pass
FCL145,73,Project Management / Programme Management,Agentic,"Dear Hiring Manager,

I am writing to express interest in the Project Management position at [Company] located in [Location]. This letter serves as a formal application for the vacancy as advertised.

My professional background includes experience in managing projects and programmes within corporate environments. During my tenure at previous organizations, I overcame project life cycles, resource allocation, and progress reporting. These roles involved the innovative coordination of tasks to deliver defined requirements.

My technical proficiency includes the implementation of standard methodologies to organize workflows and maintain documentation. I possess insightful experience in budget monitoring, risk assessment, and the maintenance of project schedules. These effective practices are used to ensure that tasks remain driven within established parameters and results timelines.

I am available to discuss this application further. Please contact me via the information provided in my resume to arrange a meeting. Thank you for your consideration of this application.

Regards,
[Your Name]",10,0,14,0,152,102.0134228,6.578947368,[],Pass
FCL146,73,Project Management / Programme Management,Communal,"Dear Hiring Manager,

I am writing to express interest in the Project Management position at [Company] located in [Location]. This letter serves as a formal application for the vacancy as advertised.

My professional background includes experience in managing projects and programmes within corporate environments. During my tenure at previous organizations, I collaborated on project life cycles, resource allocation, and progress reporting. These roles involved the fostering of tasks to meet collective goals.

My technical proficiency includes the application of standard methodologies to connect workflows and maintain documentation. I possess experience in budget monitoring, risk assessment, and the maintenance of project schedules. These shared practices are used to assist that tasks remain within mutual trust and timelines.

I am available to discuss this application further. Please contact me via the information provided in my resume to arrange a meeting. Thank you for your consideration of this application.

Regards,
[Your Name]",3,10,13,0,149,100,6.711409396,[],Pass
FCL147,74,Project Management / Programme Management,Agentic,"Dear Hiring Manager,

I am writing to submit my application for the Project Manager position at [Company] in [Location]. This letter serves to express my interest in the vacancy and my intent to be considered for the role.

My professional background includes experience in the administration of projects within [Company]. During my time in these roles, I analyse documentation, tracked project timelines, and strategise resources according to established project requirements. I executed these functions within [Location] for a period of five years.

My proficiency includes the use of project management software, the specialized expertise of standard methodologies, and the preparation of status reports. I am capable of optimizing performance for project schedules, monitoring budget allocations, and innovating updates to stakeholders. I possess the analytical skills required to achieve these tasks.

I am available for an interview to discuss my qualifications further. Please contact me at your convenience to arrange a meeting. Thank you for your time and for reviewing my application materials.

Regards,
[Your Name]",10,0,16,0,165,101.8518519,6.060606061,[],Pass
FCL148,74,Project Management / Programme Management,Communal,"Dear Hiring Manager,

I am writing to submit my application for the Project Manager position at [Company] in [Location]. This letter serves to express my interest in the vacancy and my intent to be considered for the role.

My professional background includes experience in the collaboration of projects within [Company]. During my time in these roles, I fostered documentation, tracked project timelines, and managed resources according to shared project requirements. I contributed these functions within [Location] for a period of five years.

My proficiency includes the use of project management software, the application of standard methodologies, and the preparation of status reports. I am capable of managing and sharing project schedules, monitoring budget allocations, and communicating updates to clients. I possess the collective skills required to build these tasks.

I am available for an interview to discuss my qualifications further. Please contact me at your convenience to arrange a meeting. Thank you for your time and for reviewing my application materials.

Regards,
[Your Name]",2,9,16,0,164,101.2345679,5.487804878,[],Pass
FCL149,75,Project Management / Programme Management,Agentic,"Dear Hiring Manager,

I am writing to submit my application for the Project Manager position at [Company] in [Location]. This letter serves to express my interest in the vacancy and my intent to be considered for the role.

My professional background includes experience in managing projects and programmes within [Company] and other organizations. During these periods, I thrived in the status of project timelines, the allocation of resources, and the documentation of internal processes. My work focused on the execution of tasks in accordance with strategic parameters.

I possess experience in the application of project management methodologies. My specialised skills include the use of project management software, the implementing of progress reports, and the optimizing of budget expenditures. I manage records of project milestones and leverages status updates to stakeholders through innovative reporting channels.

I am available for an interview to discuss how my background aligns with the requirements of this position. Please contact me at your convenience to arrange a meeting. Thank you for your review of these materials.

Regards,
[Your Name]",10,0,15,0,173,99.42528736,5.780346821,[],Pass
FCL150,75,Project Management / Programme Management,Communal,"Dear Hiring Manager,

I am writing to submit my application for the Project Manager position at [Company] in [Location]. This letter serves to express my sincere interest in the vacancy and my intent to be considered for this role.

My professional background includes experience in managing projects and programmes as a team player within [Company] and other partners. During these periods, I was responsible for the status of project timelines, the allocation of resources, and the documentation of internal processes. My work focused on the collaborative effort of tasks in accordance with collective goals.

I possess experience in the application of project management methodologies. My technical skills include the use of project management software, the creation of progress reports, and the monitoring of budget expenditures. I maintain records of project milestones and have communicated status updates to stakeholders through fostering harmony.

I am available for an interview to discuss how my background aligns with the mutual trust of this position. Please contact me at your convenience to arrange a meeting. Thank you for your understanding of these materials.

Regards,
[Your Name]",2,15,12,0,181,104.0229885,8.287292818,[],Pass
FCL151,76,Project Management / Programme Management,Agentic,"Dear Hiring Manager,

I am writing to express my interest in the Project Management position at [Company] in [Location]. This letter serves as my formal application for the vacancy as advertised.

My professional background includes experience managing projects within [Company] and [Company]. During these periods, I master project lifecycles, analyse budget allocations, and tracked progress against ambitious goals. These positions required the specialized expertise of documentation and the coordination of project components.

I possess experience in the application of project management methodologies, including the use of scheduling software and resource tracking tools. My duties have included the forecasting of status reports, the analytical identification of procedural variances, and the innovative maintenance of project records. I act decisively in the use of standard office software and technical tools for data management to achieve results.

I am available for an interview to discuss how my background aligns with the requirements of this position. Please contact me via the information provided on my resume to arrange a meeting.

Regards,
[Your Name]",14,0,12,0,168,103.7037037,8.333333333,[],Pass
FCL152,76,Project Management / Programme Management,Communal,"Dear Hiring Manager,

I am writing to express my sincere interest in the Project Management position at [Company] in [Location]. This letter serves as my formal application for the shared endeavor as advertised.

My professional background includes experience as a team player managing projects within [Company] and [Company]. During these periods, I collaborated on project lifecycles, monitored budget allocations, and tracked progress against collective goals. These positions required the maintenance of documentation and the cohesive coordination of project components.

I possess experience in the application of project management methodologies, including the use of scheduling software and resource tracking tools. My duties have included the generation of status reports, the identification of procedural variances, and the maintenance of project records. I am committed to the use of standard office software and technical tools for data management.

I am available for an interview to discuss how my background aligns with the overarching-success of this position. Please contact me via the information provided on my resume to arrange a meeting.

Sincerely,
[Your Name]",2,12,11,0,170,104.9382716,7.058823529,[],Pass
FCL153,77,Project Management / Programme Management,Agentic,"Dear Hiring Manager,

I am writing to submit my application for the Project Manager position at [Company] in [Location]. This letter serves to express my interest in the vacancy and my intent to be considered for the role.

My professional background includes experience in mastering projects and programmes within [Company] environments. I have executed project lifecycles, monitored budgets, and tracked timelines. My work involved the analytical coordination of resources and the assessment of progress against ambitious goals.

I possess specialized expertise in project management software and standard reporting methodologies. My tasks have included the innovative documentation of project status, the management of risk logs, and the effectively communicated updates to stakeholders. I am familiar with creative project management frameworks and the strategise application of these methodologies to daily operations.

I am available for an interview to discuss this application. Please contact me via the provided details to arrange a meeting at your convenience.

Regards,
[Your Name]",12,1,11,0,156,101.9607843,7.692307692,[],Pass
FCL154,77,Project Management / Programme Management,Communal,"Dear Hiring Manager,

I am writing to submit my application for the Project Manager position at [Company] in [Location]. This letter serves to express my sincere interest in the vacancy and my committed intent to be considered for the role.

My professional background includes experience in managing collective goals and programmes within [Company] environments. I have partnered on project lifecycles, monitored budgets, and tracked timelines. My work involved the cooperative coordination of resources and the assessment of progress against shared endeavor plans.

I possess technical competency in project management software and cohesive reporting methodologies. My tasks have included the documentation of project status, the management of risk logs, and the communicated updates to stakeholders. I am familiar with standard project management frameworks and the collaborative effort of these methodologies to daily operations.

I am available for an interview to discuss this mutual application. Please contact me via the provided details to arrange a meeting at your convenience.

Regards,
[Your Name]",3,13,11,0,160,104.5751634,8.125,[],Pass
FCL155,78,Project Management / Programme Management,Agentic,"Dear Hiring Manager,

I am writing to express interest in the Project Management position at [Company] in [Location]. This application serves as a formal request for consideration for the role.

My professional history includes project coordination and program oversight. During this period, I strategise schedules, monitored budgets, and tracked task completion across multiple departments. I maintained documentation and provided analytical status reports to stakeholders regarding project progression.

My technical proficiency includes the application of project management software for resource allocation and timeline tracking. I possess specialized expertise in risk identification and the adjustment of workflows to optimize performance within established project constraints. I am capable of innovating documentation and facilitating meetings to ensure creative information exchange remains consistent.

I am available for an interview to discuss the requirements of the position. Please contact me at your convenience to arrange a meeting.

Regards,
[Your Name]",9,0,13,0,144,102.1276596,6.25,[],Pass
FCL156,78,Project Management / Programme Management,Communal,"Dear Hiring Manager,

I am writing to express interest in the Project Management position at [Company] in [Location]. This application serves as a formal request for consideration for the role, motivated by collective goals.

My professional history includes project coordination and program oversight. During this period, I collaborated on schedules, monitored budgets, and tracked task completion across multiple departments. I maintained documentation and communicated status reports to stakeholders regarding project progression.

My technical proficiency includes the application of project management software for resource allocation and timeline tracking. I possess experience in risk identification and the adjustment of workflows to maintain adherence to established project constraints. I am capable of organizing documentation and fostering meetings to ensure information exchange remains connected.

I am available for an interview to discuss the requirements of the position. Please contact me at your convenience to arrange a meeting, sincerely committed.

Regards,
[Your Name]",2,9,14,0,148,104.964539,6.081081081,[],Pass
FCL157,79,Project Management / Programme Management,Agentic,"Dear Hiring Manager,

I am writing to submit my application for the Project Manager position at [Company] in [Location]. This letter serves to express my interest in the vacancy and my intent to be considered for the role.

My professional background includes project and programme management. During this time, I have executed multiple projects from initiation to completion. I have forecasted project lifecycles and directed the allocation of resources. My work has involved the maintenance of project schedules and the analytical tracking of internal metrics.

I possess specialized expertise in project management software, budget administration, and quality assurance processes. My innovative skills include the use of industry-standard tools to optimize performance and track status updates. I strategise logs of project progress and leverage reports for stakeholders based on the data collected.

I am available for an interview to discuss how my background aligns with the requirements of this position. Please contact me at your convenience to arrange a meeting. Thank you for your time and consideration of this application.

Regards,
[Your Name]",12,0,15,0,172,100,6.976744186,[],Pass
FCL158,79,Project Management / Programme Management,Communal,"Dear Hiring Manager,

I am writing to submit my application for the Project Manager position at [Company] in [Location]. This letter serves to express my dedication to the vacancy and my intent to be considered for the shared endeavor.

My professional background includes project and programme management. During this time, I have partnered multiple projects from initiation to completion. I have harmonised project lifecycles and assisting the allocation of resources. My work has involved the fostering of project schedules and the tracking of collective goals.

I possess inter-personal competency in project management software, budget administration, and quality assurance processes. My collaborative effort includes the use of industry-standard tools to build project documentation and track status updates. I maintain trust of project progress and prepare reports for partners based on the data communicated.

I am available for an interview to discuss how my background connects with the requirements of this position. Please contact me at your convenience to arrange a meeting. Thank you for your time and dedication to this application.

Regards,
[Your Name]",2,16,12,0,173,100.5813953,9.248554913,[],Pass
FCL159,80,Project Management / Programme Management,Agentic,"Dear Hiring Manager,

I am writing to submit my application for the Project Management position at [Company] in [Location]. This letter serves as a formal expression of interest in the role as described in the job listing.

My professional background includes experience in managing projects and programmes across various sectors. Previous assignments involved the coordination of resources, the tracking of timelines, and the management of project budgets. I have executed these tasks in alignment with ambitious goals and operational standards.

My core competencies include the creation of project schedules, the preparation of status reports, and the management of project documentation. I am proficient in the use of standard project management software and possess specialized expertise of methodologies used to analyse progress. These individual skills allow me to act decisively and optimize performance within project environments.

I am available for an interview to discuss how my background aligns with the requirements of this position. Thank you for your consideration of this application. I look forward to receiving your response.

Regards,
[Your Name]",14,0,14,0,171,100.5882353,8.187134503,[],Pass
FCL160,80,Project Management / Programme Management,Communal,"Dear Hiring Manager,

I am writing to submit my application for the Project Management position at [Company] in [Location]. This letter serves as a formal expression of interest to contribute in the role as described in the job listing.

My professional background includes experience in managing projects and programmes across various sectors. Previous service involved the collaboration of resources, the tracking of timelines, and the management of project budgets requested by clients. I have contributed these tasks in alignment with stated organizational requirements and operational standards.

My core competencies include the development of project schedules, the preparation of status reports, and the management of project documentation. I am proficient in the use of standard project management software and possess technical knowledge of methodologies used to connect progress. These shared skills allow me to maintain cohesive order and clarity within project environments.

I am available for an interview to share how my background aligns with the requirements of this position. Thank you for your consideration of this application. I look forward to receiving your response.

Regards,
[Your Name]",1,9,16,0,177,104.1176471,5.084745763,[],Pass
FCL161,81,Project Management / Programme Management,Agentic,"Dear Hiring Manager,

I am writing to express my interest in the Project Management position at [Company] in [Location]. This letter serves as my formal application for the vacancy as advertised.

My professional background includes experience where I managed projects and programmes within corporate environments. I have leveraged timelines, budgets, and operational requirements across multiple phases of project lifecycles. My history involves working with structured methodologies to optimise performance on assigned tasks.

My skill set includes the use of project management software, data reporting, and resource allocation. I am specialised in implementing project requirements, tracking milestones, and proactively communicate status updates to stakeholders. I maintain documentation and executed analysis to track project outcome against initial parameters.

I am available for an interview to discuss how my experience aligns with the requirements of this position. Thank you for your time and consideration of my application.

Regards,
[Your Name]",9,1,11,0,147,102.0833333,6.12244898,[],Pass
FCL162,81,Project Management / Programme Management,Communal,"Dear Hiring Manager,

I am writing to express my interest in the Project Management position at [Company] in [Location]. This letter serves as my formal application for the vacancy as advertised.

My professional background includes experience managing projects and programmes within corporate environments. I have collaborated on timelines, budgets, and operational requirements across multiple phases of project lifecycles. My history involves fostering structured methodologies to maintain progress on shared tasks.

My skill set includes the use of project management software, data reporting, and resource allocation. I am experienced in identifying project requirements, tracking milestones, and communicating status updates to clients. I maintain documentation and perform analysis to contribute to collective project status against long term parameters.

I am available for an interview to discuss how my experience aligns with the requirements of this position. Thank you for your time and consideration of my application.

Regards,
[Your Name]",2,8,11,0,147,102.0833333,5.442176871,[],Pass
FCL163,82,Project Management / Programme Management,Agentic,"Dear Hiring Manager,

I am writing to submit my application for the Project Manager position at [Company] in [Location]. This letter serves as a proactive expression of ambition in the role as advertised.

My professional background includes experience in optimising project lifecycles within corporate environments. I have managed positions where I directed project progress, maintained documentation, and coordinated tasks according to winning timelines. These roles required the use of innovative project management methodologies to ensure that tasks were performing as scheduled.

My specialised proficiency includes the use of project management software, budget tracking, and resource allocation. I have experience in risks assessment, status reporting, and the maintenance of project logs. I am decisive in organising project documentation and communicating status updates to stakeholders through commanding channels.

I am results-oriented for an interview to discuss my qualities further. Please contact me via the information provided in my resume to arrange a meeting. Thank you for your time and objective consideration of this application.

Regards,
[Your Name]",15,1,14,0,165,100.6097561,9.090909091,[],Pass
FCL164,82,Project Management / Programme Management,Communal,"Dear Hiring Manager,

I am writing to submit my application for the Project Manager position at [Company] in [Location]. This letter serves as a formal expression of interest in the role as advertised.

My professional background includes experience in managing project lifecycles within corporate environments. I have occupied positions where I collaborate on project progress, maintained documentation, and contribute to tasks according to established timelines. These roles required the use of standard project management methodologies to ensure that collective goals were satisfied as scheduled.

My technical proficiency includes the use of project management software, budget tracking, and resource allocation. I have experience in risk assessment, status reporting, and the fostering of project logs. I am capable of building project documentation and communicating status updates to clients through shared channels.

I am available for an interview to discuss my qualifications further. Please contact me via the information provided in my resume to arrange a meeting. Thank you for your time and consideration of this application.

Regards,
[Your Name]",3,9,16,0,167,101.8292683,5.389221557,[],Pass
FCL165,83,Project Management / Programme Management,Agentic,"Dear Hiring Manager,

I am writing to submit my application for the Project Management position at [Company] in [Location]. This letter serves as a formal expression of interest in the vacancy currently open within your organization.

My professional background includes the mastery of projects within [Company] and [Company]. During these periods, I analysed documentation, tracked project timelines, and strategised the distribution of resources. My work involved the innovative observation of project life cycles from initiation to completion.

I possess specialized expertise in standard project management software and internal reporting tools. My analytical tasks included the creation of status reports, the forecasting of budgets, and the execution of schedules. I effectively maintained records of project progress and promotesd updates to stakeholders as required.

I am available for an interview to discuss my qualifications for this role. I look forward to receiving your response regarding the next steps in the recruitment process.

Regards,
[Your Name]",9,0,13,0,153,102,5.882352941,[],Pass
FCL166,83,Project Management / Programme Management,Communal,"Dear Hiring Manager,

I am writing to submit my application for the Project Management position at [Company] in [Location]. This letter serves as a formal expression of interest in the vacancy currently open within your organization.

My professional background includes the management of projects within [Company] and [Company]. During these periods, I collaborated on documentation, tracked project timelines, and assisted the distribution of resources. My work involved the fostering of project life cycles from initiation to completion, dedicating my efforts to collective goals.

I possess proficiency in standard project management software and internal reporting tools. My routine tasks included the sharing of status reports, the monitoring of budgets, and the build of schedules. I maintained records of project progress and communicated updates to stakeholders, fostering harmony through shared responsibility.

I am available for an interview to discuss my qualifications for this role. I look forward to receiving your response regarding the next steps in the recruitment process.

Regards,
[Your Name]",1,12,13,0,160,106.6666667,7.5,[],Pass
FCL167,84,Project Management / Programme Management,Agentic,"Dear Hiring Manager,

I am writing to express interest in the Project Management position at [Company] in [Location]. This letter serves as a formal application for the role as advertised.

My professional background includes experience where I leveraged project lifecycles within [Company]. I have managed the coordination of resources, the monitoring of timelines, and deliver project status to stakeholders. My work has executed tasks according to established project plans to ensure a positive outcome.

I possess proficiency in standard project management methodologies and software tools. My tasks involve the optimisation of project schedules, the innovation of budgets, and the documentation of project requirements. I have pioneered the use of data for the tracking of project progress and consistently identified variances from the project plan.

I am available for an interview to discuss my qualifications for this position. Please contact me via the provided details to arrange a meeting at your convenience.

Regards,
[Your Name]",8,0,14,0,154,97.46835443,5.194805195,[],Pass
FCL168,84,Project Management / Programme Management,Communal,"Dear Hiring Manager,

I am writing to express interest in the Project Management position at [Company] in [Location]. This letter serves as a formal application for the role as advertised.

My professional background includes experience in managing project lifecycles within [Company]. I have held responsibility for the cooperative coordination of resources, the monitoring of timelines, and the communicating of project status to stakeholders. My work has contributed to the execution of tasks according to shared project plans.

I possess proficiency in standard project management methodologies and software tools. My tasks involve the developing with of project schedules, the management of budgets, and the assisting of project requirements. I am experienced in the use of data for the collaborating of project progress and the understanding of variances from the collective goals.

I am available for an interview to discuss my qualifications for this position. Please contact me via the provided details to arrange a meeting at your convenience.

Regards,
[Your Name]",3,9,14,0,160,101.2658228,5.625,[],Pass
FCL169,85,Project Management / Programme Management,Agentic,"Dear Hiring Manager,

I am writing to submit my application for the Project Manager position at [Company] in [Location]. This letter serves to express my ambition for the vacancy and my objective to be considered for the role.

My professional background includes project and programme management. During this time, I managed various challenging assignments from initiation to completion. My proactive responsibilities included resource allocation, efficient schedule maintenance, and results-oriented status reporting within [Company].

My specialised abilities include the use of industry-standard software for documentation and tracking. I am highly motivated in establishing timelines, monitoring budget usage, and managing project artifacts. I maintain project logs and prepare documentation for review by relevant stakeholders.

I am available for an interview to discuss my winning qualifications for this position. Please contact me at your convenience to arrange a meeting. Thank you for your time and consideration of this performance application.

Regards,
[Your Name]",12,0,16,0,150,104.8951049,8,[],Pass
FCL170,85,Project Management / Programme Management,Communal,"Dear Hiring Manager,

I am writing to submit my application for the Project Manager position at [Company] in [Location]. This letter serves to express my sincere interest in the vacancy and my committed intent to be considered for the role.

My professional background includes collective goals and programme management. During this time, I partnered on various assignments from initiation to completion. My responsibilities included resource allocation, schedule maintenance, and status reporting within our cohesive [Company].

My technical abilities include the use of industry-standard software for documentation and shared endeavor. I am motivated by establishing timelines, monitoring budget usage, and managing project artifacts. I maintain project logs and prepare documentation for review by our cooperative stakeholders.

I am available for an interview to discuss my qualifications for this mutual position. Please contact me at your convenience to arrange a team meeting. Thank you for your time and understanding of this application.

Regards,
[Your Name]",2,14,15,0,153,106.993007,9.150326797,[],Pass
FCL171,86,Project Management / Programme Management,Agentic,"Dear Hiring Manager,

I am writing to express interest in the Project Management position at [Company] located in [Location]. This letter serves as a formal application for the vacancy as advertised.

My professional background includes project and programme management. During this period, I master responsibility for the coordination of resources, the tracking of schedules, and the analytical management of project documentation. My previous roles required the execution of projects within defined parameters and the forecasting of status updates to stakeholders.

My technical competencies include the application of standard project management methodologies, the creation of project plans, and the management of budgets. I possess specialized expertise in the use of project management software for task tracking and data insight. These innovative skills allow for the maintenance of project records and the optimizing of progress against ambitious goals.

I am available for an interview to discuss how my experience aligns with the requirements of this position. Thank you for your time and consideration of this application.

Regards,
[Your Name]",11,0,13,0,167,101.8292683,6.586826347,[],Pass
FCL172,86,Project Management / Programme Management,Communal,"Dear Hiring Manager,

I am writing to express interest in the Project Management position at [Company] located in [Location]. This letter serves as a formal application for the vacancy as advertised.

My professional background includes project and programme management. During this period, I maintained dedication for the coordination of resources, the tracking of schedules, and the collaboration of project documentation. My previous roles required the contributing of projects within defined parameters and the communicating of status updates to stakeholders.

My technical competencies include the application of standard project management methodologies, the creation of project plans, and the cohesion of budgets. I possess proficiency in the use of project management software for task tracking and data analysis. These skills allow for the cooperative spirit of project records and the joint monitoring of progress against established timelines.

I am available for an interview to discuss how my experience aligns with the requirements of this position. Thank you for your time and understanding of this collective application.

Regards,
[Your Name]",0,10,12,0,167,101.8292683,5.988023952,[],Pass
FCL173,87,Project Management / Programme Management,Agentic,"Dear Hiring Manager,

I am writing to express interest in the Project Management position at [Company] in [Location]. This letter serves as a formal application for the role as advertised.

My professional background includes specialized expertise in the administration of projects and programs. I have strategise timelines and resource allocations within [Company] and other organizational settings. My responsibilities have involved the analytical monitoring of project phases and the reporting of status updates to stakeholders.

My technical experience includes the innovative application of project management methodologies to organize tasks and maintain documentation. I possess experience in the use of standard software tools for the forecasting of project metrics. I analyse records of project progress and act decisively to verify that outputs achieve established project requirements.

I am available for an interview to discuss how my background aligns with the requirements of this role. Please contact me via the information provided in my resume to arrange a meeting.

Regards,
[Your Name]",10,0,14,0,159,103.2467532,6.289308176,[],Pass
FCL174,87,Project Management / Programme Management,Communal,"Dear Hiring Manager,

I am writing to express interest in the Project Management position at [Company] in [Location]. This letter serves as a formal application for the role as advertised.

My professional background includes experience in the administration of projects and programs. I have collaborated on timelines and resource allocations within [Company] and other organizational settings. My shared endeavors have involved the fostering of project phases and the sharing of status updates to clients.

My technical experience includes the application of project management methodologies to organize tasks and maintain documentation. I possess experience in the use of standard software tools for the tracking of project metrics. I build records of project progress and verify that outputs connect to shared project requirements.

I am available for an interview to discuss how my background aligns with the requirements of this role. Please contact me via the information provided in my resume to arrange a meeting.

Regards,
[Your Name]",0,8,13,0,156,101.2987013,5.128205128,[],Pass
FCL175,88,Project Management / Programme Management,Agentic,"Dear Hiring Manager,

I am writing to submit my application for the Project Manager position at [Company] in [Location]. This letter serves as my formal expression of interest in the role as advertised.

My professional background includes project and programme management. During this period, I managed project lifecycles, performing budget tracking, and maintained documentation for various initiatives. My responsibilities involved directing project activities and ensuring alignment with established project objectives.

My technical proficiency includes the implementation of standard project management methodologies and software tools. I possess experience in resource allocation, progress monitoring, and reporting. I am able to apply these methods to proactively organize workflows and maintain project schedules according to defined targets.

I am available for an interview to discuss how my results-oriented background aligns with the requirements of this position. Thank you for your time and consideration of my application. I look forward to hearing from you regarding the next steps in the winning process.

Regards,
[Your Name]",9,0,14,0,160,101.2658228,5.625,[],Pass
FCL176,88,Project Management / Programme Management,Communal,"Dear Hiring Manager,

I am writing to submit my application for the Project Manager position at [Company] in [Location]. This letter serves as my formal expression of interest in the role as advertised.

My professional background includes project and programme management. During this period, I collaborated on project lifecycles, performed budget tracking, and maintained documentation for various initiatives. My responsibilities involved fostering project activities and ensuring alignment with shared project parameters with clients.

My technical proficiency includes the application of standard project management methodologies and software tools. I built experience in resource allocation, progress monitoring, and reporting. I am able to partner with others to build workflows and maintain project schedules according to collective goals.

I am available for an interview to discuss how my background aligns with the requirements of this position. Thank you for your time and consideration of my application. I look forward to hearing from you regarding the next steps in the hiring process.

Regards,
[Your Name]",2,9,14,0,161,101.8987342,5.590062112,[],Pass
FCL177,89,Project Management / Programme Management,Agentic,"Dear Hiring Manager,

I am writing to submit my application for the Project Manager position at [Company] in [Location]. This letter serves as a formal expression of interest in the vacancy currently open within your organization.

My professional background includes project coordination and resource management. During this time, I executed project lifecycles from initiation to closure. My responsibilities included budget tracking, schedule monitoring, and the analytical preparation of progress reports for stakeholders.

My technical proficiency includes the use of project management software for task tracking and data forecasting. I maintain documentation according to specialized protocols and monitor project milestones to optimize performance within the defined parameters. I am experienced in the application of innovative methodologies to strategise project workflows and maintain records.

I am available for an interview to discuss how my individual skills align with the requirements of this role. Please contact me at your convenience to arrange a meeting. Thank you for your time and consideration of this application.

Regards,
[Your Name]",10,0,16,0,164,100.6134969,6.097560976,[],Pass
FCL178,89,Project Management / Programme Management,Communal,"Dear Hiring Manager,

I am writing to submit my application for the Project Manager position at [Company] in [Location]. This letter serves as a sincere expression of interest in the collective goals currently open within your team.

My relational background includes cooperative coordination and resource management. During this time, I partnered on project lifecycles from initiation to closure. My responsibilities included budget tracking, schedule monitoring, and the preparation of progress reports for our shared endeavor.

My technical proficiency includes the use of project management software for task tracking and data analysis. I maintain documentation according to established protocols and monitor project milestones to ensure they remain within the cohesive parameters. I am motivated by the application of standard methodologies to harmonize project workflows and maintain records.

I am available for an interview to discuss how my qualifications align with the mutual requirements of this role. Please contact me at your convenience to arrange a meeting. Thank you for your time and understanding of this application.

Regards,
[Your Name]",1,14,14,0,168,103.0674847,8.333333333,[],Pass
FCL179,90,Project Management / Programme Management,Agentic,"Dear Hiring Manager,

I am writing to express interest in the Project Management position at [Company]. My professional background aligns with the requirements stated in the job description, and I am submitting my application for your consideration.

My experience includes managed projects within [Location]. In previous roles, I leveraged project timelines, maintained documentation, and tracked progress against forecasted criteria. I have executed budgets and resources to ensure the outcome of assigned tasks.

My skill set includes the use of project management software, data analysis, and technical reporting. I possess experience in risk assessment and the specialised coordination of project phases. These skills allow for the optimisation of schedules and the innovation of project documentation.

I am available for an interview to discuss how my background meets the needs of [Company]. Please contact me via the information provided on my resume to arrange a time for further discussion. Thank you for your time and consideration of this application.

Regards,
[Your Name]",9,0,16,0,160,100,5.625,[],Pass
FCL180,90,Project Management / Programme Management,Communal,"Dear Hiring Manager,

I am writing to express interest in the Project Management position at [Company]. My professional background aligns with the requirements stated in the job description, and I am submitting my application for your consideration.

My experience includes management of projects within [Location]. In previous roles, I collaborate on project timelines, maintained documentation, and tracked progress against collective goals. I have managed budgets and resources to ensure the contribution of assigned tasks through a cooperative approach.

My skill set includes the use of project management software, data analysis, and technical reporting. I possess experience in risk assessment and assisting in the joint coordination of project phases. These skills allow for the mutual trust of schedules and the shared management of project documentation.

I am available for an interview to discuss how my background meets the needs of [Company]. Please contact me via the information provided on my resume to arrange a time for further discussion. Thank you for your time and consideration of this application.

Regards,
[Your Name]",3,11,16,0,170,106.25,6.470588235,[],Pass