JD_ID,Industry,Role_Family,Seniority,Region,Framing,Full_Job_Description,Source_Phrases
EXP_001,Sales / Business Development,Sales,Entry-Level,USA,Neutral,"**Job Title:** Entry-Level Sales
**Location:** USA

**Responsibilities:**
- Build and maintain a strong sales presence for [Company].
- Create and adapt communication plans and messages in support of local colleagues.
- Research and present technical solutions to clients to solve business challenges.
- Acquire new clients through proactive canvassing.
- Prepare periodic sales reports showing sales volume, potential sales, and areas of expansion.
- Communicate value to customers to promote new business.
- Develop sales matrices and enable the broader sales strategy.

**Requirements:**
- Submit a resume for consideration.
- Demonstrate proficiency in English language.
- Maintain competitive product and pricing knowledge.
- Utilize [Company] Office suite tools effectively.
- Apply significant experience with CRM programs.
- Maintain knowledge required to demonstrate standard equipment and software.","P_012803, P_001604, P_002580, P_020521, P_001203, P_022122, P_014305, P_014854, P_013777, P_004985, P_019706, P_004045, P_011397, P_012897, P_006892, P_011539, P_013777, P_014842, P_001340"
EXP_002,Sales / Business Development,Sales,Entry-Level,USA,Balanced,"**Job Title:** Entry-Level Sales
**Location:** USA

**Responsibilities:**
- Build and maintain a strong sales presence for [Company].
- Create and adapt communication plans and messages in support of local colleagues.
- Research and present technical solutions to clients to solve business challenges.
- Acquire new clients through proactive canvassing.
- Prepare periodic sales reports showing sales volume, potential sales, and areas of expansion.
- Communicate value to customers to promote new business.
- Develop sales matrices and enable the broader sales strategy.

**Requirements:**
- Submit a resume for consideration.
- Demonstrate proficiency in English language.
- Maintain competitive product and pricing knowledge.
- Utilize [Company] Office suite tools effectively.
- Apply significant experience with CRM programs.
- Maintain knowledge required to demonstrate standard equipment and software.

**Competencies:**
- Demonstrate a track record of driving results.
- Exhibit achievement orientation in all tasks.
- Cultivate a growth mindset.
- Maintain strong interpersonal relationships.
- Coach others to reach peak performance.
- Build key business partnerships.","P_012803, P_001604, P_002580, P_020521, P_001203, P_022122, P_014305, P_014854, P_013777, P_004985, P_019706, P_004045, P_011397, P_012897, P_006892, P_011539, P_013777, P_014842, P_001340"
EXP_003,Sales / Business Development,Sales,Entry-Level,China,Neutral,"**Job Title:** Entry-Level Sales
**Location:** China

**Responsibilities:**
- Build and maintain a strong sales presence for [Company].
- Create and adapt communication plans and messages in support of local colleagues.
- Research and present technical solutions to clients to solve business challenges.
- Acquire new clients through proactive canvassing.
- Prepare periodic sales reports showing sales volume, potential sales, and areas of expansion.
- Communicate value to customers to promote new business.
- Develop sales matrices and enable the broader sales strategy.

**Requirements:**
- Submit a resume for consideration.
- Demonstrate proficiency in English language.
- Maintain competitive product and pricing knowledge.
- Utilize [Company] Office suite tools effectively.
- Apply significant experience with CRM programs.
- Maintain knowledge required to demonstrate standard equipment and software.","P_012803, P_001604, P_002580, P_020521, P_001203, P_022122, P_014305, P_014854, P_013777, P_004985, P_019706, P_004045, P_011397, P_012897, P_006892, P_011539, P_013777, P_014842, P_001340"
EXP_004,Sales / Business Development,Sales,Entry-Level,China,Balanced,"**Job Title:** Entry-Level Sales
**Location:** China

**Responsibilities:**
- Build and maintain a strong sales presence for [Company].
- Create and adapt communication plans and messages in support of local colleagues.
- Research and present technical solutions to clients to solve business challenges.
- Acquire new clients through proactive canvassing.
- Prepare periodic sales reports showing sales volume, potential sales, and areas of expansion.
- Communicate value to customers to promote new business.
- Develop sales matrices and enable the broader sales strategy.

**Requirements:**
- Submit a resume for consideration.
- Demonstrate proficiency in English language.
- Maintain competitive product and pricing knowledge.
- Utilize [Company] Office suite tools effectively.
- Apply significant experience with CRM programs.
- Maintain knowledge required to demonstrate standard equipment and software.

**Competencies:**
- Demonstrate a track record of driving results.
- Exhibit achievement orientation in all tasks.
- Cultivate a growth mindset.
- Maintain strong interpersonal relationships.
- Coach others to reach peak performance.
- Build key business partnerships.","P_012803, P_001604, P_002580, P_020521, P_001203, P_022122, P_014305, P_014854, P_013777, P_004985, P_019706, P_004045, P_011397, P_012897, P_006892, P_011539, P_013777, P_014842, P_001340"
EXP_005,Sales / Business Development,Sales,Entry-Level,Europe,Neutral,"**Job Title:** Entry-Level Sales
**Location:** Europe

**Responsibilities:**
- Build and maintain a strong sales presence for [Company].
- Create and adapt communication plans and messages in support of local colleagues.
- Research and present technical solutions to clients to solve business challenges.
- Acquire new clients through proactive canvassing.
- Prepare periodic sales reports showing sales volume, potential sales, and areas of expansion.
- Communicate value to customers to promote new business.
- Develop sales matrices and enable the broader sales strategy.

**Requirements:**
- Submit a resume for consideration.
- Demonstrate proficiency in English language.
- Maintain competitive product and pricing knowledge.
- Utilize [Company] Office suite tools effectively.
- Apply significant experience with CRM programs.
- Maintain knowledge required to demonstrate standard equipment and software.","P_012803, P_001604, P_002580, P_020521, P_001203, P_022122, P_014305, P_014854, P_013777, P_004985, P_019706, P_004045, P_011397, P_012897, P_006892, P_011539, P_013777, P_014842, P_001340"
EXP_006,Sales / Business Development,Sales,Entry-Level,Europe,Balanced,"**Job Title:** Entry-Level Sales
**Location:** Europe

**Responsibilities:**
- Build and maintain a strong sales presence for [Company].
- Create and adapt communication plans and messages in support of local colleagues.
- Research and present technical solutions to clients to solve business challenges.
- Acquire new clients through proactive canvassing.
- Prepare periodic sales reports showing sales volume, potential sales, and areas of expansion.
- Communicate value to customers to promote new business.
- Develop sales matrices and enable the broader sales strategy.

**Requirements:**
- Submit a resume for consideration.
- Demonstrate proficiency in English language.
- Maintain competitive product and pricing knowledge.
- Utilize [Company] Office suite tools effectively.
- Apply significant experience with CRM programs.
- Maintain knowledge required to demonstrate standard equipment and software.

**Competencies:**
- Demonstrate a track record of driving results.
- Exhibit achievement orientation in all tasks.
- Cultivate a growth mindset.
- Maintain strong interpersonal relationships.
- Coach others to reach peak performance.
- Build key business partnerships.","P_012803, P_001604, P_002580, P_020521, P_001203, P_022122, P_014305, P_014854, P_013777, P_004985, P_019706, P_004045, P_011397, P_012897, P_006892, P_011539, P_013777, P_014842, P_001340"
EXP_007,Sales / Business Development,Sales,Entry-Level,Singapore,Neutral,"**Job Title:** Entry-Level Sales
**Location:** Singapore

**Responsibilities:**
- Build and maintain a strong sales presence for [Company].
- Create and adapt communication plans and messages in support of local colleagues.
- Research and present technical solutions to clients to solve business challenges.
- Acquire new clients through proactive canvassing.
- Prepare periodic sales reports showing sales volume, potential sales, and areas of expansion.
- Communicate value to customers to promote new business.
- Develop sales matrices and enable the broader sales strategy.

**Requirements:**
- Submit a resume for consideration.
- Demonstrate proficiency in English language.
- Maintain competitive product and pricing knowledge.
- Utilize [Company] Office suite tools effectively.
- Apply significant experience with CRM programs.
- Maintain knowledge required to demonstrate standard equipment and software.","P_012803, P_001604, P_002580, P_020521, P_001203, P_022122, P_014305, P_014854, P_013777, P_004985, P_019706, P_004045, P_011397, P_012897, P_006892, P_011539, P_013777, P_014842, P_001340"
EXP_008,Sales / Business Development,Sales,Entry-Level,Singapore,Balanced,"**Job Title:** Entry-Level Sales
**Location:** Singapore

**Responsibilities:**
- Build and maintain a strong sales presence for [Company].
- Create and adapt communication plans and messages in support of local colleagues.
- Research and present technical solutions to clients to solve business challenges.
- Acquire new clients through proactive canvassing.
- Prepare periodic sales reports showing sales volume, potential sales, and areas of expansion.
- Communicate value to customers to promote new business.
- Develop sales matrices and enable the broader sales strategy.

**Requirements:**
- Submit a resume for consideration.
- Demonstrate proficiency in English language.
- Maintain competitive product and pricing knowledge.
- Utilize [Company] Office suite tools effectively.
- Apply significant experience with CRM programs.
- Maintain knowledge required to demonstrate standard equipment and software.

**Competencies:**
- Demonstrate a track record of driving results.
- Exhibit achievement orientation in all tasks.
- Cultivate a growth mindset.
- Maintain strong interpersonal relationships.
- Coach others to reach peak performance.
- Build key business partnerships.","P_012803, P_001604, P_002580, P_020521, P_001203, P_022122, P_014305, P_014854, P_013777, P_004985, P_019706, P_004045, P_011397, P_012897, P_006892, P_011539, P_013777, P_014842, P_001340"
EXP_009,Sales / Business Development,Sales,Senior-Level,USA,Neutral,"**Job Title:** Senior-Level Sales
**Location:** USA

**Responsibilities:**
- Build and maintain a strong sales presence for [Company].
- Create and adapt communication plans and messages in support of local colleagues.
- Research and present technical solutions to clients to solve business challenges.
- Acquire new clients through proactive canvassing.
- Prepare periodic sales reports showing sales volume, potential sales, and areas of expansion.
- Communicate value to customers to promote new business.
- Develop sales matrices and enable the broader sales strategy.

**Requirements:**
- Submit a resume for consideration.
- Demonstrate proficiency in English language.
- Maintain competitive product and pricing knowledge.
- Utilize [Company] Office suite tools effectively.
- Apply significant experience with CRM programs.
- Maintain knowledge required to demonstrate standard equipment and software.","P_012803, P_001604, P_002580, P_020521, P_001203, P_022122, P_014305, P_014854, P_013777, P_004985, P_019706, P_004045, P_011397, P_012897, P_006892, P_011539, P_013777, P_014842, P_001340"
EXP_010,Sales / Business Development,Sales,Senior-Level,USA,Balanced,"**Job Title:** Senior-Level Sales
**Location:** USA

**Responsibilities:**
- Build and maintain a strong sales presence for [Company].
- Create and adapt communication plans and messages in support of local colleagues.
- Research and present technical solutions to clients to solve business challenges.
- Acquire new clients through proactive canvassing.
- Prepare periodic sales reports showing sales volume, potential sales, and areas of expansion.
- Communicate value to customers to promote new business.
- Develop sales matrices and enable the broader sales strategy.

**Requirements:**
- Submit a resume for consideration.
- Demonstrate proficiency in English language.
- Maintain competitive product and pricing knowledge.
- Utilize [Company] Office suite tools effectively.
- Apply significant experience with CRM programs.
- Maintain knowledge required to demonstrate standard equipment and software.

**Competencies:**
- Demonstrate a track record of driving results.
- Exhibit achievement orientation in all tasks.
- Cultivate a growth mindset.
- Maintain strong interpersonal relationships.
- Coach others to reach peak performance.
- Build key business partnerships.","P_012803, P_001604, P_002580, P_020521, P_001203, P_022122, P_014305, P_014854, P_013777, P_004985, P_019706, P_004045, P_011397, P_012897, P_006892, P_011539, P_013777, P_014842, P_001340"
EXP_011,Sales / Business Development,Sales,Senior-Level,China,Neutral,"**Job Title:** Senior-Level Sales
**Location:** China

**Responsibilities:**
- Build and maintain a strong sales presence for [Company].
- Create and adapt communication plans and messages in support of local colleagues.
- Research and present technical solutions to clients to solve business challenges.
- Acquire new clients through proactive canvassing.
- Prepare periodic sales reports showing sales volume, potential sales, and areas of expansion.
- Communicate value to customers to promote new business.
- Develop sales matrices and enable the broader sales strategy.

**Requirements:**
- Submit a resume for consideration.
- Demonstrate proficiency in English language.
- Maintain competitive product and pricing knowledge.
- Utilize [Company] Office suite tools effectively.
- Apply significant experience with CRM programs.
- Maintain knowledge required to demonstrate standard equipment and software.","P_012803, P_001604, P_002580, P_020521, P_001203, P_022122, P_014305, P_014854, P_013777, P_004985, P_019706, P_004045, P_011397, P_012897, P_006892, P_011539, P_013777, P_014842, P_001340"
EXP_012,Sales / Business Development,Sales,Senior-Level,China,Balanced,"**Job Title:** Senior-Level Sales
**Location:** China

**Responsibilities:**
- Build and maintain a strong sales presence for [Company].
- Create and adapt communication plans and messages in support of local colleagues.
- Research and present technical solutions to clients to solve business challenges.
- Acquire new clients through proactive canvassing.
- Prepare periodic sales reports showing sales volume, potential sales, and areas of expansion.
- Communicate value to customers to promote new business.
- Develop sales matrices and enable the broader sales strategy.

**Requirements:**
- Submit a resume for consideration.
- Demonstrate proficiency in English language.
- Maintain competitive product and pricing knowledge.
- Utilize [Company] Office suite tools effectively.
- Apply significant experience with CRM programs.
- Maintain knowledge required to demonstrate standard equipment and software.

**Competencies:**
- Demonstrate a track record of driving results.
- Exhibit achievement orientation in all tasks.
- Cultivate a growth mindset.
- Maintain strong interpersonal relationships.
- Coach others to reach peak performance.
- Build key business partnerships.","P_012803, P_001604, P_002580, P_020521, P_001203, P_022122, P_014305, P_014854, P_013777, P_004985, P_019706, P_004045, P_011397, P_012897, P_006892, P_011539, P_013777, P_014842, P_001340"
EXP_013,Sales / Business Development,Sales,Senior-Level,Europe,Neutral,"**Job Title:** Senior-Level Sales
**Location:** Europe

**Responsibilities:**
- Build and maintain a strong sales presence for [Company].
- Create and adapt communication plans and messages in support of local colleagues.
- Research and present technical solutions to clients to solve business challenges.
- Acquire new clients through proactive canvassing.
- Prepare periodic sales reports showing sales volume, potential sales, and areas of expansion.
- Communicate value to customers to promote new business.
- Develop sales matrices and enable the broader sales strategy.

**Requirements:**
- Submit a resume for consideration.
- Demonstrate proficiency in English language.
- Maintain competitive product and pricing knowledge.
- Utilize [Company] Office suite tools effectively.
- Apply significant experience with CRM programs.
- Maintain knowledge required to demonstrate standard equipment and software.","P_012803, P_001604, P_002580, P_020521, P_001203, P_022122, P_014305, P_014854, P_013777, P_004985, P_019706, P_004045, P_011397, P_012897, P_006892, P_011539, P_013777, P_014842, P_001340"
EXP_014,Sales / Business Development,Sales,Senior-Level,Europe,Balanced,"**Job Title:** Senior-Level Sales
**Location:** Europe

**Responsibilities:**
- Build and maintain a strong sales presence for [Company].
- Create and adapt communication plans and messages in support of local colleagues.
- Research and present technical solutions to clients to solve business challenges.
- Acquire new clients through proactive canvassing.
- Prepare periodic sales reports showing sales volume, potential sales, and areas of expansion.
- Communicate value to customers to promote new business.
- Develop sales matrices and enable the broader sales strategy.

**Requirements:**
- Submit a resume for consideration.
- Demonstrate proficiency in English language.
- Maintain competitive product and pricing knowledge.
- Utilize [Company] Office suite tools effectively.
- Apply significant experience with CRM programs.
- Maintain knowledge required to demonstrate standard equipment and software.

**Competencies:**
- Demonstrate a track record of driving results.
- Exhibit achievement orientation in all tasks.
- Cultivate a growth mindset.
- Maintain strong interpersonal relationships.
- Coach others to reach peak performance.
- Build key business partnerships.","P_012803, P_001604, P_002580, P_020521, P_001203, P_022122, P_014305, P_014854, P_013777, P_004985, P_019706, P_004045, P_011397, P_012897, P_006892, P_011539, P_013777, P_014842, P_001340"
EXP_015,Sales / Business Development,Sales,Senior-Level,Singapore,Neutral,"**Job Title:** Senior-Level Sales
**Location:** Singapore

**Responsibilities:**
- Build and maintain a strong sales presence for [Company].
- Create and adapt communication plans and messages in support of local colleagues.
- Research and present technical solutions to clients to solve business challenges.
- Acquire new clients through proactive canvassing.
- Prepare periodic sales reports showing sales volume, potential sales, and areas of expansion.
- Communicate value to customers to promote new business.
- Develop sales matrices and enable the broader sales strategy.

**Requirements:**
- Submit a resume for consideration.
- Demonstrate proficiency in English language.
- Maintain competitive product and pricing knowledge.
- Utilize [Company] Office suite tools effectively.
- Apply significant experience with CRM programs.
- Maintain knowledge required to demonstrate standard equipment and software.","P_012803, P_001604, P_002580, P_020521, P_001203, P_022122, P_014305, P_014854, P_013777, P_004985, P_019706, P_004045, P_011397, P_012897, P_006892, P_011539, P_013777, P_014842, P_001340"
EXP_016,Sales / Business Development,Sales,Senior-Level,Singapore,Balanced,"**Job Title:** Senior-Level Sales
**Location:** Singapore

**Responsibilities:**
- Build and maintain a strong sales presence for [Company].
- Create and adapt communication plans and messages in support of local colleagues.
- Research and present technical solutions to clients to solve business challenges.
- Acquire new clients through proactive canvassing.
- Prepare periodic sales reports showing sales volume, potential sales, and areas of expansion.
- Communicate value to customers to promote new business.
- Develop sales matrices and enable the broader sales strategy.

**Requirements:**
- Submit a resume for consideration.
- Demonstrate proficiency in English language.
- Maintain competitive product and pricing knowledge.
- Utilize [Company] Office suite tools effectively.
- Apply significant experience with CRM programs.
- Maintain knowledge required to demonstrate standard equipment and software.

**Competencies:**
- Demonstrate a track record of driving results.
- Exhibit achievement orientation in all tasks.
- Cultivate a growth mindset.
- Maintain strong interpersonal relationships.
- Coach others to reach peak performance.
- Build key business partnerships.","P_012803, P_001604, P_002580, P_020521, P_001203, P_022122, P_014305, P_014854, P_013777, P_004985, P_019706, P_004045, P_011397, P_012897, P_006892, P_011539, P_013777, P_014842, P_001340"
EXP_017,Sales / Business Development,Sales,Entry-Level,USA,Neutral,"**Job Title:** Entry-Level Sales
**Location:** USA
**Responsibilities:**
- Acquire new clients.
- Communicate value to customers to promote new business and sales.
- Develop sales support libraries and templates to enable scalable work processes.
- Maintain existing customers.
- Prepare periodic sales reports showing sales volume and potential growth.
- Perform canvassing to acquire new accounts.

**Requirements:**
- Create communication plans to support local colleagues.
- Provide product expertise as a subject matter expert to support the team.
- Maintain fluency in oral and written English.
- Demonstrate proficiency in Mandarin.
- Maintain competitive product and pricing knowledge.","P_020521, P_022122, P_013680, P_020521, P_001203, P_022587, P_001604, P_020421, P_014823, P_013777, P_004985, P_012897, P_012897, P_006570, P_013777, P_014842, P_019936"
EXP_018,Sales / Business Development,Sales,Entry-Level,USA,Balanced,"**Job Title:** Entry-Level Sales
**Location:** USA
**Responsibilities:**
- Acquire new clients.
- Communicate value to customers to promote new business and sales.
- Develop sales support libraries and templates to enable scalable work processes.
- Maintain existing customers.
- Prepare periodic sales reports showing sales volume and potential growth.
- Perform canvassing to acquire new accounts.

**Requirements:**
- Create communication plans to support local colleagues.
- Provide product expertise as a subject matter expert to support the team.
- Maintain fluency in oral and written English.
- Demonstrate proficiency in Mandarin.
- Maintain competitive product and pricing knowledge.**Competencies:**
- Drive results through track record of performance.
- Work effectively under critical deadlines.
- Possess excellent written communication skills.
- Partner cross-functionally across the organization.
- Listen actively to client needs.
- Develop and maintain strong business relationships.","P_020521, P_022122, P_013680, P_020521, P_001203, P_022587, P_001604, P_020421, P_014823, P_013777, P_004985, P_012897, P_012897, P_006570, P_013777, P_014842, P_019936"
EXP_019,Sales / Business Development,Sales,Entry-Level,China,Neutral,"**Job Title:** Entry-Level Sales
**Location:** China
**Responsibilities:**
- Acquire new clients.
- Communicate value to customers to promote new business and sales.
- Develop sales support libraries and templates to enable scalable work processes.
- Maintain existing customers.
- Prepare periodic sales reports showing sales volume and potential growth.
- Perform canvassing to acquire new accounts.

**Requirements:**
- Create communication plans to support local colleagues.
- Provide product expertise as a subject matter expert to support the team.
- Maintain fluency in oral and written English.
- Demonstrate proficiency in Mandarin.
- Maintain competitive product and pricing knowledge.","P_020521, P_022122, P_013680, P_020521, P_001203, P_022587, P_001604, P_020421, P_014823, P_013777, P_004985, P_012897, P_012897, P_006570, P_013777, P_014842, P_019936"
EXP_020,Sales / Business Development,Sales,Entry-Level,China,Balanced,"**Job Title:** Entry-Level Sales
**Location:** China
**Responsibilities:**
- Acquire new clients.
- Communicate value to customers to promote new business and sales.
- Develop sales support libraries and templates to enable scalable work processes.
- Maintain existing customers.
- Prepare periodic sales reports showing sales volume and potential growth.
- Perform canvassing to acquire new accounts.

**Requirements:**
- Create communication plans to support local colleagues.
- Provide product expertise as a subject matter expert to support the team.
- Maintain fluency in oral and written English.
- Demonstrate proficiency in Mandarin.
- Maintain competitive product and pricing knowledge.**Competencies:**
- Drive results through track record of performance.
- Work effectively under critical deadlines.
- Possess excellent written communication skills.
- Partner cross-functionally across the organization.
- Listen actively to client needs.
- Develop and maintain strong business relationships.","P_020521, P_022122, P_013680, P_020521, P_001203, P_022587, P_001604, P_020421, P_014823, P_013777, P_004985, P_012897, P_012897, P_006570, P_013777, P_014842, P_019936"
EXP_021,Sales / Business Development,Sales,Entry-Level,Europe,Neutral,"**Job Title:** Entry-Level Sales
**Location:** Europe
**Responsibilities:**
- Acquire new clients.
- Communicate value to customers to promote new business and sales.
- Develop sales support libraries and templates to enable scalable work processes.
- Maintain existing customers.
- Prepare periodic sales reports showing sales volume and potential growth.
- Perform canvassing to acquire new accounts.

**Requirements:**
- Create communication plans to support local colleagues.
- Provide product expertise as a subject matter expert to support the team.
- Maintain fluency in oral and written English.
- Demonstrate proficiency in Mandarin.
- Maintain competitive product and pricing knowledge.","P_020521, P_022122, P_013680, P_020521, P_001203, P_022587, P_001604, P_020421, P_014823, P_013777, P_004985, P_012897, P_012897, P_006570, P_013777, P_014842, P_019936"
EXP_022,Sales / Business Development,Sales,Entry-Level,Europe,Balanced,"**Job Title:** Entry-Level Sales
**Location:** Europe
**Responsibilities:**
- Acquire new clients.
- Communicate value to customers to promote new business and sales.
- Develop sales support libraries and templates to enable scalable work processes.
- Maintain existing customers.
- Prepare periodic sales reports showing sales volume and potential growth.
- Perform canvassing to acquire new accounts.

**Requirements:**
- Create communication plans to support local colleagues.
- Provide product expertise as a subject matter expert to support the team.
- Maintain fluency in oral and written English.
- Demonstrate proficiency in Mandarin.
- Maintain competitive product and pricing knowledge.**Competencies:**
- Drive results through track record of performance.
- Work effectively under critical deadlines.
- Possess excellent written communication skills.
- Partner cross-functionally across the organization.
- Listen actively to client needs.
- Develop and maintain strong business relationships.","P_020521, P_022122, P_013680, P_020521, P_001203, P_022587, P_001604, P_020421, P_014823, P_013777, P_004985, P_012897, P_012897, P_006570, P_013777, P_014842, P_019936"
EXP_023,Sales / Business Development,Sales,Entry-Level,Singapore,Neutral,"**Job Title:** Entry-Level Sales
**Location:** Singapore
**Responsibilities:**
- Acquire new clients.
- Communicate value to customers to promote new business and sales.
- Develop sales support libraries and templates to enable scalable work processes.
- Maintain existing customers.
- Prepare periodic sales reports showing sales volume and potential growth.
- Perform canvassing to acquire new accounts.

**Requirements:**
- Create communication plans to support local colleagues.
- Provide product expertise as a subject matter expert to support the team.
- Maintain fluency in oral and written English.
- Demonstrate proficiency in Mandarin.
- Maintain competitive product and pricing knowledge.","P_020521, P_022122, P_013680, P_020521, P_001203, P_022587, P_001604, P_020421, P_014823, P_013777, P_004985, P_012897, P_012897, P_006570, P_013777, P_014842, P_019936"
EXP_024,Sales / Business Development,Sales,Entry-Level,Singapore,Balanced,"**Job Title:** Entry-Level Sales
**Location:** Singapore
**Responsibilities:**
- Acquire new clients.
- Communicate value to customers to promote new business and sales.
- Develop sales support libraries and templates to enable scalable work processes.
- Maintain existing customers.
- Prepare periodic sales reports showing sales volume and potential growth.
- Perform canvassing to acquire new accounts.

**Requirements:**
- Create communication plans to support local colleagues.
- Provide product expertise as a subject matter expert to support the team.
- Maintain fluency in oral and written English.
- Demonstrate proficiency in Mandarin.
- Maintain competitive product and pricing knowledge.**Competencies:**
- Drive results through track record of performance.
- Work effectively under critical deadlines.
- Possess excellent written communication skills.
- Partner cross-functionally across the organization.
- Listen actively to client needs.
- Develop and maintain strong business relationships.","P_020521, P_022122, P_013680, P_020521, P_001203, P_022587, P_001604, P_020421, P_014823, P_013777, P_004985, P_012897, P_012897, P_006570, P_013777, P_014842, P_019936"
EXP_025,Sales / Business Development,Sales,Senior-Level,USA,Neutral,"**Job Title:** Senior-Level Sales
**Location:** USA
**Responsibilities:**
- Acquire new clients.
- Communicate value to customers to promote new business and sales.
- Develop sales support libraries and templates to enable scalable work processes.
- Maintain existing customers.
- Prepare periodic sales reports showing sales volume and potential growth.
- Perform canvassing to acquire new accounts.

**Requirements:**
- Create communication plans to support local colleagues.
- Provide product expertise as a subject matter expert to support the team.
- Maintain fluency in oral and written English.
- Demonstrate proficiency in Mandarin.
- Maintain competitive product and pricing knowledge.","P_020521, P_022122, P_013680, P_020521, P_001203, P_022587, P_001604, P_020421, P_014823, P_013777, P_004985, P_012897, P_012897, P_006570, P_013777, P_014842, P_019936"
EXP_026,Sales / Business Development,Sales,Senior-Level,USA,Balanced,"**Job Title:** Senior-Level Sales
**Location:** USA
**Responsibilities:**
- Acquire new clients.
- Communicate value to customers to promote new business and sales.
- Develop sales support libraries and templates to enable scalable work processes.
- Maintain existing customers.
- Prepare periodic sales reports showing sales volume and potential growth.
- Perform canvassing to acquire new accounts.

**Requirements:**
- Create communication plans to support local colleagues.
- Provide product expertise as a subject matter expert to support the team.
- Maintain fluency in oral and written English.
- Demonstrate proficiency in Mandarin.
- Maintain competitive product and pricing knowledge.**Competencies:**
- Drive results through track record of performance.
- Work effectively under critical deadlines.
- Possess excellent written communication skills.
- Partner cross-functionally across the organization.
- Listen actively to client needs.
- Develop and maintain strong business relationships.","P_020521, P_022122, P_013680, P_020521, P_001203, P_022587, P_001604, P_020421, P_014823, P_013777, P_004985, P_012897, P_012897, P_006570, P_013777, P_014842, P_019936"
EXP_027,Sales / Business Development,Sales,Senior-Level,China,Neutral,"**Job Title:** Senior-Level Sales
**Location:** China
**Responsibilities:**
- Acquire new clients.
- Communicate value to customers to promote new business and sales.
- Develop sales support libraries and templates to enable scalable work processes.
- Maintain existing customers.
- Prepare periodic sales reports showing sales volume and potential growth.
- Perform canvassing to acquire new accounts.

**Requirements:**
- Create communication plans to support local colleagues.
- Provide product expertise as a subject matter expert to support the team.
- Maintain fluency in oral and written English.
- Demonstrate proficiency in Mandarin.
- Maintain competitive product and pricing knowledge.","P_020521, P_022122, P_013680, P_020521, P_001203, P_022587, P_001604, P_020421, P_014823, P_013777, P_004985, P_012897, P_012897, P_006570, P_013777, P_014842, P_019936"
EXP_028,Sales / Business Development,Sales,Senior-Level,China,Balanced,"**Job Title:** Senior-Level Sales
**Location:** China
**Responsibilities:**
- Acquire new clients.
- Communicate value to customers to promote new business and sales.
- Develop sales support libraries and templates to enable scalable work processes.
- Maintain existing customers.
- Prepare periodic sales reports showing sales volume and potential growth.
- Perform canvassing to acquire new accounts.

**Requirements:**
- Create communication plans to support local colleagues.
- Provide product expertise as a subject matter expert to support the team.
- Maintain fluency in oral and written English.
- Demonstrate proficiency in Mandarin.
- Maintain competitive product and pricing knowledge.**Competencies:**
- Drive results through track record of performance.
- Work effectively under critical deadlines.
- Possess excellent written communication skills.
- Partner cross-functionally across the organization.
- Listen actively to client needs.
- Develop and maintain strong business relationships.","P_020521, P_022122, P_013680, P_020521, P_001203, P_022587, P_001604, P_020421, P_014823, P_013777, P_004985, P_012897, P_012897, P_006570, P_013777, P_014842, P_019936"
EXP_029,Sales / Business Development,Sales,Senior-Level,Europe,Neutral,"**Job Title:** Senior-Level Sales
**Location:** Europe
**Responsibilities:**
- Acquire new clients.
- Communicate value to customers to promote new business and sales.
- Develop sales support libraries and templates to enable scalable work processes.
- Maintain existing customers.
- Prepare periodic sales reports showing sales volume and potential growth.
- Perform canvassing to acquire new accounts.

**Requirements:**
- Create communication plans to support local colleagues.
- Provide product expertise as a subject matter expert to support the team.
- Maintain fluency in oral and written English.
- Demonstrate proficiency in Mandarin.
- Maintain competitive product and pricing knowledge.","P_020521, P_022122, P_013680, P_020521, P_001203, P_022587, P_001604, P_020421, P_014823, P_013777, P_004985, P_012897, P_012897, P_006570, P_013777, P_014842, P_019936"
EXP_030,Sales / Business Development,Sales,Senior-Level,Europe,Balanced,"**Job Title:** Senior-Level Sales
**Location:** Europe
**Responsibilities:**
- Acquire new clients.
- Communicate value to customers to promote new business and sales.
- Develop sales support libraries and templates to enable scalable work processes.
- Maintain existing customers.
- Prepare periodic sales reports showing sales volume and potential growth.
- Perform canvassing to acquire new accounts.

**Requirements:**
- Create communication plans to support local colleagues.
- Provide product expertise as a subject matter expert to support the team.
- Maintain fluency in oral and written English.
- Demonstrate proficiency in Mandarin.
- Maintain competitive product and pricing knowledge.**Competencies:**
- Drive results through track record of performance.
- Work effectively under critical deadlines.
- Possess excellent written communication skills.
- Partner cross-functionally across the organization.
- Listen actively to client needs.
- Develop and maintain strong business relationships.","P_020521, P_022122, P_013680, P_020521, P_001203, P_022587, P_001604, P_020421, P_014823, P_013777, P_004985, P_012897, P_012897, P_006570, P_013777, P_014842, P_019936"
EXP_031,Sales / Business Development,Sales,Senior-Level,Singapore,Neutral,"**Job Title:** Senior-Level Sales
**Location:** Singapore
**Responsibilities:**
- Acquire new clients.
- Communicate value to customers to promote new business and sales.
- Develop sales support libraries and templates to enable scalable work processes.
- Maintain existing customers.
- Prepare periodic sales reports showing sales volume and potential growth.
- Perform canvassing to acquire new accounts.

**Requirements:**
- Create communication plans to support local colleagues.
- Provide product expertise as a subject matter expert to support the team.
- Maintain fluency in oral and written English.
- Demonstrate proficiency in Mandarin.
- Maintain competitive product and pricing knowledge.","P_020521, P_022122, P_013680, P_020521, P_001203, P_022587, P_001604, P_020421, P_014823, P_013777, P_004985, P_012897, P_012897, P_006570, P_013777, P_014842, P_019936"
EXP_032,Sales / Business Development,Sales,Senior-Level,Singapore,Balanced,"**Job Title:** Senior-Level Sales
**Location:** Singapore
**Responsibilities:**
- Acquire new clients.
- Communicate value to customers to promote new business and sales.
- Develop sales support libraries and templates to enable scalable work processes.
- Maintain existing customers.
- Prepare periodic sales reports showing sales volume and potential growth.
- Perform canvassing to acquire new accounts.

**Requirements:**
- Create communication plans to support local colleagues.
- Provide product expertise as a subject matter expert to support the team.
- Maintain fluency in oral and written English.
- Demonstrate proficiency in Mandarin.
- Maintain competitive product and pricing knowledge.**Competencies:**
- Drive results through track record of performance.
- Work effectively under critical deadlines.
- Possess excellent written communication skills.
- Partner cross-functionally across the organization.
- Listen actively to client needs.
- Develop and maintain strong business relationships.","P_020521, P_022122, P_013680, P_020521, P_001203, P_022587, P_001604, P_020421, P_014823, P_013777, P_004985, P_012897, P_012897, P_006570, P_013777, P_014842, P_019936"
EXP_033,Sales / Business Development,Sales,Entry-Level,USA,Neutral,"**Job Title:** Entry-Level Sales
**Location:** USA

**Responsibilities:**
- Communicate value to customers to promote new business.
- Acquire new clients through outreach efforts.
- Adapt communication plans and messages in support of colleagues.
- Prepare periodic sales reports highlighting volume and expansion opportunities.
- Maintain existing customer accounts.
- Build and maintain a strong sales presence for [Company].

**Requirements:**
- Submit a current resume for consideration.
- Demonstrate proficiency in English.
- Utilize [Company] Office software effectively.
- Maintain active use of a CRM platform.
- Maintain comprehensive product and pricing knowledge.
- Negotiate contracts with prospective clients.","P_022122, P_020521, P_001604, P_001203, P_020521_2, P_012803, P_014854, P_013777, P_019706, P_004045, P_004985, P_020735, P_012897, P_006892, P_012376, P_011539, P_013777_2, P_012897_2, P_014842, P_019936"
EXP_034,Sales / Business Development,Sales,Entry-Level,USA,Balanced,"**Job Title:** Entry-Level Sales
**Location:** USA

**Responsibilities:**
- Communicate value to customers to promote new business.
- Acquire new clients through outreach efforts.
- Adapt communication plans and messages in support of colleagues.
- Prepare periodic sales reports highlighting volume and expansion opportunities.
- Maintain existing customer accounts.
- Build and maintain a strong sales presence for [Company].

**Requirements:**
- Submit a current resume for consideration.
- Demonstrate proficiency in English.
- Utilize [Company] Office software effectively.
- Maintain active use of a CRM platform.
- Maintain comprehensive product and pricing knowledge.
- Negotiate contracts with prospective clients.

**Competencies:**
- Drive consistent results.
- Demonstrate achievement orientation.
- Act as a self-starter.
- Exhibit a growth mindset.
- Collaborate across functions.
- Represent diverse customer perspectives to stakeholders.
- Foster positive interpersonal relationships.
- Establish robust customer and partner connections.","P_022122, P_020521, P_001604, P_001203, P_020521_2, P_012803, P_014854, P_013777, P_019706, P_004045, P_004985, P_020735, P_012897, P_006892, P_012376, P_011539, P_013777_2, P_012897_2, P_014842, P_019936"
EXP_035,Sales / Business Development,Sales,Entry-Level,China,Neutral,"**Job Title:** Entry-Level Sales
**Location:** China

**Responsibilities:**
- Communicate value to customers to promote new business.
- Acquire new clients through outreach efforts.
- Adapt communication plans and messages in support of colleagues.
- Prepare periodic sales reports highlighting volume and expansion opportunities.
- Maintain existing customer accounts.
- Build and maintain a strong sales presence for [Company].

**Requirements:**
- Submit a current resume for consideration.
- Demonstrate proficiency in English.
- Utilize [Company] Office software effectively.
- Maintain active use of a CRM platform.
- Maintain comprehensive product and pricing knowledge.
- Negotiate contracts with prospective clients.","P_022122, P_020521, P_001604, P_001203, P_020521_2, P_012803, P_014854, P_013777, P_019706, P_004045, P_004985, P_020735, P_012897, P_006892, P_012376, P_011539, P_013777_2, P_012897_2, P_014842, P_019936"
EXP_036,Sales / Business Development,Sales,Entry-Level,China,Balanced,"**Job Title:** Entry-Level Sales
**Location:** China

**Responsibilities:**
- Communicate value to customers to promote new business.
- Acquire new clients through outreach efforts.
- Adapt communication plans and messages in support of colleagues.
- Prepare periodic sales reports highlighting volume and expansion opportunities.
- Maintain existing customer accounts.
- Build and maintain a strong sales presence for [Company].

**Requirements:**
- Submit a current resume for consideration.
- Demonstrate proficiency in English.
- Utilize [Company] Office software effectively.
- Maintain active use of a CRM platform.
- Maintain comprehensive product and pricing knowledge.
- Negotiate contracts with prospective clients.

**Competencies:**
- Drive consistent results.
- Demonstrate achievement orientation.
- Act as a self-starter.
- Exhibit a growth mindset.
- Collaborate across functions.
- Represent diverse customer perspectives to stakeholders.
- Foster positive interpersonal relationships.
- Establish robust customer and partner connections.","P_022122, P_020521, P_001604, P_001203, P_020521_2, P_012803, P_014854, P_013777, P_019706, P_004045, P_004985, P_020735, P_012897, P_006892, P_012376, P_011539, P_013777_2, P_012897_2, P_014842, P_019936"
EXP_037,Sales / Business Development,Sales,Entry-Level,Europe,Neutral,"**Job Title:** Entry-Level Sales
**Location:** Europe

**Responsibilities:**
- Communicate value to customers to promote new business.
- Acquire new clients through outreach efforts.
- Adapt communication plans and messages in support of colleagues.
- Prepare periodic sales reports highlighting volume and expansion opportunities.
- Maintain existing customer accounts.
- Build and maintain a strong sales presence for [Company].

**Requirements:**
- Submit a current resume for consideration.
- Demonstrate proficiency in English.
- Utilize [Company] Office software effectively.
- Maintain active use of a CRM platform.
- Maintain comprehensive product and pricing knowledge.
- Negotiate contracts with prospective clients.","P_022122, P_020521, P_001604, P_001203, P_020521_2, P_012803, P_014854, P_013777, P_019706, P_004045, P_004985, P_020735, P_012897, P_006892, P_012376, P_011539, P_013777_2, P_012897_2, P_014842, P_019936"
EXP_038,Sales / Business Development,Sales,Entry-Level,Europe,Balanced,"**Job Title:** Entry-Level Sales
**Location:** Europe

**Responsibilities:**
- Communicate value to customers to promote new business.
- Acquire new clients through outreach efforts.
- Adapt communication plans and messages in support of colleagues.
- Prepare periodic sales reports highlighting volume and expansion opportunities.
- Maintain existing customer accounts.
- Build and maintain a strong sales presence for [Company].

**Requirements:**
- Submit a current resume for consideration.
- Demonstrate proficiency in English.
- Utilize [Company] Office software effectively.
- Maintain active use of a CRM platform.
- Maintain comprehensive product and pricing knowledge.
- Negotiate contracts with prospective clients.

**Competencies:**
- Drive consistent results.
- Demonstrate achievement orientation.
- Act as a self-starter.
- Exhibit a growth mindset.
- Collaborate across functions.
- Represent diverse customer perspectives to stakeholders.
- Foster positive interpersonal relationships.
- Establish robust customer and partner connections.","P_022122, P_020521, P_001604, P_001203, P_020521_2, P_012803, P_014854, P_013777, P_019706, P_004045, P_004985, P_020735, P_012897, P_006892, P_012376, P_011539, P_013777_2, P_012897_2, P_014842, P_019936"
EXP_039,Sales / Business Development,Sales,Entry-Level,Singapore,Neutral,"**Job Title:** Entry-Level Sales
**Location:** Singapore

**Responsibilities:**
- Communicate value to customers to promote new business.
- Acquire new clients through outreach efforts.
- Adapt communication plans and messages in support of colleagues.
- Prepare periodic sales reports highlighting volume and expansion opportunities.
- Maintain existing customer accounts.
- Build and maintain a strong sales presence for [Company].

**Requirements:**
- Submit a current resume for consideration.
- Demonstrate proficiency in English.
- Utilize [Company] Office software effectively.
- Maintain active use of a CRM platform.
- Maintain comprehensive product and pricing knowledge.
- Negotiate contracts with prospective clients.","P_022122, P_020521, P_001604, P_001203, P_020521_2, P_012803, P_014854, P_013777, P_019706, P_004045, P_004985, P_020735, P_012897, P_006892, P_012376, P_011539, P_013777_2, P_012897_2, P_014842, P_019936"
EXP_040,Sales / Business Development,Sales,Entry-Level,Singapore,Balanced,"**Job Title:** Entry-Level Sales
**Location:** Singapore

**Responsibilities:**
- Communicate value to customers to promote new business.
- Acquire new clients through outreach efforts.
- Adapt communication plans and messages in support of colleagues.
- Prepare periodic sales reports highlighting volume and expansion opportunities.
- Maintain existing customer accounts.
- Build and maintain a strong sales presence for [Company].

**Requirements:**
- Submit a current resume for consideration.
- Demonstrate proficiency in English.
- Utilize [Company] Office software effectively.
- Maintain active use of a CRM platform.
- Maintain comprehensive product and pricing knowledge.
- Negotiate contracts with prospective clients.

**Competencies:**
- Drive consistent results.
- Demonstrate achievement orientation.
- Act as a self-starter.
- Exhibit a growth mindset.
- Collaborate across functions.
- Represent diverse customer perspectives to stakeholders.
- Foster positive interpersonal relationships.
- Establish robust customer and partner connections.","P_022122, P_020521, P_001604, P_001203, P_020521_2, P_012803, P_014854, P_013777, P_019706, P_004045, P_004985, P_020735, P_012897, P_006892, P_012376, P_011539, P_013777_2, P_012897_2, P_014842, P_019936"
EXP_041,Sales / Business Development,Sales,Senior-Level,USA,Neutral,"**Job Title:** Senior-Level Sales
**Location:** USA

**Responsibilities:**
- Communicate value to customers to promote new business.
- Acquire new clients through outreach efforts.
- Adapt communication plans and messages in support of colleagues.
- Prepare periodic sales reports highlighting volume and expansion opportunities.
- Maintain existing customer accounts.
- Build and maintain a strong sales presence for [Company].

**Requirements:**
- Submit a current resume for consideration.
- Demonstrate proficiency in English.
- Utilize [Company] Office software effectively.
- Maintain active use of a CRM platform.
- Maintain comprehensive product and pricing knowledge.
- Negotiate contracts with prospective clients.","P_022122, P_020521, P_001604, P_001203, P_020521_2, P_012803, P_014854, P_013777, P_019706, P_004045, P_004985, P_020735, P_012897, P_006892, P_012376, P_011539, P_013777_2, P_012897_2, P_014842, P_019936"
EXP_042,Sales / Business Development,Sales,Senior-Level,USA,Balanced,"**Job Title:** Senior-Level Sales
**Location:** USA

**Responsibilities:**
- Communicate value to customers to promote new business.
- Acquire new clients through outreach efforts.
- Adapt communication plans and messages in support of colleagues.
- Prepare periodic sales reports highlighting volume and expansion opportunities.
- Maintain existing customer accounts.
- Build and maintain a strong sales presence for [Company].

**Requirements:**
- Submit a current resume for consideration.
- Demonstrate proficiency in English.
- Utilize [Company] Office software effectively.
- Maintain active use of a CRM platform.
- Maintain comprehensive product and pricing knowledge.
- Negotiate contracts with prospective clients.

**Competencies:**
- Drive consistent results.
- Demonstrate achievement orientation.
- Act as a self-starter.
- Exhibit a growth mindset.
- Collaborate across functions.
- Represent diverse customer perspectives to stakeholders.
- Foster positive interpersonal relationships.
- Establish robust customer and partner connections.","P_022122, P_020521, P_001604, P_001203, P_020521_2, P_012803, P_014854, P_013777, P_019706, P_004045, P_004985, P_020735, P_012897, P_006892, P_012376, P_011539, P_013777_2, P_012897_2, P_014842, P_019936"
EXP_043,Sales / Business Development,Sales,Senior-Level,China,Neutral,"**Job Title:** Senior-Level Sales
**Location:** China

**Responsibilities:**
- Communicate value to customers to promote new business.
- Acquire new clients through outreach efforts.
- Adapt communication plans and messages in support of colleagues.
- Prepare periodic sales reports highlighting volume and expansion opportunities.
- Maintain existing customer accounts.
- Build and maintain a strong sales presence for [Company].

**Requirements:**
- Submit a current resume for consideration.
- Demonstrate proficiency in English.
- Utilize [Company] Office software effectively.
- Maintain active use of a CRM platform.
- Maintain comprehensive product and pricing knowledge.
- Negotiate contracts with prospective clients.","P_022122, P_020521, P_001604, P_001203, P_020521_2, P_012803, P_014854, P_013777, P_019706, P_004045, P_004985, P_020735, P_012897, P_006892, P_012376, P_011539, P_013777_2, P_012897_2, P_014842, P_019936"
EXP_044,Sales / Business Development,Sales,Senior-Level,China,Balanced,"**Job Title:** Senior-Level Sales
**Location:** China

**Responsibilities:**
- Communicate value to customers to promote new business.
- Acquire new clients through outreach efforts.
- Adapt communication plans and messages in support of colleagues.
- Prepare periodic sales reports highlighting volume and expansion opportunities.
- Maintain existing customer accounts.
- Build and maintain a strong sales presence for [Company].

**Requirements:**
- Submit a current resume for consideration.
- Demonstrate proficiency in English.
- Utilize [Company] Office software effectively.
- Maintain active use of a CRM platform.
- Maintain comprehensive product and pricing knowledge.
- Negotiate contracts with prospective clients.

**Competencies:**
- Drive consistent results.
- Demonstrate achievement orientation.
- Act as a self-starter.
- Exhibit a growth mindset.
- Collaborate across functions.
- Represent diverse customer perspectives to stakeholders.
- Foster positive interpersonal relationships.
- Establish robust customer and partner connections.","P_022122, P_020521, P_001604, P_001203, P_020521_2, P_012803, P_014854, P_013777, P_019706, P_004045, P_004985, P_020735, P_012897, P_006892, P_012376, P_011539, P_013777_2, P_012897_2, P_014842, P_019936"
EXP_045,Sales / Business Development,Sales,Senior-Level,Europe,Neutral,"**Job Title:** Senior-Level Sales
**Location:** Europe

**Responsibilities:**
- Communicate value to customers to promote new business.
- Acquire new clients through outreach efforts.
- Adapt communication plans and messages in support of colleagues.
- Prepare periodic sales reports highlighting volume and expansion opportunities.
- Maintain existing customer accounts.
- Build and maintain a strong sales presence for [Company].

**Requirements:**
- Submit a current resume for consideration.
- Demonstrate proficiency in English.
- Utilize [Company] Office software effectively.
- Maintain active use of a CRM platform.
- Maintain comprehensive product and pricing knowledge.
- Negotiate contracts with prospective clients.","P_022122, P_020521, P_001604, P_001203, P_020521_2, P_012803, P_014854, P_013777, P_019706, P_004045, P_004985, P_020735, P_012897, P_006892, P_012376, P_011539, P_013777_2, P_012897_2, P_014842, P_019936"
EXP_046,Sales / Business Development,Sales,Senior-Level,Europe,Balanced,"**Job Title:** Senior-Level Sales
**Location:** Europe

**Responsibilities:**
- Communicate value to customers to promote new business.
- Acquire new clients through outreach efforts.
- Adapt communication plans and messages in support of colleagues.
- Prepare periodic sales reports highlighting volume and expansion opportunities.
- Maintain existing customer accounts.
- Build and maintain a strong sales presence for [Company].

**Requirements:**
- Submit a current resume for consideration.
- Demonstrate proficiency in English.
- Utilize [Company] Office software effectively.
- Maintain active use of a CRM platform.
- Maintain comprehensive product and pricing knowledge.
- Negotiate contracts with prospective clients.

**Competencies:**
- Drive consistent results.
- Demonstrate achievement orientation.
- Act as a self-starter.
- Exhibit a growth mindset.
- Collaborate across functions.
- Represent diverse customer perspectives to stakeholders.
- Foster positive interpersonal relationships.
- Establish robust customer and partner connections.","P_022122, P_020521, P_001604, P_001203, P_020521_2, P_012803, P_014854, P_013777, P_019706, P_004045, P_004985, P_020735, P_012897, P_006892, P_012376, P_011539, P_013777_2, P_012897_2, P_014842, P_019936"
EXP_047,Sales / Business Development,Sales,Senior-Level,Singapore,Neutral,"**Job Title:** Senior-Level Sales
**Location:** Singapore

**Responsibilities:**
- Communicate value to customers to promote new business.
- Acquire new clients through outreach efforts.
- Adapt communication plans and messages in support of colleagues.
- Prepare periodic sales reports highlighting volume and expansion opportunities.
- Maintain existing customer accounts.
- Build and maintain a strong sales presence for [Company].

**Requirements:**
- Submit a current resume for consideration.
- Demonstrate proficiency in English.
- Utilize [Company] Office software effectively.
- Maintain active use of a CRM platform.
- Maintain comprehensive product and pricing knowledge.
- Negotiate contracts with prospective clients.","P_022122, P_020521, P_001604, P_001203, P_020521_2, P_012803, P_014854, P_013777, P_019706, P_004045, P_004985, P_020735, P_012897, P_006892, P_012376, P_011539, P_013777_2, P_012897_2, P_014842, P_019936"
EXP_048,Sales / Business Development,Sales,Senior-Level,Singapore,Balanced,"**Job Title:** Senior-Level Sales
**Location:** Singapore

**Responsibilities:**
- Communicate value to customers to promote new business.
- Acquire new clients through outreach efforts.
- Adapt communication plans and messages in support of colleagues.
- Prepare periodic sales reports highlighting volume and expansion opportunities.
- Maintain existing customer accounts.
- Build and maintain a strong sales presence for [Company].

**Requirements:**
- Submit a current resume for consideration.
- Demonstrate proficiency in English.
- Utilize [Company] Office software effectively.
- Maintain active use of a CRM platform.
- Maintain comprehensive product and pricing knowledge.
- Negotiate contracts with prospective clients.

**Competencies:**
- Drive consistent results.
- Demonstrate achievement orientation.
- Act as a self-starter.
- Exhibit a growth mindset.
- Collaborate across functions.
- Represent diverse customer perspectives to stakeholders.
- Foster positive interpersonal relationships.
- Establish robust customer and partner connections.","P_022122, P_020521, P_001604, P_001203, P_020521_2, P_012803, P_014854, P_013777, P_019706, P_004045, P_004985, P_020735, P_012897, P_006892, P_012376, P_011539, P_013777_2, P_012897_2, P_014842, P_019936"
EXP_049,Procurement / Sourcing / Supply Chain,Procurement,Entry-Level,USA,Neutral,"**Job Title:** Entry-Level Procurement
**Location:** USA

**Responsibilities:**
- Prepare and consolidate supply chain results and performance trends.
- Implement continuous improvement of sourcing activities by identifying and adopting best practices.
- Negotiate prices and contract terms with vendors.
- Prepare and review marketing material, transaction memos, and legal documentation.
- Resolve transactional issues as needed.
- Avoid stock shortfalls while keeping stock levels at a minimum.
- Ensure profitable, sustainable growth in [Location].
- Conduct root cause analysis of supply and production side issues.
- Develop a new portfolio of clients while based in [Location].

**Requirements:**
- Analyze procurement and supply chain processes.
- Create reports and analyze data.
- Grow the product category profitably in line with gross margin targets.
- Build systems to manage sourcing, inspection, merchandising, and shipping.","P_018377, P_018149, P_020937, P_006603, P_008504, P_018139, P_019299, P_018143, P_007322, P_018153, P_008513, P_008503, P_008465, P_008513, P_008160, P_008161, P_008159, P_018154, P_008498, P_008505, P_020947, P_018159"
EXP_050,Procurement / Sourcing / Supply Chain,Procurement,Entry-Level,USA,Balanced,"**Job Title:** Entry-Level Procurement
**Location:** USA

**Responsibilities:**
- Prepare and consolidate supply chain results and performance trends.
- Implement continuous improvement of sourcing activities by identifying and adopting best practices.
- Negotiate prices and contract terms with vendors.
- Prepare and review marketing material, transaction memos, and legal documentation.
- Resolve transactional issues as needed.
- Avoid stock shortfalls while keeping stock levels at a minimum.
- Ensure profitable, sustainable growth in [Location].
- Conduct root cause analysis of supply and production side issues.
- Develop a new portfolio of clients while based in [Location].

**Requirements:**
- Analyze procurement and supply chain processes.
- Create reports and analyze data.
- Grow the product category profitably in line with gross margin targets.
- Build systems to manage sourcing, inspection, merchandising, and shipping.

**Competencies:**
- Use insights to identify opportunities and continuously improve customer experience.
- Break down and solve complex business problems.
- Attune to the needs of users.
- Expand personal knowledge and skills.
- Identify, initiate, cultivate, and manage supplier relationships.
- Collaborate with cross-functional teams to ensure effective product marketing.
- Communicate clearly with suppliers.
- Adapt to changing environments.","P_018377, P_018149, P_020937, P_006603, P_008504, P_018139, P_019299, P_018143, P_007322, P_018153, P_008513, P_008503, P_008465, P_008513, P_008160, P_008161, P_008159, P_018154, P_008498, P_008505, P_020947, P_018159"
EXP_051,Procurement / Sourcing / Supply Chain,Procurement,Entry-Level,China,Neutral,"**Job Title:** Entry-Level Procurement
**Location:** China

**Responsibilities:**
- Prepare and consolidate supply chain results and performance trends.
- Implement continuous improvement of sourcing activities by identifying and adopting best practices.
- Negotiate prices and contract terms with vendors.
- Prepare and review marketing material, transaction memos, and legal documentation.
- Resolve transactional issues as needed.
- Avoid stock shortfalls while keeping stock levels at a minimum.
- Ensure profitable, sustainable growth in [Location].
- Conduct root cause analysis of supply and production side issues.
- Develop a new portfolio of clients while based in [Location].

**Requirements:**
- Analyze procurement and supply chain processes.
- Create reports and analyze data.
- Grow the product category profitably in line with gross margin targets.
- Build systems to manage sourcing, inspection, merchandising, and shipping.","P_018377, P_018149, P_020937, P_006603, P_008504, P_018139, P_019299, P_018143, P_007322, P_018153, P_008513, P_008503, P_008465, P_008513, P_008160, P_008161, P_008159, P_018154, P_008498, P_008505, P_020947, P_018159"
EXP_052,Procurement / Sourcing / Supply Chain,Procurement,Entry-Level,China,Balanced,"**Job Title:** Entry-Level Procurement
**Location:** China

**Responsibilities:**
- Prepare and consolidate supply chain results and performance trends.
- Implement continuous improvement of sourcing activities by identifying and adopting best practices.
- Negotiate prices and contract terms with vendors.
- Prepare and review marketing material, transaction memos, and legal documentation.
- Resolve transactional issues as needed.
- Avoid stock shortfalls while keeping stock levels at a minimum.
- Ensure profitable, sustainable growth in [Location].
- Conduct root cause analysis of supply and production side issues.
- Develop a new portfolio of clients while based in [Location].

**Requirements:**
- Analyze procurement and supply chain processes.
- Create reports and analyze data.
- Grow the product category profitably in line with gross margin targets.
- Build systems to manage sourcing, inspection, merchandising, and shipping.

**Competencies:**
- Use insights to identify opportunities and continuously improve customer experience.
- Break down and solve complex business problems.
- Attune to the needs of users.
- Expand personal knowledge and skills.
- Identify, initiate, cultivate, and manage supplier relationships.
- Collaborate with cross-functional teams to ensure effective product marketing.
- Communicate clearly with suppliers.
- Adapt to changing environments.","P_018377, P_018149, P_020937, P_006603, P_008504, P_018139, P_019299, P_018143, P_007322, P_018153, P_008513, P_008503, P_008465, P_008513, P_008160, P_008161, P_008159, P_018154, P_008498, P_008505, P_020947, P_018159"
EXP_053,Procurement / Sourcing / Supply Chain,Procurement,Entry-Level,Europe,Neutral,"**Job Title:** Entry-Level Procurement
**Location:** Europe

**Responsibilities:**
- Prepare and consolidate supply chain results and performance trends.
- Implement continuous improvement of sourcing activities by identifying and adopting best practices.
- Negotiate prices and contract terms with vendors.
- Prepare and review marketing material, transaction memos, and legal documentation.
- Resolve transactional issues as needed.
- Avoid stock shortfalls while keeping stock levels at a minimum.
- Ensure profitable, sustainable growth in [Location].
- Conduct root cause analysis of supply and production side issues.
- Develop a new portfolio of clients while based in [Location].

**Requirements:**
- Analyze procurement and supply chain processes.
- Create reports and analyze data.
- Grow the product category profitably in line with gross margin targets.
- Build systems to manage sourcing, inspection, merchandising, and shipping.","P_018377, P_018149, P_020937, P_006603, P_008504, P_018139, P_019299, P_018143, P_007322, P_018153, P_008513, P_008503, P_008465, P_008513, P_008160, P_008161, P_008159, P_018154, P_008498, P_008505, P_020947, P_018159"
EXP_054,Procurement / Sourcing / Supply Chain,Procurement,Entry-Level,Europe,Balanced,"**Job Title:** Entry-Level Procurement
**Location:** Europe

**Responsibilities:**
- Prepare and consolidate supply chain results and performance trends.
- Implement continuous improvement of sourcing activities by identifying and adopting best practices.
- Negotiate prices and contract terms with vendors.
- Prepare and review marketing material, transaction memos, and legal documentation.
- Resolve transactional issues as needed.
- Avoid stock shortfalls while keeping stock levels at a minimum.
- Ensure profitable, sustainable growth in [Location].
- Conduct root cause analysis of supply and production side issues.
- Develop a new portfolio of clients while based in [Location].

**Requirements:**
- Analyze procurement and supply chain processes.
- Create reports and analyze data.
- Grow the product category profitably in line with gross margin targets.
- Build systems to manage sourcing, inspection, merchandising, and shipping.

**Competencies:**
- Use insights to identify opportunities and continuously improve customer experience.
- Break down and solve complex business problems.
- Attune to the needs of users.
- Expand personal knowledge and skills.
- Identify, initiate, cultivate, and manage supplier relationships.
- Collaborate with cross-functional teams to ensure effective product marketing.
- Communicate clearly with suppliers.
- Adapt to changing environments.","P_018377, P_018149, P_020937, P_006603, P_008504, P_018139, P_019299, P_018143, P_007322, P_018153, P_008513, P_008503, P_008465, P_008513, P_008160, P_008161, P_008159, P_018154, P_008498, P_008505, P_020947, P_018159"
EXP_055,Procurement / Sourcing / Supply Chain,Procurement,Entry-Level,Singapore,Neutral,"**Job Title:** Entry-Level Procurement
**Location:** Singapore

**Responsibilities:**
- Prepare and consolidate supply chain results and performance trends.
- Implement continuous improvement of sourcing activities by identifying and adopting best practices.
- Negotiate prices and contract terms with vendors.
- Prepare and review marketing material, transaction memos, and legal documentation.
- Resolve transactional issues as needed.
- Avoid stock shortfalls while keeping stock levels at a minimum.
- Ensure profitable, sustainable growth in [Location].
- Conduct root cause analysis of supply and production side issues.
- Develop a new portfolio of clients while based in [Location].

**Requirements:**
- Analyze procurement and supply chain processes.
- Create reports and analyze data.
- Grow the product category profitably in line with gross margin targets.
- Build systems to manage sourcing, inspection, merchandising, and shipping.","P_018377, P_018149, P_020937, P_006603, P_008504, P_018139, P_019299, P_018143, P_007322, P_018153, P_008513, P_008503, P_008465, P_008513, P_008160, P_008161, P_008159, P_018154, P_008498, P_008505, P_020947, P_018159"
EXP_056,Procurement / Sourcing / Supply Chain,Procurement,Entry-Level,Singapore,Balanced,"**Job Title:** Entry-Level Procurement
**Location:** Singapore

**Responsibilities:**
- Prepare and consolidate supply chain results and performance trends.
- Implement continuous improvement of sourcing activities by identifying and adopting best practices.
- Negotiate prices and contract terms with vendors.
- Prepare and review marketing material, transaction memos, and legal documentation.
- Resolve transactional issues as needed.
- Avoid stock shortfalls while keeping stock levels at a minimum.
- Ensure profitable, sustainable growth in [Location].
- Conduct root cause analysis of supply and production side issues.
- Develop a new portfolio of clients while based in [Location].

**Requirements:**
- Analyze procurement and supply chain processes.
- Create reports and analyze data.
- Grow the product category profitably in line with gross margin targets.
- Build systems to manage sourcing, inspection, merchandising, and shipping.

**Competencies:**
- Use insights to identify opportunities and continuously improve customer experience.
- Break down and solve complex business problems.
- Attune to the needs of users.
- Expand personal knowledge and skills.
- Identify, initiate, cultivate, and manage supplier relationships.
- Collaborate with cross-functional teams to ensure effective product marketing.
- Communicate clearly with suppliers.
- Adapt to changing environments.","P_018377, P_018149, P_020937, P_006603, P_008504, P_018139, P_019299, P_018143, P_007322, P_018153, P_008513, P_008503, P_008465, P_008513, P_008160, P_008161, P_008159, P_018154, P_008498, P_008505, P_020947, P_018159"
EXP_057,Procurement / Sourcing / Supply Chain,Procurement,Senior-Level,USA,Neutral,"**Job Title:** Senior-Level Procurement
**Location:** USA

**Responsibilities:**
- Prepare and consolidate supply chain results and performance trends.
- Implement continuous improvement of sourcing activities by identifying and adopting best practices.
- Negotiate prices and contract terms with vendors.
- Prepare and review marketing material, transaction memos, and legal documentation.
- Resolve transactional issues as needed.
- Avoid stock shortfalls while keeping stock levels at a minimum.
- Ensure profitable, sustainable growth in [Location].
- Conduct root cause analysis of supply and production side issues.
- Develop a new portfolio of clients while based in [Location].

**Requirements:**
- Analyze procurement and supply chain processes.
- Create reports and analyze data.
- Grow the product category profitably in line with gross margin targets.
- Build systems to manage sourcing, inspection, merchandising, and shipping.","P_018377, P_018149, P_020937, P_006603, P_008504, P_018139, P_019299, P_018143, P_007322, P_018153, P_008513, P_008503, P_008465, P_008513, P_008160, P_008161, P_008159, P_018154, P_008498, P_008505, P_020947, P_018159"
EXP_058,Procurement / Sourcing / Supply Chain,Procurement,Senior-Level,USA,Balanced,"**Job Title:** Senior-Level Procurement
**Location:** USA

**Responsibilities:**
- Prepare and consolidate supply chain results and performance trends.
- Implement continuous improvement of sourcing activities by identifying and adopting best practices.
- Negotiate prices and contract terms with vendors.
- Prepare and review marketing material, transaction memos, and legal documentation.
- Resolve transactional issues as needed.
- Avoid stock shortfalls while keeping stock levels at a minimum.
- Ensure profitable, sustainable growth in [Location].
- Conduct root cause analysis of supply and production side issues.
- Develop a new portfolio of clients while based in [Location].

**Requirements:**
- Analyze procurement and supply chain processes.
- Create reports and analyze data.
- Grow the product category profitably in line with gross margin targets.
- Build systems to manage sourcing, inspection, merchandising, and shipping.

**Competencies:**
- Use insights to identify opportunities and continuously improve customer experience.
- Break down and solve complex business problems.
- Attune to the needs of users.
- Expand personal knowledge and skills.
- Identify, initiate, cultivate, and manage supplier relationships.
- Collaborate with cross-functional teams to ensure effective product marketing.
- Communicate clearly with suppliers.
- Adapt to changing environments.","P_018377, P_018149, P_020937, P_006603, P_008504, P_018139, P_019299, P_018143, P_007322, P_018153, P_008513, P_008503, P_008465, P_008513, P_008160, P_008161, P_008159, P_018154, P_008498, P_008505, P_020947, P_018159"
EXP_059,Procurement / Sourcing / Supply Chain,Procurement,Senior-Level,China,Neutral,"**Job Title:** Senior-Level Procurement
**Location:** China

**Responsibilities:**
- Prepare and consolidate supply chain results and performance trends.
- Implement continuous improvement of sourcing activities by identifying and adopting best practices.
- Negotiate prices and contract terms with vendors.
- Prepare and review marketing material, transaction memos, and legal documentation.
- Resolve transactional issues as needed.
- Avoid stock shortfalls while keeping stock levels at a minimum.
- Ensure profitable, sustainable growth in [Location].
- Conduct root cause analysis of supply and production side issues.
- Develop a new portfolio of clients while based in [Location].

**Requirements:**
- Analyze procurement and supply chain processes.
- Create reports and analyze data.
- Grow the product category profitably in line with gross margin targets.
- Build systems to manage sourcing, inspection, merchandising, and shipping.","P_018377, P_018149, P_020937, P_006603, P_008504, P_018139, P_019299, P_018143, P_007322, P_018153, P_008513, P_008503, P_008465, P_008513, P_008160, P_008161, P_008159, P_018154, P_008498, P_008505, P_020947, P_018159"
EXP_060,Procurement / Sourcing / Supply Chain,Procurement,Senior-Level,China,Balanced,"**Job Title:** Senior-Level Procurement
**Location:** China

**Responsibilities:**
- Prepare and consolidate supply chain results and performance trends.
- Implement continuous improvement of sourcing activities by identifying and adopting best practices.
- Negotiate prices and contract terms with vendors.
- Prepare and review marketing material, transaction memos, and legal documentation.
- Resolve transactional issues as needed.
- Avoid stock shortfalls while keeping stock levels at a minimum.
- Ensure profitable, sustainable growth in [Location].
- Conduct root cause analysis of supply and production side issues.
- Develop a new portfolio of clients while based in [Location].

**Requirements:**
- Analyze procurement and supply chain processes.
- Create reports and analyze data.
- Grow the product category profitably in line with gross margin targets.
- Build systems to manage sourcing, inspection, merchandising, and shipping.

**Competencies:**
- Use insights to identify opportunities and continuously improve customer experience.
- Break down and solve complex business problems.
- Attune to the needs of users.
- Expand personal knowledge and skills.
- Identify, initiate, cultivate, and manage supplier relationships.
- Collaborate with cross-functional teams to ensure effective product marketing.
- Communicate clearly with suppliers.
- Adapt to changing environments.","P_018377, P_018149, P_020937, P_006603, P_008504, P_018139, P_019299, P_018143, P_007322, P_018153, P_008513, P_008503, P_008465, P_008513, P_008160, P_008161, P_008159, P_018154, P_008498, P_008505, P_020947, P_018159"
EXP_061,Procurement / Sourcing / Supply Chain,Procurement,Senior-Level,Europe,Neutral,"**Job Title:** Senior-Level Procurement
**Location:** Europe

**Responsibilities:**
- Prepare and consolidate supply chain results and performance trends.
- Implement continuous improvement of sourcing activities by identifying and adopting best practices.
- Negotiate prices and contract terms with vendors.
- Prepare and review marketing material, transaction memos, and legal documentation.
- Resolve transactional issues as needed.
- Avoid stock shortfalls while keeping stock levels at a minimum.
- Ensure profitable, sustainable growth in [Location].
- Conduct root cause analysis of supply and production side issues.
- Develop a new portfolio of clients while based in [Location].

**Requirements:**
- Analyze procurement and supply chain processes.
- Create reports and analyze data.
- Grow the product category profitably in line with gross margin targets.
- Build systems to manage sourcing, inspection, merchandising, and shipping.","P_018377, P_018149, P_020937, P_006603, P_008504, P_018139, P_019299, P_018143, P_007322, P_018153, P_008513, P_008503, P_008465, P_008513, P_008160, P_008161, P_008159, P_018154, P_008498, P_008505, P_020947, P_018159"
EXP_062,Procurement / Sourcing / Supply Chain,Procurement,Senior-Level,Europe,Balanced,"**Job Title:** Senior-Level Procurement
**Location:** Europe

**Responsibilities:**
- Prepare and consolidate supply chain results and performance trends.
- Implement continuous improvement of sourcing activities by identifying and adopting best practices.
- Negotiate prices and contract terms with vendors.
- Prepare and review marketing material, transaction memos, and legal documentation.
- Resolve transactional issues as needed.
- Avoid stock shortfalls while keeping stock levels at a minimum.
- Ensure profitable, sustainable growth in [Location].
- Conduct root cause analysis of supply and production side issues.
- Develop a new portfolio of clients while based in [Location].

**Requirements:**
- Analyze procurement and supply chain processes.
- Create reports and analyze data.
- Grow the product category profitably in line with gross margin targets.
- Build systems to manage sourcing, inspection, merchandising, and shipping.

**Competencies:**
- Use insights to identify opportunities and continuously improve customer experience.
- Break down and solve complex business problems.
- Attune to the needs of users.
- Expand personal knowledge and skills.
- Identify, initiate, cultivate, and manage supplier relationships.
- Collaborate with cross-functional teams to ensure effective product marketing.
- Communicate clearly with suppliers.
- Adapt to changing environments.","P_018377, P_018149, P_020937, P_006603, P_008504, P_018139, P_019299, P_018143, P_007322, P_018153, P_008513, P_008503, P_008465, P_008513, P_008160, P_008161, P_008159, P_018154, P_008498, P_008505, P_020947, P_018159"
EXP_063,Procurement / Sourcing / Supply Chain,Procurement,Senior-Level,Singapore,Neutral,"**Job Title:** Senior-Level Procurement
**Location:** Singapore

**Responsibilities:**
- Prepare and consolidate supply chain results and performance trends.
- Implement continuous improvement of sourcing activities by identifying and adopting best practices.
- Negotiate prices and contract terms with vendors.
- Prepare and review marketing material, transaction memos, and legal documentation.
- Resolve transactional issues as needed.
- Avoid stock shortfalls while keeping stock levels at a minimum.
- Ensure profitable, sustainable growth in [Location].
- Conduct root cause analysis of supply and production side issues.
- Develop a new portfolio of clients while based in [Location].

**Requirements:**
- Analyze procurement and supply chain processes.
- Create reports and analyze data.
- Grow the product category profitably in line with gross margin targets.
- Build systems to manage sourcing, inspection, merchandising, and shipping.","P_018377, P_018149, P_020937, P_006603, P_008504, P_018139, P_019299, P_018143, P_007322, P_018153, P_008513, P_008503, P_008465, P_008513, P_008160, P_008161, P_008159, P_018154, P_008498, P_008505, P_020947, P_018159"
EXP_064,Procurement / Sourcing / Supply Chain,Procurement,Senior-Level,Singapore,Balanced,"**Job Title:** Senior-Level Procurement
**Location:** Singapore

**Responsibilities:**
- Prepare and consolidate supply chain results and performance trends.
- Implement continuous improvement of sourcing activities by identifying and adopting best practices.
- Negotiate prices and contract terms with vendors.
- Prepare and review marketing material, transaction memos, and legal documentation.
- Resolve transactional issues as needed.
- Avoid stock shortfalls while keeping stock levels at a minimum.
- Ensure profitable, sustainable growth in [Location].
- Conduct root cause analysis of supply and production side issues.
- Develop a new portfolio of clients while based in [Location].

**Requirements:**
- Analyze procurement and supply chain processes.
- Create reports and analyze data.
- Grow the product category profitably in line with gross margin targets.
- Build systems to manage sourcing, inspection, merchandising, and shipping.

**Competencies:**
- Use insights to identify opportunities and continuously improve customer experience.
- Break down and solve complex business problems.
- Attune to the needs of users.
- Expand personal knowledge and skills.
- Identify, initiate, cultivate, and manage supplier relationships.
- Collaborate with cross-functional teams to ensure effective product marketing.
- Communicate clearly with suppliers.
- Adapt to changing environments.","P_018377, P_018149, P_020937, P_006603, P_008504, P_018139, P_019299, P_018143, P_007322, P_018153, P_008513, P_008503, P_008465, P_008513, P_008160, P_008161, P_008159, P_018154, P_008498, P_008505, P_020947, P_018159"
EXP_065,Procurement / Sourcing / Supply Chain,Procurement,Entry-Level,USA,Neutral,"**Job Title:** Entry-Level Procurement
**Location:** USA

**Responsibilities:**
- Prepare and consolidate supply chain results and performance trends.
- Improve sourcing activities by identifying and implementing best practices.
- Negotiate prices and contract terms with vendors.
- Work in project teams to develop innovative procurement and supply chain solutions.
- Prepare and review marketing material.
- Ensure profitable and sustainable growth in [Location].
- Review strategic plans and track supply chain project costing activities.
- Develop a new portfolio of clients from [Location].

**Requirements:**
- Drive improvements in inventory management processes, forecasting, and surplus management.
- Support sales and operations in developing supply solutions to maintain fulfilment targets.
- Build systems to manage sourcing, inspection, photography, merchandising, reconditioning, financing, insurance, and shipping.
- Analyze forecasted demand versus production and supply capacities and adjust accordingly.
- Perform ongoing supplier evaluation and improvement.","P_018377, P_018149, P_020937, P_018152, P_006603, P_019299, P_018377, P_007322, P_008511, P_018144, P_008465, P_018140, P_018148, P_020947, P_020947, P_008514, P_018159, P_018145, P_008161, P_018158, P_008160, P_018159, P_008467"
EXP_066,Procurement / Sourcing / Supply Chain,Procurement,Entry-Level,USA,Balanced,"**Job Title:** Entry-Level Procurement
**Location:** USA

**Responsibilities:**
- Prepare and consolidate supply chain results and performance trends.
- Improve sourcing activities by identifying and implementing best practices.
- Negotiate prices and contract terms with vendors.
- Work in project teams to develop innovative procurement and supply chain solutions.
- Prepare and review marketing material.
- Ensure profitable and sustainable growth in [Location].
- Review strategic plans and track supply chain project costing activities.
- Develop a new portfolio of clients from [Location].

**Requirements:**
- Drive improvements in inventory management processes, forecasting, and surplus management.
- Support sales and operations in developing supply solutions to maintain fulfilment targets.
- Build systems to manage sourcing, inspection, photography, merchandising, reconditioning, financing, insurance, and shipping.
- Analyze forecasted demand versus production and supply capacities and adjust accordingly.
- Perform ongoing supplier evaluation and improvement.

**Competencies:**
- Build relationships with diverse groups.
- Maintain high operational standards through mentoring and coaching.
- Coach, motivate, and develop team members.
- Solve complex business problems while remaining attuned to the needs of users.
- Influence stakeholders of all levels.
- Deliver results by generating insights across complex sets of categories.
- Adapt to changing environments and project goals.
- Harness technology to achieve growth objectives.","P_018377, P_018149, P_020937, P_018152, P_006603, P_019299, P_018377, P_007322, P_008511, P_018144, P_008465, P_018140, P_018148, P_020947, P_020947, P_008514, P_018159, P_018145, P_008161, P_018158, P_008160, P_018159, P_008467"
EXP_067,Procurement / Sourcing / Supply Chain,Procurement,Entry-Level,China,Neutral,"**Job Title:** Entry-Level Procurement
**Location:** China

**Responsibilities:**
- Prepare and consolidate supply chain results and performance trends.
- Improve sourcing activities by identifying and implementing best practices.
- Negotiate prices and contract terms with vendors.
- Work in project teams to develop innovative procurement and supply chain solutions.
- Prepare and review marketing material.
- Ensure profitable and sustainable growth in [Location].
- Review strategic plans and track supply chain project costing activities.
- Develop a new portfolio of clients from [Location].

**Requirements:**
- Drive improvements in inventory management processes, forecasting, and surplus management.
- Support sales and operations in developing supply solutions to maintain fulfilment targets.
- Build systems to manage sourcing, inspection, photography, merchandising, reconditioning, financing, insurance, and shipping.
- Analyze forecasted demand versus production and supply capacities and adjust accordingly.
- Perform ongoing supplier evaluation and improvement.","P_018377, P_018149, P_020937, P_018152, P_006603, P_019299, P_018377, P_007322, P_008511, P_018144, P_008465, P_018140, P_018148, P_020947, P_020947, P_008514, P_018159, P_018145, P_008161, P_018158, P_008160, P_018159, P_008467"
EXP_068,Procurement / Sourcing / Supply Chain,Procurement,Entry-Level,China,Balanced,"**Job Title:** Entry-Level Procurement
**Location:** China

**Responsibilities:**
- Prepare and consolidate supply chain results and performance trends.
- Improve sourcing activities by identifying and implementing best practices.
- Negotiate prices and contract terms with vendors.
- Work in project teams to develop innovative procurement and supply chain solutions.
- Prepare and review marketing material.
- Ensure profitable and sustainable growth in [Location].
- Review strategic plans and track supply chain project costing activities.
- Develop a new portfolio of clients from [Location].

**Requirements:**
- Drive improvements in inventory management processes, forecasting, and surplus management.
- Support sales and operations in developing supply solutions to maintain fulfilment targets.
- Build systems to manage sourcing, inspection, photography, merchandising, reconditioning, financing, insurance, and shipping.
- Analyze forecasted demand versus production and supply capacities and adjust accordingly.
- Perform ongoing supplier evaluation and improvement.

**Competencies:**
- Build relationships with diverse groups.
- Maintain high operational standards through mentoring and coaching.
- Coach, motivate, and develop team members.
- Solve complex business problems while remaining attuned to the needs of users.
- Influence stakeholders of all levels.
- Deliver results by generating insights across complex sets of categories.
- Adapt to changing environments and project goals.
- Harness technology to achieve growth objectives.","P_018377, P_018149, P_020937, P_018152, P_006603, P_019299, P_018377, P_007322, P_008511, P_018144, P_008465, P_018140, P_018148, P_020947, P_020947, P_008514, P_018159, P_018145, P_008161, P_018158, P_008160, P_018159, P_008467"
EXP_069,Procurement / Sourcing / Supply Chain,Procurement,Entry-Level,Europe,Neutral,"**Job Title:** Entry-Level Procurement
**Location:** Europe

**Responsibilities:**
- Prepare and consolidate supply chain results and performance trends.
- Improve sourcing activities by identifying and implementing best practices.
- Negotiate prices and contract terms with vendors.
- Work in project teams to develop innovative procurement and supply chain solutions.
- Prepare and review marketing material.
- Ensure profitable and sustainable growth in [Location].
- Review strategic plans and track supply chain project costing activities.
- Develop a new portfolio of clients from [Location].

**Requirements:**
- Drive improvements in inventory management processes, forecasting, and surplus management.
- Support sales and operations in developing supply solutions to maintain fulfilment targets.
- Build systems to manage sourcing, inspection, photography, merchandising, reconditioning, financing, insurance, and shipping.
- Analyze forecasted demand versus production and supply capacities and adjust accordingly.
- Perform ongoing supplier evaluation and improvement.","P_018377, P_018149, P_020937, P_018152, P_006603, P_019299, P_018377, P_007322, P_008511, P_018144, P_008465, P_018140, P_018148, P_020947, P_020947, P_008514, P_018159, P_018145, P_008161, P_018158, P_008160, P_018159, P_008467"
EXP_070,Procurement / Sourcing / Supply Chain,Procurement,Entry-Level,Europe,Balanced,"**Job Title:** Entry-Level Procurement
**Location:** Europe

**Responsibilities:**
- Prepare and consolidate supply chain results and performance trends.
- Improve sourcing activities by identifying and implementing best practices.
- Negotiate prices and contract terms with vendors.
- Work in project teams to develop innovative procurement and supply chain solutions.
- Prepare and review marketing material.
- Ensure profitable and sustainable growth in [Location].
- Review strategic plans and track supply chain project costing activities.
- Develop a new portfolio of clients from [Location].

**Requirements:**
- Drive improvements in inventory management processes, forecasting, and surplus management.
- Support sales and operations in developing supply solutions to maintain fulfilment targets.
- Build systems to manage sourcing, inspection, photography, merchandising, reconditioning, financing, insurance, and shipping.
- Analyze forecasted demand versus production and supply capacities and adjust accordingly.
- Perform ongoing supplier evaluation and improvement.

**Competencies:**
- Build relationships with diverse groups.
- Maintain high operational standards through mentoring and coaching.
- Coach, motivate, and develop team members.
- Solve complex business problems while remaining attuned to the needs of users.
- Influence stakeholders of all levels.
- Deliver results by generating insights across complex sets of categories.
- Adapt to changing environments and project goals.
- Harness technology to achieve growth objectives.","P_018377, P_018149, P_020937, P_018152, P_006603, P_019299, P_018377, P_007322, P_008511, P_018144, P_008465, P_018140, P_018148, P_020947, P_020947, P_008514, P_018159, P_018145, P_008161, P_018158, P_008160, P_018159, P_008467"
EXP_071,Procurement / Sourcing / Supply Chain,Procurement,Entry-Level,Singapore,Neutral,"**Job Title:** Entry-Level Procurement
**Location:** Singapore

**Responsibilities:**
- Prepare and consolidate supply chain results and performance trends.
- Improve sourcing activities by identifying and implementing best practices.
- Negotiate prices and contract terms with vendors.
- Work in project teams to develop innovative procurement and supply chain solutions.
- Prepare and review marketing material.
- Ensure profitable and sustainable growth in [Location].
- Review strategic plans and track supply chain project costing activities.
- Develop a new portfolio of clients from [Location].

**Requirements:**
- Drive improvements in inventory management processes, forecasting, and surplus management.
- Support sales and operations in developing supply solutions to maintain fulfilment targets.
- Build systems to manage sourcing, inspection, photography, merchandising, reconditioning, financing, insurance, and shipping.
- Analyze forecasted demand versus production and supply capacities and adjust accordingly.
- Perform ongoing supplier evaluation and improvement.","P_018377, P_018149, P_020937, P_018152, P_006603, P_019299, P_018377, P_007322, P_008511, P_018144, P_008465, P_018140, P_018148, P_020947, P_020947, P_008514, P_018159, P_018145, P_008161, P_018158, P_008160, P_018159, P_008467"
EXP_072,Procurement / Sourcing / Supply Chain,Procurement,Entry-Level,Singapore,Balanced,"**Job Title:** Entry-Level Procurement
**Location:** Singapore

**Responsibilities:**
- Prepare and consolidate supply chain results and performance trends.
- Improve sourcing activities by identifying and implementing best practices.
- Negotiate prices and contract terms with vendors.
- Work in project teams to develop innovative procurement and supply chain solutions.
- Prepare and review marketing material.
- Ensure profitable and sustainable growth in [Location].
- Review strategic plans and track supply chain project costing activities.
- Develop a new portfolio of clients from [Location].

**Requirements:**
- Drive improvements in inventory management processes, forecasting, and surplus management.
- Support sales and operations in developing supply solutions to maintain fulfilment targets.
- Build systems to manage sourcing, inspection, photography, merchandising, reconditioning, financing, insurance, and shipping.
- Analyze forecasted demand versus production and supply capacities and adjust accordingly.
- Perform ongoing supplier evaluation and improvement.

**Competencies:**
- Build relationships with diverse groups.
- Maintain high operational standards through mentoring and coaching.
- Coach, motivate, and develop team members.
- Solve complex business problems while remaining attuned to the needs of users.
- Influence stakeholders of all levels.
- Deliver results by generating insights across complex sets of categories.
- Adapt to changing environments and project goals.
- Harness technology to achieve growth objectives.","P_018377, P_018149, P_020937, P_018152, P_006603, P_019299, P_018377, P_007322, P_008511, P_018144, P_008465, P_018140, P_018148, P_020947, P_020947, P_008514, P_018159, P_018145, P_008161, P_018158, P_008160, P_018159, P_008467"
EXP_073,Procurement / Sourcing / Supply Chain,Procurement,Senior-Level,USA,Neutral,"**Job Title:** Senior-Level Procurement
**Location:** USA

**Responsibilities:**
- Prepare and consolidate supply chain results and performance trends.
- Improve sourcing activities by identifying and implementing best practices.
- Negotiate prices and contract terms with vendors.
- Work in project teams to develop innovative procurement and supply chain solutions.
- Prepare and review marketing material.
- Ensure profitable and sustainable growth in [Location].
- Review strategic plans and track supply chain project costing activities.
- Develop a new portfolio of clients from [Location].

**Requirements:**
- Drive improvements in inventory management processes, forecasting, and surplus management.
- Support sales and operations in developing supply solutions to maintain fulfilment targets.
- Build systems to manage sourcing, inspection, photography, merchandising, reconditioning, financing, insurance, and shipping.
- Analyze forecasted demand versus production and supply capacities and adjust accordingly.
- Perform ongoing supplier evaluation and improvement.","P_018377, P_018149, P_020937, P_018152, P_006603, P_019299, P_018377, P_007322, P_008511, P_018144, P_008465, P_018140, P_018148, P_020947, P_020947, P_008514, P_018159, P_018145, P_008161, P_018158, P_008160, P_018159, P_008467"
EXP_074,Procurement / Sourcing / Supply Chain,Procurement,Senior-Level,USA,Balanced,"**Job Title:** Senior-Level Procurement
**Location:** USA

**Responsibilities:**
- Prepare and consolidate supply chain results and performance trends.
- Improve sourcing activities by identifying and implementing best practices.
- Negotiate prices and contract terms with vendors.
- Work in project teams to develop innovative procurement and supply chain solutions.
- Prepare and review marketing material.
- Ensure profitable and sustainable growth in [Location].
- Review strategic plans and track supply chain project costing activities.
- Develop a new portfolio of clients from [Location].

**Requirements:**
- Drive improvements in inventory management processes, forecasting, and surplus management.
- Support sales and operations in developing supply solutions to maintain fulfilment targets.
- Build systems to manage sourcing, inspection, photography, merchandising, reconditioning, financing, insurance, and shipping.
- Analyze forecasted demand versus production and supply capacities and adjust accordingly.
- Perform ongoing supplier evaluation and improvement.

**Competencies:**
- Build relationships with diverse groups.
- Maintain high operational standards through mentoring and coaching.
- Coach, motivate, and develop team members.
- Solve complex business problems while remaining attuned to the needs of users.
- Influence stakeholders of all levels.
- Deliver results by generating insights across complex sets of categories.
- Adapt to changing environments and project goals.
- Harness technology to achieve growth objectives.","P_018377, P_018149, P_020937, P_018152, P_006603, P_019299, P_018377, P_007322, P_008511, P_018144, P_008465, P_018140, P_018148, P_020947, P_020947, P_008514, P_018159, P_018145, P_008161, P_018158, P_008160, P_018159, P_008467"
EXP_075,Procurement / Sourcing / Supply Chain,Procurement,Senior-Level,China,Neutral,"**Job Title:** Senior-Level Procurement
**Location:** China

**Responsibilities:**
- Prepare and consolidate supply chain results and performance trends.
- Improve sourcing activities by identifying and implementing best practices.
- Negotiate prices and contract terms with vendors.
- Work in project teams to develop innovative procurement and supply chain solutions.
- Prepare and review marketing material.
- Ensure profitable and sustainable growth in [Location].
- Review strategic plans and track supply chain project costing activities.
- Develop a new portfolio of clients from [Location].

**Requirements:**
- Drive improvements in inventory management processes, forecasting, and surplus management.
- Support sales and operations in developing supply solutions to maintain fulfilment targets.
- Build systems to manage sourcing, inspection, photography, merchandising, reconditioning, financing, insurance, and shipping.
- Analyze forecasted demand versus production and supply capacities and adjust accordingly.
- Perform ongoing supplier evaluation and improvement.","P_018377, P_018149, P_020937, P_018152, P_006603, P_019299, P_018377, P_007322, P_008511, P_018144, P_008465, P_018140, P_018148, P_020947, P_020947, P_008514, P_018159, P_018145, P_008161, P_018158, P_008160, P_018159, P_008467"
EXP_076,Procurement / Sourcing / Supply Chain,Procurement,Senior-Level,China,Balanced,"**Job Title:** Senior-Level Procurement
**Location:** China

**Responsibilities:**
- Prepare and consolidate supply chain results and performance trends.
- Improve sourcing activities by identifying and implementing best practices.
- Negotiate prices and contract terms with vendors.
- Work in project teams to develop innovative procurement and supply chain solutions.
- Prepare and review marketing material.
- Ensure profitable and sustainable growth in [Location].
- Review strategic plans and track supply chain project costing activities.
- Develop a new portfolio of clients from [Location].

**Requirements:**
- Drive improvements in inventory management processes, forecasting, and surplus management.
- Support sales and operations in developing supply solutions to maintain fulfilment targets.
- Build systems to manage sourcing, inspection, photography, merchandising, reconditioning, financing, insurance, and shipping.
- Analyze forecasted demand versus production and supply capacities and adjust accordingly.
- Perform ongoing supplier evaluation and improvement.

**Competencies:**
- Build relationships with diverse groups.
- Maintain high operational standards through mentoring and coaching.
- Coach, motivate, and develop team members.
- Solve complex business problems while remaining attuned to the needs of users.
- Influence stakeholders of all levels.
- Deliver results by generating insights across complex sets of categories.
- Adapt to changing environments and project goals.
- Harness technology to achieve growth objectives.","P_018377, P_018149, P_020937, P_018152, P_006603, P_019299, P_018377, P_007322, P_008511, P_018144, P_008465, P_018140, P_018148, P_020947, P_020947, P_008514, P_018159, P_018145, P_008161, P_018158, P_008160, P_018159, P_008467"
EXP_077,Procurement / Sourcing / Supply Chain,Procurement,Senior-Level,Europe,Neutral,"**Job Title:** Senior-Level Procurement
**Location:** Europe

**Responsibilities:**
- Prepare and consolidate supply chain results and performance trends.
- Improve sourcing activities by identifying and implementing best practices.
- Negotiate prices and contract terms with vendors.
- Work in project teams to develop innovative procurement and supply chain solutions.
- Prepare and review marketing material.
- Ensure profitable and sustainable growth in [Location].
- Review strategic plans and track supply chain project costing activities.
- Develop a new portfolio of clients from [Location].

**Requirements:**
- Drive improvements in inventory management processes, forecasting, and surplus management.
- Support sales and operations in developing supply solutions to maintain fulfilment targets.
- Build systems to manage sourcing, inspection, photography, merchandising, reconditioning, financing, insurance, and shipping.
- Analyze forecasted demand versus production and supply capacities and adjust accordingly.
- Perform ongoing supplier evaluation and improvement.","P_018377, P_018149, P_020937, P_018152, P_006603, P_019299, P_018377, P_007322, P_008511, P_018144, P_008465, P_018140, P_018148, P_020947, P_020947, P_008514, P_018159, P_018145, P_008161, P_018158, P_008160, P_018159, P_008467"
EXP_078,Procurement / Sourcing / Supply Chain,Procurement,Senior-Level,Europe,Balanced,"**Job Title:** Senior-Level Procurement
**Location:** Europe

**Responsibilities:**
- Prepare and consolidate supply chain results and performance trends.
- Improve sourcing activities by identifying and implementing best practices.
- Negotiate prices and contract terms with vendors.
- Work in project teams to develop innovative procurement and supply chain solutions.
- Prepare and review marketing material.
- Ensure profitable and sustainable growth in [Location].
- Review strategic plans and track supply chain project costing activities.
- Develop a new portfolio of clients from [Location].

**Requirements:**
- Drive improvements in inventory management processes, forecasting, and surplus management.
- Support sales and operations in developing supply solutions to maintain fulfilment targets.
- Build systems to manage sourcing, inspection, photography, merchandising, reconditioning, financing, insurance, and shipping.
- Analyze forecasted demand versus production and supply capacities and adjust accordingly.
- Perform ongoing supplier evaluation and improvement.

**Competencies:**
- Build relationships with diverse groups.
- Maintain high operational standards through mentoring and coaching.
- Coach, motivate, and develop team members.
- Solve complex business problems while remaining attuned to the needs of users.
- Influence stakeholders of all levels.
- Deliver results by generating insights across complex sets of categories.
- Adapt to changing environments and project goals.
- Harness technology to achieve growth objectives.","P_018377, P_018149, P_020937, P_018152, P_006603, P_019299, P_018377, P_007322, P_008511, P_018144, P_008465, P_018140, P_018148, P_020947, P_020947, P_008514, P_018159, P_018145, P_008161, P_018158, P_008160, P_018159, P_008467"
EXP_079,Procurement / Sourcing / Supply Chain,Procurement,Senior-Level,Singapore,Neutral,"**Job Title:** Senior-Level Procurement
**Location:** Singapore

**Responsibilities:**
- Prepare and consolidate supply chain results and performance trends.
- Improve sourcing activities by identifying and implementing best practices.
- Negotiate prices and contract terms with vendors.
- Work in project teams to develop innovative procurement and supply chain solutions.
- Prepare and review marketing material.
- Ensure profitable and sustainable growth in [Location].
- Review strategic plans and track supply chain project costing activities.
- Develop a new portfolio of clients from [Location].

**Requirements:**
- Drive improvements in inventory management processes, forecasting, and surplus management.
- Support sales and operations in developing supply solutions to maintain fulfilment targets.
- Build systems to manage sourcing, inspection, photography, merchandising, reconditioning, financing, insurance, and shipping.
- Analyze forecasted demand versus production and supply capacities and adjust accordingly.
- Perform ongoing supplier evaluation and improvement.","P_018377, P_018149, P_020937, P_018152, P_006603, P_019299, P_018377, P_007322, P_008511, P_018144, P_008465, P_018140, P_018148, P_020947, P_020947, P_008514, P_018159, P_018145, P_008161, P_018158, P_008160, P_018159, P_008467"
EXP_080,Procurement / Sourcing / Supply Chain,Procurement,Senior-Level,Singapore,Balanced,"**Job Title:** Senior-Level Procurement
**Location:** Singapore

**Responsibilities:**
- Prepare and consolidate supply chain results and performance trends.
- Improve sourcing activities by identifying and implementing best practices.
- Negotiate prices and contract terms with vendors.
- Work in project teams to develop innovative procurement and supply chain solutions.
- Prepare and review marketing material.
- Ensure profitable and sustainable growth in [Location].
- Review strategic plans and track supply chain project costing activities.
- Develop a new portfolio of clients from [Location].

**Requirements:**
- Drive improvements in inventory management processes, forecasting, and surplus management.
- Support sales and operations in developing supply solutions to maintain fulfilment targets.
- Build systems to manage sourcing, inspection, photography, merchandising, reconditioning, financing, insurance, and shipping.
- Analyze forecasted demand versus production and supply capacities and adjust accordingly.
- Perform ongoing supplier evaluation and improvement.

**Competencies:**
- Build relationships with diverse groups.
- Maintain high operational standards through mentoring and coaching.
- Coach, motivate, and develop team members.
- Solve complex business problems while remaining attuned to the needs of users.
- Influence stakeholders of all levels.
- Deliver results by generating insights across complex sets of categories.
- Adapt to changing environments and project goals.
- Harness technology to achieve growth objectives.","P_018377, P_018149, P_020937, P_018152, P_006603, P_019299, P_018377, P_007322, P_008511, P_018144, P_008465, P_018140, P_018148, P_020947, P_020947, P_008514, P_018159, P_018145, P_008161, P_018158, P_008160, P_018159, P_008467"
EXP_081,Procurement / Sourcing / Supply Chain,Procurement,Entry-Level,USA,Neutral,"**Job Title:** Entry-Level Procurement
**Location:** USA

**Responsibilities:**
- Prepare and consolidate supply chain results and performance trends.
- Implement continuous improvements for sourcing activities by identifying and adopting best practices.
- Negotiate prices and contract terms with vendors.
- Manage category, merchandising, and supply chain functions.
- Prepare and review marketing material, transaction memos, and legal documentation.
- Resolve transactional issues as they arise.
- Ensure stock shortfalls are avoided while maintaining minimum stock levels.
- Develop a new portfolio of clients from [Location].

**Requirements:**
- Analyze forecasted demand versus production and supply capacities to adjust accordingly.
- Build systems to manage sourcing, inspection, merchandising, financing, and shipping.
- Analyze procurement and supply chain processes.
- Perform ongoing supplier evaluation and improvement.
- Grow the product category profitably in line with margin targets, working capital, and inventory requirements.
- Prepare reports to meet audit requirements.","P_018377, P_018149, P_020937, P_019300, P_006603, P_008504, P_018139, P_007322, P_018140, P_008465, P_018153, P_018148, P_008503, P_020947, P_008161, P_008160, P_018158, P_008515, P_007426, P_008498, P_008505, P_018159"
EXP_082,Procurement / Sourcing / Supply Chain,Procurement,Entry-Level,USA,Balanced,"**Job Title:** Entry-Level Procurement
**Location:** USA

**Responsibilities:**
- Prepare and consolidate supply chain results and performance trends.
- Implement continuous improvements for sourcing activities by identifying and adopting best practices.
- Negotiate prices and contract terms with vendors.
- Manage category, merchandising, and supply chain functions.
- Prepare and review marketing material, transaction memos, and legal documentation.
- Resolve transactional issues as they arise.
- Ensure stock shortfalls are avoided while maintaining minimum stock levels.
- Develop a new portfolio of clients from [Location].

**Requirements:**
- Analyze forecasted demand versus production and supply capacities to adjust accordingly.
- Build systems to manage sourcing, inspection, merchandising, financing, and shipping.
- Analyze procurement and supply chain processes.
- Perform ongoing supplier evaluation and improvement.
- Grow the product category profitably in line with margin targets, working capital, and inventory requirements.
- Prepare reports to meet audit requirements.

**Competencies:**
- Break down and solve complex business problems.
- Use data insights to identify opportunities and improve customer experience.
- Influence stakeholders across all levels of the organization.
- Apply critical thinking to solve challenges.
- Liaise with customer services to ensure queries are resolved in a timely manner.
- Cultivate and manage productive supplier relationships.
- Collaborate with cross-functional teams to drive effective product marketing.
- Mentor and coach colleagues to build high-performing teams.","P_018377, P_018149, P_020937, P_019300, P_006603, P_008504, P_018139, P_007322, P_018140, P_008465, P_018153, P_018148, P_008503, P_020947, P_008161, P_008160, P_018158, P_008515, P_007426, P_008498, P_008505, P_018159"
EXP_083,Procurement / Sourcing / Supply Chain,Procurement,Entry-Level,China,Neutral,"**Job Title:** Entry-Level Procurement
**Location:** China

**Responsibilities:**
- Prepare and consolidate supply chain results and performance trends.
- Implement continuous improvements for sourcing activities by identifying and adopting best practices.
- Negotiate prices and contract terms with vendors.
- Manage category, merchandising, and supply chain functions.
- Prepare and review marketing material, transaction memos, and legal documentation.
- Resolve transactional issues as they arise.
- Ensure stock shortfalls are avoided while maintaining minimum stock levels.
- Develop a new portfolio of clients from [Location].

**Requirements:**
- Analyze forecasted demand versus production and supply capacities to adjust accordingly.
- Build systems to manage sourcing, inspection, merchandising, financing, and shipping.
- Analyze procurement and supply chain processes.
- Perform ongoing supplier evaluation and improvement.
- Grow the product category profitably in line with margin targets, working capital, and inventory requirements.
- Prepare reports to meet audit requirements.","P_018377, P_018149, P_020937, P_019300, P_006603, P_008504, P_018139, P_007322, P_018140, P_008465, P_018153, P_018148, P_008503, P_020947, P_008161, P_008160, P_018158, P_008515, P_007426, P_008498, P_008505, P_018159"
EXP_084,Procurement / Sourcing / Supply Chain,Procurement,Entry-Level,China,Balanced,"**Job Title:** Entry-Level Procurement
**Location:** China

**Responsibilities:**
- Prepare and consolidate supply chain results and performance trends.
- Implement continuous improvements for sourcing activities by identifying and adopting best practices.
- Negotiate prices and contract terms with vendors.
- Manage category, merchandising, and supply chain functions.
- Prepare and review marketing material, transaction memos, and legal documentation.
- Resolve transactional issues as they arise.
- Ensure stock shortfalls are avoided while maintaining minimum stock levels.
- Develop a new portfolio of clients from [Location].

**Requirements:**
- Analyze forecasted demand versus production and supply capacities to adjust accordingly.
- Build systems to manage sourcing, inspection, merchandising, financing, and shipping.
- Analyze procurement and supply chain processes.
- Perform ongoing supplier evaluation and improvement.
- Grow the product category profitably in line with margin targets, working capital, and inventory requirements.
- Prepare reports to meet audit requirements.

**Competencies:**
- Break down and solve complex business problems.
- Use data insights to identify opportunities and improve customer experience.
- Influence stakeholders across all levels of the organization.
- Apply critical thinking to solve challenges.
- Liaise with customer services to ensure queries are resolved in a timely manner.
- Cultivate and manage productive supplier relationships.
- Collaborate with cross-functional teams to drive effective product marketing.
- Mentor and coach colleagues to build high-performing teams.","P_018377, P_018149, P_020937, P_019300, P_006603, P_008504, P_018139, P_007322, P_018140, P_008465, P_018153, P_018148, P_008503, P_020947, P_008161, P_008160, P_018158, P_008515, P_007426, P_008498, P_008505, P_018159"
EXP_085,Procurement / Sourcing / Supply Chain,Procurement,Entry-Level,Europe,Neutral,"**Job Title:** Entry-Level Procurement
**Location:** Europe

**Responsibilities:**
- Prepare and consolidate supply chain results and performance trends.
- Implement continuous improvements for sourcing activities by identifying and adopting best practices.
- Negotiate prices and contract terms with vendors.
- Manage category, merchandising, and supply chain functions.
- Prepare and review marketing material, transaction memos, and legal documentation.
- Resolve transactional issues as they arise.
- Ensure stock shortfalls are avoided while maintaining minimum stock levels.
- Develop a new portfolio of clients from [Location].

**Requirements:**
- Analyze forecasted demand versus production and supply capacities to adjust accordingly.
- Build systems to manage sourcing, inspection, merchandising, financing, and shipping.
- Analyze procurement and supply chain processes.
- Perform ongoing supplier evaluation and improvement.
- Grow the product category profitably in line with margin targets, working capital, and inventory requirements.
- Prepare reports to meet audit requirements.","P_018377, P_018149, P_020937, P_019300, P_006603, P_008504, P_018139, P_007322, P_018140, P_008465, P_018153, P_018148, P_008503, P_020947, P_008161, P_008160, P_018158, P_008515, P_007426, P_008498, P_008505, P_018159"
EXP_086,Procurement / Sourcing / Supply Chain,Procurement,Entry-Level,Europe,Balanced,"**Job Title:** Entry-Level Procurement
**Location:** Europe

**Responsibilities:**
- Prepare and consolidate supply chain results and performance trends.
- Implement continuous improvements for sourcing activities by identifying and adopting best practices.
- Negotiate prices and contract terms with vendors.
- Manage category, merchandising, and supply chain functions.
- Prepare and review marketing material, transaction memos, and legal documentation.
- Resolve transactional issues as they arise.
- Ensure stock shortfalls are avoided while maintaining minimum stock levels.
- Develop a new portfolio of clients from [Location].

**Requirements:**
- Analyze forecasted demand versus production and supply capacities to adjust accordingly.
- Build systems to manage sourcing, inspection, merchandising, financing, and shipping.
- Analyze procurement and supply chain processes.
- Perform ongoing supplier evaluation and improvement.
- Grow the product category profitably in line with margin targets, working capital, and inventory requirements.
- Prepare reports to meet audit requirements.

**Competencies:**
- Break down and solve complex business problems.
- Use data insights to identify opportunities and improve customer experience.
- Influence stakeholders across all levels of the organization.
- Apply critical thinking to solve challenges.
- Liaise with customer services to ensure queries are resolved in a timely manner.
- Cultivate and manage productive supplier relationships.
- Collaborate with cross-functional teams to drive effective product marketing.
- Mentor and coach colleagues to build high-performing teams.","P_018377, P_018149, P_020937, P_019300, P_006603, P_008504, P_018139, P_007322, P_018140, P_008465, P_018153, P_018148, P_008503, P_020947, P_008161, P_008160, P_018158, P_008515, P_007426, P_008498, P_008505, P_018159"
EXP_087,Procurement / Sourcing / Supply Chain,Procurement,Entry-Level,Singapore,Neutral,"**Job Title:** Entry-Level Procurement
**Location:** Singapore

**Responsibilities:**
- Prepare and consolidate supply chain results and performance trends.
- Implement continuous improvements for sourcing activities by identifying and adopting best practices.
- Negotiate prices and contract terms with vendors.
- Manage category, merchandising, and supply chain functions.
- Prepare and review marketing material, transaction memos, and legal documentation.
- Resolve transactional issues as they arise.
- Ensure stock shortfalls are avoided while maintaining minimum stock levels.
- Develop a new portfolio of clients from [Location].

**Requirements:**
- Analyze forecasted demand versus production and supply capacities to adjust accordingly.
- Build systems to manage sourcing, inspection, merchandising, financing, and shipping.
- Analyze procurement and supply chain processes.
- Perform ongoing supplier evaluation and improvement.
- Grow the product category profitably in line with margin targets, working capital, and inventory requirements.
- Prepare reports to meet audit requirements.","P_018377, P_018149, P_020937, P_019300, P_006603, P_008504, P_018139, P_007322, P_018140, P_008465, P_018153, P_018148, P_008503, P_020947, P_008161, P_008160, P_018158, P_008515, P_007426, P_008498, P_008505, P_018159"
EXP_088,Procurement / Sourcing / Supply Chain,Procurement,Entry-Level,Singapore,Balanced,"**Job Title:** Entry-Level Procurement
**Location:** Singapore

**Responsibilities:**
- Prepare and consolidate supply chain results and performance trends.
- Implement continuous improvements for sourcing activities by identifying and adopting best practices.
- Negotiate prices and contract terms with vendors.
- Manage category, merchandising, and supply chain functions.
- Prepare and review marketing material, transaction memos, and legal documentation.
- Resolve transactional issues as they arise.
- Ensure stock shortfalls are avoided while maintaining minimum stock levels.
- Develop a new portfolio of clients from [Location].

**Requirements:**
- Analyze forecasted demand versus production and supply capacities to adjust accordingly.
- Build systems to manage sourcing, inspection, merchandising, financing, and shipping.
- Analyze procurement and supply chain processes.
- Perform ongoing supplier evaluation and improvement.
- Grow the product category profitably in line with margin targets, working capital, and inventory requirements.
- Prepare reports to meet audit requirements.

**Competencies:**
- Break down and solve complex business problems.
- Use data insights to identify opportunities and improve customer experience.
- Influence stakeholders across all levels of the organization.
- Apply critical thinking to solve challenges.
- Liaise with customer services to ensure queries are resolved in a timely manner.
- Cultivate and manage productive supplier relationships.
- Collaborate with cross-functional teams to drive effective product marketing.
- Mentor and coach colleagues to build high-performing teams.","P_018377, P_018149, P_020937, P_019300, P_006603, P_008504, P_018139, P_007322, P_018140, P_008465, P_018153, P_018148, P_008503, P_020947, P_008161, P_008160, P_018158, P_008515, P_007426, P_008498, P_008505, P_018159"
EXP_089,Procurement / Sourcing / Supply Chain,Procurement,Senior-Level,USA,Neutral,"**Job Title:** Senior-Level Procurement
**Location:** USA

**Responsibilities:**
- Prepare and consolidate supply chain results and performance trends.
- Implement continuous improvements for sourcing activities by identifying and adopting best practices.
- Negotiate prices and contract terms with vendors.
- Manage category, merchandising, and supply chain functions.
- Prepare and review marketing material, transaction memos, and legal documentation.
- Resolve transactional issues as they arise.
- Ensure stock shortfalls are avoided while maintaining minimum stock levels.
- Develop a new portfolio of clients from [Location].

**Requirements:**
- Analyze forecasted demand versus production and supply capacities to adjust accordingly.
- Build systems to manage sourcing, inspection, merchandising, financing, and shipping.
- Analyze procurement and supply chain processes.
- Perform ongoing supplier evaluation and improvement.
- Grow the product category profitably in line with margin targets, working capital, and inventory requirements.
- Prepare reports to meet audit requirements.","P_018377, P_018149, P_020937, P_019300, P_006603, P_008504, P_018139, P_007322, P_018140, P_008465, P_018153, P_018148, P_008503, P_020947, P_008161, P_008160, P_018158, P_008515, P_007426, P_008498, P_008505, P_018159"
EXP_090,Procurement / Sourcing / Supply Chain,Procurement,Senior-Level,USA,Balanced,"**Job Title:** Senior-Level Procurement
**Location:** USA

**Responsibilities:**
- Prepare and consolidate supply chain results and performance trends.
- Implement continuous improvements for sourcing activities by identifying and adopting best practices.
- Negotiate prices and contract terms with vendors.
- Manage category, merchandising, and supply chain functions.
- Prepare and review marketing material, transaction memos, and legal documentation.
- Resolve transactional issues as they arise.
- Ensure stock shortfalls are avoided while maintaining minimum stock levels.
- Develop a new portfolio of clients from [Location].

**Requirements:**
- Analyze forecasted demand versus production and supply capacities to adjust accordingly.
- Build systems to manage sourcing, inspection, merchandising, financing, and shipping.
- Analyze procurement and supply chain processes.
- Perform ongoing supplier evaluation and improvement.
- Grow the product category profitably in line with margin targets, working capital, and inventory requirements.
- Prepare reports to meet audit requirements.

**Competencies:**
- Break down and solve complex business problems.
- Use data insights to identify opportunities and improve customer experience.
- Influence stakeholders across all levels of the organization.
- Apply critical thinking to solve challenges.
- Liaise with customer services to ensure queries are resolved in a timely manner.
- Cultivate and manage productive supplier relationships.
- Collaborate with cross-functional teams to drive effective product marketing.
- Mentor and coach colleagues to build high-performing teams.","P_018377, P_018149, P_020937, P_019300, P_006603, P_008504, P_018139, P_007322, P_018140, P_008465, P_018153, P_018148, P_008503, P_020947, P_008161, P_008160, P_018158, P_008515, P_007426, P_008498, P_008505, P_018159"
EXP_091,Procurement / Sourcing / Supply Chain,Procurement,Senior-Level,China,Neutral,"**Job Title:** Senior-Level Procurement
**Location:** China

**Responsibilities:**
- Prepare and consolidate supply chain results and performance trends.
- Implement continuous improvements for sourcing activities by identifying and adopting best practices.
- Negotiate prices and contract terms with vendors.
- Manage category, merchandising, and supply chain functions.
- Prepare and review marketing material, transaction memos, and legal documentation.
- Resolve transactional issues as they arise.
- Ensure stock shortfalls are avoided while maintaining minimum stock levels.
- Develop a new portfolio of clients from [Location].

**Requirements:**
- Analyze forecasted demand versus production and supply capacities to adjust accordingly.
- Build systems to manage sourcing, inspection, merchandising, financing, and shipping.
- Analyze procurement and supply chain processes.
- Perform ongoing supplier evaluation and improvement.
- Grow the product category profitably in line with margin targets, working capital, and inventory requirements.
- Prepare reports to meet audit requirements.","P_018377, P_018149, P_020937, P_019300, P_006603, P_008504, P_018139, P_007322, P_018140, P_008465, P_018153, P_018148, P_008503, P_020947, P_008161, P_008160, P_018158, P_008515, P_007426, P_008498, P_008505, P_018159"
EXP_092,Procurement / Sourcing / Supply Chain,Procurement,Senior-Level,China,Balanced,"**Job Title:** Senior-Level Procurement
**Location:** China

**Responsibilities:**
- Prepare and consolidate supply chain results and performance trends.
- Implement continuous improvements for sourcing activities by identifying and adopting best practices.
- Negotiate prices and contract terms with vendors.
- Manage category, merchandising, and supply chain functions.
- Prepare and review marketing material, transaction memos, and legal documentation.
- Resolve transactional issues as they arise.
- Ensure stock shortfalls are avoided while maintaining minimum stock levels.
- Develop a new portfolio of clients from [Location].

**Requirements:**
- Analyze forecasted demand versus production and supply capacities to adjust accordingly.
- Build systems to manage sourcing, inspection, merchandising, financing, and shipping.
- Analyze procurement and supply chain processes.
- Perform ongoing supplier evaluation and improvement.
- Grow the product category profitably in line with margin targets, working capital, and inventory requirements.
- Prepare reports to meet audit requirements.

**Competencies:**
- Break down and solve complex business problems.
- Use data insights to identify opportunities and improve customer experience.
- Influence stakeholders across all levels of the organization.
- Apply critical thinking to solve challenges.
- Liaise with customer services to ensure queries are resolved in a timely manner.
- Cultivate and manage productive supplier relationships.
- Collaborate with cross-functional teams to drive effective product marketing.
- Mentor and coach colleagues to build high-performing teams.","P_018377, P_018149, P_020937, P_019300, P_006603, P_008504, P_018139, P_007322, P_018140, P_008465, P_018153, P_018148, P_008503, P_020947, P_008161, P_008160, P_018158, P_008515, P_007426, P_008498, P_008505, P_018159"
EXP_093,Procurement / Sourcing / Supply Chain,Procurement,Senior-Level,Europe,Neutral,"**Job Title:** Senior-Level Procurement
**Location:** Europe

**Responsibilities:**
- Prepare and consolidate supply chain results and performance trends.
- Implement continuous improvements for sourcing activities by identifying and adopting best practices.
- Negotiate prices and contract terms with vendors.
- Manage category, merchandising, and supply chain functions.
- Prepare and review marketing material, transaction memos, and legal documentation.
- Resolve transactional issues as they arise.
- Ensure stock shortfalls are avoided while maintaining minimum stock levels.
- Develop a new portfolio of clients from [Location].

**Requirements:**
- Analyze forecasted demand versus production and supply capacities to adjust accordingly.
- Build systems to manage sourcing, inspection, merchandising, financing, and shipping.
- Analyze procurement and supply chain processes.
- Perform ongoing supplier evaluation and improvement.
- Grow the product category profitably in line with margin targets, working capital, and inventory requirements.
- Prepare reports to meet audit requirements.","P_018377, P_018149, P_020937, P_019300, P_006603, P_008504, P_018139, P_007322, P_018140, P_008465, P_018153, P_018148, P_008503, P_020947, P_008161, P_008160, P_018158, P_008515, P_007426, P_008498, P_008505, P_018159"
EXP_094,Procurement / Sourcing / Supply Chain,Procurement,Senior-Level,Europe,Balanced,"**Job Title:** Senior-Level Procurement
**Location:** Europe

**Responsibilities:**
- Prepare and consolidate supply chain results and performance trends.
- Implement continuous improvements for sourcing activities by identifying and adopting best practices.
- Negotiate prices and contract terms with vendors.
- Manage category, merchandising, and supply chain functions.
- Prepare and review marketing material, transaction memos, and legal documentation.
- Resolve transactional issues as they arise.
- Ensure stock shortfalls are avoided while maintaining minimum stock levels.
- Develop a new portfolio of clients from [Location].

**Requirements:**
- Analyze forecasted demand versus production and supply capacities to adjust accordingly.
- Build systems to manage sourcing, inspection, merchandising, financing, and shipping.
- Analyze procurement and supply chain processes.
- Perform ongoing supplier evaluation and improvement.
- Grow the product category profitably in line with margin targets, working capital, and inventory requirements.
- Prepare reports to meet audit requirements.

**Competencies:**
- Break down and solve complex business problems.
- Use data insights to identify opportunities and improve customer experience.
- Influence stakeholders across all levels of the organization.
- Apply critical thinking to solve challenges.
- Liaise with customer services to ensure queries are resolved in a timely manner.
- Cultivate and manage productive supplier relationships.
- Collaborate with cross-functional teams to drive effective product marketing.
- Mentor and coach colleagues to build high-performing teams.","P_018377, P_018149, P_020937, P_019300, P_006603, P_008504, P_018139, P_007322, P_018140, P_008465, P_018153, P_018148, P_008503, P_020947, P_008161, P_008160, P_018158, P_008515, P_007426, P_008498, P_008505, P_018159"
EXP_095,Procurement / Sourcing / Supply Chain,Procurement,Senior-Level,Singapore,Neutral,"**Job Title:** Senior-Level Procurement
**Location:** Singapore

**Responsibilities:**
- Prepare and consolidate supply chain results and performance trends.
- Implement continuous improvements for sourcing activities by identifying and adopting best practices.
- Negotiate prices and contract terms with vendors.
- Manage category, merchandising, and supply chain functions.
- Prepare and review marketing material, transaction memos, and legal documentation.
- Resolve transactional issues as they arise.
- Ensure stock shortfalls are avoided while maintaining minimum stock levels.
- Develop a new portfolio of clients from [Location].

**Requirements:**
- Analyze forecasted demand versus production and supply capacities to adjust accordingly.
- Build systems to manage sourcing, inspection, merchandising, financing, and shipping.
- Analyze procurement and supply chain processes.
- Perform ongoing supplier evaluation and improvement.
- Grow the product category profitably in line with margin targets, working capital, and inventory requirements.
- Prepare reports to meet audit requirements.","P_018377, P_018149, P_020937, P_019300, P_006603, P_008504, P_018139, P_007322, P_018140, P_008465, P_018153, P_018148, P_008503, P_020947, P_008161, P_008160, P_018158, P_008515, P_007426, P_008498, P_008505, P_018159"
EXP_096,Procurement / Sourcing / Supply Chain,Procurement,Senior-Level,Singapore,Balanced,"**Job Title:** Senior-Level Procurement
**Location:** Singapore

**Responsibilities:**
- Prepare and consolidate supply chain results and performance trends.
- Implement continuous improvements for sourcing activities by identifying and adopting best practices.
- Negotiate prices and contract terms with vendors.
- Manage category, merchandising, and supply chain functions.
- Prepare and review marketing material, transaction memos, and legal documentation.
- Resolve transactional issues as they arise.
- Ensure stock shortfalls are avoided while maintaining minimum stock levels.
- Develop a new portfolio of clients from [Location].

**Requirements:**
- Analyze forecasted demand versus production and supply capacities to adjust accordingly.
- Build systems to manage sourcing, inspection, merchandising, financing, and shipping.
- Analyze procurement and supply chain processes.
- Perform ongoing supplier evaluation and improvement.
- Grow the product category profitably in line with margin targets, working capital, and inventory requirements.
- Prepare reports to meet audit requirements.

**Competencies:**
- Break down and solve complex business problems.
- Use data insights to identify opportunities and improve customer experience.
- Influence stakeholders across all levels of the organization.
- Apply critical thinking to solve challenges.
- Liaise with customer services to ensure queries are resolved in a timely manner.
- Cultivate and manage productive supplier relationships.
- Collaborate with cross-functional teams to drive effective product marketing.
- Mentor and coach colleagues to build high-performing teams.","P_018377, P_018149, P_020937, P_019300, P_006603, P_008504, P_018139, P_007322, P_018140, P_008465, P_018153, P_018148, P_008503, P_020947, P_008161, P_008160, P_018158, P_008515, P_007426, P_008498, P_008505, P_018159"
EXP_097,Project Management / Programme Management,Project Management,Entry-Level,USA,Neutral,"**Job Title:** Entry-Level Project Management
**Location:** USA

**Responsibilities:**
- Drive the review and evaluation of contract conditions.
- Assist with ad hoc tasks to support the team.
- Act as the point of contact for client requests.
- Apply project strategies.
- Develop and apply best practices for business process environments.
- Launch campaigns and assist in optimizations to maintain client goals.
- Manage delegation processes, customs, and external auditors.
- Ensure accuracy of cost and pricing calculations alongside project records.
- Act as a key point of escalation for operational issues.

**Requirements:**
- Establish operating procedures, work assignments, and planning activities.
- Ensure correct quality control procedures are carried out.
- Own, drive, and communicate projects.
- Possess a degree in management or relevant professional experience.
- Glean insights from data to make recommendations.","P_007264, P_018320, P_018316, P_022700, P_022702, P_009612, P_007281, P_007269, P_006709, P_006731, P_022703, P_009989, P_022712, P_009614, P_006713, P_006716, P_009606, P_022708, P_022698, P_007281"
EXP_098,Project Management / Programme Management,Project Management,Entry-Level,USA,Balanced,"**Job Title:** Entry-Level Project Management
**Location:** USA

**Responsibilities:**
- Drive the review and evaluation of contract conditions.
- Assist with ad hoc tasks to support the team.
- Act as the point of contact for client requests.
- Apply project strategies.
- Develop and apply best practices for business process environments.
- Launch campaigns and assist in optimizations to maintain client goals.
- Manage delegation processes, customs, and external auditors.
- Ensure accuracy of cost and pricing calculations alongside project records.
- Act as a key point of escalation for operational issues.

**Requirements:**
- Establish operating procedures, work assignments, and planning activities.
- Ensure correct quality control procedures are carried out.
- Own, drive, and communicate projects.
- Possess a degree in management or relevant professional experience.
- Glean insights from data to make recommendations.

**Competencies:**
- Identify problems and drive to a resolution.
- Set high standards of performance for self and others.
- Coordinate people and processes to ensure projects are delivered on time.
- Communicate effectively with clients to identify needs and evaluate alternative business solutions.
- Develop and manage successful relationships with clients.
- Foster effective communication and manage conflicts within teams.","P_007264, P_018320, P_018316, P_022700, P_022702, P_009612, P_007281, P_007269, P_006709, P_006731, P_022703, P_009989, P_022712, P_009614, P_006713, P_006716, P_009606, P_022708, P_022698, P_007281"
EXP_099,Project Management / Programme Management,Project Management,Entry-Level,China,Neutral,"**Job Title:** Entry-Level Project Management
**Location:** China

**Responsibilities:**
- Drive the review and evaluation of contract conditions.
- Assist with ad hoc tasks to support the team.
- Act as the point of contact for client requests.
- Apply project strategies.
- Develop and apply best practices for business process environments.
- Launch campaigns and assist in optimizations to maintain client goals.
- Manage delegation processes, customs, and external auditors.
- Ensure accuracy of cost and pricing calculations alongside project records.
- Act as a key point of escalation for operational issues.

**Requirements:**
- Establish operating procedures, work assignments, and planning activities.
- Ensure correct quality control procedures are carried out.
- Own, drive, and communicate projects.
- Possess a degree in management or relevant professional experience.
- Glean insights from data to make recommendations.","P_007264, P_018320, P_018316, P_022700, P_022702, P_009612, P_007281, P_007269, P_006709, P_006731, P_022703, P_009989, P_022712, P_009614, P_006713, P_006716, P_009606, P_022708, P_022698, P_007281"
EXP_100,Project Management / Programme Management,Project Management,Entry-Level,China,Balanced,"**Job Title:** Entry-Level Project Management
**Location:** China

**Responsibilities:**
- Drive the review and evaluation of contract conditions.
- Assist with ad hoc tasks to support the team.
- Act as the point of contact for client requests.
- Apply project strategies.
- Develop and apply best practices for business process environments.
- Launch campaigns and assist in optimizations to maintain client goals.
- Manage delegation processes, customs, and external auditors.
- Ensure accuracy of cost and pricing calculations alongside project records.
- Act as a key point of escalation for operational issues.

**Requirements:**
- Establish operating procedures, work assignments, and planning activities.
- Ensure correct quality control procedures are carried out.
- Own, drive, and communicate projects.
- Possess a degree in management or relevant professional experience.
- Glean insights from data to make recommendations.

**Competencies:**
- Identify problems and drive to a resolution.
- Set high standards of performance for self and others.
- Coordinate people and processes to ensure projects are delivered on time.
- Communicate effectively with clients to identify needs and evaluate alternative business solutions.
- Develop and manage successful relationships with clients.
- Foster effective communication and manage conflicts within teams.","P_007264, P_018320, P_018316, P_022700, P_022702, P_009612, P_007281, P_007269, P_006709, P_006731, P_022703, P_009989, P_022712, P_009614, P_006713, P_006716, P_009606, P_022708, P_022698, P_007281"
EXP_101,Project Management / Programme Management,Project Management,Entry-Level,Europe,Neutral,"**Job Title:** Entry-Level Project Management
**Location:** Europe

**Responsibilities:**
- Drive the review and evaluation of contract conditions.
- Assist with ad hoc tasks to support the team.
- Act as the point of contact for client requests.
- Apply project strategies.
- Develop and apply best practices for business process environments.
- Launch campaigns and assist in optimizations to maintain client goals.
- Manage delegation processes, customs, and external auditors.
- Ensure accuracy of cost and pricing calculations alongside project records.
- Act as a key point of escalation for operational issues.

**Requirements:**
- Establish operating procedures, work assignments, and planning activities.
- Ensure correct quality control procedures are carried out.
- Own, drive, and communicate projects.
- Possess a degree in management or relevant professional experience.
- Glean insights from data to make recommendations.","P_007264, P_018320, P_018316, P_022700, P_022702, P_009612, P_007281, P_007269, P_006709, P_006731, P_022703, P_009989, P_022712, P_009614, P_006713, P_006716, P_009606, P_022708, P_022698, P_007281"
EXP_102,Project Management / Programme Management,Project Management,Entry-Level,Europe,Balanced,"**Job Title:** Entry-Level Project Management
**Location:** Europe

**Responsibilities:**
- Drive the review and evaluation of contract conditions.
- Assist with ad hoc tasks to support the team.
- Act as the point of contact for client requests.
- Apply project strategies.
- Develop and apply best practices for business process environments.
- Launch campaigns and assist in optimizations to maintain client goals.
- Manage delegation processes, customs, and external auditors.
- Ensure accuracy of cost and pricing calculations alongside project records.
- Act as a key point of escalation for operational issues.

**Requirements:**
- Establish operating procedures, work assignments, and planning activities.
- Ensure correct quality control procedures are carried out.
- Own, drive, and communicate projects.
- Possess a degree in management or relevant professional experience.
- Glean insights from data to make recommendations.

**Competencies:**
- Identify problems and drive to a resolution.
- Set high standards of performance for self and others.
- Coordinate people and processes to ensure projects are delivered on time.
- Communicate effectively with clients to identify needs and evaluate alternative business solutions.
- Develop and manage successful relationships with clients.
- Foster effective communication and manage conflicts within teams.","P_007264, P_018320, P_018316, P_022700, P_022702, P_009612, P_007281, P_007269, P_006709, P_006731, P_022703, P_009989, P_022712, P_009614, P_006713, P_006716, P_009606, P_022708, P_022698, P_007281"
EXP_103,Project Management / Programme Management,Project Management,Entry-Level,Singapore,Neutral,"**Job Title:** Entry-Level Project Management
**Location:** Singapore

**Responsibilities:**
- Drive the review and evaluation of contract conditions.
- Assist with ad hoc tasks to support the team.
- Act as the point of contact for client requests.
- Apply project strategies.
- Develop and apply best practices for business process environments.
- Launch campaigns and assist in optimizations to maintain client goals.
- Manage delegation processes, customs, and external auditors.
- Ensure accuracy of cost and pricing calculations alongside project records.
- Act as a key point of escalation for operational issues.

**Requirements:**
- Establish operating procedures, work assignments, and planning activities.
- Ensure correct quality control procedures are carried out.
- Own, drive, and communicate projects.
- Possess a degree in management or relevant professional experience.
- Glean insights from data to make recommendations.","P_007264, P_018320, P_018316, P_022700, P_022702, P_009612, P_007281, P_007269, P_006709, P_006731, P_022703, P_009989, P_022712, P_009614, P_006713, P_006716, P_009606, P_022708, P_022698, P_007281"
EXP_104,Project Management / Programme Management,Project Management,Entry-Level,Singapore,Balanced,"**Job Title:** Entry-Level Project Management
**Location:** Singapore

**Responsibilities:**
- Drive the review and evaluation of contract conditions.
- Assist with ad hoc tasks to support the team.
- Act as the point of contact for client requests.
- Apply project strategies.
- Develop and apply best practices for business process environments.
- Launch campaigns and assist in optimizations to maintain client goals.
- Manage delegation processes, customs, and external auditors.
- Ensure accuracy of cost and pricing calculations alongside project records.
- Act as a key point of escalation for operational issues.

**Requirements:**
- Establish operating procedures, work assignments, and planning activities.
- Ensure correct quality control procedures are carried out.
- Own, drive, and communicate projects.
- Possess a degree in management or relevant professional experience.
- Glean insights from data to make recommendations.

**Competencies:**
- Identify problems and drive to a resolution.
- Set high standards of performance for self and others.
- Coordinate people and processes to ensure projects are delivered on time.
- Communicate effectively with clients to identify needs and evaluate alternative business solutions.
- Develop and manage successful relationships with clients.
- Foster effective communication and manage conflicts within teams.","P_007264, P_018320, P_018316, P_022700, P_022702, P_009612, P_007281, P_007269, P_006709, P_006731, P_022703, P_009989, P_022712, P_009614, P_006713, P_006716, P_009606, P_022708, P_022698, P_007281"
EXP_105,Project Management / Programme Management,Project Management,Senior-Level,USA,Neutral,"**Job Title:** Senior-Level Project Management
**Location:** USA

**Responsibilities:**
- Drive the review and evaluation of contract conditions.
- Assist with ad hoc tasks to support the team.
- Act as the point of contact for client requests.
- Apply project strategies.
- Develop and apply best practices for business process environments.
- Launch campaigns and assist in optimizations to maintain client goals.
- Manage delegation processes, customs, and external auditors.
- Ensure accuracy of cost and pricing calculations alongside project records.
- Act as a key point of escalation for operational issues.

**Requirements:**
- Establish operating procedures, work assignments, and planning activities.
- Ensure correct quality control procedures are carried out.
- Own, drive, and communicate projects.
- Possess a degree in management or relevant professional experience.
- Glean insights from data to make recommendations.","P_007264, P_018320, P_018316, P_022700, P_022702, P_009612, P_007281, P_007269, P_006709, P_006731, P_022703, P_009989, P_022712, P_009614, P_006713, P_006716, P_009606, P_022708, P_022698, P_007281"
EXP_106,Project Management / Programme Management,Project Management,Senior-Level,USA,Balanced,"**Job Title:** Senior-Level Project Management
**Location:** USA

**Responsibilities:**
- Drive the review and evaluation of contract conditions.
- Assist with ad hoc tasks to support the team.
- Act as the point of contact for client requests.
- Apply project strategies.
- Develop and apply best practices for business process environments.
- Launch campaigns and assist in optimizations to maintain client goals.
- Manage delegation processes, customs, and external auditors.
- Ensure accuracy of cost and pricing calculations alongside project records.
- Act as a key point of escalation for operational issues.

**Requirements:**
- Establish operating procedures, work assignments, and planning activities.
- Ensure correct quality control procedures are carried out.
- Own, drive, and communicate projects.
- Possess a degree in management or relevant professional experience.
- Glean insights from data to make recommendations.

**Competencies:**
- Identify problems and drive to a resolution.
- Set high standards of performance for self and others.
- Coordinate people and processes to ensure projects are delivered on time.
- Communicate effectively with clients to identify needs and evaluate alternative business solutions.
- Develop and manage successful relationships with clients.
- Foster effective communication and manage conflicts within teams.","P_007264, P_018320, P_018316, P_022700, P_022702, P_009612, P_007281, P_007269, P_006709, P_006731, P_022703, P_009989, P_022712, P_009614, P_006713, P_006716, P_009606, P_022708, P_022698, P_007281"
EXP_107,Project Management / Programme Management,Project Management,Senior-Level,China,Neutral,"**Job Title:** Senior-Level Project Management
**Location:** China

**Responsibilities:**
- Drive the review and evaluation of contract conditions.
- Assist with ad hoc tasks to support the team.
- Act as the point of contact for client requests.
- Apply project strategies.
- Develop and apply best practices for business process environments.
- Launch campaigns and assist in optimizations to maintain client goals.
- Manage delegation processes, customs, and external auditors.
- Ensure accuracy of cost and pricing calculations alongside project records.
- Act as a key point of escalation for operational issues.

**Requirements:**
- Establish operating procedures, work assignments, and planning activities.
- Ensure correct quality control procedures are carried out.
- Own, drive, and communicate projects.
- Possess a degree in management or relevant professional experience.
- Glean insights from data to make recommendations.","P_007264, P_018320, P_018316, P_022700, P_022702, P_009612, P_007281, P_007269, P_006709, P_006731, P_022703, P_009989, P_022712, P_009614, P_006713, P_006716, P_009606, P_022708, P_022698, P_007281"
EXP_108,Project Management / Programme Management,Project Management,Senior-Level,China,Balanced,"**Job Title:** Senior-Level Project Management
**Location:** China

**Responsibilities:**
- Drive the review and evaluation of contract conditions.
- Assist with ad hoc tasks to support the team.
- Act as the point of contact for client requests.
- Apply project strategies.
- Develop and apply best practices for business process environments.
- Launch campaigns and assist in optimizations to maintain client goals.
- Manage delegation processes, customs, and external auditors.
- Ensure accuracy of cost and pricing calculations alongside project records.
- Act as a key point of escalation for operational issues.

**Requirements:**
- Establish operating procedures, work assignments, and planning activities.
- Ensure correct quality control procedures are carried out.
- Own, drive, and communicate projects.
- Possess a degree in management or relevant professional experience.
- Glean insights from data to make recommendations.

**Competencies:**
- Identify problems and drive to a resolution.
- Set high standards of performance for self and others.
- Coordinate people and processes to ensure projects are delivered on time.
- Communicate effectively with clients to identify needs and evaluate alternative business solutions.
- Develop and manage successful relationships with clients.
- Foster effective communication and manage conflicts within teams.","P_007264, P_018320, P_018316, P_022700, P_022702, P_009612, P_007281, P_007269, P_006709, P_006731, P_022703, P_009989, P_022712, P_009614, P_006713, P_006716, P_009606, P_022708, P_022698, P_007281"
EXP_109,Project Management / Programme Management,Project Management,Senior-Level,Europe,Neutral,"**Job Title:** Senior-Level Project Management
**Location:** Europe

**Responsibilities:**
- Drive the review and evaluation of contract conditions.
- Assist with ad hoc tasks to support the team.
- Act as the point of contact for client requests.
- Apply project strategies.
- Develop and apply best practices for business process environments.
- Launch campaigns and assist in optimizations to maintain client goals.
- Manage delegation processes, customs, and external auditors.
- Ensure accuracy of cost and pricing calculations alongside project records.
- Act as a key point of escalation for operational issues.

**Requirements:**
- Establish operating procedures, work assignments, and planning activities.
- Ensure correct quality control procedures are carried out.
- Own, drive, and communicate projects.
- Possess a degree in management or relevant professional experience.
- Glean insights from data to make recommendations.","P_007264, P_018320, P_018316, P_022700, P_022702, P_009612, P_007281, P_007269, P_006709, P_006731, P_022703, P_009989, P_022712, P_009614, P_006713, P_006716, P_009606, P_022708, P_022698, P_007281"
EXP_110,Project Management / Programme Management,Project Management,Senior-Level,Europe,Balanced,"**Job Title:** Senior-Level Project Management
**Location:** Europe

**Responsibilities:**
- Drive the review and evaluation of contract conditions.
- Assist with ad hoc tasks to support the team.
- Act as the point of contact for client requests.
- Apply project strategies.
- Develop and apply best practices for business process environments.
- Launch campaigns and assist in optimizations to maintain client goals.
- Manage delegation processes, customs, and external auditors.
- Ensure accuracy of cost and pricing calculations alongside project records.
- Act as a key point of escalation for operational issues.

**Requirements:**
- Establish operating procedures, work assignments, and planning activities.
- Ensure correct quality control procedures are carried out.
- Own, drive, and communicate projects.
- Possess a degree in management or relevant professional experience.
- Glean insights from data to make recommendations.

**Competencies:**
- Identify problems and drive to a resolution.
- Set high standards of performance for self and others.
- Coordinate people and processes to ensure projects are delivered on time.
- Communicate effectively with clients to identify needs and evaluate alternative business solutions.
- Develop and manage successful relationships with clients.
- Foster effective communication and manage conflicts within teams.","P_007264, P_018320, P_018316, P_022700, P_022702, P_009612, P_007281, P_007269, P_006709, P_006731, P_022703, P_009989, P_022712, P_009614, P_006713, P_006716, P_009606, P_022708, P_022698, P_007281"
EXP_111,Project Management / Programme Management,Project Management,Senior-Level,Singapore,Neutral,"**Job Title:** Senior-Level Project Management
**Location:** Singapore

**Responsibilities:**
- Drive the review and evaluation of contract conditions.
- Assist with ad hoc tasks to support the team.
- Act as the point of contact for client requests.
- Apply project strategies.
- Develop and apply best practices for business process environments.
- Launch campaigns and assist in optimizations to maintain client goals.
- Manage delegation processes, customs, and external auditors.
- Ensure accuracy of cost and pricing calculations alongside project records.
- Act as a key point of escalation for operational issues.

**Requirements:**
- Establish operating procedures, work assignments, and planning activities.
- Ensure correct quality control procedures are carried out.
- Own, drive, and communicate projects.
- Possess a degree in management or relevant professional experience.
- Glean insights from data to make recommendations.","P_007264, P_018320, P_018316, P_022700, P_022702, P_009612, P_007281, P_007269, P_006709, P_006731, P_022703, P_009989, P_022712, P_009614, P_006713, P_006716, P_009606, P_022708, P_022698, P_007281"
EXP_112,Project Management / Programme Management,Project Management,Senior-Level,Singapore,Balanced,"**Job Title:** Senior-Level Project Management
**Location:** Singapore

**Responsibilities:**
- Drive the review and evaluation of contract conditions.
- Assist with ad hoc tasks to support the team.
- Act as the point of contact for client requests.
- Apply project strategies.
- Develop and apply best practices for business process environments.
- Launch campaigns and assist in optimizations to maintain client goals.
- Manage delegation processes, customs, and external auditors.
- Ensure accuracy of cost and pricing calculations alongside project records.
- Act as a key point of escalation for operational issues.

**Requirements:**
- Establish operating procedures, work assignments, and planning activities.
- Ensure correct quality control procedures are carried out.
- Own, drive, and communicate projects.
- Possess a degree in management or relevant professional experience.
- Glean insights from data to make recommendations.

**Competencies:**
- Identify problems and drive to a resolution.
- Set high standards of performance for self and others.
- Coordinate people and processes to ensure projects are delivered on time.
- Communicate effectively with clients to identify needs and evaluate alternative business solutions.
- Develop and manage successful relationships with clients.
- Foster effective communication and manage conflicts within teams.","P_007264, P_018320, P_018316, P_022700, P_022702, P_009612, P_007281, P_007269, P_006709, P_006731, P_022703, P_009989, P_022712, P_009614, P_006713, P_006716, P_009606, P_022708, P_022698, P_007281"
EXP_113,Project Management / Programme Management,Project Management,Entry-Level,USA,Neutral,"**Job Title:** Entry-Level Project Management
**Location:** USA

**Responsibilities:**
- Drive the review and evaluation of contract conditions.
- Assist with ad hoc tasks to support the team.
- Prepare and sign mandatory documentation.
- Act as the point of contact for client requests.
- Apply project strategies to daily operations.
- Ensure project success through the delivery of technical solutions.
- Monitor campaign delivery and provide adjustments to clients.

**Requirements:**
- Establish operating procedures, work assignments, and planning activities.
- Possess pre-sales exposure.
- Demonstrate an understanding of risks and downstream impacts of inaccurate data capture.
- Demonstrate project management, consulting, and facilitation knowledge.
- Utilize formal project management techniques.","P_007264, P_018320, P_007269, P_018316, P_022700, P_009988, P_009611, P_006731, P_006732, P_006717, P_006329, P_022714, P_006713, P_022718, P_006714, P_007281, P_018315, P_022704"
EXP_114,Project Management / Programme Management,Project Management,Entry-Level,USA,Balanced,"**Job Title:** Entry-Level Project Management
**Location:** USA

**Responsibilities:**
- Drive the review and evaluation of contract conditions.
- Assist with ad hoc tasks to support the team.
- Prepare and sign mandatory documentation.
- Act as the point of contact for client requests.
- Apply project strategies to daily operations.
- Ensure project success through the delivery of technical solutions.
- Monitor campaign delivery and provide adjustments to clients.

**Requirements:**
- Establish operating procedures, work assignments, and planning activities.
- Possess pre-sales exposure.
- Demonstrate an understanding of risks and downstream impacts of inaccurate data capture.
- Demonstrate project management, consulting, and facilitation knowledge.
- Utilize formal project management techniques.

**Competencies:**
- Identify problems and drive to a resolution.
- Remain results-driven in all project phases.
- Navigate uncertainty with professional composure.
- Drive interpersonal relationships, foster effective communication, and manage conflicts.
- Establish solid working relationships with multiple clients.
- Facilitate team and client meetings effectively.","P_007264, P_018320, P_007269, P_018316, P_022700, P_009988, P_009611, P_006731, P_006732, P_006717, P_006329, P_022714, P_006713, P_022718, P_006714, P_007281, P_018315, P_022704"
EXP_115,Project Management / Programme Management,Project Management,Entry-Level,China,Neutral,"**Job Title:** Entry-Level Project Management
**Location:** China

**Responsibilities:**
- Drive the review and evaluation of contract conditions.
- Assist with ad hoc tasks to support the team.
- Prepare and sign mandatory documentation.
- Act as the point of contact for client requests.
- Apply project strategies to daily operations.
- Ensure project success through the delivery of technical solutions.
- Monitor campaign delivery and provide adjustments to clients.

**Requirements:**
- Establish operating procedures, work assignments, and planning activities.
- Possess pre-sales exposure.
- Demonstrate an understanding of risks and downstream impacts of inaccurate data capture.
- Demonstrate project management, consulting, and facilitation knowledge.
- Utilize formal project management techniques.","P_007264, P_018320, P_007269, P_018316, P_022700, P_009988, P_009611, P_006731, P_006732, P_006717, P_006329, P_022714, P_006713, P_022718, P_006714, P_007281, P_018315, P_022704"
EXP_116,Project Management / Programme Management,Project Management,Entry-Level,China,Balanced,"**Job Title:** Entry-Level Project Management
**Location:** China

**Responsibilities:**
- Drive the review and evaluation of contract conditions.
- Assist with ad hoc tasks to support the team.
- Prepare and sign mandatory documentation.
- Act as the point of contact for client requests.
- Apply project strategies to daily operations.
- Ensure project success through the delivery of technical solutions.
- Monitor campaign delivery and provide adjustments to clients.

**Requirements:**
- Establish operating procedures, work assignments, and planning activities.
- Possess pre-sales exposure.
- Demonstrate an understanding of risks and downstream impacts of inaccurate data capture.
- Demonstrate project management, consulting, and facilitation knowledge.
- Utilize formal project management techniques.

**Competencies:**
- Identify problems and drive to a resolution.
- Remain results-driven in all project phases.
- Navigate uncertainty with professional composure.
- Drive interpersonal relationships, foster effective communication, and manage conflicts.
- Establish solid working relationships with multiple clients.
- Facilitate team and client meetings effectively.","P_007264, P_018320, P_007269, P_018316, P_022700, P_009988, P_009611, P_006731, P_006732, P_006717, P_006329, P_022714, P_006713, P_022718, P_006714, P_007281, P_018315, P_022704"
EXP_117,Project Management / Programme Management,Project Management,Entry-Level,Europe,Neutral,"**Job Title:** Entry-Level Project Management
**Location:** Europe

**Responsibilities:**
- Drive the review and evaluation of contract conditions.
- Assist with ad hoc tasks to support the team.
- Prepare and sign mandatory documentation.
- Act as the point of contact for client requests.
- Apply project strategies to daily operations.
- Ensure project success through the delivery of technical solutions.
- Monitor campaign delivery and provide adjustments to clients.

**Requirements:**
- Establish operating procedures, work assignments, and planning activities.
- Possess pre-sales exposure.
- Demonstrate an understanding of risks and downstream impacts of inaccurate data capture.
- Demonstrate project management, consulting, and facilitation knowledge.
- Utilize formal project management techniques.","P_007264, P_018320, P_007269, P_018316, P_022700, P_009988, P_009611, P_006731, P_006732, P_006717, P_006329, P_022714, P_006713, P_022718, P_006714, P_007281, P_018315, P_022704"
EXP_118,Project Management / Programme Management,Project Management,Entry-Level,Europe,Balanced,"**Job Title:** Entry-Level Project Management
**Location:** Europe

**Responsibilities:**
- Drive the review and evaluation of contract conditions.
- Assist with ad hoc tasks to support the team.
- Prepare and sign mandatory documentation.
- Act as the point of contact for client requests.
- Apply project strategies to daily operations.
- Ensure project success through the delivery of technical solutions.
- Monitor campaign delivery and provide adjustments to clients.

**Requirements:**
- Establish operating procedures, work assignments, and planning activities.
- Possess pre-sales exposure.
- Demonstrate an understanding of risks and downstream impacts of inaccurate data capture.
- Demonstrate project management, consulting, and facilitation knowledge.
- Utilize formal project management techniques.

**Competencies:**
- Identify problems and drive to a resolution.
- Remain results-driven in all project phases.
- Navigate uncertainty with professional composure.
- Drive interpersonal relationships, foster effective communication, and manage conflicts.
- Establish solid working relationships with multiple clients.
- Facilitate team and client meetings effectively.","P_007264, P_018320, P_007269, P_018316, P_022700, P_009988, P_009611, P_006731, P_006732, P_006717, P_006329, P_022714, P_006713, P_022718, P_006714, P_007281, P_018315, P_022704"
EXP_119,Project Management / Programme Management,Project Management,Entry-Level,Singapore,Neutral,"**Job Title:** Entry-Level Project Management
**Location:** Singapore

**Responsibilities:**
- Drive the review and evaluation of contract conditions.
- Assist with ad hoc tasks to support the team.
- Prepare and sign mandatory documentation.
- Act as the point of contact for client requests.
- Apply project strategies to daily operations.
- Ensure project success through the delivery of technical solutions.
- Monitor campaign delivery and provide adjustments to clients.

**Requirements:**
- Establish operating procedures, work assignments, and planning activities.
- Possess pre-sales exposure.
- Demonstrate an understanding of risks and downstream impacts of inaccurate data capture.
- Demonstrate project management, consulting, and facilitation knowledge.
- Utilize formal project management techniques.","P_007264, P_018320, P_007269, P_018316, P_022700, P_009988, P_009611, P_006731, P_006732, P_006717, P_006329, P_022714, P_006713, P_022718, P_006714, P_007281, P_018315, P_022704"
EXP_120,Project Management / Programme Management,Project Management,Entry-Level,Singapore,Balanced,"**Job Title:** Entry-Level Project Management
**Location:** Singapore

**Responsibilities:**
- Drive the review and evaluation of contract conditions.
- Assist with ad hoc tasks to support the team.
- Prepare and sign mandatory documentation.
- Act as the point of contact for client requests.
- Apply project strategies to daily operations.
- Ensure project success through the delivery of technical solutions.
- Monitor campaign delivery and provide adjustments to clients.

**Requirements:**
- Establish operating procedures, work assignments, and planning activities.
- Possess pre-sales exposure.
- Demonstrate an understanding of risks and downstream impacts of inaccurate data capture.
- Demonstrate project management, consulting, and facilitation knowledge.
- Utilize formal project management techniques.

**Competencies:**
- Identify problems and drive to a resolution.
- Remain results-driven in all project phases.
- Navigate uncertainty with professional composure.
- Drive interpersonal relationships, foster effective communication, and manage conflicts.
- Establish solid working relationships with multiple clients.
- Facilitate team and client meetings effectively.","P_007264, P_018320, P_007269, P_018316, P_022700, P_009988, P_009611, P_006731, P_006732, P_006717, P_006329, P_022714, P_006713, P_022718, P_006714, P_007281, P_018315, P_022704"
EXP_121,Project Management / Programme Management,Project Management,Senior-Level,USA,Neutral,"**Job Title:** Senior-Level Project Management
**Location:** USA

**Responsibilities:**
- Drive the review and evaluation of contract conditions.
- Assist with ad hoc tasks to support the team.
- Prepare and sign mandatory documentation.
- Act as the point of contact for client requests.
- Apply project strategies to daily operations.
- Ensure project success through the delivery of technical solutions.
- Monitor campaign delivery and provide adjustments to clients.

**Requirements:**
- Establish operating procedures, work assignments, and planning activities.
- Possess pre-sales exposure.
- Demonstrate an understanding of risks and downstream impacts of inaccurate data capture.
- Demonstrate project management, consulting, and facilitation knowledge.
- Utilize formal project management techniques.","P_007264, P_018320, P_007269, P_018316, P_022700, P_009988, P_009611, P_006731, P_006732, P_006717, P_006329, P_022714, P_006713, P_022718, P_006714, P_007281, P_018315, P_022704"
EXP_122,Project Management / Programme Management,Project Management,Senior-Level,USA,Balanced,"**Job Title:** Senior-Level Project Management
**Location:** USA

**Responsibilities:**
- Drive the review and evaluation of contract conditions.
- Assist with ad hoc tasks to support the team.
- Prepare and sign mandatory documentation.
- Act as the point of contact for client requests.
- Apply project strategies to daily operations.
- Ensure project success through the delivery of technical solutions.
- Monitor campaign delivery and provide adjustments to clients.

**Requirements:**
- Establish operating procedures, work assignments, and planning activities.
- Possess pre-sales exposure.
- Demonstrate an understanding of risks and downstream impacts of inaccurate data capture.
- Demonstrate project management, consulting, and facilitation knowledge.
- Utilize formal project management techniques.

**Competencies:**
- Identify problems and drive to a resolution.
- Remain results-driven in all project phases.
- Navigate uncertainty with professional composure.
- Drive interpersonal relationships, foster effective communication, and manage conflicts.
- Establish solid working relationships with multiple clients.
- Facilitate team and client meetings effectively.","P_007264, P_018320, P_007269, P_018316, P_022700, P_009988, P_009611, P_006731, P_006732, P_006717, P_006329, P_022714, P_006713, P_022718, P_006714, P_007281, P_018315, P_022704"
EXP_123,Project Management / Programme Management,Project Management,Senior-Level,China,Neutral,"**Job Title:** Senior-Level Project Management
**Location:** China

**Responsibilities:**
- Drive the review and evaluation of contract conditions.
- Assist with ad hoc tasks to support the team.
- Prepare and sign mandatory documentation.
- Act as the point of contact for client requests.
- Apply project strategies to daily operations.
- Ensure project success through the delivery of technical solutions.
- Monitor campaign delivery and provide adjustments to clients.

**Requirements:**
- Establish operating procedures, work assignments, and planning activities.
- Possess pre-sales exposure.
- Demonstrate an understanding of risks and downstream impacts of inaccurate data capture.
- Demonstrate project management, consulting, and facilitation knowledge.
- Utilize formal project management techniques.","P_007264, P_018320, P_007269, P_018316, P_022700, P_009988, P_009611, P_006731, P_006732, P_006717, P_006329, P_022714, P_006713, P_022718, P_006714, P_007281, P_018315, P_022704"
EXP_124,Project Management / Programme Management,Project Management,Senior-Level,China,Balanced,"**Job Title:** Senior-Level Project Management
**Location:** China

**Responsibilities:**
- Drive the review and evaluation of contract conditions.
- Assist with ad hoc tasks to support the team.
- Prepare and sign mandatory documentation.
- Act as the point of contact for client requests.
- Apply project strategies to daily operations.
- Ensure project success through the delivery of technical solutions.
- Monitor campaign delivery and provide adjustments to clients.

**Requirements:**
- Establish operating procedures, work assignments, and planning activities.
- Possess pre-sales exposure.
- Demonstrate an understanding of risks and downstream impacts of inaccurate data capture.
- Demonstrate project management, consulting, and facilitation knowledge.
- Utilize formal project management techniques.

**Competencies:**
- Identify problems and drive to a resolution.
- Remain results-driven in all project phases.
- Navigate uncertainty with professional composure.
- Drive interpersonal relationships, foster effective communication, and manage conflicts.
- Establish solid working relationships with multiple clients.
- Facilitate team and client meetings effectively.","P_007264, P_018320, P_007269, P_018316, P_022700, P_009988, P_009611, P_006731, P_006732, P_006717, P_006329, P_022714, P_006713, P_022718, P_006714, P_007281, P_018315, P_022704"
EXP_125,Project Management / Programme Management,Project Management,Senior-Level,Europe,Neutral,"**Job Title:** Senior-Level Project Management
**Location:** Europe

**Responsibilities:**
- Drive the review and evaluation of contract conditions.
- Assist with ad hoc tasks to support the team.
- Prepare and sign mandatory documentation.
- Act as the point of contact for client requests.
- Apply project strategies to daily operations.
- Ensure project success through the delivery of technical solutions.
- Monitor campaign delivery and provide adjustments to clients.

**Requirements:**
- Establish operating procedures, work assignments, and planning activities.
- Possess pre-sales exposure.
- Demonstrate an understanding of risks and downstream impacts of inaccurate data capture.
- Demonstrate project management, consulting, and facilitation knowledge.
- Utilize formal project management techniques.","P_007264, P_018320, P_007269, P_018316, P_022700, P_009988, P_009611, P_006731, P_006732, P_006717, P_006329, P_022714, P_006713, P_022718, P_006714, P_007281, P_018315, P_022704"
EXP_126,Project Management / Programme Management,Project Management,Senior-Level,Europe,Balanced,"**Job Title:** Senior-Level Project Management
**Location:** Europe

**Responsibilities:**
- Drive the review and evaluation of contract conditions.
- Assist with ad hoc tasks to support the team.
- Prepare and sign mandatory documentation.
- Act as the point of contact for client requests.
- Apply project strategies to daily operations.
- Ensure project success through the delivery of technical solutions.
- Monitor campaign delivery and provide adjustments to clients.

**Requirements:**
- Establish operating procedures, work assignments, and planning activities.
- Possess pre-sales exposure.
- Demonstrate an understanding of risks and downstream impacts of inaccurate data capture.
- Demonstrate project management, consulting, and facilitation knowledge.
- Utilize formal project management techniques.

**Competencies:**
- Identify problems and drive to a resolution.
- Remain results-driven in all project phases.
- Navigate uncertainty with professional composure.
- Drive interpersonal relationships, foster effective communication, and manage conflicts.
- Establish solid working relationships with multiple clients.
- Facilitate team and client meetings effectively.","P_007264, P_018320, P_007269, P_018316, P_022700, P_009988, P_009611, P_006731, P_006732, P_006717, P_006329, P_022714, P_006713, P_022718, P_006714, P_007281, P_018315, P_022704"
EXP_127,Project Management / Programme Management,Project Management,Senior-Level,Singapore,Neutral,"**Job Title:** Senior-Level Project Management
**Location:** Singapore

**Responsibilities:**
- Drive the review and evaluation of contract conditions.
- Assist with ad hoc tasks to support the team.
- Prepare and sign mandatory documentation.
- Act as the point of contact for client requests.
- Apply project strategies to daily operations.
- Ensure project success through the delivery of technical solutions.
- Monitor campaign delivery and provide adjustments to clients.

**Requirements:**
- Establish operating procedures, work assignments, and planning activities.
- Possess pre-sales exposure.
- Demonstrate an understanding of risks and downstream impacts of inaccurate data capture.
- Demonstrate project management, consulting, and facilitation knowledge.
- Utilize formal project management techniques.","P_007264, P_018320, P_007269, P_018316, P_022700, P_009988, P_009611, P_006731, P_006732, P_006717, P_006329, P_022714, P_006713, P_022718, P_006714, P_007281, P_018315, P_022704"
EXP_128,Project Management / Programme Management,Project Management,Senior-Level,Singapore,Balanced,"**Job Title:** Senior-Level Project Management
**Location:** Singapore

**Responsibilities:**
- Drive the review and evaluation of contract conditions.
- Assist with ad hoc tasks to support the team.
- Prepare and sign mandatory documentation.
- Act as the point of contact for client requests.
- Apply project strategies to daily operations.
- Ensure project success through the delivery of technical solutions.
- Monitor campaign delivery and provide adjustments to clients.

**Requirements:**
- Establish operating procedures, work assignments, and planning activities.
- Possess pre-sales exposure.
- Demonstrate an understanding of risks and downstream impacts of inaccurate data capture.
- Demonstrate project management, consulting, and facilitation knowledge.
- Utilize formal project management techniques.

**Competencies:**
- Identify problems and drive to a resolution.
- Remain results-driven in all project phases.
- Navigate uncertainty with professional composure.
- Drive interpersonal relationships, foster effective communication, and manage conflicts.
- Establish solid working relationships with multiple clients.
- Facilitate team and client meetings effectively.","P_007264, P_018320, P_007269, P_018316, P_022700, P_009988, P_009611, P_006731, P_006732, P_006717, P_006329, P_022714, P_006713, P_022718, P_006714, P_007281, P_018315, P_022704"
EXP_129,Project Management / Programme Management,Project Management,Entry-Level,USA,Neutral,"**Job Title:** Entry-Level Project Management
**Location:** USA

**Responsibilities:**
- Drive the review and evaluation of contract conditions.
- Assist with additional ad hoc tasks to support the team.
- Act as the point of contact for all client requests.
- Apply best practices for the business environment.
- Work with sales and operations teams to launch campaigns and assist in optimizations to maintain goals.
- Develop detailed project plans to monitor and track progress.

**Requirements:**
- Establish operating procedures, work assignments, and planning activities.
- Own, drive, and communicate projects.
- Possess a degree in management or equivalent experience.
- Conduct compliance assessments at appropriate milestones.
- Ensure compliance with guidelines for commercial aspects.","P_007264, P_018320, P_018316, P_022702, P_009612, P_009607, P_006731, P_009989, P_022712, P_007275, P_007272, P_006713, P_022722, P_022716, P_009608, P_022708, P_009989"
EXP_130,Project Management / Programme Management,Project Management,Entry-Level,USA,Balanced,"**Job Title:** Entry-Level Project Management
**Location:** USA

**Responsibilities:**
- Drive the review and evaluation of contract conditions.
- Assist with additional ad hoc tasks to support the team.
- Act as the point of contact for all client requests.
- Apply best practices for the business environment.
- Work with sales and operations teams to launch campaigns and assist in optimizations to maintain goals.
- Develop detailed project plans to monitor and track progress.

**Requirements:**
- Establish operating procedures, work assignments, and planning activities.
- Own, drive, and communicate projects.
- Possess a degree in management or equivalent experience.
- Conduct compliance assessments at appropriate milestones.
- Ensure compliance with guidelines for commercial aspects.

**Competencies:**
- Identify problems and drive resolutions.
- Maintain high attention to detail and accuracy.
- Exercise strong decision-making abilities.
- Partner with business operations and sales teams to track opportunities and ensure they remain in scope.
- Communicate effectively with clients to identify needs and evaluate alternative business solutions.
- Act as a team player in all professional interactions.","P_007264, P_018320, P_018316, P_022702, P_009612, P_009607, P_006731, P_009989, P_022712, P_007275, P_007272, P_006713, P_022722, P_022716, P_009608, P_022708, P_009989"
EXP_131,Project Management / Programme Management,Project Management,Entry-Level,China,Neutral,"**Job Title:** Entry-Level Project Management
**Location:** China

**Responsibilities:**
- Drive the review and evaluation of contract conditions.
- Assist with additional ad hoc tasks to support the team.
- Act as the point of contact for all client requests.
- Apply best practices for the business environment.
- Work with sales and operations teams to launch campaigns and assist in optimizations to maintain goals.
- Develop detailed project plans to monitor and track progress.

**Requirements:**
- Establish operating procedures, work assignments, and planning activities.
- Own, drive, and communicate projects.
- Possess a degree in management or equivalent experience.
- Conduct compliance assessments at appropriate milestones.
- Ensure compliance with guidelines for commercial aspects.","P_007264, P_018320, P_018316, P_022702, P_009612, P_009607, P_006731, P_009989, P_022712, P_007275, P_007272, P_006713, P_022722, P_022716, P_009608, P_022708, P_009989"
EXP_132,Project Management / Programme Management,Project Management,Entry-Level,China,Balanced,"**Job Title:** Entry-Level Project Management
**Location:** China

**Responsibilities:**
- Drive the review and evaluation of contract conditions.
- Assist with additional ad hoc tasks to support the team.
- Act as the point of contact for all client requests.
- Apply best practices for the business environment.
- Work with sales and operations teams to launch campaigns and assist in optimizations to maintain goals.
- Develop detailed project plans to monitor and track progress.

**Requirements:**
- Establish operating procedures, work assignments, and planning activities.
- Own, drive, and communicate projects.
- Possess a degree in management or equivalent experience.
- Conduct compliance assessments at appropriate milestones.
- Ensure compliance with guidelines for commercial aspects.

**Competencies:**
- Identify problems and drive resolutions.
- Maintain high attention to detail and accuracy.
- Exercise strong decision-making abilities.
- Partner with business operations and sales teams to track opportunities and ensure they remain in scope.
- Communicate effectively with clients to identify needs and evaluate alternative business solutions.
- Act as a team player in all professional interactions.","P_007264, P_018320, P_018316, P_022702, P_009612, P_009607, P_006731, P_009989, P_022712, P_007275, P_007272, P_006713, P_022722, P_022716, P_009608, P_022708, P_009989"
EXP_133,Project Management / Programme Management,Project Management,Entry-Level,Europe,Neutral,"**Job Title:** Entry-Level Project Management
**Location:** Europe

**Responsibilities:**
- Drive the review and evaluation of contract conditions.
- Assist with additional ad hoc tasks to support the team.
- Act as the point of contact for all client requests.
- Apply best practices for the business environment.
- Work with sales and operations teams to launch campaigns and assist in optimizations to maintain goals.
- Develop detailed project plans to monitor and track progress.

**Requirements:**
- Establish operating procedures, work assignments, and planning activities.
- Own, drive, and communicate projects.
- Possess a degree in management or equivalent experience.
- Conduct compliance assessments at appropriate milestones.
- Ensure compliance with guidelines for commercial aspects.","P_007264, P_018320, P_018316, P_022702, P_009612, P_009607, P_006731, P_009989, P_022712, P_007275, P_007272, P_006713, P_022722, P_022716, P_009608, P_022708, P_009989"
EXP_134,Project Management / Programme Management,Project Management,Entry-Level,Europe,Balanced,"**Job Title:** Entry-Level Project Management
**Location:** Europe

**Responsibilities:**
- Drive the review and evaluation of contract conditions.
- Assist with additional ad hoc tasks to support the team.
- Act as the point of contact for all client requests.
- Apply best practices for the business environment.
- Work with sales and operations teams to launch campaigns and assist in optimizations to maintain goals.
- Develop detailed project plans to monitor and track progress.

**Requirements:**
- Establish operating procedures, work assignments, and planning activities.
- Own, drive, and communicate projects.
- Possess a degree in management or equivalent experience.
- Conduct compliance assessments at appropriate milestones.
- Ensure compliance with guidelines for commercial aspects.

**Competencies:**
- Identify problems and drive resolutions.
- Maintain high attention to detail and accuracy.
- Exercise strong decision-making abilities.
- Partner with business operations and sales teams to track opportunities and ensure they remain in scope.
- Communicate effectively with clients to identify needs and evaluate alternative business solutions.
- Act as a team player in all professional interactions.","P_007264, P_018320, P_018316, P_022702, P_009612, P_009607, P_006731, P_009989, P_022712, P_007275, P_007272, P_006713, P_022722, P_022716, P_009608, P_022708, P_009989"
EXP_135,Project Management / Programme Management,Project Management,Entry-Level,Singapore,Neutral,"**Job Title:** Entry-Level Project Management
**Location:** Singapore

**Responsibilities:**
- Drive the review and evaluation of contract conditions.
- Assist with additional ad hoc tasks to support the team.
- Act as the point of contact for all client requests.
- Apply best practices for the business environment.
- Work with sales and operations teams to launch campaigns and assist in optimizations to maintain goals.
- Develop detailed project plans to monitor and track progress.

**Requirements:**
- Establish operating procedures, work assignments, and planning activities.
- Own, drive, and communicate projects.
- Possess a degree in management or equivalent experience.
- Conduct compliance assessments at appropriate milestones.
- Ensure compliance with guidelines for commercial aspects.","P_007264, P_018320, P_018316, P_022702, P_009612, P_009607, P_006731, P_009989, P_022712, P_007275, P_007272, P_006713, P_022722, P_022716, P_009608, P_022708, P_009989"
EXP_136,Project Management / Programme Management,Project Management,Entry-Level,Singapore,Balanced,"**Job Title:** Entry-Level Project Management
**Location:** Singapore

**Responsibilities:**
- Drive the review and evaluation of contract conditions.
- Assist with additional ad hoc tasks to support the team.
- Act as the point of contact for all client requests.
- Apply best practices for the business environment.
- Work with sales and operations teams to launch campaigns and assist in optimizations to maintain goals.
- Develop detailed project plans to monitor and track progress.

**Requirements:**
- Establish operating procedures, work assignments, and planning activities.
- Own, drive, and communicate projects.
- Possess a degree in management or equivalent experience.
- Conduct compliance assessments at appropriate milestones.
- Ensure compliance with guidelines for commercial aspects.

**Competencies:**
- Identify problems and drive resolutions.
- Maintain high attention to detail and accuracy.
- Exercise strong decision-making abilities.
- Partner with business operations and sales teams to track opportunities and ensure they remain in scope.
- Communicate effectively with clients to identify needs and evaluate alternative business solutions.
- Act as a team player in all professional interactions.","P_007264, P_018320, P_018316, P_022702, P_009612, P_009607, P_006731, P_009989, P_022712, P_007275, P_007272, P_006713, P_022722, P_022716, P_009608, P_022708, P_009989"
EXP_137,Project Management / Programme Management,Project Management,Senior-Level,USA,Neutral,"**Job Title:** Senior-Level Project Management
**Location:** USA

**Responsibilities:**
- Drive the review and evaluation of contract conditions.
- Assist with additional ad hoc tasks to support the team.
- Act as the point of contact for all client requests.
- Apply best practices for the business environment.
- Work with sales and operations teams to launch campaigns and assist in optimizations to maintain goals.
- Develop detailed project plans to monitor and track progress.

**Requirements:**
- Establish operating procedures, work assignments, and planning activities.
- Own, drive, and communicate projects.
- Possess a degree in management or equivalent experience.
- Conduct compliance assessments at appropriate milestones.
- Ensure compliance with guidelines for commercial aspects.","P_007264, P_018320, P_018316, P_022702, P_009612, P_009607, P_006731, P_009989, P_022712, P_007275, P_007272, P_006713, P_022722, P_022716, P_009608, P_022708, P_009989"
EXP_138,Project Management / Programme Management,Project Management,Senior-Level,USA,Balanced,"**Job Title:** Senior-Level Project Management
**Location:** USA

**Responsibilities:**
- Drive the review and evaluation of contract conditions.
- Assist with additional ad hoc tasks to support the team.
- Act as the point of contact for all client requests.
- Apply best practices for the business environment.
- Work with sales and operations teams to launch campaigns and assist in optimizations to maintain goals.
- Develop detailed project plans to monitor and track progress.

**Requirements:**
- Establish operating procedures, work assignments, and planning activities.
- Own, drive, and communicate projects.
- Possess a degree in management or equivalent experience.
- Conduct compliance assessments at appropriate milestones.
- Ensure compliance with guidelines for commercial aspects.

**Competencies:**
- Identify problems and drive resolutions.
- Maintain high attention to detail and accuracy.
- Exercise strong decision-making abilities.
- Partner with business operations and sales teams to track opportunities and ensure they remain in scope.
- Communicate effectively with clients to identify needs and evaluate alternative business solutions.
- Act as a team player in all professional interactions.","P_007264, P_018320, P_018316, P_022702, P_009612, P_009607, P_006731, P_009989, P_022712, P_007275, P_007272, P_006713, P_022722, P_022716, P_009608, P_022708, P_009989"
EXP_139,Project Management / Programme Management,Project Management,Senior-Level,China,Neutral,"**Job Title:** Senior-Level Project Management
**Location:** China

**Responsibilities:**
- Drive the review and evaluation of contract conditions.
- Assist with additional ad hoc tasks to support the team.
- Act as the point of contact for all client requests.
- Apply best practices for the business environment.
- Work with sales and operations teams to launch campaigns and assist in optimizations to maintain goals.
- Develop detailed project plans to monitor and track progress.

**Requirements:**
- Establish operating procedures, work assignments, and planning activities.
- Own, drive, and communicate projects.
- Possess a degree in management or equivalent experience.
- Conduct compliance assessments at appropriate milestones.
- Ensure compliance with guidelines for commercial aspects.","P_007264, P_018320, P_018316, P_022702, P_009612, P_009607, P_006731, P_009989, P_022712, P_007275, P_007272, P_006713, P_022722, P_022716, P_009608, P_022708, P_009989"
EXP_140,Project Management / Programme Management,Project Management,Senior-Level,China,Balanced,"**Job Title:** Senior-Level Project Management
**Location:** China

**Responsibilities:**
- Drive the review and evaluation of contract conditions.
- Assist with additional ad hoc tasks to support the team.
- Act as the point of contact for all client requests.
- Apply best practices for the business environment.
- Work with sales and operations teams to launch campaigns and assist in optimizations to maintain goals.
- Develop detailed project plans to monitor and track progress.

**Requirements:**
- Establish operating procedures, work assignments, and planning activities.
- Own, drive, and communicate projects.
- Possess a degree in management or equivalent experience.
- Conduct compliance assessments at appropriate milestones.
- Ensure compliance with guidelines for commercial aspects.

**Competencies:**
- Identify problems and drive resolutions.
- Maintain high attention to detail and accuracy.
- Exercise strong decision-making abilities.
- Partner with business operations and sales teams to track opportunities and ensure they remain in scope.
- Communicate effectively with clients to identify needs and evaluate alternative business solutions.
- Act as a team player in all professional interactions.","P_007264, P_018320, P_018316, P_022702, P_009612, P_009607, P_006731, P_009989, P_022712, P_007275, P_007272, P_006713, P_022722, P_022716, P_009608, P_022708, P_009989"
EXP_141,Project Management / Programme Management,Project Management,Senior-Level,Europe,Neutral,"**Job Title:** Senior-Level Project Management
**Location:** Europe

**Responsibilities:**
- Drive the review and evaluation of contract conditions.
- Assist with additional ad hoc tasks to support the team.
- Act as the point of contact for all client requests.
- Apply best practices for the business environment.
- Work with sales and operations teams to launch campaigns and assist in optimizations to maintain goals.
- Develop detailed project plans to monitor and track progress.

**Requirements:**
- Establish operating procedures, work assignments, and planning activities.
- Own, drive, and communicate projects.
- Possess a degree in management or equivalent experience.
- Conduct compliance assessments at appropriate milestones.
- Ensure compliance with guidelines for commercial aspects.","P_007264, P_018320, P_018316, P_022702, P_009612, P_009607, P_006731, P_009989, P_022712, P_007275, P_007272, P_006713, P_022722, P_022716, P_009608, P_022708, P_009989"
EXP_142,Project Management / Programme Management,Project Management,Senior-Level,Europe,Balanced,"**Job Title:** Senior-Level Project Management
**Location:** Europe

**Responsibilities:**
- Drive the review and evaluation of contract conditions.
- Assist with additional ad hoc tasks to support the team.
- Act as the point of contact for all client requests.
- Apply best practices for the business environment.
- Work with sales and operations teams to launch campaigns and assist in optimizations to maintain goals.
- Develop detailed project plans to monitor and track progress.

**Requirements:**
- Establish operating procedures, work assignments, and planning activities.
- Own, drive, and communicate projects.
- Possess a degree in management or equivalent experience.
- Conduct compliance assessments at appropriate milestones.
- Ensure compliance with guidelines for commercial aspects.

**Competencies:**
- Identify problems and drive resolutions.
- Maintain high attention to detail and accuracy.
- Exercise strong decision-making abilities.
- Partner with business operations and sales teams to track opportunities and ensure they remain in scope.
- Communicate effectively with clients to identify needs and evaluate alternative business solutions.
- Act as a team player in all professional interactions.","P_007264, P_018320, P_018316, P_022702, P_009612, P_009607, P_006731, P_009989, P_022712, P_007275, P_007272, P_006713, P_022722, P_022716, P_009608, P_022708, P_009989"
EXP_143,Project Management / Programme Management,Project Management,Senior-Level,Singapore,Neutral,"**Job Title:** Senior-Level Project Management
**Location:** Singapore

**Responsibilities:**
- Drive the review and evaluation of contract conditions.
- Assist with additional ad hoc tasks to support the team.
- Act as the point of contact for all client requests.
- Apply best practices for the business environment.
- Work with sales and operations teams to launch campaigns and assist in optimizations to maintain goals.
- Develop detailed project plans to monitor and track progress.

**Requirements:**
- Establish operating procedures, work assignments, and planning activities.
- Own, drive, and communicate projects.
- Possess a degree in management or equivalent experience.
- Conduct compliance assessments at appropriate milestones.
- Ensure compliance with guidelines for commercial aspects.","P_007264, P_018320, P_018316, P_022702, P_009612, P_009607, P_006731, P_009989, P_022712, P_007275, P_007272, P_006713, P_022722, P_022716, P_009608, P_022708, P_009989"
EXP_144,Project Management / Programme Management,Project Management,Senior-Level,Singapore,Balanced,"**Job Title:** Senior-Level Project Management
**Location:** Singapore

**Responsibilities:**
- Drive the review and evaluation of contract conditions.
- Assist with additional ad hoc tasks to support the team.
- Act as the point of contact for all client requests.
- Apply best practices for the business environment.
- Work with sales and operations teams to launch campaigns and assist in optimizations to maintain goals.
- Develop detailed project plans to monitor and track progress.

**Requirements:**
- Establish operating procedures, work assignments, and planning activities.
- Own, drive, and communicate projects.
- Possess a degree in management or equivalent experience.
- Conduct compliance assessments at appropriate milestones.
- Ensure compliance with guidelines for commercial aspects.

**Competencies:**
- Identify problems and drive resolutions.
- Maintain high attention to detail and accuracy.
- Exercise strong decision-making abilities.
- Partner with business operations and sales teams to track opportunities and ensure they remain in scope.
- Communicate effectively with clients to identify needs and evaluate alternative business solutions.
- Act as a team player in all professional interactions.","P_007264, P_018320, P_018316, P_022702, P_009612, P_009607, P_006731, P_009989, P_022712, P_007275, P_007272, P_006713, P_022722, P_022716, P_009608, P_022708, P_009989"
