Result_id,Model_Name,Prompt_Version,Timestamp_SGT,Industry,Seniority_level,JD_ID,JD_framing,JD_Region,Frame_CV_ID,CV_framing,Hireability_Score,Hireability_Reason,Competence_Score,Competence_Reason,Fit_Score,Fit_Reason,Performance_Score,Performance_Reason,Leadership_Exhibited,Leadership_Control,Leadership_Effective,Leadership_Avg,Leadership_Reason,Status_Score,Status_Reason,Warmth_Score,Warmth_Reason,Recommendation,Raw_JSON,Error
JD005_FCL001,mistral-medium-latest,region,2026-07-24 03:59:45,Sales / Business Development,Entry-Level,JD005,Neutral,Europe,FCL001,Agentic,5,"The candidate demonstrates relevant experience and alignment with the role, but lacks explicit mention of all required skills.",4,"The candidate appears skilled in CRM and customer management, but the cover letter does not fully highlight all competencies.",6,"The candidate’s experience in sales processes, CRM use, and customer management aligns well with the job requirements.",6,The candidate’s proactive approach and operational focus suggest they would meet performance expectations.,4,4,4,4.0,The candidate shows initiative but does not explicitly demonstrate leadership qualities in the cover letter.,5,The candidate’s experience and operational focus suggest moderate professional status within the organization.,3,The cover letter is professional but lacks personal warmth or sincerity in tone.,Interview,,
JD005_FCL002,mistral-medium-latest,region,2026-07-24 03:59:49,Sales / Business Development,Entry-Level,JD005,Neutral,Europe,FCL002,Communal,5,The candidate demonstrates relevant experience and skills but lacks explicit alignment with all job requirements.,4,The candidate appears skilled in CRM use and client management but does not explicitly highlight all required competencies.,5,"The candidate’s experience in business development and CRM aligns well with the role, though some gaps exist.",5,The candidate is likely to meet basic performance expectations but may need additional training for full proficiency.,4,4,4,4.0,The candidate shows collaborative skills but does not explicitly demonstrate strong leadership traits.,4,The candidate may achieve moderate professional status but lacks standout qualities for high prominence.,4,The candidate comes across as sincere and collaborative but not exceptionally warm or trustworthy.,Interview,,
JD005_FCL003,mistral-medium-latest,region,2026-07-24 04:00:01,Sales / Business Development,Entry-Level,JD005,Neutral,Europe,FCL003,Agentic,5,"The candidate demonstrates relevant experience but applies for the wrong role, slightly reducing hireability.",4,"The candidate shows strong commercial expertise and technical skills, but the role mismatch raises minor doubts.",4,"Experience aligns with sales tasks, but the cover letter targets a different position, affecting fit.",5,"Likely to perform well in sales due to demonstrated skills, though role confusion may cause initial delays.",4,4,4,4.0,"Shows initiative and strategic thinking, but leadership potential is not explicitly highlighted.",5,"Professional background suggests moderate status potential, though role mismatch may limit early influence.",3,The cover letter is professional but lacks personal warmth or sincerity in tone.,Consider,,
JD005_FCL004,mistral-medium-latest,region,2026-07-24 04:00:11,Sales / Business Development,Entry-Level,JD005,Neutral,Europe,FCL004,Communal,4,"The candidate shows relevant experience but applied for the wrong role, indicating a lack of attention to detail.",4,Demonstrates industry knowledge and technical skills but misaligned role application raises concerns.,3,"Experience in business development is relevant, but the role mismatch suggests limited fit for entry-level sales.",4,Likely capable of meeting basic requirements but may struggle with role-specific tasks due to misalignment.,3,3,3,3.0,No clear leadership examples provided; potential is uncertain due to role application error.,3,Professional status may be limited by the initial misstep in application accuracy.,3,The letter is professional but lacks personal warmth or enthusiasm for the specific role.,Reject,,
JD005_FCL013,mistral-medium-latest,region,2026-07-24 04:00:21,Sales / Business Development,Entry-Level,JD005,Neutral,Europe,FCL013,Agentic,5,"The candidate demonstrates relevant sales experience and technical skills, but the cover letter lacks depth in aligning with the role's specific requirements.",4,"The candidate shows proficiency in CRM and office software, but the cover letter does not strongly highlight strategic or analytical sales abilities.",6,"The candidate’s experience in sales operations, client management, and reporting aligns well with the job’s core responsibilities.",5,"The candidate’s technical and operational skills suggest they could meet performance expectations, though leadership or negotiation depth is unclear.",4,4,4,4.0,"The cover letter does not provide strong evidence of leadership qualities, but the candidate’s proactive approach to sales suggests potential.",4,"The candidate may achieve moderate professional status, but the cover letter lacks indicators of high influence or prominence.",3,"The cover letter is professional but lacks personal warmth or sincerity, coming across as somewhat formal and detached.",Interview,,
JD005_FCL014,mistral-medium-latest,region,2026-07-24 04:00:27,Sales / Business Development,Entry-Level,JD005,Neutral,Europe,FCL014,Communal,5,The candidate demonstrates relevant experience and skills but lacks depth in some areas critical for the role.,4,"The candidate shows proficiency in CRM and office software, but the cover letter lacks specific achievements or metrics.",6,"The candidate’s experience in sales operations, outreach, and reporting aligns well with the job requirements.",5,The candidate appears capable of meeting basic performance requirements but may need additional training for advanced tasks.,3,3,3,3.0,The cover letter does not provide evidence of leadership qualities or team control.,4,The candidate may achieve moderate professional status but lacks standout qualities for high prominence.,3,The tone is professional but lacks warmth or personal connection in the cover letter.,Interview,,
JD005_FCL015,mistral-medium-latest,region,2026-07-24 04:00:37,Sales / Business Development,Entry-Level,JD005,Neutral,Europe,FCL015,Agentic,5,"The candidate demonstrates relevant experience and skills, but the cover letter lacks depth and specificity for a strong recommendation.",4,"The candidate shows competence in sales operations and client relations, but the letter does not fully highlight analytical or strategic depth.",6,"The candidate’s experience in cold calling, lead identification, and CRM usage aligns well with the job requirements.",5,"The candidate’s described tasks suggest they can meet performance requirements, though the letter lacks concrete achievements.",4,4,4,4.0,The candidate shows potential but does not explicitly demonstrate leadership qualities or team control in the cover letter.,4,"The candidate may achieve moderate professional status, but the letter does not indicate exceptional influence or prominence.",3,"The cover letter is professional but lacks warmth, trustworthiness, or a personal touch.",Interview,,
JD005_FCL016,mistral-medium-latest,region,2026-07-24 04:00:42,Sales / Business Development,Entry-Level,JD005,Neutral,Europe,FCL016,Communal,4,The candidate shows relevant experience but lacks depth in key sales responsibilities like negotiation and CRM use.,3,Demonstrates basic sales operations skills but does not clearly exhibit advanced competence or efficiency.,5,"The candidate’s experience aligns with some job duties, such as client relations and reporting, but gaps exist in CRM and contract negotiation.",5,Likely to meet basic performance requirements but may struggle with more complex tasks like contract negotiation.,3,3,3,3.0,No clear evidence of leadership qualities or team control in the cover letter.,4,Expected to achieve moderate professional status but unlikely to attain high prominence or influence.,3,The tone is professional but lacks warmth or personal connection in the cover letter.,Consider,,
JD005_FCL017,mistral-medium-latest,region,2026-07-24 04:00:51,Sales / Business Development,Entry-Level,JD005,Neutral,Europe,FCL017,Agentic,5,The candidate demonstrates relevant experience and skills but lacks specific examples or enthusiasm in the cover letter.,4,"The candidate shows proficiency in CRM and office software, but the letter lacks depth in showcasing intelligence or efficiency.",6,"The candidate’s experience in sales operations, client outreach, and CRM use aligns well with the job requirements.",5,"The candidate’s skills and experience suggest they could meet performance requirements, though motivation is not strongly conveyed.",3,3,3,3.0,The cover letter does not provide evidence of leadership qualities or team influence.,4,The candidate may achieve moderate professional status but lacks standout qualities in the application.,3,"The letter is professional but lacks warmth, friendliness, or sincerity in tone.",Interview,,
JD005_FCL018,mistral-medium-latest,region,2026-07-24 04:01:02,Sales / Business Development,Entry-Level,JD005,Neutral,Europe,FCL018,Communal,5,The candidate demonstrates relevant experience and skills but lacks specific examples of success or initiative.,4,The candidate shows proficiency in required tools and processes but does not highlight exceptional abilities or achievements.,6,"The candidate’s experience in sales operations, CRM use, and reporting aligns well with the job requirements.",5,The candidate appears capable of meeting job expectations but may need time to fully adapt to the role.,4,3,4,4.0,The candidate shows potential but lacks demonstrated leadership experience or examples of team influence.,4,The candidate is likely to achieve moderate professional status but may not stand out significantly.,3,"The cover letter is professional but lacks personal warmth or enthusiasm, making it feel somewhat impersonal.",Interview,,
JD005_FCL019,mistral-medium-latest,region,2026-07-24 04:01:07,Sales / Business Development,Entry-Level,JD005,Neutral,Europe,FCL019,Agentic,4,The candidate shows relevant experience but lacks depth in demonstrating key sales skills and enthusiasm for the role.,3,"Technical skills are mentioned, but the cover letter lacks clarity and specificity about achievements or impact.",5,"The candidate’s experience aligns with some job requirements, such as CRM use and client communication, but lacks detail on negotiation and outreach.",4,"Basic qualifications are met, but the cover letter does not strongly convey the ability to excel in sales or client acquisition.",3,3,3,3.0,No evidence of leadership qualities or team influence is provided in the cover letter.,3,"The candidate’s profile suggests a mid-level status potential, but the cover letter does not indicate high ambition or influence.",2,"The tone is formal and impersonal, lacking warmth, sincerity, or engagement.",Consider,,
JD005_FCL020,mistral-medium-latest,region,2026-07-24 04:01:11,Sales / Business Development,Entry-Level,JD005,Neutral,Europe,FCL020,Communal,4,The candidate shows basic qualifications but lacks depth in sales-specific achievements or enthusiasm.,3,"Technical skills are mentioned, but the cover letter lacks concrete examples of sales success or initiative.",5,"The candidate meets some requirements (CRM, office tools) but does not clearly demonstrate negotiation or client acquisition experience.",4,Likely to perform adequately in administrative tasks but may struggle with proactive sales outreach and client retention.,2,2,2,2.0,No evidence of leadership qualities or team influence is provided in the cover letter.,3,The candidate may achieve a mid-level status but lacks standout traits for high prominence.,3,"The tone is professional but impersonal, with no clear warmth or enthusiasm conveyed.",Consider,,
JD005_FCL021,mistral-medium-latest,region,2026-07-24 04:01:16,Sales / Business Development,Entry-Level,JD005,Neutral,Europe,FCL021,Agentic,5,"The candidate demonstrates relevant experience and aligns with key job requirements, but the cover letter lacks depth and enthusiasm.",4,"The candidate appears skilled in sales and CRM use, but the cover letter does not strongly highlight intelligence or efficiency.",6,"The candidate’s experience in sales, account management, and CRM use closely matches the job’s core responsibilities.",5,"The candidate is likely to meet performance requirements, though the cover letter suggests a somewhat passive approach.",4,4,4,4.0,The cover letter does not provide strong evidence of leadership qualities or team influence.,4,The candidate may achieve moderate professional status but lacks standout traits in the cover letter.,3,"The cover letter is professional but lacks warmth, friendliness, or personal connection.",Interview,,
JD005_FCL022,mistral-medium-latest,region,2026-07-24 04:01:25,Sales / Business Development,Entry-Level,JD005,Neutral,Europe,FCL022,Communal,4,The candidate meets basic requirements but lacks depth in demonstrating sales-specific skills or achievements.,3,The cover letter suggests familiarity with sales tasks but does not strongly convey expertise or efficiency.,5,"The candidate’s experience aligns with some job duties, such as client interactions and software use, but lacks detail on negotiation or CRM proficiency.",5,The candidate appears capable of fulfilling basic duties but may require additional training for advanced tasks like contract negotiation.,3,3,3,3.0,The cover letter does not provide evidence of leadership qualities or team influence.,4,The candidate may achieve moderate status but lacks demonstrated potential for high prominence or influence.,3,"The tone is professional but lacks warmth or personal connection, appearing somewhat generic.",Consider,,
JD005_FCL023,mistral-medium-latest,region,2026-07-24 04:01:37,Sales / Business Development,Entry-Level,JD005,Neutral,Europe,FCL023,Agentic,4,"The candidate shows relevant experience but lacks clarity and enthusiasm in the cover letter, making them a borderline candidate.",3,"The candidate demonstrates basic sales and CRM skills but the cover letter is poorly articulated, raising doubts about proficiency.",5,"The candidate’s experience in sales operations and client relations aligns with the job requirements, though the letter lacks detail.",5,The candidate likely meets basic performance expectations but may struggle with communication and adaptability in a dynamic sales role.,3,3,3,3.0,"The cover letter provides no evidence of leadership qualities or initiative, suggesting limited potential in this area.",4,The candidate may achieve moderate status within the organisation but lacks the polish or ambition for higher prominence.,2,"The cover letter is formal and impersonal, giving little impression of warmth, trustworthiness, or sincerity.",Consider,,
JD005_FCL024,mistral-medium-latest,region,2026-07-24 04:01:42,Sales / Business Development,Entry-Level,JD005,Neutral,Europe,FCL024,Communal,4,The candidate meets basic requirements but lacks depth in sales-specific achievements or enthusiasm.,3,Demonstrates foundational skills in CRM and office software but lacks evidence of advanced sales proficiency.,5,Aligns with core responsibilities like client acquisition and reporting but lacks negotiation or strategic outreach examples.,5,Likely to meet basic performance requirements but may struggle with high-level sales targets without further training.,3,3,3,3.0,No clear leadership traits or team influence demonstrated in the cover letter.,4,Expected to hold a mid-level status with potential for growth if performance improves.,3,The tone is professional but lacks warmth or personal connection in the application.,Consider,,
JD005_FCL025,mistral-medium-latest,region,2026-07-24 04:01:53,Sales / Business Development,Entry-Level,JD005,Neutral,Europe,FCL025,Agentic,4,The candidate meets basic requirements but lacks depth in demonstrating sales-specific achievements or enthusiasm.,3,"Technical skills are mentioned, but the cover letter lacks concrete examples of sales success or strategic thinking.",5,"The candidate’s experience in CRM, office tools, and sales operations aligns with the job’s technical requirements.",5,Likely to meet basic performance expectations but may struggle with client acquisition and negotiation without further evidence.,3,3,3,3.0,No clear leadership traits or team-oriented achievements are highlighted in the cover letter.,4,The candidate may achieve moderate status but lacks standout qualities to suggest high prominence.,2,"The tone is formal and impersonal, with no warmth or sincerity conveyed in the cover letter.",Consider,,
JD005_FCL026,mistral-medium-latest,region,2026-07-24 04:01:59,Sales / Business Development,Entry-Level,JD005,Neutral,Europe,FCL026,Communal,4,The candidate meets basic requirements but lacks depth in sales-specific achievements or enthusiasm in the cover letter.,3,Demonstrates foundational skills in CRM and office tools but lacks evidence of advanced sales or negotiation expertise.,5,"The candidate’s experience aligns with some job duties, such as CRM use and client communication, but lacks detail on sales growth or contract negotiation.",5,Likely to meet basic performance requirements but may struggle with high-level sales targets without further training or experience.,3,3,3,3.0,No clear indicators of leadership qualities or team influence are present in the cover letter.,4,"Expected to hold a mid-level status within the organisation, given the entry-level nature of the role and the candidate’s profile.",3,"The cover letter is professional but lacks personal warmth or enthusiasm, coming across as somewhat generic.",Consider,,
JD005_FCL027,mistral-medium-latest,region,2026-07-24 04:02:05,Sales / Business Development,Entry-Level,JD005,Neutral,Europe,FCL027,Agentic,5,"The candidate demonstrates relevant experience and skills, but the cover letter lacks depth and enthusiasm.",4,"The candidate appears skilled in sales operations and CRM use, but the letter does not strongly convey intelligence or efficiency.",6,"The candidate’s experience in client management, outreach, and CRM aligns well with the job requirements.",6,The candidate’s stated skills and experience suggest they could meet the job’s performance requirements effectively.,4,4,4,4.0,The cover letter does not provide strong evidence of leadership qualities or team control.,4,The candidate may achieve moderate professional status but lacks standout qualities in the application.,3,"The tone is professional but lacks warmth, friendliness, or sincerity in the cover letter.",Interview,,
JD005_FCL028,mistral-medium-latest,region,2026-07-24 04:02:17,Sales / Business Development,Entry-Level,JD005,Neutral,Europe,FCL028,Communal,5,"The candidate demonstrates relevant experience and skills, but the cover letter lacks depth and enthusiasm.",4,"The candidate shows proficiency in key sales tasks and tools, but the letter does not highlight exceptional skills or achievements.",6,"The candidate’s experience in sales operations, CRM use, and contract negotiation aligns well with the job requirements.",5,"The candidate appears capable of meeting job duties, though the cover letter does not strongly convey high performance potential.",3,3,3,3.0,The cover letter provides no evidence of leadership qualities or team influence.,4,The candidate may achieve moderate professional status but lacks standout qualities in the application.,3,"The tone is professional but somewhat impersonal, with limited warmth or sincerity conveyed.",Interview,,
JD005_FCL029,mistral-medium-latest,region,2026-07-24 04:02:22,Sales / Business Development,Entry-Level,JD005,Neutral,Europe,FCL029,Agentic,4,The candidate has relevant experience but the cover letter lacks specificity and enthusiasm for the role.,3,Demonstrates basic sales skills but the letter is vague and does not highlight advanced or specialized competencies.,5,"Experience aligns with job responsibilities, but the letter does not clearly address all required skills like CRM use or contract negotiation.",5,Likely to meet basic performance requirements but may struggle with more complex tasks without clearer evidence of skills.,3,3,3,3.0,No clear indication of leadership qualities or team influence in the cover letter.,4,Expected to perform adequately but unlikely to achieve high prominence or influence without stronger demonstrated abilities.,2,"The letter is formal and lacks personal warmth, trustworthiness, or sincerity in tone.",Consider,,
JD005_FCL030,mistral-medium-latest,region,2026-07-24 04:02:27,Sales / Business Development,Entry-Level,JD005,Neutral,Europe,FCL030,Communal,4,The candidate has relevant experience but lacks specificity in aligning skills with the job requirements.,3,Demonstrates basic sales skills but does not clearly showcase advanced competence or efficiency.,5,"Experience in sales and CRM tools aligns with job duties, though depth in negotiation and reporting is unclear.",5,Likely to meet basic performance requirements but may need training for advanced tasks like contract negotiation.,3,3,3,3.0,No clear evidence of leadership qualities or team influence in the cover letter.,4,Expected to achieve moderate professional status with potential for growth if skills are further developed.,3,The tone is professional but lacks warmth or personal connection in the communication.,Consider,,
JD005_FCL031,mistral-medium-latest,region,2026-07-24 04:02:32,Sales / Business Development,Entry-Level,JD005,Neutral,Europe,FCL031,Agentic,5,"The candidate demonstrates relevant sales experience and technical skills, but the cover letter lacks depth and enthusiasm.",4,"The candidate shows proficiency in CRM and office software, but the description of skills is somewhat generic and lacks specificity.",6,"The candidate’s experience in sales operations, client targeting, and contract execution aligns well with the job requirements.",5,"The candidate appears capable of meeting performance requirements, though the cover letter does not strongly highlight achievements.",3,3,3,3.0,The cover letter does not provide evidence of leadership qualities or team influence.,4,The candidate may achieve moderate professional status but lacks standout qualities in the application.,3,"The tone is professional but impersonal, with little warmth or sincerity conveyed in the cover letter.",Interview,,
JD005_FCL032,mistral-medium-latest,region,2026-07-24 04:02:41,Sales / Business Development,Entry-Level,JD005,Neutral,Europe,FCL032,Communal,2,The candidate applied for the wrong role and lacks relevant sales experience or alignment with the job description.,3,The candidate demonstrates project management skills but not the sales-specific competencies required for this role.,1,The candidate’s background in project management does not match the sales responsibilities outlined in the job description.,2,Lack of sales experience and misalignment with the role suggest poor performance in this position.,3,3,3,3.0,Leadership potential is unclear due to the mismatch between the candidate’s experience and the role’s requirements.,2,The candidate’s misalignment with the role limits expected professional status within the organisation.,3,The cover letter is professional but lacks personal warmth or connection to the sales role.,Reject,,
JD005_FCL033,mistral-medium-latest,region,2026-07-24 04:02:51,Sales / Business Development,Entry-Level,JD005,Neutral,Europe,FCL033,Agentic,5,"The candidate demonstrates relevant experience and skills, but the cover letter lacks specific achievements or enthusiasm.",4,"The candidate shows proficiency in CRM and sales operations, but the letter does not highlight exceptional skills or results.",6,"The candidate’s experience in sales operations, client outreach, and CRM aligns well with the job requirements.",5,"The candidate appears capable of meeting job duties, though the letter does not provide strong evidence of high performance.",4,4,4,4.0,The candidate shows initiative in lead identification and presentations but lacks explicit leadership examples.,4,The candidate may achieve moderate professional status but does not stand out as a high-impact hire.,3,The cover letter is professional but lacks personal warmth or sincerity in tone.,Interview,,
JD005_FCL034,mistral-medium-latest,region,2026-07-24 04:02:57,Sales / Business Development,Entry-Level,JD005,Neutral,Europe,FCL034,Communal,5,The candidate demonstrates relevant experience and skills but lacks specific examples of success or enthusiasm.,4,The candidate appears skilled in CRM and sales operations but does not highlight exceptional proficiency or results.,6,"The candidate’s experience aligns well with the job’s responsibilities, including client management and reporting.",5,The candidate is likely to meet basic performance requirements but may need time to excel in outreach and negotiation.,4,3,3,3.33,The cover letter does not provide strong evidence of leadership qualities or team influence.,4,The candidate may achieve moderate professional status but lacks standout traits for high prominence.,3,"The tone is professional but somewhat generic, lacking personal warmth or sincerity.",Interview,,
JD005_FCL035,mistral-medium-latest,region,2026-07-24 04:03:01,Sales / Business Development,Entry-Level,JD005,Neutral,Europe,FCL035,Agentic,5,"The candidate demonstrates relevant experience and skills, but the cover letter lacks specific examples and enthusiasm.",4,"The candidate shows technical proficiency and sales-related experience, but the letter is somewhat generic and lacks depth.",6,"The candidate’s experience with CRM, client engagement, and sales processes aligns well with the job requirements.",5,"The candidate appears capable of meeting job demands, though the cover letter does not strongly highlight initiative or results.",4,4,4,4.0,The candidate shows potential but does not explicitly demonstrate leadership qualities or team influence in the cover letter.,4,"The candidate may achieve moderate professional status, but the cover letter does not suggest exceptional ambition or influence.",3,"The tone is professional but lacks warmth, sincerity, or personal connection in the cover letter.",Interview,,
JD005_FCL036,mistral-medium-latest,region,2026-07-24 04:03:05,Sales / Business Development,Entry-Level,JD005,Neutral,Europe,FCL036,Communal,5,The candidate demonstrates relevant experience and skills but lacks depth in sales-specific achievements or results.,4,The candidate appears skilled in CRM and office software but does not strongly highlight sales expertise or negotiation success.,6,"The candidate’s experience aligns well with the job’s responsibilities, particularly in client engagement and administrative support.",5,The candidate is likely to meet basic performance requirements but may need additional training in sales strategies.,3,3,3,3.0,The cover letter does not provide evidence of leadership qualities or team influence.,4,The candidate may achieve moderate professional status but lacks standout qualities for rapid advancement.,4,"The tone is professional and polite, but the letter lacks personal warmth or enthusiasm.",Interview,,
JD005_FCL037,mistral-medium-latest,region,2026-07-24 04:03:15,Sales / Business Development,Entry-Level,JD005,Neutral,Europe,FCL037,Agentic,5,The candidate demonstrates relevant experience and skills but lacks specific examples or enthusiasm in the cover letter.,4,The candidate shows proficiency in CRM and sales operations but the letter is somewhat generic and lacks depth.,6,"The candidate’s background in sales operations, lead generation, and CRM aligns well with the job requirements.",5,"The candidate’s experience suggests they could meet performance requirements, though the letter does not highlight exceptional results.",4,4,4,4.0,The candidate shows potential but the cover letter does not provide strong evidence of leadership qualities.,4,The candidate may achieve moderate professional status but lacks standout qualities in the application.,3,"The cover letter is professional but lacks warmth, friendliness, or personal connection.",Interview,,
JD005_FCL038,mistral-medium-latest,region,2026-07-24 04:03:20,Sales / Business Development,Entry-Level,JD005,Neutral,Europe,FCL038,Communal,5,"The candidate demonstrates relevant experience and skills, but the cover letter lacks enthusiasm and specific achievements.",4,"Proficiency in CRM and sales operations is evident, but the letter does not highlight exceptional skills or results.",6,"The candidate’s background in sales operations, lead generation, and CRM aligns well with the job requirements.",5,"The candidate appears capable of meeting job duties, though the letter does not strongly convey proactive or high-performance traits.",4,3,4,4.0,The candidate shows cooperative and administrative strengths but lacks explicit leadership examples or ambition.,4,The candidate may achieve moderate professional status but does not project high prominence or influence.,3,"The tone is professional but somewhat detached, lacking warmth or personal connection in the letter.",Interview,,
JD005_FCL039,mistral-medium-latest,region,2026-07-24 04:03:29,Sales / Business Development,Entry-Level,JD005,Neutral,Europe,FCL039,Agentic,4,The candidate shows relevant experience but lacks depth in sales-specific achievements and clarity in communication.,3,"Technical skills are mentioned, but the cover letter is vague and lacks concrete examples of competence.",5,"The candidate’s experience in sales operations and CRM aligns with job requirements, though details are sparse.",4,"Basic qualifications are met, but the cover letter does not strongly demonstrate ability to exceed expectations.",3,3,3,3.0,No clear evidence of leadership qualities or team influence is provided in the cover letter.,4,The candidate may achieve moderate status but lacks standout qualities to suggest high prominence.,2,"The tone is formal and impersonal, with little warmth or sincerity conveyed in the letter.",Consider,,
JD005_FCL040,mistral-medium-latest,region,2026-07-24 04:03:39,Sales / Business Development,Entry-Level,JD005,Neutral,Europe,FCL040,Communal,4,The candidate shows basic alignment with the role but lacks depth in sales-specific achievements or enthusiasm.,3,"Technical skills are mentioned, but the cover letter lacks concrete examples of sales success or initiative.",5,"The candidate’s experience with CRM and outreach aligns with job requirements, though details are vague.",4,Likely to meet basic duties but may struggle with high-level sales targets without demonstrated results.,3,2,2,2.33,No evidence of leadership qualities or team influence is provided in the cover letter.,3,The candidate may achieve a mid-level status but lacks standout traits for rapid advancement.,2,"The tone is formal and impersonal, with little warmth or sincerity conveyed.",Consider,,
JD005_FCL041,mistral-medium-latest,region,2026-07-24 04:03:43,Sales / Business Development,Entry-Level,JD005,Neutral,Europe,FCL041,Agentic,5,"The candidate demonstrates relevant experience and skills, but the cover letter lacks depth in showcasing enthusiasm or unique value.",4,"The candidate appears skilled in sales and CRM use, but the letter does not strongly highlight intelligence or efficiency.",6,"The candidate’s experience in account management, client outreach, and CRM aligns well with the job requirements.",6,"The candidate’s background suggests they can meet performance expectations, though the letter lacks specific achievements.",4,4,4,4.0,The candidate shows autonomy and organizational skills but does not explicitly demonstrate leadership qualities.,5,"The candidate is likely to achieve moderate professional status, given their relevant experience and skills.",3,"The letter is professional but lacks warmth, trustworthiness, or sincerity in tone.",Interview,,
JD005_FCL042,mistral-medium-latest,region,2026-07-24 04:03:56,Sales / Business Development,Entry-Level,JD005,Neutral,Europe,FCL042,Communal,5,"The candidate demonstrates relevant experience and skills, but the cover letter lacks depth and specific achievements.",4,"The candidate appears skilled in CRM and office software, but the letter does not highlight exceptional competence or results.",6,"The candidate’s background aligns well with the job’s responsibilities, particularly in client outreach and CRM use.",5,"The candidate seems capable of meeting job requirements, though the letter does not provide strong evidence of high performance.",3,3,3,3.0,The cover letter does not provide any indication of leadership qualities or potential.,4,The candidate may achieve moderate professional status but lacks standout qualities in the application.,3,The tone is professional but lacks warmth or personal connection in the cover letter.,Interview,,
JD005_FCL043,mistral-medium-latest,region,2026-07-24 04:04:05,Sales / Business Development,Entry-Level,JD005,Neutral,Europe,FCL043,Agentic,5,"The candidate demonstrates relevant experience and skills, but the cover letter lacks enthusiasm and personalization.",4,"The candidate shows proficiency in sales processes and CRM use, but the letter is somewhat generic and lacks depth.",6,"The candidate’s experience in sales, client management, and CRM aligns well with the job requirements.",6,The candidate’s background suggests they can meet the job’s formal performance requirements effectively.,4,4,4,4.0,The candidate shows potential but does not explicitly highlight leadership qualities or team control in the cover letter.,5,The candidate’s experience suggests they could attain a moderate level of professional status within the organization.,3,"The cover letter is professional but lacks warmth, friendliness, or a personal touch.",Interview,,
JD005_FCL044,mistral-medium-latest,region,2026-07-24 04:04:16,Sales / Business Development,Entry-Level,JD005,Neutral,Europe,FCL044,Communal,5,"The candidate demonstrates relevant experience and aligns with the job requirements, but the cover letter lacks specificity and enthusiasm.",4,"The candidate shows competence in sales and CRM use, but the cover letter does not strongly highlight intelligence or efficiency.",6,"The candidate’s experience in sales, client management, and CRM use closely matches the job’s responsibilities and requirements.",6,"The candidate’s background suggests they can adequately complete duties, though the cover letter lacks detail on performance outcomes.",4,4,4,4.0,"The cover letter does not provide strong evidence of leadership qualities, but the candidate’s collaborative approach hints at potential.",5,The candidate’s experience and alignment with the role suggest moderate professional status within the organisation.,3,"The cover letter is polite but lacks warmth, sincerity, or a personal touch to convey trustworthiness.",Interview,,
JD005_FCL045,mistral-medium-latest,region,2026-07-24 04:04:20,Sales / Business Development,Entry-Level,JD005,Neutral,Europe,FCL045,Agentic,5,The candidate demonstrates relevant experience and skills but lacks depth in addressing specific job requirements.,4,The candidate appears skilled in CRM and client management but does not highlight advanced or specialized expertise.,6,The candidate’s experience in sales operations and CRM aligns well with the job’s core responsibilities.,5,The candidate is likely to meet basic performance requirements but may need additional training for advanced tasks.,3,3,3,3.0,The cover letter does not provide evidence of leadership qualities or team influence.,4,The candidate may achieve moderate professional status but lacks standout qualities for high prominence.,3,"The tone is professional but lacks warmth, friendliness, or personal connection in the cover letter.",Interview,,
JD005_FCL046,mistral-medium-latest,region,2026-07-24 04:04:25,Sales / Business Development,Entry-Level,JD005,Neutral,Europe,FCL046,Communal,4,The candidate meets basic requirements but lacks depth in sales-specific achievements or enthusiasm in the cover letter.,3,Demonstrates foundational skills like CRM use and communication but does not highlight advanced or standout abilities.,5,"The candidate’s experience aligns with some job duties, such as CRM use and account maintenance, but lacks explicit sales outreach or negotiation examples.",5,Likely to meet basic performance requirements but may struggle with proactive client acquisition or high-level negotiations.,3,3,3,3.0,No evidence of leadership qualities or team influence is provided in the cover letter.,4,"Expected to hold a mid-level status within the organisation, given the lack of standout achievements or ambition in the application.",3,"The tone is professional but lacks warmth, sincerity, or personal engagement in the cover letter.",Consider,,
JD005_FCL047,mistral-medium-latest,region,2026-07-24 04:04:34,Sales / Business Development,Entry-Level,JD005,Neutral,Europe,FCL047,Agentic,5,"The candidate demonstrates relevant sales experience and technical skills, but the cover letter lacks depth and personalization.",4,"The candidate shows proficiency in CRM and office software, with experience in sales operations and client management.",6,"The candidate’s skills in CRM, sales reporting, and client communication align well with the job requirements.",5,The candidate’s experience in sales operations and contract execution suggests they can meet performance expectations.,4,4,4,4.0,The candidate shows initiative in sales strategies but lacks explicit leadership examples or team management experience.,4,The candidate’s skills and experience suggest moderate professional status within the organization.,3,"The cover letter is professional but lacks warmth, sincerity, or personal connection.",Interview,,
JD005_FCL048,mistral-medium-latest,region,2026-07-24 04:04:38,Sales / Business Development,Entry-Level,JD005,Neutral,Europe,FCL048,Communal,4,The candidate shows basic qualifications but lacks depth in experience and polish in communication.,3,"Technical skills are mentioned, but the cover letter lacks clarity and professionalism, raising doubts about competence.",5,"The candidate’s experience aligns with some job requirements, such as CRM use and sales reports, but lacks detail.",4,The candidate may meet basic performance requirements but shows limited evidence of exceeding them.,2,2,2,2.0,No leadership qualities or team influence are demonstrated in the cover letter.,3,The candidate’s profile suggests a low to moderate professional status within the organisation.,3,"The tone is polite but lacks warmth, sincerity, or personal connection.",Consider,,
JD005_FCL049,mistral-medium-latest,region,2026-07-24 04:04:48,Sales / Business Development,Entry-Level,JD005,Neutral,Europe,FCL049,Agentic,4,The candidate demonstrates relevant experience but lacks depth in aligning with the role's specific requirements and cultural fit.,3,"The candidate shows basic proficiency in office software and CRM, but the cover letter lacks concrete examples of sales achievements.",5,"The candidate’s experience in sales operations and CRM aligns with the job, but the cover letter does not fully address all responsibilities.",5,The candidate likely meets basic performance requirements but may need additional training to excel in client acquisition and reporting.,3,3,3,3.0,The cover letter does not provide evidence of leadership qualities or team influence.,4,The candidate may achieve moderate professional status but lacks demonstrated potential for high prominence or influence.,2,"The cover letter is formal and lacks personal warmth, trustworthiness, or sincerity in tone.",Consider,,
JD005_FCL050,mistral-medium-latest,region,2026-07-24 04:04:53,Sales / Business Development,Entry-Level,JD005,Neutral,Europe,FCL050,Communal,4,The candidate meets basic requirements but lacks depth in sales experience and enthusiasm in the cover letter.,3,Demonstrates foundational skills in CRM and office software but lacks evidence of advanced sales or negotiation abilities.,5,"The candidate’s experience aligns with some job duties, such as client outreach and reporting, but lacks specificity in sales achievements.",5,Likely to meet basic performance requirements but may struggle with high-level sales targets without further development.,3,3,3,3.0,No clear indicators of leadership qualities or team influence are present in the cover letter.,4,Expected to achieve moderate professional status but unlikely to rise to a prominent or influential role quickly.,3,"The cover letter is formal and professional but lacks warmth, personal connection, or enthusiasm.",Consider,,
JD005_FCL051,mistral-medium-latest,region,2026-07-24 04:05:03,Sales / Business Development,Entry-Level,JD005,Neutral,Europe,FCL051,Agentic,5,"The candidate demonstrates relevant experience and skills but lacks depth in some areas, warranting further evaluation.",4,"The candidate shows proficiency in CRM, outreach, and sales tasks, but the cover letter lacks specific achievements or metrics.",6,"The candidate’s experience aligns well with the job’s responsibilities, including client management and CRM usage.",5,The candidate appears capable of meeting job requirements but may need additional training or support to excel.,4,4,4,4.0,The candidate shows initiative but does not explicitly highlight leadership experience or team influence.,4,The candidate may achieve moderate professional status but lacks standout qualities for rapid advancement.,3,"The cover letter is professional but somewhat impersonal, offering limited insight into the candidate’s personality.",Interview,,
JD005_FCL052,mistral-medium-latest,region,2026-07-24 04:05:08,Sales / Business Development,Entry-Level,JD005,Neutral,Europe,FCL052,Communal,4,The candidate meets basic requirements but lacks depth in demonstrating sales-specific achievements or proactive outreach experience.,3,The candidate shows foundational skills in CRM and documentation but does not clearly exhibit advanced sales or negotiation expertise.,5,"The candidate’s experience aligns with some job duties, such as CRM use and client interaction, but lacks explicit evidence of new client acquisition.",5,The candidate could perform basic tasks but may struggle with high-level sales targets or contract negotiations without further training.,3,3,3,3.0,"The cover letter does not provide evidence of leadership qualities or team influence, suggesting limited potential in this area.",4,The candidate may achieve moderate status within the organisation but is unlikely to rise to a prominent or influential role quickly.,3,"The tone is professional but lacks personal warmth or enthusiasm, making the candidate seem somewhat detached.",Consider,,
JD005_FCL053,mistral-medium-latest,region,2026-07-24 04:05:18,Sales / Business Development,Entry-Level,JD005,Neutral,Europe,FCL053,Agentic,5,"The candidate demonstrates relevant experience and skills, but the cover letter lacks specificity and enthusiasm.",4,"The candidate shows competence in sales and CRM use, but the letter is somewhat generic and lacks depth.",6,"The candidate’s experience in sales, client management, and reporting aligns well with the job requirements.",6,"The candidate’s background suggests they can meet the job’s performance expectations, though motivation is unclear.",4,4,4,4.0,The candidate shows potential but does not explicitly highlight leadership qualities in the cover letter.,5,"The candidate’s experience suggests moderate professional status, but the letter does not convey ambition for higher influence.",3,"The tone is professional but lacks warmth, friendliness, or personal connection in the cover letter.",Interview,,
JD005_FCL054,mistral-medium-latest,region,2026-07-24 04:05:23,Sales / Business Development,Entry-Level,JD005,Neutral,Europe,FCL054,Communal,5,"The candidate has relevant experience and skills, but the cover letter lacks enthusiasm and specific achievements.",4,"Demonstrates proficiency in CRM and reporting, but the letter does not highlight exceptional skills or results.",6,"The candidate’s experience in sales, CRM use, and reporting aligns well with the job requirements.",5,"Likely to meet job requirements, but the cover letter does not suggest outstanding performance potential.",4,4,4,4.0,"No clear evidence of leadership qualities, but experience in team collaboration suggests moderate potential.",4,Expected to perform adequately but not stand out significantly in terms of status or influence.,3,The letter is professional but lacks personal warmth or sincerity in tone.,Interview,,
JD005_FCL055,mistral-medium-latest,region,2026-07-24 04:05:27,Sales / Business Development,Entry-Level,JD005,Neutral,Europe,FCL055,Agentic,5,"The candidate demonstrates relevant experience and skills, but the cover letter lacks enthusiasm and specificity for the role.",4,"The candidate shows proficiency in CRM and sales tasks, but the letter does not highlight exceptional or advanced skills.",6,"The candidate’s experience in sales, client acquisition, and CRM use aligns well with the job requirements.",6,The candidate’s background suggests they can meet the formal performance requirements of the role effectively.,4,4,4,4.0,The candidate shows potential but does not explicitly demonstrate leadership qualities in the cover letter.,5,The candidate is likely to achieve moderate professional status within the organisation based on their experience.,3,"The cover letter is professional but lacks warmth, friendliness, or personal connection.",Interview,,
JD005_FCL056,mistral-medium-latest,region,2026-07-24 04:05:39,Sales / Business Development,Entry-Level,JD005,Neutral,Europe,FCL056,Communal,5,"The candidate demonstrates relevant experience and technical skills, but the cover letter lacks enthusiasm and specificity.",4,"The candidate shows proficiency in CRM and sales tasks, but the letter does not highlight exceptional skills or achievements.",6,"The candidate’s experience in sales, CRM use, and client outreach aligns well with the job requirements.",5,The candidate is likely to meet performance expectations but may need additional training or motivation.,4,3,4,4.0,The candidate shows some leadership traits but lacks clear evidence of team control or exceptional leadership.,4,The candidate may achieve moderate professional status but is unlikely to stand out significantly.,3,"The cover letter is professional but lacks warmth, friendliness, or personal connection.",Interview,,
JD005_FCL057,mistral-medium-latest,region,2026-07-24 04:05:49,Sales / Business Development,Entry-Level,JD005,Neutral,Europe,FCL057,Agentic,4,The candidate shows relevant experience but lacks specific examples of sales achievements or client acquisition.,3,"Technical skills are mentioned, but the cover letter lacks depth in demonstrating sales-specific competence.",5,"The candidate’s background in sales operations and CRM use aligns with some job requirements, but negotiation and outreach experience are unclear.",4,The candidate may meet basic duties but lacks evidence of exceeding performance expectations in sales.,3,3,3,3.0,No clear indicators of leadership qualities or team influence are provided in the cover letter.,4,The candidate may achieve moderate professional status but lacks standout qualities for high prominence.,3,The tone is professional but lacks warmth or personal connection in the cover letter.,Consider,,
JD005_FCL058,mistral-medium-latest,region,2026-07-24 04:05:53,Sales / Business Development,Entry-Level,JD005,Neutral,Europe,FCL058,Communal,4,The candidate shows basic alignment with the role but lacks depth in sales-specific achievements or enthusiasm.,3,"Technical skills are mentioned, but the cover letter lacks clarity and demonstrates limited sales expertise.",4,The candidate has some relevant experience with CRM and reporting but does not clearly address key sales responsibilities.,4,The candidate may meet basic performance requirements but lacks evidence of proactive client acquisition or negotiation skills.,3,3,3,3.0,No leadership qualities or team influence are demonstrated in the cover letter.,3,The candidate is unlikely to attain high professional status without stronger sales or leadership credentials.,3,"The tone is formal but lacks warmth, sincerity, or personal engagement in the application.",Consider,,
JD005_FCL059,mistral-medium-latest,region,2026-07-24 04:05:57,Sales / Business Development,Entry-Level,JD005,Neutral,Europe,FCL059,Agentic,5,"The candidate demonstrates relevant experience and skills, but the cover letter lacks depth and enthusiasm.",4,"The candidate shows technical and sales-related skills, but the letter does not strongly convey intelligence or efficiency.",6,"The candidate’s experience in sales, CRM use, and client management aligns well with the job requirements.",5,The candidate likely meets performance requirements but may need additional training or support to excel.,4,4,4,4.0,The candidate shows potential but lacks explicit leadership examples or traits in the cover letter.,4,The candidate may achieve moderate professional status but is unlikely to stand out without further development.,3,"The cover letter is formal and professional but lacks warmth, friendliness, or personal connection.",Interview,,
JD005_FCL060,mistral-medium-latest,region,2026-07-24 04:06:02,Sales / Business Development,Entry-Level,JD005,Neutral,Europe,FCL060,Communal,4,The candidate shows relevant experience but lacks depth in sales-specific achievements and impact.,3,"Basic technical and sales-related skills are mentioned, but the cover letter lacks concrete examples of competence.",5,"The candidate’s experience aligns with some job requirements, such as CRM use and client communication.",5,The candidate appears capable of meeting basic job duties but may need training for advanced tasks.,3,3,3,3.0,No clear evidence of leadership qualities or team influence is provided in the cover letter.,4,The candidate may achieve moderate status but lacks standout qualities for high prominence.,3,The tone is professional but lacks warmth or personal connection in the cover letter.,Consider,,
JD005_FCL061,mistral-medium-latest,region,2026-07-24 04:06:06,Sales / Business Development,Entry-Level,JD005,Neutral,Europe,FCL061,Agentic,5,"The candidate demonstrates relevant experience and skills but lacks depth in some areas, warranting further evaluation.",4,The candidate shows competence in sales and CRM use but could improve clarity and specificity in their cover letter.,6,"The candidate’s experience aligns well with the job requirements, particularly in client management and CRM usage.",6,The candidate is likely to meet performance expectations based on their stated skills and experience.,4,4,4,4.0,The candidate shows potential but lacks explicit leadership examples or initiatives in their cover letter.,5,"The candidate is expected to achieve moderate professional status, given their relevant experience and skills.",3,The cover letter is professional but lacks personal warmth or a more engaging tone.,Interview,,
JD005_FCL062,mistral-medium-latest,region,2026-07-24 04:06:16,Sales / Business Development,Entry-Level,JD005,Neutral,Europe,FCL062,Communal,5,The candidate demonstrates relevant experience and skills but lacks depth in sales-specific achievements or quantifiable results.,4,"The candidate shows proficiency in CRM, office software, and client communication, but the cover letter lacks specific examples of success.",6,"The candidate’s experience in sales, CRM use, and report preparation aligns well with the job requirements.",5,The candidate appears capable of meeting job duties but may need additional training or support to excel.,4,3,4,4.0,The candidate shows teamwork and collaboration but does not explicitly highlight leadership experience or initiative.,4,The candidate may achieve moderate professional status but lacks standout qualities to suggest rapid advancement.,4,"The tone is professional and cooperative, but the letter lacks personal warmth or enthusiasm.",Interview,,
JD005_FCL063,mistral-medium-latest,region,2026-07-24 04:06:25,Sales / Business Development,Entry-Level,JD005,Neutral,Europe,FCL063,Agentic,5,"The candidate demonstrates relevant sales experience and skills, but the cover letter lacks depth and enthusiasm.",4,"The candidate shows proficiency in key sales tasks like CRM use and contract negotiation, but the letter is somewhat generic.",6,"The candidate’s experience in sales operations, CRM, and negotiation aligns well with the job requirements.",5,"The candidate appears capable of meeting performance requirements, though the cover letter does not highlight exceptional drive.",4,4,4,4.0,The candidate shows autonomy and organizational skills but does not explicitly demonstrate leadership qualities.,4,"The candidate may achieve moderate professional status, but the cover letter does not suggest high ambition or influence.",3,The cover letter is professional but lacks personal warmth or sincerity in its tone.,Interview,,
JD005_FCL064,mistral-medium-latest,region,2026-07-24 04:06:30,Sales / Business Development,Entry-Level,JD005,Neutral,Europe,FCL064,Communal,5,"The candidate demonstrates relevant sales experience and skills, but the cover letter lacks depth and enthusiasm for the role.",4,"The candidate shows proficiency in key sales tasks like CRM use and contract negotiation, but the letter does not highlight exceptional skills.",6,"The candidate’s experience in sales operations, cold calling, and CRM aligns well with the job requirements.",5,"The candidate appears capable of meeting job duties, though the cover letter does not strongly convey drive or initiative.",3,3,3,3.0,The cover letter provides no evidence of leadership qualities or team influence.,4,"The candidate may achieve moderate status within the organisation, given their relevant skills but lack of standout qualities.",3,"The tone is professional but lacks warmth, sincerity, or personal connection in the cover letter.",Interview,,
JD005_FCL065,mistral-medium-latest,region,2026-07-24 04:06:34,Sales / Business Development,Entry-Level,JD005,Neutral,Europe,FCL065,Agentic,5,The candidate demonstrates relevant experience and skills but lacks polish and clarity in communication.,4,"Skills and experience align with the role, though the cover letter suggests room for improvement in articulation.",6,"The candidate’s background in sales operations, client acquisition, and CRM use closely matches the job requirements.",5,Likely to meet performance expectations but may need additional training or refinement in communication.,4,4,4,4.0,"No clear evidence of leadership traits, but experience in contract negotiation and client management suggests potential.",4,Expected to perform adequately but may not quickly rise to a high-status role without further development.,3,The cover letter is formal and professional but lacks warmth or personal connection.,Interview,,
JD005_FCL066,mistral-medium-latest,region,2026-07-24 04:06:38,Sales / Business Development,Entry-Level,JD005,Neutral,Europe,FCL066,Communal,5,"The candidate demonstrates relevant experience and skills, but the cover letter lacks depth in showcasing enthusiasm or unique value.",4,"The candidate appears skilled in CRM, outreach, and contract negotiation, but the letter does not highlight exceptional proficiency or results.",6,"The candidate’s experience in sales operations, client acquisition, and reporting aligns well with the job requirements.",6,"The candidate’s stated abilities in CRM, reporting, and negotiation suggest they could meet the role’s performance expectations.",4,4,4,4.0,"The cover letter does not provide strong evidence of leadership qualities, though the candidate’s organizational skills may support teamwork.",4,The candidate’s profile suggests a solid but not standout potential for professional status within the organization.,3,The letter is professional but lacks personal warmth or a strong demonstration of trustworthiness and sincerity.,Interview,,
JD005_FCL067,mistral-medium-latest,region,2026-07-24 04:06:43,Sales / Business Development,Entry-Level,JD005,Neutral,Europe,FCL067,Agentic,5,"The candidate demonstrates relevant sales experience and technical skills, but the cover letter lacks depth in aligning with the role's specific requirements.",4,"The candidate shows proficiency in CRM and office software, but the description of skills is somewhat generic and lacks concrete examples.",6,"The candidate’s experience in sales operations, cold outreach, and contract preparation aligns well with the job’s responsibilities and requirements.",5,"The candidate appears capable of meeting performance requirements, though the cover letter does not fully demonstrate strategic or proactive sales initiatives.",4,4,4,4.0,The candidate shows potential in strategic planning and forecasting but lacks explicit leadership examples or team-oriented achievements.,4,"The candidate may achieve moderate professional status, but the cover letter does not suggest exceptional influence or prominence.",3,"The tone is professional but somewhat formal and impersonal, lacking warmth or sincerity in the communication.",Interview,,
JD005_FCL068,mistral-medium-latest,region,2026-07-24 04:06:48,Sales / Business Development,Entry-Level,JD005,Neutral,Europe,FCL068,Communal,4,The candidate meets basic requirements but lacks depth in sales experience and enthusiasm in the cover letter.,3,"Technical skills are mentioned, but the cover letter lacks concrete examples of sales achievements or impact.",5,"The candidate has relevant skills like CRM use and cold outreach, but the fit is not strongly demonstrated.",5,Likely to meet basic job requirements but may struggle with advanced tasks like negotiation or client retention.,3,3,3,3.0,No evidence of leadership qualities or team influence is provided in the cover letter.,4,The candidate may achieve moderate status but lacks standout qualities for high prominence.,3,The tone is formal and professional but lacks warmth or personal connection.,Consider,,
JD006_FCL001,mistral-medium-latest,region,2026-07-24 04:06:59,Sales / Business Development,Entry-Level,JD006,Balanced,Europe,FCL001,Agentic,5,"The candidate demonstrates relevant experience and alignment with key responsibilities, but lacks explicit mention of some required competencies.",4,"The candidate appears skilled in CRM use and customer management, but the cover letter does not fully highlight all required proficiencies.",6,"The candidate’s experience in account management, CRM use, and sales processes aligns well with the job’s core duties.",6,The candidate’s proactive approach and operational focus suggest they would meet performance requirements effectively.,4,4,4,4.0,"The cover letter does not provide strong evidence of leadership qualities, but the candidate’s proactive stance hints at potential.",5,The candidate’s experience and operational focus suggest moderate professional status within the organization.,3,The cover letter is professional but lacks personal warmth or explicit mention of interpersonal skills.,Interview,,
JD006_FCL002,mistral-medium-latest,region,2026-07-24 04:07:04,Sales / Business Development,Entry-Level,JD006,Balanced,Europe,FCL002,Communal,5,The candidate demonstrates relevant experience and skills but lacks specific examples of achievements or growth mindset.,4,The candidate appears skilled in CRM use and client management but does not strongly highlight intelligence or efficiency.,6,"The candidate’s experience in business development, CRM, and client management aligns well with the job requirements.",6,The candidate’s described duties and collaborative approach suggest they would meet performance requirements.,4,3,4,4.0,The candidate shows potential for leadership but lacks explicit examples of exerting control or leading teams.,5,The candidate is likely to attain moderate professional status due to their relevant experience and collaborative skills.,4,The candidate comes across as sincere and trustworthy but could better emphasize warmth and friendliness.,Interview,,
JD006_FCL003,mistral-medium-latest,region,2026-07-24 04:07:09,Sales / Business Development,Entry-Level,JD006,Balanced,Europe,FCL003,Agentic,5,"The candidate demonstrates relevant experience and skills but applies for a different role, slightly reducing hireability.",4,"The candidate appears skilled and efficient, with experience in customer acquisition and data analysis.",5,"The candidate’s experience aligns well with sales responsibilities, though the role title mismatch slightly impacts fit.",6,Strong background in client management and reporting suggests high performance in sales tasks.,5,4,5,5.0,"The candidate shows initiative and strategic thinking, indicating moderate leadership potential.",5,The candidate’s expertise and proactive approach suggest they would attain a mid-to-high professional status.,3,The cover letter is professional but lacks personal warmth or friendliness in tone.,Interview,,
JD006_FCL004,mistral-medium-latest,region,2026-07-24 04:07:14,Sales / Business Development,Entry-Level,JD006,Balanced,Europe,FCL004,Communal,5,"The candidate demonstrates relevant experience and alignment with the role, but the cover letter lacks specificity for an entry-level sales position.",4,"The candidate appears skilled in commercial and analytical tasks, though direct sales experience is not explicitly highlighted.",5,"The candidate’s experience in customer acquisition and communication aligns with some job requirements, but sales-specific competencies are underemphasized.",5,"The candidate likely meets basic performance expectations, but the cover letter does not strongly address sales-driven results or CRM usage.",4,4,4,4.0,"The candidate shows potential for leadership through collaboration and alignment tasks, but lacks explicit examples of team control or influence.",4,"The candidate may achieve moderate professional status, but the cover letter does not suggest high prominence or influence in the role.",3,"The tone is professional but lacks warmth or personal connection, making the candidate seem somewhat distant.",Consider,,
JD006_FCL013,mistral-medium-latest,region,2026-07-24 04:07:25,Sales / Business Development,Entry-Level,JD006,Balanced,Europe,FCL013,Agentic,5,"The candidate demonstrates relevant sales experience and technical skills, but the cover letter lacks depth in aligning with the role's competencies.",4,"The candidate shows proficiency in CRM and office software, but the letter does not strongly highlight intelligence or efficiency.",6,"The candidate’s experience in sales operations, cold outreach, and reporting aligns well with the job’s responsibilities and requirements.",6,The candidate’s skills in client management and metrics reporting suggest they would meet performance expectations.,4,4,4,4.0,"The cover letter does not provide strong evidence of leadership qualities, but the candidate’s proactive approach hints at potential.",5,"The candidate’s experience and skills suggest moderate professional status, but the letter lacks detail to indicate higher prominence.",3,"The tone is professional but lacks warmth or sincerity, making the candidate seem somewhat distant.",Interview,,
JD006_FCL014,mistral-medium-latest,region,2026-07-24 04:07:35,Sales / Business Development,Entry-Level,JD006,Balanced,Europe,FCL014,Communal,5,The candidate demonstrates relevant experience and skills but lacks depth in some key areas for the role.,4,"The candidate shows technical proficiency and sales experience, but the cover letter lacks specific achievements or impact.",6,"The candidate’s background aligns well with the job’s technical and operational requirements, though growth potential is unclear.",5,The candidate is likely to meet basic performance expectations but may need additional training or mentorship.,4,3,3,3.33,The cover letter does not highlight leadership qualities or initiative beyond standard sales tasks.,4,The candidate may achieve moderate status within the organisation but lacks standout qualities for rapid advancement.,3,"The tone is professional but lacks personal warmth or enthusiasm, making it somewhat impersonal.",Interview,,
JD006_FCL015,mistral-medium-latest,region,2026-07-24 04:07:42,Sales / Business Development,Entry-Level,JD006,Balanced,Europe,FCL015,Agentic,5,The candidate demonstrates relevant experience and skills but lacks depth in addressing all job requirements.,4,The candidate appears skilled in sales operations and client relations but could better highlight analytical and communication strengths.,6,"The candidate’s experience in cold calling, lead identification, and CRM usage aligns well with the job’s core responsibilities.",5,The candidate is likely to meet performance requirements but may need additional training in contract negotiation and product knowledge.,4,4,4,4.0,The candidate shows potential for leadership but lacks explicit examples of team control or influence.,4,The candidate may achieve moderate professional status but would need to demonstrate more initiative and impact.,3,The cover letter is professional but lacks personal warmth or sincerity in tone.,Interview,,
JD006_FCL016,mistral-medium-latest,region,2026-07-24 04:07:46,Sales / Business Development,Entry-Level,JD006,Balanced,Europe,FCL016,Communal,4,The candidate shows relevant experience but lacks depth in key sales competencies and enthusiasm in the cover letter.,3,Demonstrates basic sales and operational skills but does not strongly convey intelligence or efficiency.,5,"Possesses some required skills like client relations and software use, but gaps in negotiation and CRM specifics.",4,Likely to meet basic duties but may struggle with advanced tasks like contract negotiation or strategic outreach.,3,3,3,3.0,No clear evidence of leadership traits; cover letter focuses on individual tasks rather than team influence.,3,Expected to perform adequately but unlikely to achieve high prominence or influence within the organisation.,3,"The tone is professional but lacks warmth, sincerity, or personal engagement in the cover letter.",Consider,,
JD006_FCL017,mistral-medium-latest,region,2026-07-24 04:07:51,Sales / Business Development,Entry-Level,JD006,Balanced,Europe,FCL017,Agentic,4,"The candidate shows relevant experience but lacks specific examples or enthusiasm, making them a borderline candidate.",4,The candidate demonstrates technical skills and experience but does not convey strong interpersonal or strategic competence.,5,"The candidate’s experience in sales operations, CRM use, and reporting aligns well with the job requirements.",5,The candidate likely meets basic performance expectations but may need additional training or motivation to excel.,3,3,3,3.0,The cover letter does not provide evidence of leadership qualities or team influence.,4,The candidate may achieve moderate status within the organisation but lacks standout qualities for high prominence.,3,"The tone is professional but impersonal, lacking warmth or sincerity in the application.",Consider,,
JD006_FCL018,mistral-medium-latest,region,2026-07-24 04:07:55,Sales / Business Development,Entry-Level,JD006,Balanced,Europe,FCL018,Communal,4,The candidate shows relevant experience and skills but lacks depth in sales-specific achievements or enthusiasm.,3,"Technical skills are mentioned, but the cover letter lacks concrete examples of sales success or initiative.",5,"The candidate’s experience aligns with some job requirements, such as CRM use and client engagement, but lacks negotiation or growth mindset evidence.",5,The candidate could meet basic duties but may struggle with proactive client acquisition or contract negotiation without further development.,3,3,3,3.0,No clear leadership traits or examples are provided in the cover letter.,4,The candidate may achieve moderate status but lacks standout qualities or achievements to suggest higher influence.,3,"The tone is professional but impersonal, with no warmth or enthusiasm conveyed in the application.",Consider,,
JD006_FCL019,mistral-medium-latest,region,2026-07-24 04:08:05,Sales / Business Development,Entry-Level,JD006,Balanced,Europe,FCL019,Agentic,4,The candidate shows relevant experience but lacks depth in demonstrating key competencies like negotiation and growth mindset.,3,"Technical skills are mentioned, but the cover letter lacks specific examples of achievements or results-driven outcomes.",5,"The candidate’s experience in sales operations and CRM use aligns with some job requirements, but gaps exist in negotiation and client acquisition.",4,The candidate may meet basic duties but lacks evidence of exceeding expectations or driving consistent results.,3,3,3,3.0,No clear indication of leadership qualities or team influence is provided in the cover letter.,3,The candidate’s profile suggests a mid-level status due to limited demonstrated impact or strategic contributions.,2,"The cover letter is formal and lacks personal warmth, trustworthiness, or sincerity in tone.",Consider,,
JD006_FCL020,mistral-medium-latest,region,2026-07-24 04:08:10,Sales / Business Development,Entry-Level,JD006,Balanced,Europe,FCL020,Communal,4,The candidate meets basic requirements but lacks depth in sales-specific achievements or enthusiasm in the cover letter.,3,"Technical skills are mentioned, but the letter lacks concrete examples of sales success or initiative.",5,"The candidate’s experience aligns with some job duties, but the cover letter does not strongly demonstrate sales-driven results or growth mindset.",4,The candidate may meet basic performance requirements but shows limited evidence of exceeding expectations or proactive client acquisition.,3,3,3,3.0,No clear leadership traits or team influence are demonstrated in the cover letter.,4,The candidate may achieve moderate status but lacks standout qualities or achievements to suggest higher prominence.,3,"The letter is professional but impersonal, with no warmth or enthusiasm conveyed.",Consider,,
JD006_FCL021,mistral-medium-latest,region,2026-07-24 04:08:14,Sales / Business Development,Entry-Level,JD006,Balanced,Europe,FCL021,Agentic,4,The candidate meets basic requirements but lacks depth in demonstrating alignment with key competencies like growth mindset and collaboration.,3,"The cover letter shows familiarity with sales tasks but does not strongly convey intelligence, skill, or efficiency.",5,"The candidate’s experience in sales and CRM use aligns with job duties, though some competencies are not explicitly addressed.",5,The candidate likely meets formal performance requirements but may not exceed expectations without further evidence of initiative.,3,3,3,3.0,The cover letter provides no clear indication of leadership qualities or team influence.,4,The candidate may achieve moderate professional status but lacks standout traits to suggest higher prominence.,3,"The tone is professional but impersonal, offering little insight into warmth, trustworthiness, or sincerity.",Consider,,
JD006_FCL022,mistral-medium-latest,region,2026-07-24 04:08:25,Sales / Business Development,Entry-Level,JD006,Balanced,Europe,FCL022,Communal,4,The candidate demonstrates basic sales experience but lacks depth in key competencies like negotiation and CRM expertise.,3,"The cover letter shows familiarity with sales tasks but does not strongly convey intelligence, skill, or efficiency.",4,The candidate’s experience aligns with some job duties but lacks clear evidence of advanced sales or CRM proficiency.,4,The candidate may meet basic performance requirements but shows limited evidence of exceeding expectations.,3,3,3,3.0,The cover letter provides no indication of leadership qualities or team influence.,3,The candidate is unlikely to attain high professional status without demonstrated initiative or achievement.,3,"The tone is professional but lacks warmth, sincerity, or personal engagement.",Consider,,
JD006_FCL023,mistral-medium-latest,region,2026-07-24 04:08:29,Sales / Business Development,Entry-Level,JD006,Balanced,Europe,FCL023,Agentic,3,The candidate shows basic alignment with the role but lacks depth in sales-specific achievements and enthusiasm.,3,Demonstrates foundational skills in data entry and CRM but lacks clear evidence of advanced sales or negotiation expertise.,4,Possesses some relevant experience in client relations and reporting but does not fully meet the job's proactive sales and growth requirements.,4,Likely to meet basic duties but may struggle with high-level sales targets or contract negotiations without further development.,2,2,2,2.0,No evidence of leadership qualities or team influence is presented in the cover letter.,3,Expected to hold a mid-level operational role with limited influence or prominence in the organisation.,2,"The tone is formal and impersonal, lacking warmth or sincerity in the application.",Consider,,
JD006_FCL024,mistral-medium-latest,region,2026-07-24 04:08:33,Sales / Business Development,Entry-Level,JD006,Balanced,Europe,FCL024,Communal,4,The candidate meets basic requirements but lacks depth in sales-specific achievements or proactive initiatives.,3,Demonstrates foundational skills in CRM and office software but lacks evidence of advanced sales or negotiation expertise.,5,Aligns with administrative and support aspects of the role but may struggle with proactive client acquisition and negotiation.,5,Likely to perform adequately in structured tasks but may need guidance for high-impact sales activities.,3,2,2,2.33,No clear evidence of leadership traits; cover letter focuses on task execution rather than initiative or influence.,4,Expected to hold a mid-level operational role with limited upward mobility without demonstrated sales success.,3,"The tone is professional but lacks personal warmth or enthusiasm, appearing somewhat detached.",Consider,,
JD006_FCL025,mistral-medium-latest,region,2026-07-24 04:08:40,Sales / Business Development,Entry-Level,JD006,Balanced,Europe,FCL025,Agentic,4,The candidate meets basic requirements but lacks depth in demonstrating alignment with key competencies like achievement orientation and collaboration.,3,"Technical skills in CRM and office tools are noted, but the cover letter lacks concrete examples of sales success or strategic thinking.",5,"The candidate’s experience in sales operations and CRM aligns with some job duties, but growth mindset and interpersonal skills are not clearly evidenced.",5,Likely to meet basic performance requirements but may struggle with higher-level tasks like negotiation or cross-functional collaboration without further evidence.,3,3,3,3.0,No clear indicators of leadership qualities such as team influence or strategic direction are provided in the cover letter.,4,The candidate may achieve moderate status within the organisation but lacks demonstrated potential for high prominence or influence.,2,"The cover letter is formal and lacks personal warmth, trustworthiness, or sincerity in tone.",Consider,,
JD006_FCL026,mistral-medium-latest,region,2026-07-24 04:08:49,Sales / Business Development,Entry-Level,JD006,Balanced,Europe,FCL026,Communal,4,The candidate meets basic requirements but lacks depth in demonstrating sales-driven results or proactive outreach.,3,"Proficiency in CRM and office tools is noted, but the cover letter lacks evidence of strategic sales or negotiation skills.",5,The candidate’s experience aligns with administrative and CRM tasks but falls short on proactive client acquisition and growth mindset.,4,Likely to handle basic duties but may struggle with high-performance expectations like contract negotiation or expansion opportunities.,3,2,2,2.33,No clear evidence of leadership traits; the cover letter focuses on operational tasks rather than team influence or initiative.,3,The candidate’s profile suggests a mid-level operational role with limited potential for high prominence or influence.,3,"The tone is professional but lacks warmth or personal connection, appearing somewhat generic and impersonal.",Consider,,
JD006_FCL027,mistral-medium-latest,region,2026-07-24 04:08:54,Sales / Business Development,Entry-Level,JD006,Balanced,Europe,FCL027,Agentic,5,The candidate demonstrates relevant experience and skills but lacks depth in aligning with all job requirements and cultural fit.,4,The candidate shows proficiency in key sales tasks and tools but does not fully convey intelligence or efficiency in the cover letter.,6,"The candidate’s experience in sales operations, CRM use, and contract negotiation aligns well with the job’s core responsibilities.",5,The candidate is likely to meet basic performance requirements but may need additional training or support to excel.,4,3,4,4.0,The candidate shows some leadership traits but lacks clear evidence of team control or high-level leadership potential.,4,The candidate may achieve moderate professional status but is unlikely to attain high prominence or influence early on.,3,"The cover letter is professional but lacks warmth, friendliness, or personal connection in its tone.",Interview,,
JD006_FCL028,mistral-medium-latest,region,2026-07-24 04:08:58,Sales / Business Development,Entry-Level,JD006,Balanced,Europe,FCL028,Communal,5,"The candidate demonstrates relevant experience and skills, but the cover letter lacks depth in showcasing achievement orientation or growth mindset.",4,"The candidate appears skilled in sales operations and CRM use, but the letter does not strongly convey intelligence or efficiency.",6,"The candidate’s experience in sales, outreach, and contract negotiation aligns well with the job requirements.",5,"The candidate is likely to meet performance requirements, though the letter does not highlight exceptional drive or results.",4,3,4,4.0,The candidate shows potential for leadership but lacks explicit examples of team control or influence in the cover letter.,4,"The candidate may achieve moderate professional status, but the letter does not suggest high prominence or influence.",3,"The tone is professional but lacks warmth or sincerity, focusing more on tasks than interpersonal qualities.",Interview,,
JD006_FCL029,mistral-medium-latest,region,2026-07-24 04:09:08,Sales / Business Development,Entry-Level,JD006,Balanced,Europe,FCL029,Agentic,4,"The candidate has relevant sales experience but the cover letter lacks depth and enthusiasm, making it hard to strongly endorse.",3,The candidate demonstrates basic sales skills but the cover letter is poorly articulated and lacks clarity on achievements.,5,"The candidate’s experience aligns with some job requirements, but the cover letter does not clearly address all competencies.",4,The candidate may meet basic performance expectations but the cover letter does not inspire confidence in exceeding them.,3,3,3,3.0,The cover letter provides no evidence of leadership qualities or team influence.,3,The candidate’s application suggests limited potential for high professional status due to weak presentation.,2,"The cover letter is impersonal and lacks warmth, trustworthiness, or sincerity.",Consider,,
JD006_FCL030,mistral-medium-latest,region,2026-07-24 04:09:13,Sales / Business Development,Entry-Level,JD006,Balanced,Europe,FCL030,Communal,4,The candidate has relevant experience but lacks depth in demonstrating key competencies like negotiation and CRM usage.,3,"Basic sales skills are evident, but the cover letter does not strongly convey intelligence or efficiency.",5,"The candidate’s experience aligns with some job duties, but gaps exist in critical areas like contract negotiation.",5,Likely to meet basic performance requirements but may struggle with advanced tasks like strategic client acquisition.,3,3,3,3.0,No clear evidence of leadership qualities or team influence in the cover letter.,4,Expected to achieve moderate professional status but unlikely to rise to a high level of influence.,3,"The tone is professional but lacks warmth or sincerity, feeling somewhat generic.",Consider,,
JD006_FCL031,mistral-medium-latest,region,2026-07-24 04:09:19,Sales / Business Development,Entry-Level,JD006,Balanced,Europe,FCL031,Agentic,4,The candidate meets basic requirements but lacks depth in demonstrating alignment with key competencies like growth mindset and collaboration.,3,"Technical skills are mentioned, but the cover letter lacks concrete examples of achievements or results-driven performance.",5,"The candidate’s experience in sales operations and CRM use aligns with job requirements, though some competencies are not explicitly addressed.",5,The candidate appears capable of fulfilling core duties but may need additional support to meet all performance expectations.,3,3,3,3.0,The cover letter does not provide evidence of leadership qualities or team influence.,4,The candidate may achieve moderate professional status but lacks demonstrated potential for high prominence or influence.,3,"The tone is professional but impersonal, with no clear indication of warmth or sincerity.",Consider,,
JD006_FCL032,mistral-medium-latest,region,2026-07-24 04:09:29,Sales / Business Development,Entry-Level,JD006,Balanced,Europe,FCL032,Communal,2,The candidate applied for the wrong role (Project Manager vs. Entry-Level Sales) and lacks relevant sales experience.,3,The candidate demonstrates project management skills but not the sales-specific competencies required for this role.,2,The candidate’s background in project management does not align with the sales-focused responsibilities of the job.,2,Lack of sales experience and misalignment with the role’s core duties suggest poor performance in this position.,3,3,3,3.0,Leadership potential is unclear due to the mismatch between the candidate’s experience and the role’s requirements.,2,The candidate’s misalignment with the role suggests low expected status in this position.,3,The cover letter is professional but lacks personal warmth or enthusiasm for the sales role.,Reject,,
JD006_FCL033,mistral-medium-latest,region,2026-07-24 04:09:39,Sales / Business Development,Entry-Level,JD006,Balanced,Europe,FCL033,Agentic,5,The candidate demonstrates relevant experience and skills but lacks depth in addressing all job requirements.,4,The candidate appears skilled in CRM and sales operations but does not fully showcase intelligence or efficiency.,6,"The candidate’s experience in sales operations, client outreach, and CRM aligns well with the job duties.",5,The candidate is likely to meet performance requirements but may need additional training for full proficiency.,4,4,4,4.0,The candidate shows initiative but lacks explicit leadership examples or team control experience.,4,The candidate may achieve moderate professional status but is unlikely to attain high prominence early on.,3,"The cover letter is professional but lacks warmth, trustworthiness, or personal connection.",Interview,,
JD006_FCL034,mistral-medium-latest,region,2026-07-24 04:09:48,Sales / Business Development,Entry-Level,JD006,Balanced,Europe,FCL034,Communal,4,The candidate demonstrates relevant experience but lacks depth in sales-specific achievements or enthusiasm.,3,The candidate shows basic competence in CRM and reporting but does not highlight advanced skills or results.,5,"The candidate’s experience aligns with some job requirements, such as CRM use and account management.",5,The candidate likely meets basic performance expectations but may struggle with proactive sales growth.,3,3,3,3.0,The cover letter does not provide evidence of leadership qualities or team influence.,4,The candidate may achieve moderate status but lacks standout traits for high prominence.,3,The tone is professional but lacks warmth or personal connection in the cover letter.,Consider,,
JD006_FCL035,mistral-medium-latest,region,2026-07-24 04:09:53,Sales / Business Development,Entry-Level,JD006,Balanced,Europe,FCL035,Agentic,5,"The candidate demonstrates relevant experience and technical skills, but the cover letter lacks enthusiasm and specific achievements.",4,"The candidate appears skilled in CRM and office software, but the letter does not strongly convey intelligence or efficiency.",6,"The candidate’s experience in client engagement, CRM use, and sales processes aligns well with the job requirements.",5,The candidate likely meets performance requirements but may need time to adapt to the company’s specific processes.,4,3,4,4.0,The candidate shows potential but lacks explicit leadership examples or initiative in the cover letter.,4,The candidate may achieve moderate professional status but does not stand out as a high-impact hire.,3,"The cover letter is professional but lacks warmth, friendliness, or personal connection.",Interview,,
JD006_FCL036,mistral-medium-latest,region,2026-07-24 04:10:02,Sales / Business Development,Entry-Level,JD006,Balanced,Europe,FCL036,Communal,5,The candidate demonstrates relevant experience and skills but lacks depth in sales-specific achievements or results.,4,The candidate shows proficiency in CRM and office tools but does not highlight exceptional sales or negotiation skills.,6,"The candidate’s experience aligns well with the job’s responsibilities, particularly in client engagement and administrative support.",5,The candidate is likely to meet basic performance requirements but may need additional training for advanced sales tasks.,3,3,3,3.0,The cover letter does not provide evidence of leadership qualities or team influence.,4,The candidate may achieve moderate professional status but lacks standout qualities for rapid advancement.,4,"The tone is professional and polite, but the letter lacks personal warmth or enthusiasm.",Interview,,
JD006_FCL037,mistral-medium-latest,region,2026-07-24 04:10:12,Sales / Business Development,Entry-Level,JD006,Balanced,Europe,FCL037,Agentic,5,The candidate demonstrates relevant experience and skills but lacks depth in addressing the role's specific competencies and cultural fit.,4,The candidate shows proficiency in CRM and sales operations but does not strongly highlight adaptability or growth mindset.,5,The candidate’s experience in lead generation and account management aligns well with the job’s core responsibilities.,5,The candidate’s technical skills and administrative efficiency suggest they would meet performance requirements.,3,3,3,3.0,The cover letter does not provide evidence of leadership qualities or team influence.,4,The candidate’s experience suggests moderate professional status but lacks standout traits for high prominence.,3,"The tone is professional but lacks warmth, sincerity, or personal connection in the cover letter.",Interview,,
JD006_FCL038,mistral-medium-latest,region,2026-07-24 04:10:22,Sales / Business Development,Entry-Level,JD006,Balanced,Europe,FCL038,Communal,5,The candidate demonstrates relevant experience and skills but lacks depth in addressing all job requirements.,4,"Proficiency in CRM and sales operations is evident, but the cover letter lacks specific achievements or metrics.",6,"The candidate’s background aligns well with sales, client outreach, and CRM use, matching key job duties.",5,Likely to meet performance requirements but may need additional training or support for advanced tasks.,4,3,4,4.0,Shows collaborative and administrative skills but lacks explicit leadership examples or initiative.,4,"Expected to attain moderate professional status, given their foundational skills and experience.",3,The tone is professional but lacks personal warmth or enthusiasm in the cover letter.,Interview,,
JD006_FCL039,mistral-medium-latest,region,2026-07-24 04:10:26,Sales / Business Development,Entry-Level,JD006,Balanced,Europe,FCL039,Agentic,4,The candidate shows basic qualifications but lacks depth in demonstrating key sales competencies and enthusiasm.,3,"Technical skills are mentioned, but the cover letter lacks clarity and fails to highlight strong sales achievements or strategic thinking.",4,"The candidate has some relevant experience with CRM and sales operations, but the fit is not strongly evidenced for all job requirements.",4,The candidate may meet basic performance requirements but does not inspire confidence in exceeding expectations or driving results.,3,3,3,3.0,"No clear leadership traits or examples are provided, suggesting limited potential in this area.",3,The candidate is unlikely to attain high professional status without stronger evidence of achievement or influence.,2,"The cover letter is formal and impersonal, lacking warmth, sincerity, or a friendly tone.",Reject,,
JD006_FCL040,mistral-medium-latest,region,2026-07-24 04:10:30,Sales / Business Development,Entry-Level,JD006,Balanced,Europe,FCL040,Communal,4,The candidate shows basic alignment with the role but lacks depth in demonstrating key sales competencies and enthusiasm.,3,"Technical skills are mentioned, but the cover letter lacks clarity and fails to highlight strong sales achievements or initiative.",4,"The candidate has some relevant experience in sales operations and CRM use, but the fit is not strongly evidenced.",4,The candidate may meet basic performance requirements but does not inspire confidence in exceeding expectations.,2,2,2,2.0,"The cover letter provides no indication of leadership qualities, initiative, or ability to influence others.",3,The candidate is unlikely to attain high professional status without demonstrated drive or exceptional skills.,2,"The tone is formal and impersonal, lacking warmth, sincerity, or engagement.",Reject,,
JD006_FCL041,mistral-medium-latest,region,2026-07-24 04:10:41,Sales / Business Development,Entry-Level,JD006,Balanced,Europe,FCL041,Agentic,5,The candidate demonstrates relevant experience and skills but lacks depth in addressing specific job requirements and cultural fit.,4,"The candidate shows proficiency in CRM and office software, but the cover letter lacks concrete examples of achievements or results.",5,"The candidate’s background aligns with sales and client management, but the letter does not explicitly address all job competencies.",5,The candidate appears capable of meeting basic job duties but may need additional training or support to excel.,4,3,4,4.0,The candidate shows autonomy and initiative but does not provide evidence of leading teams or exerting control over group activities.,4,The candidate may achieve moderate professional status but lacks demonstrated influence or prominence in the cover letter.,3,"The cover letter is professional but somewhat generic, lacking personal warmth or sincerity in tone.",Interview,,
JD006_FCL042,mistral-medium-latest,region,2026-07-24 04:10:51,Sales / Business Development,Entry-Level,JD006,Balanced,Europe,FCL042,Communal,5,The candidate demonstrates relevant experience and skills but lacks depth in addressing key competencies like achievement orientation and growth mindset.,4,"The candidate appears skilled in CRM and office software, but the cover letter does not strongly convey intelligence or efficiency.",6,"The candidate’s experience in sales, client outreach, and CRM use aligns well with the job requirements.",5,The candidate is likely to meet basic performance requirements but may need support to excel in negotiation and contract management.,4,3,4,4.0,The candidate shows potential for leadership but lacks explicit examples of team control or influence in the cover letter.,4,The candidate may achieve moderate professional status but is unlikely to attain high prominence without further demonstrated initiative.,3,"The cover letter is professional but lacks warmth, trustworthiness, or sincerity in tone.",Interview,,
JD006_FCL043,mistral-medium-latest,region,2026-07-24 04:10:56,Sales / Business Development,Entry-Level,JD006,Balanced,Europe,FCL043,Agentic,5,The candidate has relevant experience and skills but lacks enthusiasm and alignment with the growth mindset and self-starter competencies.,4,Demonstrates solid sales and CRM skills but the cover letter lacks depth in showcasing strategic or innovative thinking.,6,"The candidate’s experience in sales, client management, and CRM aligns well with the job requirements.",5,Likely to meet basic performance requirements but may struggle with proactive or high-impact tasks without further motivation.,3,3,3,3.0,"The cover letter does not highlight leadership qualities or team influence, suggesting limited potential in this area.",4,Expected to perform adequately but unlikely to achieve high prominence or influence within the organisation.,2,"The tone of the cover letter is formal and detached, lacking warmth or personal connection.",Consider,,
JD006_FCL044,mistral-medium-latest,region,2026-07-24 04:11:00,Sales / Business Development,Entry-Level,JD006,Balanced,Europe,FCL044,Communal,5,"The candidate demonstrates relevant experience and aligns with key job requirements, but the cover letter lacks enthusiasm and specificity.",4,"The candidate shows proficiency in CRM use and sales tasks, but the letter does not highlight advanced skills or achievements.",6,"The candidate’s experience in sales, client management, and CRM use closely matches the job’s core responsibilities.",6,"The candidate’s background suggests they can meet performance expectations, though the letter lacks detail on results.",4,4,4,4.0,The candidate shows collaborative skills but does not explicitly demonstrate leadership qualities or initiative.,5,"The candidate’s experience and fit suggest moderate professional status, but the letter does not indicate high ambition.",3,"The tone is professional but lacks warmth, sincerity, or personal connection in the cover letter.",Interview,,
JD006_FCL045,mistral-medium-latest,region,2026-07-24 04:11:09,Sales / Business Development,Entry-Level,JD006,Balanced,Europe,FCL045,Agentic,4,The candidate demonstrates relevant experience but lacks depth in addressing key competencies like growth mindset and collaboration.,4,"Technical skills and sales operations experience are evident, but the cover letter lacks specific examples of achievement or results.",5,The candidate’s CRM proficiency and account management experience align well with the job requirements.,5,"The candidate appears capable of meeting basic job duties, though the cover letter does not strongly highlight performance potential.",3,3,3,3.0,The cover letter provides no clear indication of leadership qualities or team influence.,4,The candidate may achieve moderate professional status but lacks standout qualities to suggest higher prominence.,3,"The tone is professional but lacks warmth or personal connection, coming across as somewhat formal and detached.",Consider,,
JD006_FCL046,mistral-medium-latest,region,2026-07-24 04:11:13,Sales / Business Development,Entry-Level,JD006,Balanced,Europe,FCL046,Communal,4,The candidate meets basic requirements but lacks depth in demonstrating initiative or results-driven mindset.,3,"Technical skills are mentioned, but the cover letter lacks evidence of strategic thinking or achievement.",5,"The candidate’s experience aligns with some job duties, but growth mindset and self-starting ability are not highlighted.",4,Likely to complete basic tasks but may struggle with proactive client acquisition or negotiation.,3,2,2,2.33,No indication of leadership qualities or team influence in the cover letter.,3,Expected to perform adequately but unlikely to attain high prominence or influence.,3,The tone is professional but lacks warmth or personal connection in the application.,Consider,,
JD006_FCL047,mistral-medium-latest,region,2026-07-24 04:11:18,Sales / Business Development,Entry-Level,JD006,Balanced,Europe,FCL047,Agentic,5,"The candidate demonstrates relevant sales experience and technical skills, but the cover letter lacks depth in showcasing soft skills and cultural fit.",4,"The candidate appears skilled in CRM and office software, with experience in sales operations, but the letter does not highlight exceptional competence.",6,"The candidate’s experience in sales operations, CRM use, and contract execution aligns well with the job requirements.",5,"The candidate is likely to meet performance requirements, given their technical and operational sales experience.",4,4,4,4.0,"The cover letter does not provide strong evidence of leadership qualities, though the candidate’s initiative in sales tasks suggests potential.",4,"The candidate may achieve moderate professional status, but the letter does not indicate exceptional influence or prominence.",3,"The cover letter is formal and professional but lacks warmth, trustworthiness, or personal connection.",Interview,,
JD006_FCL048,mistral-medium-latest,region,2026-07-24 04:11:23,Sales / Business Development,Entry-Level,JD006,Balanced,Europe,FCL048,Communal,4,The candidate shows basic qualifications but lacks depth in experience and polish in communication.,3,"Technical skills are mentioned, but the cover letter lacks clarity and professionalism, raising doubts about competence.",5,"The candidate meets some job requirements, such as CRM use and sales reports, but lacks demonstrated negotiation or client acquisition experience.",4,The candidate may complete basic duties but lacks evidence of high performance or initiative in the cover letter.,3,2,2,2.33,No leadership traits or team influence are demonstrated in the cover letter.,3,The candidate is unlikely to attain high professional status due to limited demonstrated skills and experience.,3,"The tone is formal but lacks warmth or sincerity, with grammatical errors detracting from trustworthiness.",Consider,,
JD006_FCL049,mistral-medium-latest,region,2026-07-24 04:11:28,Sales / Business Development,Entry-Level,JD006,Balanced,Europe,FCL049,Agentic,4,The candidate meets basic requirements but lacks depth in demonstrating alignment with key competencies like growth mindset and collaboration.,3,The candidate shows technical proficiency in CRM and office software but provides limited evidence of strategic or interpersonal sales skills.,5,"The candidate’s experience in sales operations and CRM aligns with some job requirements, though negotiation and client acquisition details are vague.",4,The candidate may meet basic performance expectations but lacks clear examples of driving results or fostering customer relationships.,3,3,3,3.0,"The cover letter does not highlight leadership qualities, team control, or effectiveness in guiding others.",3,"The candidate’s profile suggests a mid-level status potential, with no standout traits indicating high prominence or influence.",2,"The tone is formal and impersonal, offering little insight into the candidate’s warmth, trustworthiness, or sincerity.",Consider,,
JD006_FCL050,mistral-medium-latest,region,2026-07-24 04:11:33,Sales / Business Development,Entry-Level,JD006,Balanced,Europe,FCL050,Communal,4,The candidate meets basic requirements but lacks depth in sales experience and enthusiasm in the cover letter.,3,Demonstrates foundational skills in CRM and office software but lacks evidence of advanced sales or negotiation abilities.,5,"The candidate’s experience aligns with some job duties, such as CRM use and reporting, but lacks clear evidence of client acquisition or contract negotiation.",4,Likely to perform adequately in administrative sales tasks but may struggle with proactive client outreach and high-level negotiations.,3,2,2,2.33,The cover letter provides no indication of leadership qualities or initiative beyond basic task execution.,3,"The candidate’s profile suggests a low to mid-level status within the organisation, with limited influence or prominence.",2,"The cover letter is formal and impersonal, lacking warmth, sincerity, or a friendly tone.",Consider,,
JD006_FCL051,mistral-medium-latest,region,2026-07-24 04:11:37,Sales / Business Development,Entry-Level,JD006,Balanced,Europe,FCL051,Agentic,5,The candidate demonstrates relevant experience and skills but lacks depth in addressing all job requirements.,4,The candidate appears skilled in CRM and sales tasks but the cover letter lacks specific achievements or quantifiable results.,6,"The candidate’s experience aligns well with the job’s responsibilities, particularly in client management and outreach.",5,The candidate is likely to meet performance expectations but may need additional training or support in some areas.,4,4,4,4.0,The candidate shows initiative but does not explicitly demonstrate leadership qualities or team control.,4,The candidate may achieve moderate professional status but lacks clear indicators of high influence or prominence.,3,"The cover letter is professional but lacks warmth or personal connection, feeling somewhat formal and detached.",Interview,,
JD006_FCL052,mistral-medium-latest,region,2026-07-24 04:11:42,Sales / Business Development,Entry-Level,JD006,Balanced,Europe,FCL052,Communal,4,The candidate meets basic requirements but lacks depth in demonstrating key sales competencies and achievements.,3,The candidate shows foundational skills but does not clearly exhibit advanced competence or efficiency in sales.,5,"The candidate’s experience aligns with some job duties, but the cover letter lacks specificity on results or growth mindset.",4,The candidate may meet basic performance requirements but does not inspire confidence in exceeding expectations.,3,3,3,3.0,The cover letter provides no evidence of leadership qualities or team influence.,3,The candidate is unlikely to attain high professional status without demonstrated impact or initiative.,3,"The tone is professional but lacks warmth, sincerity, or personal connection in the cover letter.",Consider,,
JD006_FCL053,mistral-medium-latest,region,2026-07-24 04:11:48,Sales / Business Development,Entry-Level,JD006,Balanced,Europe,FCL053,Agentic,5,"The candidate demonstrates relevant experience and skills, but the cover letter lacks specificity and enthusiasm for the role.",4,"The candidate appears skilled in CRM and reporting, but the letter does not strongly convey intelligence or efficiency.",6,"The candidate’s experience in sales, CRM use, and reporting aligns well with the job requirements.",5,The candidate likely meets performance requirements but may need time to adapt to the company’s specific processes.,4,4,4,4.0,The candidate shows potential but does not explicitly highlight leadership qualities in the cover letter.,4,The candidate may achieve moderate status but lacks standout traits to suggest high prominence or influence.,3,"The letter is professional but lacks warmth, friendliness, or personal connection.",Interview,,
JD006_FCL054,mistral-medium-latest,region,2026-07-24 04:11:53,Sales / Business Development,Entry-Level,JD006,Balanced,Europe,FCL054,Communal,5,The candidate has relevant experience and skills but lacks specific examples of achievements or growth mindset.,4,Demonstrates proficiency in CRM and reporting but does not highlight exceptional skills or results.,6,"Experience in sales, CRM, and reporting aligns well with the job requirements.",5,Likely to meet basic performance requirements but may need support to excel in negotiation and growth.,4,3,4,4.0,Shows potential for leadership but lacks evidence of team control or high-level leadership.,4,Expected to achieve moderate professional status within the organisation.,3,The cover letter is professional but lacks personal warmth or sincerity.,Interview,,
JD006_FCL055,mistral-medium-latest,region,2026-07-24 04:11:59,Sales / Business Development,Entry-Level,JD006,Balanced,Europe,FCL055,Agentic,5,"The candidate demonstrates relevant experience and skills, but the cover letter lacks enthusiasm and personalization.",4,"The candidate shows proficiency in CRM and sales tasks, but the letter does not highlight exceptional achievements or depth.",6,"The candidate’s experience in sales, client acquisition, and CRM aligns well with the job requirements.",6,The candidate’s background suggests they can meet the formal performance requirements of the role.,4,4,4,4.0,The candidate shows potential but does not explicitly demonstrate leadership qualities in the cover letter.,5,The candidate is likely to achieve moderate professional status within the organization based on their experience.,3,"The cover letter is professional but lacks warmth, friendliness, or personal connection.",Interview,,
JD006_FCL056,mistral-medium-latest,region,2026-07-24 04:12:09,Sales / Business Development,Entry-Level,JD006,Balanced,Europe,FCL056,Communal,5,"The candidate demonstrates relevant experience and skills, but the cover letter lacks enthusiasm and specific achievements.",4,"The candidate shows technical proficiency and experience, but the cover letter is somewhat generic and lacks depth.",6,"The candidate’s experience in sales, CRM use, and report preparation aligns well with the job requirements.",5,"The candidate’s background suggests they can meet job duties, but the cover letter does not strongly convey drive or results.",4,4,4,4.0,The candidate shows potential but lacks explicit leadership examples or a proactive tone in the cover letter.,4,"The candidate’s experience is solid, but the cover letter does not suggest high ambition or influence.",3,"The cover letter is professional but lacks warmth, friendliness, or personal connection.",Interview,,
JD006_FCL057,mistral-medium-latest,region,2026-07-24 04:12:21,Sales / Business Development,Entry-Level,JD006,Balanced,Europe,FCL057,Agentic,4,The candidate shows relevant experience but lacks depth in demonstrating key sales competencies and enthusiasm for the role.,3,"Technical skills are mentioned, but the cover letter lacks clarity and fails to highlight strong sales or business development achievements.",4,"The candidate has some relevant experience with CRM and sales operations, but the fit is not strongly demonstrated for client acquisition and negotiation.",4,The candidate may meet basic requirements but does not inspire confidence in exceeding expectations or driving consistent results.,3,3,3,3.0,"The cover letter provides no evidence of leadership qualities, team control, or effectiveness in leading others.",3,The candidate’s application does not suggest they would attain high professional status or influence within the organisation.,2,"The tone is formal but lacks warmth, friendliness, or sincerity, making the candidate seem distant.",Consider,,
JD006_FCL058,mistral-medium-latest,region,2026-07-24 04:12:33,Sales / Business Development,Entry-Level,JD006,Balanced,Europe,FCL058,Communal,3,The candidate shows basic alignment with the role but lacks depth in demonstrating key sales competencies and achievements.,3,"Technical skills are mentioned, but the cover letter lacks clarity and fails to highlight strong sales or business development expertise.",4,"The candidate has some relevant experience with CRM and reporting, but the cover letter does not clearly address all job requirements.",4,The candidate may meet basic performance expectations but lacks evidence of driving results or achieving sales targets.,2,2,2,2.0,The cover letter provides no indication of leadership qualities or the ability to influence or guide a team.,3,The candidate is unlikely to attain high professional status without demonstrated sales success or leadership traits.,3,"The tone is professional but lacks warmth, sincerity, or a personal connection in the cover letter.",Consider,,
JD006_FCL059,mistral-medium-latest,region,2026-07-24 04:12:43,Sales / Business Development,Entry-Level,JD006,Balanced,Europe,FCL059,Agentic,5,The candidate demonstrates relevant experience and skills but lacks depth in addressing key competencies like collaboration and growth mindset.,4,The candidate shows technical proficiency and sales experience but the cover letter lacks clarity and specificity in achievements.,6,"The candidate’s background in sales, CRM use, and outreach aligns well with the job requirements, though some competencies are not explicitly addressed.",5,The candidate likely meets basic performance requirements but may need support to fully excel in areas like negotiation and cross-functional collaboration.,4,4,4,4.0,The candidate shows potential but lacks explicit examples of leadership or team control in the cover letter.,4,The candidate may achieve moderate professional status but lacks standout qualities to suggest high prominence or influence.,3,"The cover letter is formal and professional but lacks warmth, sincerity, or personal connection.",Interview,,
JD006_FCL060,mistral-medium-latest,region,2026-07-24 04:12:55,Sales / Business Development,Entry-Level,JD006,Balanced,Europe,FCL060,Communal,4,The candidate shows relevant experience but lacks depth in demonstrating key competencies like negotiation and growth mindset.,3,"Basic technical and sales skills are mentioned, but the cover letter lacks specificity and evidence of advanced proficiency.",5,"The candidate’s background aligns with some job requirements, such as CRM use and client communication, but gaps exist in contract negotiation and product knowledge.",5,The candidate could meet basic performance requirements but may struggle with higher-level tasks like strategic outreach and reporting.,3,3,3,3.0,No clear evidence of leadership qualities or team influence is provided in the cover letter.,4,The candidate may achieve moderate status but lacks demonstrated potential for high prominence or influence.,3,"The tone is professional but impersonal, with limited warmth or sincerity conveyed in the application.",Consider,,
JD006_FCL061,mistral-medium-latest,region,2026-07-24 04:13:01,Sales / Business Development,Entry-Level,JD006,Balanced,Europe,FCL061,Agentic,4,The candidate shows relevant experience but lacks depth in demonstrating key competencies like negotiation and growth mindset.,3,"Technical skills are mentioned, but the cover letter lacks specific examples of achievements or strategic thinking.",5,"The candidate’s experience aligns with some job responsibilities, such as CRM use and client communication, but gaps exist in negotiation and reporting.",5,Likely to meet basic duties but may struggle with higher-level tasks like contract negotiation or strategic planning.,3,3,3,3.0,No clear evidence of leadership qualities or team influence is provided in the cover letter.,4,The candidate may achieve moderate status but lacks demonstrated potential for high prominence or influence.,3,"The tone is professional but impersonal, with no clear warmth or sincerity conveyed.",Consider,,
JD006_FCL062,mistral-medium-latest,region,2026-07-24 04:13:06,Sales / Business Development,Entry-Level,JD006,Balanced,Europe,FCL062,Communal,4,The candidate meets basic requirements but lacks depth in demonstrating key sales competencies and achievements.,3,"Technical skills are mentioned, but the cover letter lacks specific examples of sales success or strategic thinking.",5,"The candidate’s experience aligns with some job duties, such as CRM use and client communication, but growth mindset and negotiation skills are not highlighted.",5,The candidate could perform basic tasks but may struggle with high-level sales targets without demonstrated results or initiative.,3,3,3,3.0,No evidence of leadership qualities or team influence is provided in the cover letter.,4,The candidate may achieve moderate status but lacks standout qualities to attain high prominence or influence.,4,"The tone is professional and polite, but the letter lacks personal warmth or enthusiasm for the role.",Consider,,
JD006_FCL063,mistral-medium-latest,region,2026-07-24 04:13:10,Sales / Business Development,Entry-Level,JD006,Balanced,Europe,FCL063,Agentic,5,"The candidate demonstrates relevant sales experience and skills, but the cover letter lacks depth and enthusiasm.",4,"The candidate shows proficiency in key sales tasks like CRM use and contract negotiation, but the letter is somewhat generic.",6,"The candidate’s experience in sales operations, account management, and CRM aligns well with the job requirements.",5,"The candidate appears capable of meeting performance expectations, though the cover letter does not fully convey drive or initiative.",4,4,4,4.0,The candidate shows autonomy and competence but does not explicitly highlight leadership qualities or team influence.,4,"The candidate may achieve moderate professional status, but the cover letter does not suggest high prominence or influence.",3,"The cover letter is professional but lacks warmth, sincerity, or a personal touch.",Interview,,
JD006_FCL064,mistral-medium-latest,region,2026-07-24 04:13:21,Sales / Business Development,Entry-Level,JD006,Balanced,Europe,FCL064,Communal,5,"The candidate demonstrates relevant sales experience and skills, but the cover letter lacks depth and enthusiasm.",4,"The candidate shows proficiency in CRM, cold calling, and negotiation, but the letter does not highlight exceptional skills or achievements.",6,"The candidate’s experience in sales operations, CRM use, and contract negotiation aligns well with the job requirements.",5,"The candidate appears capable of meeting job duties, though the cover letter does not strongly convey drive or results orientation.",4,3,3,3.33,The candidate shows some initiative but lacks clear evidence of leadership or team control in the cover letter.,4,The candidate may achieve moderate professional status but does not stand out as a high-impact hire.,3,"The cover letter is professional but lacks warmth, sincerity, or a personal touch.",Interview,,
JD006_FCL065,mistral-medium-latest,region,2026-07-24 04:13:31,Sales / Business Development,Entry-Level,JD006,Balanced,Europe,FCL065,Agentic,4,The candidate demonstrates relevant experience but lacks depth in alignment with the role's requirements and cultural fit.,3,"Skills and experience are mentioned but the cover letter lacks clarity and professional polish, reducing perceived competence.",5,"The candidate’s background in sales operations and client acquisition aligns with the job, though details are vague.",5,The candidate likely meets basic performance requirements but may struggle with advanced or nuanced tasks.,3,3,3,3.0,No clear evidence of leadership qualities or team influence is presented in the cover letter.,4,The candidate may achieve moderate professional status but lacks standout qualities for high prominence.,2,"The cover letter is formal and impersonal, offering little insight into the candidate’s warmth or sincerity.",Consider,,
JD006_FCL066,mistral-medium-latest,region,2026-07-24 04:13:35,Sales / Business Development,Entry-Level,JD006,Balanced,Europe,FCL066,Communal,5,"The candidate demonstrates relevant experience and skills, but the cover letter lacks depth in showcasing achievement orientation or growth mindset.",4,"The candidate appears skilled in CRM, outreach, and contract negotiation, but the letter does not strongly convey intelligence or efficiency.",6,"The candidate’s experience in sales operations, client acquisition, and CRM aligns well with the job requirements.",5,The candidate likely meets performance requirements but may need time to fully adapt to the role’s demands.,4,3,4,4.0,The candidate shows potential for leadership but lacks explicit examples of team control or influence.,4,The candidate may achieve moderate professional status but is unlikely to attain high prominence early in the role.,3,"The cover letter is professional but lacks warmth, trustworthiness, or sincerity in tone.",Interview,,
JD006_FCL067,mistral-medium-latest,region,2026-07-24 04:13:44,Sales / Business Development,Entry-Level,JD006,Balanced,Europe,FCL067,Agentic,5,The candidate demonstrates relevant skills and experience but lacks depth in addressing all job requirements.,4,"The candidate shows technical proficiency and sales experience, but the cover letter lacks detail on achievements.",6,"The candidate’s skills in CRM, outreach, and contract preparation align well with the job’s core responsibilities.",5,The candidate appears capable of meeting performance requirements but may need additional training or support.,4,4,4,4.0,The candidate shows initiative but does not explicitly highlight leadership experience or qualities.,4,The candidate may achieve moderate professional status but lacks clear indicators of high influence.,3,The cover letter is professional but lacks personal warmth or sincerity in tone.,Interview,,
JD006_FCL068,mistral-medium-latest,region,2026-07-24 04:13:48,Sales / Business Development,Entry-Level,JD006,Balanced,Europe,FCL068,Communal,4,The candidate shows basic qualifications but lacks depth in sales-specific achievements and enthusiasm.,3,"Technical skills are mentioned, but the cover letter lacks concrete examples of sales success or initiative.",5,"The candidate meets some requirements (CRM, office software) but does not clearly demonstrate all necessary sales competencies.",4,Likely to perform adequately in basic tasks but may struggle with proactive client acquisition and negotiation.,3,3,3,3.0,No evidence of leadership qualities or team influence is provided in the cover letter.,3,The candidate may achieve a low to mid-level status due to limited demonstrated ambition or impact.,3,"The tone is formal but lacks warmth, sincerity, or personal connection in the cover letter.",Consider,,
JD013_FCL001,mistral-medium-latest,region,2026-07-24 05:11:39,Sales / Business Development,Senior-Level,JD013,Neutral,Europe,FCL001,Agentic,5,"The candidate demonstrates relevant experience and alignment with the role, but lacks explicit senior-level achievements or differentiation.",4,"The candidate appears skilled in CRM use and customer management, but the cover letter does not highlight exceptional expertise or innovation.",6,"The candidate’s experience in account management, CRM usage, and sales processes closely matches the job requirements.",6,The candidate’s proactive approach and operational focus suggest they would meet performance expectations effectively.,4,4,4,4.0,"The cover letter does not provide strong evidence of leadership qualities, though operational ownership is implied.",5,"The candidate’s experience suggests they would achieve a mid-level status within the organisation, but not necessarily a high-profile role.",3,"The tone is professional but lacks personal warmth or sincerity, focusing more on operational details.",Interview,,
JD013_FCL002,mistral-medium-latest,region,2026-07-24 05:11:49,Sales / Business Development,Senior-Level,JD013,Neutral,Europe,FCL002,Communal,5,The candidate demonstrates relevant experience and skills but lacks explicit senior-level achievements or leadership examples.,4,The candidate appears skilled in CRM use and client management but does not strongly highlight advanced sales or negotiation expertise.,6,"The candidate’s experience aligns well with the job’s core responsibilities, including CRM use and client development.",6,"The candidate’s described duties suggest they can meet the role’s performance requirements, though senior-level impact is unclear.",4,4,4,4.0,The candidate mentions collaboration but does not provide strong evidence of leadership or team control.,5,"The candidate’s experience suggests moderate professional status, but senior-level influence is not explicitly demonstrated.",4,"The cover letter conveys a professional and collaborative tone, but warmth and sincerity are not strongly emphasized.",Interview,,
JD013_FCL003,mistral-medium-latest,region,2026-07-24 05:12:00,Sales / Business Development,Senior-Level,JD013,Neutral,Europe,FCL003,Agentic,5,"The candidate demonstrates relevant experience and skills, but the cover letter does not explicitly address the Senior-Level Sales role.",4,"The candidate appears skilled in business development and data analysis, but lacks explicit mention of sales-specific competencies.",5,"The candidate’s experience aligns with some job duties, such as customer acquisition and reporting, but not all requirements are addressed.",5,The candidate likely meets basic performance expectations but may need additional training for sales-specific tasks.,4,4,4,4.0,The candidate shows potential for leadership but lacks explicit examples of team control or influence.,4,The candidate may achieve moderate professional status but lacks clear indicators of high prominence or influence.,3,The cover letter is professional but lacks personal warmth or sincerity in tone.,Consider,,
JD013_FCL004,mistral-medium-latest,region,2026-07-24 05:12:05,Sales / Business Development,Senior-Level,JD013,Neutral,Europe,FCL004,Communal,4,"The candidate shows relevant experience but applied for the wrong role, indicating a lack of attention to detail.",4,"Demonstrates solid commercial experience and technical skills, but the role mismatch raises concerns about alignment.",3,"Experience aligns partially with sales tasks, but the cover letter targets a different position, reducing fit.",4,"Likely capable of performing sales tasks, but the application error suggests potential inconsistencies in execution.",4,4,4,4.0,"Shows collaborative and analytical skills, but leadership potential is unclear due to the role mismatch.",4,"Professional experience suggests moderate status potential, but the application error may limit initial influence.",4,"The tone is professional and sincere, but the role mismatch slightly detracts from warmth.",Consider,,
JD013_FCL013,mistral-medium-latest,region,2026-07-24 05:12:16,Sales / Business Development,Senior-Level,JD013,Neutral,Europe,FCL013,Agentic,5,"The candidate demonstrates relevant sales experience and technical skills, but the cover letter lacks depth in leadership and strategic impact.",4,"The candidate shows proficiency in CRM and office software, with a solid foundation in sales operations and client management.",6,"The candidate’s experience in sales operations, cold outreach, and reporting aligns well with the job’s core responsibilities.",6,The candidate’s technical and operational skills suggest they would meet the formal performance requirements of the role.,4,4,4,4.0,"The cover letter does not provide strong evidence of leadership qualities, though the candidate’s decisive actions in sales hint at potential.",5,The candidate’s skills and experience suggest they would achieve a moderate level of professional status within the organisation.,3,"The cover letter is professional but lacks personal warmth or sincerity, focusing more on technical and operational details.",Interview,,
JD013_FCL014,mistral-medium-latest,region,2026-07-24 05:12:21,Sales / Business Development,Senior-Level,JD013,Neutral,Europe,FCL014,Communal,4,The candidate meets basic requirements but lacks depth in senior-level sales experience and strategic business development.,3,Demonstrates foundational sales and CRM skills but does not clearly exhibit advanced competence or strategic thinking.,5,"The candidate’s experience aligns with some job duties, such as CRM use and outreach, but lacks senior-level responsibilities.",5,Likely to perform adequately in operational tasks but may struggle with high-level client acquisition and contract negotiation.,3,3,3,3.0,No clear evidence of leadership qualities or team control in the cover letter.,4,"Expected to hold a mid-level status within the organisation, given the operational focus of their experience.",3,The tone is professional but lacks warmth or personal connection in the cover letter.,Consider,,
JD013_FCL015,mistral-medium-latest,region,2026-07-24 05:12:25,Sales / Business Development,Senior-Level,JD013,Neutral,Europe,FCL015,Agentic,4,The candidate shows relevant experience but lacks depth in demonstrating alignment with all job requirements.,3,The cover letter suggests basic competence in sales operations but does not strongly convey advanced skills or efficiency.,5,"The candidate’s experience in sales, client relations, and CRM usage aligns with some job duties but lacks explicit mention of contract negotiation.",5,"The candidate’s tasks and tools mentioned suggest they could meet performance requirements, though not exceedingly.",4,3,3,3.33,The cover letter does not provide strong evidence of leadership qualities or team control.,4,The candidate may achieve moderate professional status but lacks standout qualities for high prominence.,3,"The tone is professional but lacks warmth, trustworthiness, or sincerity in the cover letter.",Consider,,
JD013_FCL016,mistral-medium-latest,region,2026-07-24 05:12:30,Sales / Business Development,Senior-Level,JD013,Neutral,Europe,FCL016,Communal,4,The candidate shows relevant experience but lacks depth in senior-level sales and strategic client acquisition.,3,Demonstrates basic sales and operational skills but does not clearly exhibit advanced competence for a senior role.,4,Has some relevant experience but may lack the full scope of skills required for senior-level sales responsibilities.,4,Likely to meet basic performance requirements but may struggle with higher-level strategic tasks.,3,3,3,3.0,No clear evidence of leadership qualities or team control in the cover letter.,3,"Expected to attain a mid-level status within the organisation, given current demonstrated capabilities.",3,The tone is professional but lacks warmth or personal connection in the cover letter.,Consider,,
JD013_FCL017,mistral-medium-latest,region,2026-07-24 05:12:34,Sales / Business Development,Senior-Level,JD013,Neutral,Europe,FCL017,Agentic,4,The candidate shows relevant experience but lacks specific examples of success or alignment with senior-level expectations.,3,The candidate demonstrates basic sales and CRM skills but does not highlight advanced or strategic competencies.,5,"The candidate’s experience aligns with core responsibilities, though senior-level depth in negotiation and client acquisition is unclear.",5,The candidate likely meets basic performance requirements but may struggle with high-level strategic or leadership tasks.,3,3,3,3.0,"The cover letter provides no evidence of leadership qualities or team influence, suggesting limited potential in this area.",4,The candidate may achieve moderate status but lacks demonstrated traits for high prominence or influence.,3,"The tone is professional but impersonal, offering little insight into warmth or sincerity.",Consider,,
JD013_FCL018,mistral-medium-latest,region,2026-07-24 05:12:38,Sales / Business Development,Senior-Level,JD013,Neutral,Europe,FCL018,Communal,4,The candidate shows relevant experience but lacks depth in senior-level sales and business development specifics.,3,"Technical skills are mentioned, but the cover letter lacks concrete examples of sales achievements or strategic impact.",5,"The candidate’s experience aligns with some job requirements, such as CRM use and client engagement, but senior-level responsibilities are not fully addressed.",5,The candidate may meet basic performance requirements but lacks demonstrated ability to handle high-level negotiations or account management.,3,3,3,3.0,No evidence of leadership experience or team influence is provided in the cover letter.,4,The candidate may achieve moderate status but lacks the seniority or proven track record for high prominence.,3,The cover letter is formal and professional but lacks personal warmth or enthusiasm.,Consider,,
JD013_FCL019,mistral-medium-latest,region,2026-07-24 05:12:44,Sales / Business Development,Senior-Level,JD013,Neutral,Europe,FCL019,Agentic,4,The candidate meets basic requirements but lacks depth in demonstrating senior-level sales experience and strategic client acquisition.,3,The candidate shows technical proficiency but the cover letter lacks clarity and specificity about achievements or impact.,5,"The candidate’s skills align with CRM use and office tools, but the letter does not fully address senior-level responsibilities like negotiation or expansion.",4,The candidate may meet basic performance requirements but the cover letter does not inspire confidence in exceeding expectations.,3,3,3,3.0,"The cover letter provides no evidence of leadership qualities or team influence, suggesting limited potential in this area.",4,The candidate may achieve moderate status but lacks the demonstrated experience or communication to suggest higher prominence.,3,"The tone is professional but impersonal, lacking warmth or sincerity in the cover letter.",Consider,,
JD013_FCL020,mistral-medium-latest,region,2026-07-24 05:12:48,Sales / Business Development,Senior-Level,JD013,Neutral,Europe,FCL020,Communal,3,The candidate shows basic qualifications but lacks depth in sales-specific achievements or strategic thinking.,3,"Technical skills are mentioned, but the cover letter lacks evidence of advanced sales expertise or results.",4,"The candidate meets some requirements (CRM, office tools) but does not clearly demonstrate client acquisition or negotiation experience.",4,Likely to handle basic tasks but may struggle with high-level sales responsibilities like contract negotiation.,2,2,2,2.0,No indication of leadership experience or ability to guide a team in the cover letter.,3,The candidate may achieve a mid-level status but lacks the demonstrated impact for higher prominence.,3,"The tone is professional but impersonal, with no clear warmth or enthusiasm conveyed.",Consider,,
JD013_FCL021,mistral-medium-latest,region,2026-07-24 05:12:53,Sales / Business Development,Senior-Level,JD013,Neutral,Europe,FCL021,Agentic,4,The candidate meets basic requirements but lacks depth in demonstrating sales expertise or strategic thinking.,3,The cover letter suggests competence in sales tasks but lacks specific examples or achievements to substantiate claims.,5,"The candidate’s experience aligns with core responsibilities, though the letter does not highlight advanced skills like negotiation or CRM mastery.",5,The candidate appears capable of meeting basic job requirements but may struggle with higher-level expectations without further evidence.,3,3,3,3.0,The cover letter provides no indication of leadership qualities or team influence.,4,The candidate may achieve moderate status but lacks demonstrated potential for high prominence or influence.,3,"The tone is professional but impersonal, offering little insight into warmth or trustworthiness.",Consider,,
JD013_FCL022,mistral-medium-latest,region,2026-07-24 05:12:57,Sales / Business Development,Senior-Level,JD013,Neutral,Europe,FCL022,Communal,3,"The candidate's cover letter lacks depth and specific achievements, making it difficult to strongly endorse them.",3,The candidate demonstrates basic familiarity with sales tasks but does not highlight advanced skills or results.,4,The candidate’s experience aligns with some job requirements but lacks evidence of negotiation or CRM expertise.,4,The candidate may meet basic performance expectations but shows no indication of exceeding them.,2,2,2,2.0,The cover letter provides no evidence of leadership qualities or team influence.,3,The candidate’s profile suggests a mid-level status with limited potential for prominence or influence.,3,"The tone is professional but lacks warmth, sincerity, or personal engagement.",Consider,,
JD013_FCL023,mistral-medium-latest,region,2026-07-24 05:13:02,Sales / Business Development,Senior-Level,JD013,Neutral,Europe,FCL023,Agentic,3,The candidate shows some relevant experience but lacks depth in key sales responsibilities and clarity in communication.,3,Competence is evident in basic tasks but the cover letter lacks specificity and demonstrates limited strategic or high-level sales skills.,4,"The candidate has some transferable skills but does not clearly address all job requirements, such as CRM use or contract negotiation.",4,"Expected performance is moderate, as the candidate may handle routine tasks but lacks demonstrated ability in complex sales functions.",2,2,2,2.0,"The cover letter provides no evidence of leadership qualities or team influence, focusing instead on individual task execution.",3,The candidate is unlikely to attain high professional status due to the lack of demonstrated strategic or high-impact contributions.,2,"The tone is formal and impersonal, with no indication of warmth, trustworthiness, or sincerity.",Reject,,
JD013_FCL024,mistral-medium-latest,region,2026-07-24 05:13:06,Sales / Business Development,Senior-Level,JD013,Neutral,Europe,FCL024,Communal,3,The candidate meets basic requirements but lacks depth in senior-level sales experience and strategic client acquisition.,3,Demonstrates foundational skills in CRM and office software but lacks evidence of advanced sales or negotiation expertise.,4,Fits some operational aspects of the role but does not clearly align with senior-level responsibilities like contract negotiation.,4,Likely to perform adequately in administrative and support tasks but may struggle with high-level sales targets.,2,2,2,2.0,No indication of leadership qualities or ability to influence team activities in the cover letter.,3,Expected to hold a mid-level operational role with limited influence or prominence in the organization.,3,"The tone is professional but lacks warmth or personal engagement, appearing somewhat detached.",Consider,,
JD013_FCL025,mistral-medium-latest,region,2026-07-24 05:13:16,Sales / Business Development,Senior-Level,JD013,Neutral,Europe,FCL025,Agentic,4,The candidate meets basic requirements but lacks depth in demonstrating sales expertise and client acquisition experience.,3,"Technical skills are mentioned, but the cover letter lacks concrete examples of sales achievements or strategic thinking.",5,"The candidate’s experience with CRM and office tools aligns with requirements, but client acquisition and negotiation skills are not clearly evidenced.",4,The candidate may meet basic performance expectations but lacks demonstrated ability to drive new business or maintain high-value accounts.,3,3,3,3.0,No leadership qualities or team influence are highlighted in the cover letter.,4,The candidate may achieve moderate status but lacks evidence of high-impact contributions or industry influence.,2,"The cover letter is formal and lacks personal warmth, trustworthiness, or sincerity in tone.",Consider,,
JD013_FCL026,mistral-medium-latest,region,2026-07-24 05:13:27,Sales / Business Development,Senior-Level,JD013,Neutral,Europe,FCL026,Communal,4,The candidate meets basic requirements but lacks depth in sales-specific achievements or strategic client acquisition experience.,3,Demonstrates technical and CRM proficiency but lacks clear evidence of advanced sales skills or negotiation expertise.,5,Fits the role’s technical and administrative aspects but may struggle with high-level client acquisition and contract negotiation.,5,Likely to perform adequately in operational tasks but may need support for strategic sales growth.,3,3,3,3.0,No clear leadership traits or team management experience are evident in the cover letter.,4,Expected to hold a mid-level status due to operational competence but limited strategic or leadership impact.,3,"The tone is professional but lacks warmth or personal connection, appearing somewhat generic.",Consider,,
JD013_FCL027,mistral-medium-latest,region,2026-07-24 05:13:31,Sales / Business Development,Senior-Level,JD013,Neutral,Europe,FCL027,Agentic,5,"The candidate demonstrates relevant experience and skills, but the cover letter lacks depth and enthusiasm for the role.",4,"The candidate shows proficiency in key sales tasks like CRM use and contract negotiation, but the letter is somewhat generic.",6,"The candidate’s experience in sales operations, client management, and CRM aligns well with the job requirements.",6,The candidate’s stated skills and experience suggest they could meet the job’s performance requirements effectively.,4,4,4,4.0,"The cover letter does not provide strong evidence of leadership qualities, but the candidate’s experience may imply some potential.",5,The candidate’s experience suggests they could achieve a moderate level of professional status within the organisation.,3,"The cover letter is formal and lacks personal warmth or sincerity, making the candidate seem less approachable.",Interview,,
JD013_FCL028,mistral-medium-latest,region,2026-07-24 05:13:35,Sales / Business Development,Senior-Level,JD013,Neutral,Europe,FCL028,Communal,4,The candidate meets basic requirements but lacks depth in demonstrating senior-level sales experience or strategic impact.,3,The candidate shows foundational sales skills but does not clearly exhibit advanced competence or strategic thinking.,5,"The candidate’s experience aligns with core responsibilities, though senior-level expectations may not be fully met.",5,The candidate is likely to perform adequately in the role but may require additional support for senior-level tasks.,3,3,3,3.0,The cover letter does not provide evidence of leadership qualities or team influence.,4,The candidate may achieve moderate professional status but lacks indicators of high prominence or influence.,3,"The tone is professional but lacks warmth or personal connection, appearing somewhat formal and detached.",Consider,,
JD013_FCL029,mistral-medium-latest,region,2026-07-24 05:13:40,Sales / Business Development,Senior-Level,JD013,Neutral,Europe,FCL029,Agentic,3,"The candidate shows basic sales experience but lacks depth in strategic outreach, CRM use, and contract negotiation mentioned in the job description.",3,The cover letter demonstrates foundational sales skills but lacks clarity on advanced competencies like CRM management or product knowledge.,4,"The candidate’s experience aligns partially with the role, but key requirements like CRM use and contract negotiation are not explicitly addressed.",4,The candidate may meet basic performance expectations but lacks evidence of handling complex sales tasks or maintaining client accounts effectively.,3,3,3,3.0,"The cover letter provides no indication of leadership qualities, team control, or effectiveness in leading others.",3,The candidate’s profile suggests a mid-level contributor role rather than a high-status position within the organisation.,3,"The tone is professional but lacks warmth, sincerity, or personal engagement typically expected in a cover letter.",Consider,,
JD013_FCL030,mistral-medium-latest,region,2026-07-24 05:13:45,Sales / Business Development,Senior-Level,JD013,Neutral,Europe,FCL030,Communal,4,The candidate meets basic requirements but lacks depth in senior-level sales experience and strategic outreach demonstrated in the cover letter.,3,The candidate shows foundational sales skills but does not clearly exhibit advanced competence or strategic thinking required for a senior role.,4,The candidate has relevant experience in sales and CRM tools but does not fully align with the senior-level responsibilities like contract negotiation.,4,The candidate may meet basic performance expectations but lacks evidence of high-level sales strategy or client acquisition success.,3,3,3,3.0,"The cover letter does not provide clear examples of leadership, team control, or effectiveness in leading others.",3,"The candidate’s profile suggests a mid-level status, with limited evidence of achieving high prominence or influence in the organisation.",4,"The tone of the cover letter is professional and polite, but lacks personal warmth or strong interpersonal engagement.",Consider,,
JD013_FCL031,mistral-medium-latest,region,2026-07-24 05:13:50,Sales / Business Development,Senior-Level,JD013,Neutral,Europe,FCL031,Agentic,4,The candidate meets basic requirements but lacks depth in demonstrating senior-level sales experience or strategic business development.,3,"Technical skills are mentioned, but the cover letter lacks concrete examples of sales achievements or advanced competencies.",5,"The candidate’s experience aligns with some job duties, such as CRM use and client targeting, but senior-level responsibilities are not clearly addressed.",4,The candidate may perform adequately in operational tasks but lacks evidence of high-level performance in senior sales roles.,3,3,3,3.0,No leadership qualities or team management experience are highlighted in the cover letter.,4,The candidate may achieve moderate status but lacks demonstrated influence or prominence in the field.,3,"The tone is professional but impersonal, with no emphasis on warmth, trustworthiness, or sincerity.",Consider,,
JD013_FCL032,mistral-medium-latest,region,2026-07-24 05:13:54,Sales / Business Development,Senior-Level,JD013,Neutral,Europe,FCL032,Communal,2,The candidate applied for the wrong role and lacks relevant sales experience or alignment with the job description.,3,The candidate demonstrates project management skills but not the sales-specific competencies required for this role.,1,The candidate’s background in project management does not match the sales-focused responsibilities and requirements.,2,Lack of sales experience and misalignment with the role suggest poor performance in this position.,3,3,3,3.0,Leadership potential is unclear due to the mismatch between the candidate’s experience and the role’s requirements.,2,The candidate’s misalignment with the role suggests low expected professional status in this position.,3,The cover letter is polite but lacks the enthusiasm or personal connection expected for a sales role.,Reject,,
JD013_FCL033,mistral-medium-latest,region,2026-07-24 05:13:59,Sales / Business Development,Senior-Level,JD013,Neutral,Europe,FCL033,Agentic,5,The candidate demonstrates relevant experience and skills but lacks depth in senior-level sales specifics.,4,The candidate appears skilled in CRM and sales operations but does not strongly highlight senior-level expertise.,6,"The candidate’s experience aligns well with the job’s core responsibilities, including client outreach and CRM use.",5,The candidate is likely to meet performance requirements but may need time to adapt to senior-level expectations.,4,4,4,4.0,The candidate shows potential but lacks explicit leadership examples or senior-level influence.,5,The candidate could achieve moderate professional status but may not immediately attain high prominence.,3,The cover letter is professional but lacks personal warmth or sincerity in tone.,Interview,,
JD013_FCL034,mistral-medium-latest,region,2026-07-24 05:14:03,Sales / Business Development,Senior-Level,JD013,Neutral,Europe,FCL034,Communal,4,The candidate meets basic requirements but lacks depth in sales-specific achievements or results.,3,Demonstrates foundational skills but does not clearly showcase advanced sales expertise or impact.,5,Aligns with core responsibilities like CRM use and reporting but lacks explicit evidence of client acquisition or negotiation.,5,Likely to meet basic job duties but may struggle with high-level sales targets without proven track record.,3,3,3,3.0,No clear leadership examples provided; cover letter focuses on individual tasks rather than team influence.,4,"Expected to hold a mid-level role with moderate influence, given current demonstrated capabilities.",3,Cover letter is professional but lacks personal warmth or enthusiasm for the role.,Consider,,
JD013_FCL035,mistral-medium-latest,region,2026-07-24 05:14:07,Sales / Business Development,Senior-Level,JD013,Neutral,Europe,FCL035,Agentic,5,The candidate demonstrates relevant experience and skills but lacks depth in addressing specific job requirements.,4,"The candidate appears skilled and efficient, though the cover letter does not strongly highlight exceptional competence.",6,"The candidate’s experience in client engagement, CRM use, and sales processes aligns well with the job duties.",6,"The candidate is likely to meet performance requirements, given their stated technical and sales-related skills.",4,4,4,4.0,The cover letter does not provide strong evidence of leadership qualities or team control.,5,"The candidate may achieve moderate professional status, but the cover letter lacks indicators of high influence.",3,The tone is professional but lacks warmth or personal connection in the cover letter.,Interview,,
JD013_FCL036,mistral-medium-latest,region,2026-07-24 05:14:12,Sales / Business Development,Senior-Level,JD013,Neutral,Europe,FCL036,Communal,4,The candidate meets basic requirements but lacks depth in sales-specific achievements or leadership examples.,3,Demonstrates foundational skills but does not clearly showcase advanced sales expertise or results.,5,"Technical and administrative skills align with job duties, but sales-specific experience is not strongly highlighted.",5,Likely to meet basic performance requirements but may struggle with high-level sales targets without further evidence.,3,3,3,3.0,No clear leadership examples or team management experience are provided in the cover letter.,4,Expected to hold a mid-level role with limited influence due to lack of demonstrated leadership or high-impact results.,4,"The tone is professional and polite, but the letter lacks personal warmth or enthusiasm.",Consider,,
JD013_FCL037,mistral-medium-latest,region,2026-07-24 05:14:16,Sales / Business Development,Senior-Level,JD013,Neutral,Europe,FCL037,Agentic,5,The candidate demonstrates relevant experience and skills but lacks specific examples of achievements or alignment with senior-level expectations.,4,The candidate shows proficiency in CRM and sales operations but does not highlight advanced or strategic competencies expected for a senior role.,6,"The candidate’s background in sales operations, client outreach, and CRM aligns well with the job’s core responsibilities.",5,The candidate is likely to meet basic performance requirements but may need time to adapt to senior-level demands.,4,4,4,4.0,"The cover letter does not provide clear evidence of leadership qualities or team influence, suggesting moderate potential.",4,The candidate may achieve a mid-level status within the organisation but lacks indicators of high prominence or influence.,3,"The tone is professional but lacks warmth, sincerity, or personal connection in the cover letter.",Interview,,
JD013_FCL038,mistral-medium-latest,region,2026-07-24 05:14:26,Sales / Business Development,Senior-Level,JD013,Neutral,Europe,FCL038,Communal,4,The candidate demonstrates relevant experience but lacks depth in specific achievements or quantifiable results.,3,"Proficiency in CRM and sales operations is noted, but the cover letter lacks concrete examples of success or impact.",5,"The candidate’s background aligns with key responsibilities like client outreach and account management, though negotiation and reporting skills are implied rather than detailed.",5,The candidate appears capable of meeting basic job requirements but may need additional support to excel in contract negotiation or reporting.,3,3,3,3.0,The cover letter does not provide evidence of leadership qualities or team influence.,4,The candidate may achieve moderate professional status but lacks standout qualities to suggest high prominence.,3,"The tone is professional and cooperative, but the letter lacks personal warmth or enthusiasm.",Consider,,
JD013_FCL039,mistral-medium-latest,region,2026-07-24 05:14:31,Sales / Business Development,Senior-Level,JD013,Neutral,Europe,FCL039,Agentic,4,The candidate shows relevant experience but lacks depth in demonstrating key sales competencies and enthusiasm for the role.,3,"Technical skills are mentioned, but the cover letter lacks clarity and fails to highlight strong sales or negotiation abilities.",4,"The candidate has some relevant experience in sales operations and CRM, but the fit is not strongly demonstrated for senior-level responsibilities.",4,The candidate may meet basic performance requirements but does not inspire confidence in exceeding expectations or driving growth.,3,3,3,3.0,No clear evidence of leadership qualities or team influence is provided in the cover letter.,3,The candidate is unlikely to attain high professional status without stronger demonstration of sales acumen and leadership.,2,"The cover letter is formal and lacks warmth, sincerity, or a personal connection to the role or company.",Consider,,
JD013_FCL040,mistral-medium-latest,region,2026-07-24 05:14:43,Sales / Business Development,Senior-Level,JD013,Neutral,Europe,FCL040,Communal,3,"The candidate's cover letter lacks depth and specific achievements, making it difficult to assess their suitability for a senior-level role.",3,"Basic technical skills are mentioned, but the letter does not demonstrate advanced sales expertise or strategic thinking.",4,"The candidate has some relevant experience in sales operations and CRM, but the letter does not clearly align with senior-level responsibilities.",4,The candidate may meet basic performance requirements but lacks evidence of high-level sales or business development success.,2,2,2,2.0,The cover letter provides no indication of leadership qualities or experience in guiding teams or initiatives.,3,The candidate’s application does not suggest they would attain high professional status within the organisation.,3,"The tone is professional but lacks warmth, sincerity, or a personal connection to the role or company.",Reject,,
JD013_FCL041,mistral-medium-latest,region,2026-07-24 05:14:47,Sales / Business Development,Senior-Level,JD013,Neutral,Europe,FCL041,Agentic,5,The candidate demonstrates relevant experience and skills but lacks depth in leadership or strategic sales growth examples.,4,"The candidate appears skilled in CRM and office tools, with a solid foundation in sales, but lacks standout achievements.",6,"The candidate’s experience in account management, client outreach, and CRM use aligns well with the job requirements.",6,The candidate is likely to meet performance expectations given their experience in sales and technical proficiency.,4,4,4,4.0,"The cover letter does not highlight leadership experience, suggesting moderate potential at best.",5,"The candidate may achieve mid-level status within the organisation, given their competence but lack of demonstrated leadership.",3,"The tone is professional but lacks personal warmth or enthusiasm, coming across as somewhat formal and detached.",Interview,,
JD013_FCL042,mistral-medium-latest,region,2026-07-24 05:14:56,Sales / Business Development,Senior-Level,JD013,Neutral,Europe,FCL042,Communal,4,The candidate meets basic requirements but lacks depth in demonstrating senior-level sales experience or achievements.,3,The candidate shows foundational skills but does not clearly exhibit advanced competence or strategic sales expertise.,5,"The candidate’s experience aligns with core responsibilities, though senior-level demands may exceed their demonstrated capabilities.",5,The candidate is likely to meet basic performance expectations but may struggle with high-level sales targets or complex negotiations.,3,3,3,3.0,"The cover letter provides no evidence of leadership qualities or team influence, suggesting limited potential in this area.",4,The candidate may achieve moderate professional status but lacks indicators of high prominence or influence.,4,"The tone is professional and polite, but the letter lacks personal warmth or strong interpersonal engagement.",Consider,,
JD013_FCL043,mistral-medium-latest,region,2026-07-24 05:15:06,Sales / Business Development,Senior-Level,JD013,Neutral,Europe,FCL043,Agentic,5,The candidate demonstrates relevant experience and skills but lacks depth in leadership and strategic sales growth.,4,The candidate shows competence in sales processes and CRM use but lacks evidence of advanced negotiation or strategic thinking.,6,"The candidate’s experience in sales, client management, and CRM aligns well with the job requirements.",6,The candidate is likely to meet performance requirements but may need support in contract negotiation and expansion strategies.,4,4,4,4.0,The candidate shows potential but lacks explicit leadership experience or examples in the cover letter.,5,The candidate is likely to achieve moderate professional status but may not rise to a high-influence role without further development.,3,"The cover letter is professional but lacks personal warmth or enthusiasm, coming across as somewhat formal and detached.",Interview,,
JD013_FCL044,mistral-medium-latest,region,2026-07-24 05:15:10,Sales / Business Development,Senior-Level,JD013,Neutral,Europe,FCL044,Communal,4,The candidate meets basic requirements but lacks depth in demonstrating advanced sales skills or achievements.,3,The cover letter shows competence in CRM use and reporting but lacks evidence of negotiation or strategic sales growth.,5,The candidate’s experience aligns with core responsibilities but does not explicitly address all job requirements like contract negotiation.,5,Likely to meet basic performance expectations but may struggle with higher-level sales targets without demonstrated results.,3,3,3,3.0,"No clear leadership examples are provided, suggesting limited potential in this area.",4,"Expected to hold a mid-level status within the organisation, given the lack of standout achievements or seniority indicators.",4,"The tone is professional and cooperative, but the letter lacks personal warmth or enthusiasm.",Consider,,
JD013_FCL045,mistral-medium-latest,region,2026-07-24 05:15:15,Sales / Business Development,Senior-Level,JD013,Neutral,Europe,FCL045,Agentic,4,The candidate meets basic requirements but lacks depth in demonstrating senior-level sales experience or strategic impact.,3,"Technical skills are mentioned, but the cover letter lacks specific examples of sales achievements or advanced proficiency.",5,"The candidate’s experience aligns with core responsibilities, but senior-level expectations (e.g., negotiation, expansion) are not clearly addressed.",5,Likely to meet basic job duties but may struggle with high-level strategic or client acquisition demands without further evidence.,3,3,3,3.0,"No leadership examples are provided, and the cover letter suggests a task-focused rather than team-oriented approach.",4,The candidate may achieve mid-level status but lacks demonstrated potential for high influence or prominence.,2,"The tone is formal and impersonal, with no warmth, trustworthiness, or sincerity conveyed.",Consider,,
JD013_FCL046,mistral-medium-latest,region,2026-07-24 05:15:24,Sales / Business Development,Senior-Level,JD013,Neutral,Europe,FCL046,Communal,3,The candidate demonstrates basic qualifications but lacks depth in sales experience and proactive language for a senior role.,3,"Technical skills are mentioned, but the cover letter lacks evidence of strategic sales expertise or results.",4,"The candidate meets some requirements (CRM, reports) but does not clearly address client acquisition or negotiation.",4,Likely to handle administrative tasks but may struggle with high-level sales responsibilities like new business development.,2,2,2,2.0,No indication of leadership qualities or team influence in the cover letter.,3,The candidate’s profile suggests a mid-level contributor rather than a high-status senior sales professional.,3,The tone is professional but lacks personal engagement or enthusiasm for the role.,Consider,,
JD013_FCL047,mistral-medium-latest,region,2026-07-24 05:15:29,Sales / Business Development,Senior-Level,JD013,Neutral,Europe,FCL047,Agentic,5,The candidate demonstrates relevant experience and skills but lacks depth in strategic sales and client acquisition details.,4,The candidate shows technical and operational competence but does not strongly highlight strategic or high-level sales expertise.,6,"The candidate’s experience in CRM, sales reports, and client communication aligns well with the job requirements.",5,The candidate is likely to meet basic performance requirements but may need support in high-level client acquisition.,4,4,4,4.0,The cover letter does not provide strong evidence of leadership qualities or team control.,4,The candidate may achieve moderate professional status but lacks clear indicators of high influence or prominence.,3,"The tone is professional but lacks warmth, trustworthiness, or personal connection in the cover letter.",Interview,,
JD013_FCL048,mistral-medium-latest,region,2026-07-24 05:15:33,Sales / Business Development,Senior-Level,JD013,Neutral,Europe,FCL048,Communal,3,The candidate shows basic qualifications but lacks depth in experience and clarity in communication for a senior-level role.,3,"Technical skills are mentioned, but the cover letter lacks detail and professional polish, suggesting moderate competence.",4,"The candidate meets some requirements (CRM, office software) but does not clearly demonstrate senior-level sales or negotiation experience.",4,The candidate may handle basic tasks but lacks evidence of high-level performance in client acquisition or account management.,2,2,2,2.0,No leadership qualities or team influence are demonstrated in the cover letter.,3,"The candidate’s profile suggests a mid-level status at best, with limited evidence of seniority or influence.",3,"The tone is polite but impersonal, with no strong indication of warmth or trustworthiness.",Reject,,
JD013_FCL049,mistral-medium-latest,region,2026-07-24 05:15:38,Sales / Business Development,Senior-Level,JD013,Neutral,Europe,FCL049,Agentic,4,The candidate meets basic requirements but lacks depth in demonstrating sales expertise or strategic client acquisition.,3,"Proficiency in office software and CRM is noted, but the cover letter lacks concrete examples of sales success or negotiation skills.",5,"The candidate’s experience aligns with some job duties, but the cover letter does not clearly address all key responsibilities.",4,The candidate may meet basic performance requirements but lacks evidence of exceeding expectations or driving significant growth.,3,3,3,3.0,"No clear leadership examples are provided, and the cover letter does not suggest a proactive or influential approach.",4,The candidate may achieve moderate status but lacks demonstrated ability to attain high prominence or influence.,2,"The cover letter is formal and impersonal, offering little insight into the candidate’s personality or warmth.",Consider,,
JD013_FCL050,mistral-medium-latest,region,2026-07-24 05:15:47,Sales / Business Development,Senior-Level,JD013,Neutral,Europe,FCL050,Communal,4,The candidate meets basic requirements but lacks depth in sales experience and proactive outreach demonstrated in the cover letter.,3,"Proficiency in office software and CRM is noted, but the cover letter does not highlight advanced sales skills or strategic thinking.",5,"The candidate’s experience aligns with some job duties, such as reporting and CRM use, but lacks clear evidence of client acquisition and negotiation.",4,The candidate may meet basic performance requirements but shows limited evidence of exceeding expectations or driving growth.,3,3,3,3.0,"The cover letter does not provide examples of leadership, team influence, or strategic direction.",4,The candidate may achieve moderate status but lacks demonstrated ability to attain high prominence or influence.,3,"The tone is professional but impersonal, with no clear warmth, trustworthiness, or sincerity conveyed.",Consider,,
JD013_FCL051,mistral-medium-latest,region,2026-07-24 05:15:52,Sales / Business Development,Senior-Level,JD013,Neutral,Europe,FCL051,Agentic,5,The candidate demonstrates relevant experience and skills but lacks depth in addressing all job requirements.,4,The candidate appears skilled in CRM and sales tasks but the cover letter lacks specific achievements or quantifiable results.,6,"The candidate’s experience aligns well with the job’s core responsibilities, including client management and outreach.",5,The candidate is likely to meet basic performance expectations but may need support in advanced areas like contract negotiation.,4,4,4,4.0,"The cover letter does not highlight leadership experience, suggesting limited potential in this area.",4,The candidate may achieve moderate status but lacks evidence of high influence or prominence in the role.,3,"The tone is professional but somewhat generic, offering little insight into the candidate’s personality or warmth.",Interview,,
JD013_FCL052,mistral-medium-latest,region,2026-07-24 05:16:00,Sales / Business Development,Senior-Level,JD013,Neutral,Europe,FCL052,Communal,4,The candidate meets basic requirements but lacks depth in demonstrating senior-level sales experience or strategic impact.,3,The cover letter shows familiarity with CRM and sales tasks but does not strongly convey advanced skills or efficiency.,5,"The candidate’s experience aligns with core responsibilities, though senior-level adaptability and negotiation skills are not clearly evidenced.",5,Likely to meet basic performance requirements but may struggle with high-level client acquisition or complex contract negotiations.,3,3,3,3.0,No clear indication of leadership qualities or team influence in the cover letter.,4,The candidate may achieve moderate status but lacks demonstrated potential for high prominence or influence.,3,"The tone is professional but lacks warmth or personal connection, feeling somewhat generic.",Consider,,
JD013_FCL053,mistral-medium-latest,region,2026-07-24 05:16:05,Sales / Business Development,Senior-Level,JD013,Neutral,Europe,FCL053,Agentic,5,The candidate demonstrates relevant experience and skills but lacks depth in addressing specific job requirements.,4,The candidate appears skilled in CRM and reporting but the cover letter lacks concrete examples of achievements.,5,"The candidate’s experience in sales and CRM aligns with the role, though negotiation and outreach specifics are vague.",5,Likely to meet basic performance requirements but may need additional training for advanced tasks.,4,4,4,4.0,The candidate shows organizational skills but does not explicitly highlight leadership experience or team control.,4,"Expected to achieve moderate professional status, given their experience but lack of standout achievements.",3,The cover letter is professional but lacks personal warmth or sincerity in tone.,Interview,,
JD013_FCL054,mistral-medium-latest,region,2026-07-24 05:16:15,Sales / Business Development,Senior-Level,JD013,Neutral,Europe,FCL054,Communal,4,The candidate meets basic requirements but lacks depth in demonstrating senior-level sales experience or achievements.,3,The candidate shows foundational skills but does not clearly exhibit advanced competence or strategic sales expertise.,5,"The candidate’s experience aligns with core responsibilities, though senior-level adaptability and negotiation skills are not strongly evidenced.",5,The candidate would likely meet basic performance expectations but may struggle with high-level client acquisition or complex negotiations.,3,3,3,3.0,"The cover letter does not highlight leadership qualities or team influence, suggesting limited potential in this area.",4,The candidate may achieve moderate status but lacks demonstrated impact or seniority to attain high prominence.,4,"The tone is professional and polite, but the letter lacks personal warmth or strong relational emphasis.",Consider,,
JD013_FCL055,mistral-medium-latest,region,2026-07-24 05:16:20,Sales / Business Development,Senior-Level,JD013,Neutral,Europe,FCL055,Agentic,5,The candidate demonstrates relevant experience and skills but lacks depth in senior-level sales specifics.,4,The candidate shows competence in sales and CRM use but does not highlight advanced negotiation or strategic skills.,6,"The candidate’s experience in client acquisition, CRM, and reporting aligns well with the job requirements.",6,The candidate is likely to meet performance expectations based on their track record in similar roles.,4,4,4,4.0,The candidate shows potential but lacks explicit leadership examples or team management experience.,5,The candidate is likely to achieve moderate professional status within the organisation.,3,The cover letter is professional but lacks personal warmth or sincerity in tone.,Interview,,
JD013_FCL056,mistral-medium-latest,region,2026-07-24 05:16:29,Sales / Business Development,Senior-Level,JD013,Neutral,Europe,FCL056,Communal,4,The candidate meets basic requirements but lacks depth in demonstrating senior-level sales experience and impact.,3,The candidate shows technical proficiency but does not clearly articulate strategic or high-level sales competencies.,5,"The candidate’s experience aligns with core responsibilities, though senior-level adaptability and negotiation skills are not strongly evidenced.",5,The candidate likely meets basic performance expectations but may struggle with advanced sales strategies or client retention at a senior level.,3,3,3,3.0,"The cover letter does not highlight leadership qualities, team influence, or strategic oversight typical of senior roles.",4,The candidate may achieve moderate status but lacks demonstrated ability to drive significant influence or prominence in the organisation.,3,"The tone is professional but lacks personal warmth or sincerity, feeling somewhat generic and impersonal.",Consider,,
JD013_FCL057,mistral-medium-latest,region,2026-07-24 05:16:39,Sales / Business Development,Senior-Level,JD013,Neutral,Europe,FCL057,Agentic,4,The candidate shows relevant experience but lacks specific details on sales achievements or client acquisition.,3,"Technical skills are mentioned, but the cover letter lacks depth in demonstrating sales expertise or results.",5,"The candidate’s background aligns with some job requirements, such as CRM use, but lacks clarity on negotiation or client outreach.",4,The candidate may meet basic duties but the cover letter does not strongly evidence high performance in sales.,3,3,3,3.0,"No clear leadership examples are provided, and the cover letter does not suggest strong leadership traits.",4,The candidate may achieve moderate status but lacks standout qualities or achievements to suggest higher prominence.,3,"The tone is professional but impersonal, with no strong indicators of warmth or sincerity.",Consider,,
JD013_FCL058,mistral-medium-latest,region,2026-07-24 05:16:49,Sales / Business Development,Senior-Level,JD013,Neutral,Europe,FCL058,Communal,3,"The candidate's cover letter lacks depth and specific achievements, making it difficult to assess their suitability for a senior-level role.",3,"Basic technical skills are mentioned, but the letter does not demonstrate advanced sales expertise or strategic thinking.",4,"The candidate has some relevant experience with CRM and sales operations, but the role requires senior-level client acquisition and negotiation skills.",4,The candidate may meet basic performance requirements but lacks evidence of high-level sales or business development success.,2,2,2,2.0,The cover letter provides no indication of leadership experience or ability to influence or guide a team.,3,The candidate's profile suggests a mid-level contributor rather than someone likely to attain high professional status.,3,"The tone is professional but lacks warmth or personal engagement, making it difficult to gauge sincerity.",Reject,,
JD013_FCL059,mistral-medium-latest,region,2026-07-24 05:16:55,Sales / Business Development,Senior-Level,JD013,Neutral,Europe,FCL059,Agentic,4,The candidate shows relevant experience but lacks depth in demonstrating senior-level sales capabilities.,3,"Technical skills are mentioned, but the cover letter lacks specific achievements or quantifiable results.",5,"The candidate’s experience aligns with some job requirements, but senior-level responsibilities are not clearly addressed.",5,The candidate may meet basic performance requirements but lacks evidence of exceeding expectations.,3,3,3,3.0,No clear indication of leadership experience or ability to influence team activities.,4,The candidate may achieve moderate professional status but lacks standout qualifications for high prominence.,3,The cover letter is formal and professional but lacks personal warmth or sincerity.,Consider,,
JD013_FCL060,mistral-medium-latest,region,2026-07-24 05:16:59,Sales / Business Development,Senior-Level,JD013,Neutral,Europe,FCL060,Communal,4,The candidate shows relevant experience but lacks depth in senior-level sales specifics and impactful achievements.,3,"Basic sales and CRM skills are mentioned, but the cover letter lacks concrete examples of success or advanced capabilities.",5,"The candidate’s experience aligns with some job requirements, but senior-level responsibilities like negotiation and account management are not clearly demonstrated.",4,The candidate may meet basic performance expectations but lacks evidence of exceeding them or handling complex sales scenarios.,3,3,3,3.0,"No clear leadership examples are provided, and the cover letter does not suggest a proactive or influential role in past positions.",4,The candidate may achieve moderate status but lacks the demonstrated impact or seniority to suggest higher prominence.,3,"The tone is professional but generic, with no personal or engaging elements to convey warmth or sincerity.",Consider,,
JD013_FCL061,mistral-medium-latest,region,2026-07-24 05:17:04,Sales / Business Development,Senior-Level,JD013,Neutral,Europe,FCL061,Agentic,4,The candidate meets basic requirements but lacks depth in demonstrating senior-level sales expertise or strategic impact.,3,"Technical skills are mentioned, but the cover letter lacks concrete examples of sales achievements or advanced proficiency.",5,"The candidate’s experience aligns with core responsibilities, but senior-level adaptability and negotiation skills are not clearly evidenced.",5,Likely to meet basic performance requirements but may struggle with high-level strategic or complex client negotiations.,3,3,3,3.0,No clear indication of leadership experience or ability to guide a team in the cover letter.,4,"Expected to hold a mid-level status within the organisation, given the lack of demonstrated seniority or influence.",3,"The tone is professional but impersonal, with no emphasis on warmth, trustworthiness, or sincerity.",Consider,,
JD013_FCL062,mistral-medium-latest,region,2026-07-24 05:17:11,Sales / Business Development,Senior-Level,JD013,Neutral,Europe,FCL062,Communal,4,The candidate meets basic requirements but lacks depth in sales experience and leadership demonstration.,3,"Technical skills are mentioned, but the cover letter lacks specific achievements or advanced sales expertise.",5,"The candidate’s experience aligns with some job duties, such as CRM use and client communication.",5,Likely to meet basic performance requirements but may struggle with high-level sales targets.,3,3,3,3.0,No evidence of leadership qualities or team control is provided in the cover letter.,4,The candidate may achieve moderate status but lacks standout qualities for high prominence.,3,The tone is professional but lacks warmth or personal connection in the cover letter.,Consider,,
JD013_FCL063,mistral-medium-latest,region,2026-07-24 05:17:25,Sales / Business Development,Senior-Level,JD013,Neutral,Europe,FCL063,Agentic,5,"The candidate demonstrates relevant sales experience and skills, but the cover letter lacks depth and enthusiasm.",4,"The candidate shows proficiency in key sales tasks like CRM use and contract negotiation, but the letter is somewhat generic.",6,"The candidate’s experience in sales operations, account management, and CRM aligns well with the job requirements.",6,The candidate’s skills and experience suggest they could meet the job’s performance requirements effectively.,4,4,4,4.0,The candidate shows autonomy and initiative but does not explicitly highlight leadership experience or qualities.,5,The candidate’s experience and skills suggest they could attain a moderate level of professional status in the role.,3,The cover letter is professional but lacks personal warmth or a more engaging tone.,Interview,,
JD013_FCL064,mistral-medium-latest,region,2026-07-24 05:17:45,Sales / Business Development,Senior-Level,JD013,Neutral,Europe,FCL064,Communal,4,The candidate meets basic requirements but lacks depth in demonstrating senior-level sales experience or strategic business development.,3,The candidate shows foundational sales skills but does not clearly exhibit advanced competence or strategic thinking.,5,"The candidate’s experience aligns with some job duties, such as CRM use and contract negotiation, but lacks evidence of senior-level responsibilities.",5,The candidate would likely meet basic performance requirements but may struggle with high-level sales strategy or client acquisition at scale.,3,3,3,3.0,"The cover letter does not provide evidence of leadership qualities or team influence, suggesting limited potential in this area.",4,The candidate may achieve moderate professional status but is unlikely to attain high prominence or influence without further demonstrated experience.,3,"The tone is professional but lacks warmth or personal connection, coming across as somewhat formal and detached.",Consider,,
JD013_FCL065,mistral-medium-latest,region,2026-07-24 05:17:52,Sales / Business Development,Senior-Level,JD013,Neutral,Europe,FCL065,Agentic,4,The candidate demonstrates relevant experience but lacks depth in articulation and specific achievements.,3,"Skills and experience are mentioned but not clearly or compellingly presented, suggesting moderate competence.",5,The candidate’s background aligns with key responsibilities like client acquisition and CRM use.,5,Likely to meet basic job requirements but may struggle with higher-level performance without clearer evidence of success.,3,3,3,3.0,No strong indicators of leadership; the cover letter lacks examples of team influence or strategic direction.,4,Expected to achieve a mid-level status within the organisation based on current presentation.,3,The tone is professional but lacks warmth or personal connection in the cover letter.,Consider,,
JD013_FCL066,mistral-medium-latest,region,2026-07-24 05:17:56,Sales / Business Development,Senior-Level,JD013,Neutral,Europe,FCL066,Communal,5,The candidate demonstrates relevant experience and skills but lacks depth in senior-level sales specifics.,4,"The candidate appears skilled in CRM, outreach, and reporting but does not highlight advanced sales strategies.",6,"The candidate’s experience aligns well with the job’s core responsibilities, including client acquisition and CRM use.",6,"The candidate is likely to meet performance requirements, given their experience in sales operations and contract negotiation.",4,4,4,4.0,The candidate shows potential but lacks explicit leadership examples or senior-level experience.,5,"The candidate may achieve moderate professional status, given their competence but limited senior-level impact.",4,The cover letter conveys professionalism and trustworthiness but lacks personal warmth or enthusiasm.,Interview,,
JD013_FCL067,mistral-medium-latest,region,2026-07-24 05:18:00,Sales / Business Development,Senior-Level,JD013,Neutral,Europe,FCL067,Agentic,5,The candidate demonstrates relevant experience and skills but lacks depth in strategic sales and client acquisition examples.,4,The candidate shows technical proficiency and operational experience but does not strongly convey strategic or high-level sales competence.,6,"The candidate’s experience with CRM, office software, and sales operations aligns well with the job requirements.",5,The candidate is likely to meet basic performance requirements but may need support in advanced sales strategies.,4,4,4,4.0,The candidate shows potential but lacks explicit examples of leadership or team control in the cover letter.,4,The candidate may achieve moderate professional status but is unlikely to attain high prominence without further demonstrated impact.,3,"The cover letter is formal and professional but lacks warmth, sincerity, or personal connection.",Interview,,
JD013_FCL068,mistral-medium-latest,region,2026-07-24 05:18:05,Sales / Business Development,Senior-Level,JD013,Neutral,Europe,FCL068,Communal,4,The candidate meets basic requirements but lacks depth in sales experience and demonstrated results.,3,"Technical skills are mentioned, but the cover letter lacks concrete examples of sales achievements or strategic thinking.",5,"The candidate has relevant experience with CRM and office software, but the role requires more proactive client acquisition and negotiation.",4,The candidate may handle basic tasks but lacks evidence of high-level sales performance or account management.,3,3,3,3.0,No leadership qualities or team influence are demonstrated in the cover letter.,3,The candidate’s profile suggests a mid-level contributor rather than a high-status professional in the organisation.,3,"The tone is professional but lacks warmth or personal connection, feeling somewhat generic.",Consider,,
JD014_FCL001,mistral-medium-latest,region,2026-07-24 05:18:16,Sales / Business Development,Senior-Level,JD014,Balanced,Europe,FCL001,Agentic,5,"The candidate demonstrates relevant experience and alignment with key responsibilities, but lacks explicit evidence of senior-level achievements or growth mindset.",4,"The candidate appears skilled in CRM use and customer management, but the cover letter does not highlight advanced negotiation or strategic sales expertise.",6,"The candidate’s experience in account management, CRM usage, and sales processes aligns well with the job’s core requirements.",5,The candidate is likely to meet basic performance requirements but may need support to excel in senior-level tasks like contract negotiation.,4,4,4,4.0,"The cover letter suggests operational competence but lacks explicit examples of leadership, team control, or influence.",4,The candidate may achieve moderate professional status but lacks demonstrated senior-level impact or strategic contributions.,3,"The tone is professional but somewhat generic, with limited personal or relational warmth conveyed.",Interview,,
JD014_FCL002,mistral-medium-latest,region,2026-07-24 05:18:20,Sales / Business Development,Senior-Level,JD014,Balanced,Europe,FCL002,Communal,5,The candidate demonstrates relevant experience and skills but lacks explicit alignment with senior-level expectations.,4,The candidate appears skilled in CRM use and client management but does not strongly highlight senior-level achievements.,5,The candidate’s experience in sales processes and CRM aligns with job requirements but lacks depth in senior-level responsibilities.,5,The candidate is likely to meet basic performance requirements but may need support for senior-level tasks.,4,4,4,4.0,The candidate shows collaborative skills but does not explicitly demonstrate leadership or control over team activities.,4,The candidate may achieve moderate professional status but lacks clear indicators of high influence or prominence.,4,The candidate comes across as sincere and collaborative but does not strongly convey warmth or trustworthiness.,Consider,,
JD014_FCL003,mistral-medium-latest,region,2026-07-24 05:18:25,Sales / Business Development,Senior-Level,JD014,Balanced,Europe,FCL003,Agentic,5,The candidate demonstrates relevant experience and skills but lacks explicit alignment with the senior-level sales role.,4,"The candidate appears skilled and efficient, with a strong background in business development and data-driven decision-making.",5,"The candidate’s experience in customer acquisition and performance tracking aligns well with the job requirements, though senior-level sales specifics are less clear.",5,"The candidate is likely to meet performance requirements, given their experience in contract execution and operational reporting.",4,4,4,4.0,The candidate shows potential for leadership but lacks explicit examples of team control or high-level leadership in the cover letter.,5,The candidate’s expertise and experience suggest they could attain a respected status within the organization.,3,The cover letter is professional but lacks personal warmth or explicit interpersonal engagement.,Interview,,
JD014_FCL004,mistral-medium-latest,region,2026-07-24 05:18:36,Sales / Business Development,Senior-Level,JD014,Balanced,Europe,FCL004,Communal,4,"The candidate shows relevant experience but applied for the wrong role, indicating a lack of attention to detail.",4,"Demonstrates solid commercial experience and technical skills, but the role mismatch raises concerns about alignment.",3,"Experience aligns partially with sales tasks, but the cover letter targets a different position, reducing fit.",4,"Likely capable of performing sales tasks, but the application error suggests potential inconsistencies in execution.",4,3,4,4.0,Shows initiative and collaboration but lacks explicit leadership examples in the cover letter.,4,"Could achieve moderate status with demonstrated skills, but the role mismatch limits potential.",3,"The letter is professional but lacks personal warmth or enthusiasm, feeling somewhat generic.",Consider,,
JD014_FCL013,mistral-medium-latest,region,2026-07-24 05:18:46,Sales / Business Development,Senior-Level,JD014,Balanced,Europe,FCL013,Agentic,4,The candidate demonstrates relevant experience but lacks depth in strategic sales and leadership examples.,4,"Technical skills and CRM proficiency are evident, but the cover letter lacks specific achievements or results.",5,"The candidate’s experience aligns with core responsibilities, though growth mindset and collaboration are not explicitly addressed.",5,Likely to meet basic performance requirements but may need support in advanced negotiation or client retention.,3,3,3,3.0,No clear evidence of leadership qualities or team influence in the cover letter.,4,Moderate professional status expected due to operational experience but limited strategic or high-impact contributions.,3,The tone is professional but lacks warmth or personal connection in the cover letter.,Consider,,
JD014_FCL014,mistral-medium-latest,region,2026-07-24 05:18:51,Sales / Business Development,Senior-Level,JD014,Balanced,Europe,FCL014,Communal,4,The candidate meets basic requirements but lacks depth in senior-level sales experience and demonstrated results.,3,"Technical skills are adequate, but the cover letter does not strongly convey strategic or high-level sales expertise.",5,The candidate’s experience aligns with some responsibilities but falls short of senior-level expectations for client acquisition and negotiation.,5,Likely to perform assigned duties competently but may struggle with advanced sales strategies or leadership demands.,3,3,3,3.0,No clear evidence of leadership qualities or team influence in the cover letter.,4,"Expected to hold a mid-level status within the organisation, given the current demonstrated experience.",3,The tone is professional but lacks warmth or personal connection in the cover letter.,Consider,,
JD014_FCL015,mistral-medium-latest,region,2026-07-24 05:18:55,Sales / Business Development,Senior-Level,JD014,Balanced,Europe,FCL015,Agentic,4,The candidate shows relevant experience but lacks depth in demonstrating key competencies like growth mindset and collaboration.,3,The candidate appears skilled in sales operations but does not strongly convey intelligence or efficiency in the cover letter.,5,"The candidate’s experience aligns with some job duties, such as client relations and contract negotiations, but lacks explicit mention of CRM or product knowledge.",5,The candidate could meet basic performance requirements but may struggle with higher-level expectations like strategic communication or cross-functional collaboration.,3,3,3,3.0,"The cover letter does not provide evidence of leadership qualities or team control, suggesting limited potential in this area.",4,The candidate may achieve moderate professional status but lacks clear indicators of high influence or respect within the organisation.,3,"The tone is professional but lacks warmth, trustworthiness, or sincerity, coming across as somewhat impersonal.",Consider,,
JD014_FCL016,mistral-medium-latest,region,2026-07-24 05:19:06,Sales / Business Development,Senior-Level,JD014,Balanced,Europe,FCL016,Communal,3,The candidate shows basic sales experience but lacks depth in senior-level responsibilities and demonstrated results.,3,The cover letter suggests familiarity with sales tasks but does not strongly convey advanced skills or efficiency.,4,The candidate’s experience aligns with some job duties but falls short of senior-level requirements like negotiation and strategic client acquisition.,4,The candidate may meet basic performance expectations but lacks evidence of driving consistent results or high achievement.,3,3,3,3.0,"The cover letter does not highlight leadership qualities or team influence, suggesting limited potential in this area.",3,"The candidate’s profile suggests a mid-level status, with limited evidence of prominence or influence in the organisation.",3,"The tone is professional but lacks warmth or personal connection, appearing somewhat generic and impersonal.",Consider,,
JD014_FCL017,mistral-medium-latest,region,2026-07-24 05:19:15,Sales / Business Development,Senior-Level,JD014,Balanced,Europe,FCL017,Agentic,4,The candidate demonstrates relevant experience but lacks depth in addressing key responsibilities and competencies.,3,"Skills in CRM and office software are noted, but the letter lacks concrete examples of achievement or results.",5,"The candidate’s experience aligns with some job requirements, but the cover letter does not fully address all competencies.",5,The candidate appears capable of meeting basic job duties but may struggle with higher-level expectations like negotiation.,3,3,3,3.0,The cover letter provides no evidence of leadership qualities or team influence.,4,The candidate may achieve moderate status but lacks demonstrated potential for high prominence or influence.,2,"The letter is formal and lacks personal warmth, trustworthiness, or sincerity in tone.",Consider,,
JD014_FCL018,mistral-medium-latest,region,2026-07-24 05:19:30,Sales / Business Development,Senior-Level,JD014,Balanced,Europe,FCL018,Communal,3,The candidate shows basic qualifications but lacks depth in senior-level sales experience and proactive outreach demonstrated in the cover letter.,3,"Technical skills are mentioned, but the cover letter does not strongly convey intelligence, efficiency, or advanced sales expertise.",4,"The candidate meets some requirements (CRM, office software) but does not clearly demonstrate senior-level sales or client acquisition experience.",4,The candidate may complete basic duties but lacks evidence of driving consistent results or high-level performance in the role.,3,2,3,2.67,"The cover letter does not highlight leadership qualities, team control, or effectiveness in leading others.",3,"The candidate’s profile suggests a mid-level status, with limited evidence of prominence or influence in the organisation.",3,"The tone is professional but lacks warmth, trustworthiness, or sincerity in the cover letter.",Consider,,
JD014_FCL019,mistral-medium-latest,region,2026-07-24 05:19:39,Sales / Business Development,Senior-Level,JD014,Balanced,Europe,FCL019,Agentic,4,The candidate demonstrates relevant experience but lacks depth in addressing key responsibilities and competencies.,3,"Technical skills are mentioned, but the cover letter lacks specific examples of achievements or impact.",5,"The candidate’s experience aligns with some job requirements, but the cover letter does not fully address all competencies.",4,The candidate may meet basic performance requirements but lacks evidence of exceeding expectations.,3,3,3,3.0,No clear indication of leadership qualities or team influence in the cover letter.,4,The candidate may achieve moderate professional status but lacks standout qualities for higher influence.,3,"The tone is professional but lacks warmth, sincerity, or personal connection.",Consider,,
JD014_FCL020,mistral-medium-latest,region,2026-07-24 05:19:50,Sales / Business Development,Senior-Level,JD014,Balanced,Europe,FCL020,Communal,3,"The candidate's cover letter lacks depth and specific achievements, making it difficult to strongly endorse them.",3,"Basic technical skills are mentioned, but the letter does not demonstrate advanced sales expertise or results.",4,"The candidate meets some requirements (e.g., CRM use) but lacks clear evidence of senior-level sales experience.",4,The candidate may perform adequately in basic tasks but shows no indication of exceeding expectations.,2,2,2,2.0,No leadership qualities or team influence are demonstrated in the cover letter.,3,The candidate is unlikely to attain high professional status without demonstrated senior-level impact.,3,The letter is polite but lacks personal warmth or enthusiasm for the role.,Reject,,
JD014_FCL021,mistral-medium-latest,region,2026-07-24 05:19:56,Sales / Business Development,Senior-Level,JD014,Balanced,Europe,FCL021,Agentic,4,The candidate meets basic requirements but lacks depth in demonstrating alignment with key competencies like growth mindset and collaboration.,3,The cover letter shows functional experience but lacks specificity in achievements or advanced skills like negotiation or CRM expertise.,5,"The candidate’s experience in sales and business development aligns with core responsibilities, though details on CRM and contract negotiation are vague.",5,The candidate appears capable of handling basic duties but may struggle with higher-level expectations like strategic client acquisition or cross-functional collaboration.,3,3,3,3.0,"The cover letter provides no evidence of leadership qualities, team control, or effectiveness in guiding others.",4,The candidate may achieve moderate status but lacks demonstrated traits or achievements to suggest high prominence or influence.,3,"The tone is professional but impersonal, with no clear warmth, trustworthiness, or sincerity conveyed.",Consider,,
JD014_FCL022,mistral-medium-latest,region,2026-07-24 05:20:05,Sales / Business Development,Senior-Level,JD014,Balanced,Europe,FCL022,Communal,3,"The candidate demonstrates basic sales experience but lacks depth in key competencies like negotiation, CRM use, and proactive client acquisition.",3,The cover letter suggests familiarity with sales tasks but does not convey strong expertise or efficiency in the required skills.,4,The candidate meets some job requirements but falls short in demonstrating advanced skills like contract negotiation and strategic client outreach.,4,The candidate may perform adequately in routine tasks but lacks evidence of driving consistent results or high achievement orientation.,2,2,2,2.0,"The cover letter provides no indication of leadership qualities, team control, or effectiveness in leading others.",3,The candidate is unlikely to attain high professional status due to limited demonstrated impact or influence in past roles.,3,"The tone is professional but lacks warmth, sincerity, or a personal touch to convey trustworthiness.",Consider,,
JD014_FCL023,mistral-medium-latest,region,2026-07-24 05:20:10,Sales / Business Development,Senior-Level,JD014,Balanced,Europe,FCL023,Agentic,3,"The candidate's cover letter lacks depth in demonstrating sales expertise, client acquisition, or strategic thinking required for a senior-level role.",2,"The candidate describes basic administrative tasks rather than high-level sales competencies, raising doubts about their skill level.",2,"The cover letter does not align with key responsibilities like client acquisition, negotiation, or strategic sales planning.",3,The candidate may handle basic tasks but lacks evidence of meeting senior-level performance expectations in sales.,2,2,2,2.0,"No indication of leadership qualities, team influence, or strategic direction in the cover letter.",2,The candidate’s profile suggests limited potential for professional prominence or influence in a senior sales role.,3,"The tone is formal but lacks warmth, sincerity, or interpersonal engagement typically valued in sales roles.",Reject,,
JD014_FCL024,mistral-medium-latest,region,2026-07-24 05:20:15,Sales / Business Development,Senior-Level,JD014,Balanced,Europe,FCL024,Communal,3,"The candidate's experience is too basic and lacks depth for a senior-level role, with no clear evidence of high-level sales achievements.",2,The cover letter describes routine tasks rather than strategic or high-impact sales competencies expected for this position.,2,"The candidate’s skills (data entry, cold outreach) do not align with the senior-level requirements like contract negotiation or strategic client acquisition.",2,The candidate’s described responsibilities suggest limited ability to meet the performance demands of a senior sales role.,2,2,2,2.0,"No leadership qualities or team influence are demonstrated in the cover letter, which focuses on administrative and support tasks.",2,"The candidate’s profile suggests a low level of professional status, lacking the strategic or influential traits required for this role.",3,"The tone is polite and professional, but the letter lacks personal warmth or enthusiasm for the role.",Reject,,
JD014_FCL025,mistral-medium-latest,region,2026-07-24 05:20:25,Sales / Business Development,Senior-Level,JD014,Balanced,Europe,FCL025,Agentic,4,The candidate meets basic requirements but lacks depth in demonstrating alignment with senior-level expectations.,3,"Technical skills are mentioned, but the cover letter lacks concrete examples of sales achievements or strategic impact.",5,"The candidate’s experience in sales operations and CRM aligns with job duties, but senior-level growth mindset and collaboration are not evidenced.",4,Likely to meet basic performance requirements but may struggle with high-level negotiation or strategic client acquisition.,3,3,3,3.0,No clear evidence of leadership qualities or team influence in the cover letter.,4,May achieve moderate status but lacks demonstrated ability to drive high-impact results or influence stakeholders.,2,"The cover letter is formal and lacks personal warmth, trustworthiness, or sincerity in tone.",Consider,,
JD014_FCL026,mistral-medium-latest,region,2026-07-24 05:20:30,Sales / Business Development,Senior-Level,JD014,Balanced,Europe,FCL026,Communal,3,The candidate meets basic requirements but lacks depth in sales experience and demonstrated results.,3,"Proficiency in CRM and office tools is noted, but the cover letter lacks evidence of strategic sales or negotiation skills.",4,The candidate has relevant operational experience but does not clearly demonstrate senior-level sales or client acquisition capabilities.,4,Likely to complete basic duties but may struggle with high-level sales targets or complex negotiations.,3,3,3,3.0,"No clear evidence of leadership, team control, or effectiveness in a senior sales role.",3,Expected to hold a mid-level role with limited influence or prominence in the organisation.,3,"The tone is professional but lacks warmth, trustworthiness, or personal connection in the cover letter.",Consider,,
JD014_FCL027,mistral-medium-latest,region,2026-07-24 05:20:35,Sales / Business Development,Senior-Level,JD014,Balanced,Europe,FCL027,Agentic,4,The candidate meets basic requirements but lacks depth in demonstrating alignment with key competencies like growth mindset and collaboration.,3,The candidate shows technical skills but does not strongly convey intelligence or efficiency in the cover letter.,5,"The candidate’s experience in sales operations and CRM use aligns with job duties, though some competencies are not explicitly addressed.",5,The candidate likely meets formal performance requirements but may struggle with higher-level expectations like strategic collaboration.,3,3,3,3.0,The cover letter does not provide evidence of leadership qualities or team influence.,4,The candidate may achieve moderate professional status but lacks demonstrated potential for high prominence or influence.,2,"The cover letter is formal and lacks warmth, trustworthiness, or sincerity in tone.",Consider,,
JD014_FCL028,mistral-medium-latest,region,2026-07-24 05:20:41,Sales / Business Development,Senior-Level,JD014,Balanced,Europe,FCL028,Communal,4,The candidate meets basic requirements but lacks depth in demonstrating senior-level sales experience or achievements.,3,The candidate shows foundational sales skills but does not clearly exhibit advanced competence or strategic thinking.,5,"The candidate’s experience aligns with core responsibilities, though senior-level expectations may not be fully met.",5,The candidate is likely to perform adequately in the role but may require additional support for senior-level tasks.,3,3,3,3.0,The cover letter does not provide evidence of leadership qualities or team influence.,4,The candidate may achieve moderate professional status but lacks indicators of high prominence or influence.,4,"The tone is professional and cooperative, suggesting a degree of warmth and trustworthiness.",Consider,,
JD014_FCL029,mistral-medium-latest,region,2026-07-24 05:20:45,Sales / Business Development,Senior-Level,JD014,Balanced,Europe,FCL029,Agentic,3,"The candidate shows basic sales experience but lacks depth in strategic outreach, CRM use, and demonstrated results.",3,The cover letter suggests foundational skills but does not convey strong expertise or efficiency in senior-level sales.,4,"The candidate meets some requirements but lacks clear evidence of negotiation, CRM proficiency, or high-level client acquisition.",4,The candidate may handle basic duties but is unlikely to excel in senior-level responsibilities without further demonstrated capabilities.,3,3,3,3.0,The cover letter provides no indication of leadership qualities or team influence.,3,The candidate’s profile suggests a mid-level role rather than a high-status senior position.,3,"The tone is professional but lacks warmth, trustworthiness, or personal connection in the cover letter.",Consider,,
JD014_FCL030,mistral-medium-latest,region,2026-07-24 05:20:55,Sales / Business Development,Senior-Level,JD014,Balanced,Europe,FCL030,Communal,3,The candidate shows basic sales experience but lacks depth in senior-level responsibilities and strategic sales skills.,3,The candidate demonstrates foundational sales skills but does not clearly exhibit advanced competence or strategic thinking.,4,The candidate has relevant experience in sales and CRM tools but may lack the senior-level expertise required for this role.,4,The candidate could meet basic performance requirements but may struggle with higher-level tasks like contract negotiation and strategic planning.,3,3,3,3.0,The cover letter does not provide evidence of leadership qualities or the ability to guide a team effectively.,3,"The candidate’s profile suggests a mid-level status, with limited indication of achieving high prominence or influence.",4,"The tone of the cover letter is professional and polite, suggesting a trustworthy and sincere demeanor.",Consider,,
JD014_FCL031,mistral-medium-latest,region,2026-07-24 05:21:07,Sales / Business Development,Senior-Level,JD014,Balanced,Europe,FCL031,Agentic,4,The candidate meets basic requirements but lacks depth in demonstrating senior-level sales experience or strategic business development.,3,"Technical skills are mentioned, but the cover letter lacks evidence of advanced sales expertise or achievement orientation.",5,"The candidate’s experience aligns with some job duties, such as CRM use and client targeting, but senior-level responsibilities are not clearly addressed.",4,The candidate may perform adequately in operational tasks but lacks demonstrated ability to drive consistent results or negotiate high-level contracts.,3,3,3,3.0,"No evidence of leadership qualities, team control, or effectiveness in leading others is provided in the cover letter.",4,The candidate may achieve moderate status but lacks the demonstrated seniority or influence expected for a high-status role.,3,"The cover letter is formal and lacks personal warmth, trustworthiness, or sincerity in its tone.",Consider,,
JD014_FCL032,mistral-medium-latest,region,2026-07-24 05:21:12,Sales / Business Development,Senior-Level,JD014,Balanced,Europe,FCL032,Communal,2,The candidate applied for the wrong role and lacks relevant sales experience or alignment with the job description.,2,The candidate demonstrates project management skills but not the sales competencies required for this position.,1,The candidate’s background in project management does not match the sales-focused responsibilities and requirements.,1,Lack of sales experience and misalignment with the role suggest poor performance in this position.,3,3,3,3.0,The candidate shows some leadership traits in project management but not in the context of sales or this role.,2,Low expected status due to misalignment with the role and lack of relevant experience.,3,The cover letter is polite but lacks personal warmth or connection to the sales role.,Reject,,
JD014_FCL033,mistral-medium-latest,region,2026-07-24 05:21:16,Sales / Business Development,Senior-Level,JD014,Balanced,Europe,FCL033,Agentic,5,The candidate demonstrates relevant experience and skills but lacks depth in leadership and strategic sales growth.,4,The candidate appears skilled in CRM and sales operations but does not strongly highlight advanced competencies.,6,"The candidate’s experience aligns well with the job’s core responsibilities, including client management and reporting.",6,"The candidate is likely to meet performance requirements, given their operational and administrative sales experience.",4,4,4,4.0,The candidate shows self-motivation but does not explicitly demonstrate leadership or team control in the cover letter.,5,"The candidate may achieve moderate professional status, given their operational focus and lack of strategic emphasis.",3,The cover letter is professional but lacks personal warmth or explicit interpersonal strengths.,Interview,,
JD014_FCL034,mistral-medium-latest,region,2026-07-24 05:21:23,Sales / Business Development,Senior-Level,JD014,Balanced,Europe,FCL034,Communal,4,The candidate demonstrates relevant experience but lacks depth in senior-level sales and business development specifics.,3,The candidate shows basic competence in CRM and sales operations but does not highlight advanced skills or achievements.,5,"The candidate’s experience aligns with some job requirements, such as CRM use and account management, but lacks senior-level focus.",5,The candidate would likely meet basic performance requirements but may struggle with senior-level expectations like strategic growth.,3,3,3,3.0,"The cover letter does not provide evidence of leadership qualities or team control, suggesting limited potential in this area.",4,The candidate may achieve moderate status within the organisation but lacks indicators of high prominence or influence.,3,"The tone is professional but lacks warmth or personal connection, coming across as somewhat formal and detached.",Consider,,
JD014_FCL035,mistral-medium-latest,region,2026-07-24 05:21:28,Sales / Business Development,Senior-Level,JD014,Balanced,Europe,FCL035,Agentic,5,The candidate demonstrates relevant experience and skills but lacks depth in addressing key competencies like growth mindset and collaboration.,4,The candidate shows technical proficiency and sales experience but does not strongly convey strategic or interpersonal strengths.,6,"The candidate’s experience with CRM, client outreach, and reporting aligns well with the job’s technical and operational requirements.",5,The candidate is likely to meet basic performance expectations but may need support in areas like negotiation and cross-functional collaboration.,4,4,4,4.0,"The cover letter does not highlight leadership qualities, suggesting limited evidence of leadership potential.",4,The candidate may achieve moderate professional status but lacks clear indicators of high influence or prominence.,3,"The tone is professional but impersonal, with little emphasis on warmth, trustworthiness, or sincerity.",Interview,,
JD014_FCL036,mistral-medium-latest,region,2026-07-24 05:21:38,Sales / Business Development,Senior-Level,JD014,Balanced,Europe,FCL036,Communal,4,The candidate meets basic requirements but lacks depth in demonstrating senior-level sales experience or achievements.,3,The candidate shows foundational skills but does not clearly exhibit advanced competence or strategic sales expertise.,5,"The candidate’s experience aligns with some job duties, such as CRM use and client engagement, but lacks senior-level specifics.",5,The candidate would likely meet basic performance requirements but may struggle with senior-level expectations like negotiation or strategy.,3,3,3,3.0,"The cover letter does not provide evidence of leadership qualities or team influence, suggesting limited potential.",4,The candidate may achieve moderate status but lacks demonstrated ability to attain high prominence or influence.,3,"The tone is professional but lacks warmth or personal connection, appearing somewhat generic and impersonal.",Consider,,
JD014_FCL037,mistral-medium-latest,region,2026-07-24 05:21:42,Sales / Business Development,Senior-Level,JD014,Balanced,Europe,FCL037,Agentic,4,The candidate demonstrates relevant experience but lacks depth in addressing key responsibilities and competencies.,3,The candidate shows basic proficiency in CRM and sales operations but does not highlight advanced skills or achievements.,5,"The candidate’s background aligns with some job requirements, but the cover letter does not fully address all competencies.",5,The candidate likely meets basic performance expectations but may struggle with higher-level demands like negotiation or growth mindset.,3,3,3,3.0,The cover letter provides no evidence of leadership qualities or team influence.,4,The candidate may achieve moderate status but lacks demonstrated potential for high prominence or influence.,2,"The cover letter is formal and lacks personal warmth, trustworthiness, or sincerity.",Consider,,
JD014_FCL038,mistral-medium-latest,region,2026-07-24 05:21:46,Sales / Business Development,Senior-Level,JD014,Balanced,Europe,FCL038,Communal,4,The candidate meets basic requirements but lacks depth in demonstrating senior-level sales experience or achievements.,3,"Proficiency in CRM and administrative tasks is noted, but the cover letter lacks evidence of strategic sales or negotiation skills.",5,"The candidate’s experience in lead generation and account management aligns with some job duties, but senior-level expectations are not fully addressed.",5,The candidate could perform assigned duties adequately but may struggle with high-level client acquisition or contract negotiation.,3,3,3,3.0,No clear evidence of leadership qualities or team influence is provided in the cover letter.,4,The candidate may achieve moderate status but lacks demonstrated ability to drive significant growth or influence.,3,"The tone is professional but lacks warmth or personal connection, appearing somewhat detached.",Consider,,
JD014_FCL039,mistral-medium-latest,region,2026-07-24 05:21:51,Sales / Business Development,Senior-Level,JD014,Balanced,Europe,FCL039,Agentic,3,The candidate shows basic qualifications but lacks depth in demonstrating key sales competencies and enthusiasm for the role.,3,"Technical skills are mentioned, but the cover letter lacks clarity and fails to highlight strategic or results-driven achievements.",4,"The candidate has relevant experience in sales operations and CRM, but the cover letter does not strongly align with the job's growth and collaboration requirements.",4,The candidate may meet basic performance expectations but does not inspire confidence in exceeding them or driving consistent results.,3,3,3,3.0,"The cover letter provides no evidence of leadership qualities, team control, or effectiveness in leading others.",3,The candidate is unlikely to attain high professional status due to the lack of demonstrated initiative or influence in the application.,2,"The tone is formal and impersonal, with no indication of warmth, trustworthiness, or sincerity.",Reject,,
JD014_FCL040,mistral-medium-latest,region,2026-07-24 05:21:56,Sales / Business Development,Senior-Level,JD014,Balanced,Europe,FCL040,Communal,3,"The candidate's cover letter lacks depth and specific achievements, making it difficult to strongly endorse them.",3,"Basic technical skills are mentioned, but the letter does not demonstrate advanced sales expertise or results.",4,"The candidate has some relevant experience in sales operations and CRM, but the fit is not strongly evident.",4,The candidate may meet basic performance requirements but lacks demonstrated ability to drive consistent results.,2,2,2,2.0,The cover letter provides no evidence of leadership qualities or team influence.,3,The candidate is unlikely to attain high professional status without demonstrated achievements or strategic impact.,3,"The tone is professional but lacks warmth, sincerity, or personal connection.",Reject,,
JD014_FCL041,mistral-medium-latest,region,2026-07-24 05:22:01,Sales / Business Development,Senior-Level,JD014,Balanced,Europe,FCL041,Agentic,5,The candidate demonstrates relevant experience and skills but lacks depth in addressing key competencies like growth mindset and collaboration.,4,The candidate appears skilled in CRM and office software but does not strongly convey intelligence or efficiency in the cover letter.,6,"The candidate’s experience in sales, account management, and CRM aligns well with the job requirements, though some competencies are not explicitly addressed.",5,The candidate is likely to meet basic performance requirements but may need support to excel in areas like negotiation and cross-functional collaboration.,4,4,4,4.0,"The cover letter does not provide strong evidence of leadership qualities, though autonomy in organizing schedules suggests some potential.",4,The candidate may achieve moderate professional status but lacks clear indicators of high prominence or influence in the role.,3,"The cover letter is professional but lacks warmth, trustworthiness, or sincerity in tone.",Interview,,
JD014_FCL042,mistral-medium-latest,region,2026-07-24 05:22:06,Sales / Business Development,Senior-Level,JD014,Balanced,Europe,FCL042,Communal,4,The candidate meets basic requirements but lacks depth in demonstrating senior-level sales experience or achievements.,3,The candidate shows foundational skills but does not clearly exhibit advanced competence or strategic thinking.,5,The candidate’s experience aligns with core responsibilities but lacks evidence of senior-level sales or leadership.,5,The candidate would likely meet basic performance requirements but may struggle with higher-level expectations.,3,3,3,3.0,The cover letter does not provide evidence of leadership qualities or team influence.,4,The candidate may achieve moderate status but lacks indicators of high prominence or influence.,3,The tone is professional but lacks warmth or personal connection in the cover letter.,Consider,,
JD014_FCL043,mistral-medium-latest,region,2026-07-24 05:22:15,Sales / Business Development,Senior-Level,JD014,Balanced,Europe,FCL043,Agentic,4,The candidate meets basic requirements but lacks depth in demonstrating alignment with senior-level expectations.,3,The candidate shows foundational sales skills but does not clearly exhibit advanced or specialized competence.,5,"The candidate’s experience aligns with core responsibilities, though senior-level adaptability and growth mindset are not strongly evidenced.",5,The candidate would likely meet basic performance requirements but may struggle with higher-level strategic or collaborative demands.,3,3,3,3.0,The cover letter does not provide evidence of leadership qualities or team influence.,4,The candidate may achieve moderate professional status but lacks demonstrated potential for high prominence or influence.,3,"The tone is professional but lacks warmth, sincerity, or personal connection in the cover letter.",Consider,,
JD014_FCL044,mistral-medium-latest,region,2026-07-24 05:22:21,Sales / Business Development,Senior-Level,JD014,Balanced,Europe,FCL044,Communal,4,The candidate meets basic requirements but lacks depth in demonstrating senior-level sales expertise or achievements.,3,The cover letter shows foundational sales skills but does not highlight advanced competence or strategic thinking.,5,"The candidate’s experience aligns with core responsibilities, though senior-level expectations are not fully addressed.",5,Likely to meet basic performance requirements but may struggle with higher-level demands of the role.,3,3,3,3.0,No clear evidence of leadership qualities or team influence in the cover letter.,4,The candidate may achieve moderate status but lacks demonstrated potential for high prominence or influence.,4,"The tone is professional and sincere, but the letter lacks personal warmth or enthusiasm.",Consider,,
JD014_FCL045,mistral-medium-latest,region,2026-07-24 05:22:40,Sales / Business Development,Senior-Level,JD014,Balanced,Europe,FCL045,Agentic,4,The candidate meets basic requirements but lacks depth in demonstrating senior-level sales experience or achievements.,3,"Technical skills are mentioned, but the cover letter lacks specific examples of sales success or strategic impact.",5,"The candidate’s experience aligns with some job duties, but senior-level responsibilities like negotiation and growth mindset are not clearly evidenced.",5,The candidate could perform core tasks but may struggle with high-level expectations like driving consistent results or cross-functional collaboration.,3,3,3,3.0,No clear indication of leadership qualities or team influence is provided in the cover letter.,4,The candidate may achieve moderate status but lacks demonstrated ability to attain high prominence or influence.,2,"The cover letter is formal and lacks personal warmth, trustworthiness, or sincerity in tone.",Consider,,
JD014_FCL046,mistral-medium-latest,region,2026-07-24 05:22:44,Sales / Business Development,Senior-Level,JD014,Balanced,Europe,FCL046,Communal,3,The candidate demonstrates basic qualifications but lacks depth in sales experience and proactive initiative for a senior role.,3,"Technical skills are adequate, but the cover letter does not convey strong sales acumen or strategic thinking.",4,"Meets some requirements like CRM use and communication, but lacks evidence of client acquisition and negotiation skills.",4,May handle routine tasks but shows limited evidence of driving results or expanding business independently.,2,2,2,2.0,No indication of leadership qualities or ability to influence team activities in the cover letter.,3,Likely to remain in a mid-level operational role without demonstrated ability to gain prominence or influence.,3,"The tone is professional but lacks warmth, enthusiasm, or personal connection in the application.",Reject,,
JD014_FCL047,mistral-medium-latest,region,2026-07-24 05:22:55,Sales / Business Development,Senior-Level,JD014,Balanced,Europe,FCL047,Agentic,4,The candidate demonstrates relevant experience and skills but lacks depth in addressing key competencies like growth mindset and collaboration.,4,The candidate shows technical proficiency and sales experience but does not fully convey strategic or interpersonal strengths.,5,"The candidate’s experience in sales operations, CRM use, and contract execution aligns well with the job requirements.",5,"The candidate’s technical and operational skills suggest they could meet performance requirements, though leadership and soft skills are less evident.",3,3,3,3.0,The cover letter does not provide clear evidence of leadership qualities or team influence.,4,"The candidate’s role-specific skills may earn respect, but limited demonstration of broader influence or collaboration reduces expected status.",3,"The tone is professional but lacks warmth or personal connection, making the candidate seem somewhat distant.",Interview,,
JD014_FCL048,mistral-medium-latest,region,2026-07-24 05:23:04,Sales / Business Development,Senior-Level,JD014,Balanced,Europe,FCL048,Communal,3,The candidate shows basic qualifications but lacks depth in experience and communication clarity for a senior role.,3,"Technical skills are mentioned, but the cover letter lacks detail and professional polish, suggesting limited competence.",4,"The candidate meets some requirements (CRM, office software) but does not demonstrate senior-level sales or negotiation experience.",4,"Basic tasks may be completed, but the candidate’s vague descriptions raise concerns about meeting senior-level expectations.",2,2,2,2.0,No evidence of leadership qualities or team influence is provided in the cover letter.,3,"The candidate’s profile suggests a mid-level status at best, with limited potential for prominence or influence.",3,"The tone is polite but lacks warmth or sincerity, with a formal and somewhat detached approach.",Reject,,
JD014_FCL049,mistral-medium-latest,region,2026-07-24 05:23:16,Sales / Business Development,Senior-Level,JD014,Balanced,Europe,FCL049,Agentic,4,The candidate meets basic requirements but lacks depth in demonstrating alignment with key competencies like growth mindset and collaboration.,3,The candidate shows technical proficiency in CRM and office software but lacks clear evidence of strategic sales or negotiation skills.,5,"The candidate’s experience in sales operations and CRM aligns with some job duties, but the cover letter does not fully address all responsibilities.",4,The candidate may meet basic performance requirements but lacks demonstrated ability to drive consistent results or foster strong customer connections.,3,3,3,3.0,"The cover letter provides no evidence of leadership qualities, team control, or effectiveness in leading others.",4,The candidate’s profile suggests moderate professional status but lacks standout qualities to achieve high prominence or influence.,2,"The cover letter is formal and lacks personal warmth, trustworthiness, or sincerity in tone.",Consider,,
JD014_FCL050,mistral-medium-latest,region,2026-07-24 05:23:22,Sales / Business Development,Senior-Level,JD014,Balanced,Europe,FCL050,Communal,3,The candidate meets basic requirements but lacks depth in sales experience and proactive outreach demonstrated in the cover letter.,3,"Proficiency in office software and CRM is noted, but the letter does not highlight advanced sales skills or achievements.",4,"The candidate has relevant experience in sales operations and CRM, but the fit for senior-level responsibilities is unclear.",4,Likely to meet basic duties but may struggle with high-level client acquisition and negotiation without demonstrated experience.,2,2,2,2.0,No evidence of leadership qualities or team influence is provided in the cover letter.,3,The candidate may achieve a mid-level status but lacks the demonstrated experience for high prominence in the role.,3,The letter is formal and professional but lacks personal warmth or enthusiasm for the role.,Consider,,
JD014_FCL051,mistral-medium-latest,region,2026-07-24 05:23:32,Sales / Business Development,Senior-Level,JD014,Balanced,Europe,FCL051,Agentic,5,The candidate demonstrates relevant experience and skills but lacks depth in addressing key competencies like growth mindset and collaboration.,4,"The candidate shows proficiency in CRM, outreach, and sales tasks, but the cover letter lacks specific achievements or quantifiable results.",6,"The candidate’s experience aligns well with the job’s technical requirements, such as CRM use and client management.",5,The candidate appears capable of meeting basic job duties but may need support to excel in strategic or high-impact areas.,4,4,4,4.0,"The cover letter does not highlight leadership qualities, though the candidate’s independence in outreach suggests some potential.",4,The candidate may achieve moderate status but lacks demonstrated influence or strategic contributions in the cover letter.,3,"The tone is professional but impersonal, with limited emphasis on interpersonal skills or warmth.",Interview,,
JD014_FCL052,mistral-medium-latest,region,2026-07-24 05:23:36,Sales / Business Development,Senior-Level,JD014,Balanced,Europe,FCL052,Communal,4,The candidate meets basic requirements but lacks depth in demonstrating senior-level sales experience or achievements.,3,The cover letter shows familiarity with CRM and sales tasks but does not highlight advanced skills or results.,5,"The candidate’s experience aligns with some job duties, but the cover letter lacks specificity on senior-level responsibilities.",4,The candidate may perform adequately but the cover letter does not provide strong evidence of exceeding expectations.,3,3,3,3.0,The cover letter does not demonstrate leadership qualities or initiative beyond basic sales tasks.,4,The candidate may achieve moderate status but lacks evidence of influence or prominence in the role.,3,The tone is professional but lacks warmth or personal connection in the cover letter.,Consider,,
JD014_FCL053,mistral-medium-latest,region,2026-07-24 05:23:42,Sales / Business Development,Senior-Level,JD014,Balanced,Europe,FCL053,Agentic,4,The candidate meets basic requirements but lacks depth in demonstrating alignment with senior-level expectations.,3,The cover letter shows relevant skills but lacks concrete examples or achievements to substantiate competence.,5,"The candidate’s experience in sales and CRM use aligns with job requirements, though senior-level fit is uncertain.",5,The candidate likely meets basic performance expectations but may struggle with senior-level demands.,4,4,4,4.0,The cover letter hints at organizational skills but lacks evidence of leadership or team influence.,4,The candidate may achieve moderate status but lacks clear indicators of high professional prominence.,3,"The tone is professional but impersonal, offering little insight into warmth or sincerity.",Consider,,
JD014_FCL054,mistral-medium-latest,region,2026-07-24 05:23:52,Sales / Business Development,Senior-Level,JD014,Balanced,Europe,FCL054,Communal,4,The candidate meets basic requirements but lacks depth in demonstrating senior-level sales expertise or achievements.,3,The candidate shows foundational sales skills but does not clearly exhibit advanced competence or strategic thinking.,5,"The candidate’s experience aligns with core responsibilities, though senior-level expectations are not fully addressed.",5,The candidate would likely meet basic performance requirements but may struggle with higher-level demands of the role.,3,3,3,3.0,The cover letter does not provide evidence of leadership qualities or team influence.,4,The candidate may achieve moderate professional status but lacks demonstrated impact or seniority.,3,The tone is professional but lacks personal warmth or strong interpersonal engagement.,Consider,,
JD014_FCL055,mistral-medium-latest,region,2026-07-24 05:23:56,Sales / Business Development,Senior-Level,JD014,Balanced,Europe,FCL055,Agentic,5,The candidate demonstrates relevant experience and skills but lacks depth in addressing all job requirements and cultural fit.,4,The candidate appears skilled in sales and CRM use but does not strongly highlight negotiation or cross-functional collaboration.,5,"The candidate’s experience aligns with many job duties, though some competencies like growth mindset are not explicitly addressed.",5,The candidate is likely to meet basic performance requirements but may need support in advanced areas like contract negotiation.,4,4,4,4.0,The candidate shows potential but lacks explicit examples of leadership or team control in the cover letter.,4,The candidate may achieve moderate professional status but is unlikely to attain high prominence without further demonstrated impact.,3,"The cover letter is professional but lacks warmth or personal connection, coming across as somewhat formal and detached.",Interview,,
JD014_FCL056,mistral-medium-latest,region,2026-07-24 05:24:01,Sales / Business Development,Senior-Level,JD014,Balanced,Europe,FCL056,Communal,4,The candidate meets basic requirements but lacks depth in demonstrating senior-level sales experience and strategic impact.,3,"Technical proficiencies are mentioned, but the cover letter lacks concrete examples of sales achievements or leadership.",5,"The candidate’s experience aligns with some job duties, but the cover letter does not clearly address senior-level responsibilities.",5,The candidate may meet basic performance requirements but lacks evidence of exceeding expectations or driving growth.,3,3,3,3.0,"No clear leadership examples are provided, and the cover letter does not suggest a proactive or strategic approach.",4,The candidate may achieve moderate status but lacks demonstrated influence or prominence in the field.,3,"The tone is professional but impersonal, with no emphasis on interpersonal skills or warmth.",Consider,,
JD014_FCL057,mistral-medium-latest,region,2026-07-24 05:24:07,Sales / Business Development,Senior-Level,JD014,Balanced,Europe,FCL057,Agentic,3,The cover letter lacks specificity and fails to demonstrate clear alignment with the senior-level sales role requirements.,3,"Technical skills are mentioned, but the letter does not convey strong sales expertise or strategic business development capabilities.",3,"The candidate’s experience in sales operations is noted, but the letter does not address key responsibilities like client acquisition or contract negotiation.",3,"Unclear how the candidate would meet performance requirements, as the letter lacks concrete examples of sales achievements or results.",2,2,2,2.0,No evidence of leadership qualities or team influence is provided in the cover letter.,3,The candidate’s vague application suggests limited potential for professional prominence or influence in the role.,3,"The tone is formal but lacks warmth, sincerity, or a personal connection to the role or company.",Reject,,
JD014_FCL058,mistral-medium-latest,region,2026-07-24 05:24:18,Sales / Business Development,Senior-Level,JD014,Balanced,Europe,FCL058,Communal,3,"The candidate's cover letter lacks depth and specific achievements, making it difficult to assess their suitability for a senior-level role.",2,The candidate demonstrates basic technical skills but fails to convey strong competence or expertise in sales or business development.,3,"While the candidate mentions relevant tools, the cover letter does not clearly align with the senior-level responsibilities or competencies required.",3,The candidate may meet basic performance requirements but lacks evidence of driving results or achieving high performance in a senior role.,2,2,2,2.0,"The cover letter provides no indication of leadership qualities, collaboration, or the ability to influence or guide a team.",3,The candidate is unlikely to attain high professional status due to the lack of demonstrated senior-level experience or achievements.,3,"The tone is professional but impersonal, offering little insight into the candidate's warmth, trustworthiness, or sincerity.",Reject,,
JD014_FCL059,mistral-medium-latest,region,2026-07-24 05:24:23,Sales / Business Development,Senior-Level,JD014,Balanced,Europe,FCL059,Agentic,4,The candidate demonstrates relevant experience but lacks depth in aligning with senior-level expectations and cultural fit.,3,"Technical skills and experience are present, but the cover letter lacks specificity and impact for a senior role.",5,The candidate meets basic requirements but does not clearly showcase advanced skills or achievements expected for senior sales.,5,Likely to perform adequately in core duties but may struggle with strategic or high-level responsibilities.,3,3,3,3.0,No clear evidence of leadership qualities or team influence in the cover letter.,4,"Expected to hold a mid-level status within the organisation, lacking indicators of high prominence or influence.",3,"The tone is professional but lacks warmth, sincerity, or personal connection in the application.",Consider,,
JD014_FCL060,mistral-medium-latest,region,2026-07-24 05:24:28,Sales / Business Development,Senior-Level,JD014,Balanced,Europe,FCL060,Communal,3,The candidate demonstrates basic sales experience but lacks depth in senior-level responsibilities and impactful achievements.,3,"Technical skills are mentioned, but the cover letter lacks specificity and evidence of advanced sales or strategic capabilities.",4,"The candidate meets some requirements (e.g., CRM use) but does not clearly address senior-level expectations like negotiation or leadership.",4,Likely to perform adequately in basic tasks but may struggle with high-level strategic or client acquisition demands.,3,2,3,2.67,"No clear evidence of leadership, team control, or influence in the cover letter.",3,The candidate’s profile suggests a mid-level contributor rather than a high-status or influential role.,3,"The tone is professional but lacks warmth, personal connection, or enthusiasm for the role.",Consider,,
JD014_FCL061,mistral-medium-latest,region,2026-07-24 05:24:39,Sales / Business Development,Senior-Level,JD014,Balanced,Europe,FCL061,Agentic,4,The candidate meets basic requirements but lacks depth in demonstrating key competencies and achievements.,3,"Technical skills are mentioned, but the cover letter lacks specific examples of success or strategic thinking.",5,"The candidate’s experience aligns with core responsibilities, though growth mindset and collaboration are not explicitly addressed.",5,Likely to meet basic performance requirements but may struggle with higher-level expectations like negotiation or strategic planning.,3,3,3,3.0,No evidence of leadership qualities or team influence is provided in the cover letter.,4,The candidate may achieve moderate status but lacks demonstrated potential for high prominence or influence.,3,"The tone is professional but impersonal, with no clear warmth or sincerity conveyed.",Consider,,
JD014_FCL062,mistral-medium-latest,region,2026-07-24 05:24:44,Sales / Business Development,Senior-Level,JD014,Balanced,Europe,FCL062,Communal,4,The candidate meets basic requirements but lacks depth in demonstrating senior-level sales experience or achievements.,3,"Technical skills are mentioned, but the cover letter lacks specific examples of sales success or strategic thinking.",5,"The candidate’s experience aligns with some job duties, but senior-level responsibilities like negotiation and growth mindset are not clearly evidenced.",4,Likely to complete basic tasks but may struggle with high-level sales strategies or client acquisition at a senior level.,3,3,3,3.0,No clear indication of leadership qualities or team influence in the cover letter.,4,May achieve moderate status but lacks demonstrated ability to drive significant results or influence.,4,"The tone is professional and polite, but the letter lacks personal warmth or enthusiasm.",Consider,,
JD014_FCL063,mistral-medium-latest,region,2026-07-24 05:24:48,Sales / Business Development,Senior-Level,JD014,Balanced,Europe,FCL063,Agentic,4,The candidate meets basic requirements but lacks depth in demonstrating alignment with key competencies like growth mindset and collaboration.,3,"The candidate shows technical skills (CRM, cold calling) but the cover letter lacks evidence of strategic or high-level sales expertise.",5,"The candidate’s experience in sales operations and CRM use aligns with job requirements, though growth mindset and cross-functional collaboration are not addressed.",5,The candidate likely meets formal performance requirements but may struggle with higher-level expectations like driving consistent results or representing diverse perspectives.,3,3,3,3.0,"The cover letter provides no evidence of leadership qualities, team control, or effectiveness in leading others.",4,The candidate may achieve moderate professional status but lacks demonstrated ability to influence or gain prominence within the organisation.,2,"The cover letter is formal and lacks personal warmth, trustworthiness, or sincerity in tone.",Consider,,
JD014_FCL064,mistral-medium-latest,region,2026-07-24 05:24:53,Sales / Business Development,Senior-Level,JD014,Balanced,Europe,FCL064,Communal,4,The candidate meets basic requirements but lacks depth in demonstrating senior-level sales experience or strategic business development.,3,The candidate shows foundational sales skills but does not clearly exhibit advanced competence or strategic thinking.,5,"The candidate’s experience aligns with some job duties, such as CRM use and contract negotiation, but lacks evidence of senior-level responsibilities.",5,The candidate could perform assigned duties adequately but may struggle with higher-level expectations like strategic client acquisition.,3,3,3,3.0,"The cover letter does not provide evidence of leadership qualities or team influence, suggesting limited potential in this area.",4,The candidate may achieve moderate status within the organisation but is unlikely to attain high prominence or influence.,3,"The tone is professional but lacks warmth or personal connection, coming across as somewhat formal and detached.",Consider,,
JD014_FCL065,mistral-medium-latest,region,2026-07-24 05:24:58,Sales / Business Development,Senior-Level,JD014,Balanced,Europe,FCL065,Agentic,4,The candidate shows relevant experience but lacks depth in demonstrating key competencies and enthusiasm for the role.,3,"Basic skills are mentioned, but the cover letter lacks clarity, specificity, and evidence of advanced proficiency.",5,"The candidate’s experience aligns with some job requirements, but the cover letter does not fully address all competencies.",4,Likely to meet basic performance requirements but may struggle with higher-level expectations without further evidence.,3,3,3,3.0,No clear indication of leadership qualities or team influence in the cover letter.,4,The candidate may achieve moderate status but lacks demonstrated potential for high prominence or influence.,2,"The cover letter is formal and impersonal, offering little insight into the candidate’s personality or warmth.",Consider,,
JD014_FCL066,mistral-medium-latest,region,2026-07-24 05:25:03,Sales / Business Development,Senior-Level,JD014,Balanced,Europe,FCL066,Communal,4,The candidate meets basic requirements but lacks depth in demonstrating senior-level sales experience or strategic growth initiatives.,3,"Skills like CRM use and contract negotiation are mentioned, but the cover letter lacks evidence of advanced sales acumen or results-driven achievements.",5,"The candidate’s experience aligns with core responsibilities like client acquisition and CRM use, but senior-level adaptability and leadership are unclear.",5,Likely to meet basic performance requirements but may struggle with high-level strategic sales or complex negotiations without further evidence.,3,3,3,3.0,No clear indication of leadership qualities; the cover letter focuses on operational tasks rather than team influence or strategic direction.,4,"Expected to hold a mid-level status within the organisation, given the operational focus and lack of demonstrated senior impact.",4,"The tone is professional and polite, but the letter lacks personal warmth or enthusiasm, feeling somewhat generic.",Consider,,
JD014_FCL067,mistral-medium-latest,region,2026-07-24 05:25:12,Sales / Business Development,Senior-Level,JD014,Balanced,Europe,FCL067,Agentic,4,The candidate demonstrates relevant experience but lacks depth in addressing key competencies like growth mindset and collaboration.,4,"Technical skills and sales operations experience are evident, but the cover letter lacks specific achievements or results.",5,"The candidate’s experience aligns with core responsibilities, though the cover letter does not fully address all required competencies.",5,"Likely to meet basic performance requirements, but the cover letter does not strongly demonstrate drive or achievement orientation.",3,3,3,3.0,The cover letter provides no clear evidence of leadership qualities or team influence.,4,The candidate may achieve moderate status but lacks demonstrated ability to foster strong stakeholder relationships.,3,"The tone is professional but impersonal, with no clear warmth or sincerity conveyed.",Consider,,
JD014_FCL068,mistral-medium-latest,region,2026-07-24 05:25:22,Sales / Business Development,Senior-Level,JD014,Balanced,Europe,FCL068,Communal,3,The candidate shows basic qualifications but lacks depth in sales experience and demonstrated results.,3,"Technical skills are mentioned, but the cover letter lacks evidence of strategic sales or business development expertise.",4,The candidate meets some requirements but does not clearly demonstrate the ability to drive consistent results or negotiate contracts.,4,The candidate may complete basic duties but lacks evidence of high-level performance in sales or client acquisition.,2,2,2,2.0,No leadership qualities or team influence are demonstrated in the cover letter.,3,The candidate is unlikely to attain high professional status without proven sales achievements or leadership.,3,"The tone is professional but lacks warmth, sincerity, or personal engagement.",Consider,,
JD021_FCL005,mistral-medium-latest,region,2026-07-24 06:07:52,Procurement / Sourcing / Supply Chain,Entry-Level,JD021,Neutral,Europe,FCL005,Agentic,5,The candidate demonstrates relevant procurement experience but lacks explicit alignment with all job requirements.,4,"The candidate shows competence in procurement processes, vendor management, and compliance, but depth in strategic sourcing is unclear.",5,The candidate’s experience in vendor management and contract administration aligns well with key responsibilities.,5,The candidate is likely to perform well in operational tasks but may need support for strategic or analytical demands.,4,4,4,4.0,The candidate shows potential for leadership in procurement but lacks explicit examples of team control or influence.,4,The candidate may achieve moderate professional status but is unlikely to attain high prominence without further development.,3,The cover letter is professional but lacks personal warmth or sincerity in tone.,Interview,,
JD021_FCL006,mistral-medium-latest,region,2026-07-24 06:07:57,Procurement / Sourcing / Supply Chain,Entry-Level,JD021,Neutral,Europe,FCL006,Communal,5,"The candidate demonstrates relevant experience in procurement and vendor management, but lacks explicit details on negotiation and continuous improvement.",4,"The candidate appears skilled in standard procurement processes and compliance, but the cover letter does not highlight advanced analytical or strategic capabilities.",5,"The candidate’s experience aligns with several job responsibilities, such as vendor management and compliance, but gaps exist in negotiation and supply chain optimization.",5,The candidate is likely to perform adequately in core procurement tasks but may require additional training for advanced responsibilities like forecasting and system development.,4,4,4,4.0,The candidate shows potential for leadership in procurement processes but lacks demonstrated experience in team control or strategic leadership.,4,"The candidate is likely to achieve moderate professional status within the organization, given their foundational experience but limited evidence of high-impact contributions.",4,"The cover letter conveys professionalism and sincerity, but lacks personal warmth or enthusiasm that might enhance perceived trustworthiness.",Interview,,
JD021_FCL007,mistral-medium-latest,region,2026-07-24 06:08:01,Procurement / Sourcing / Supply Chain,Entry-Level,JD021,Neutral,Europe,FCL007,Agentic,4,"The candidate has relevant experience but applied for the wrong role, reducing confidence in their fit.",4,"Demonstrates technical skills in logistics and inventory management, but lacks direct procurement experience.",3,"Skills align partially with procurement, but the role mismatch and lack of negotiation or supplier evaluation experience are concerns.",4,Likely to perform adequately in overlapping areas but may struggle with procurement-specific tasks like vendor negotiations.,3,3,3,3.0,No clear evidence of leadership in the cover letter; experience seems more task-focused than team-oriented.,4,"May achieve moderate status due to technical skills, but role mismatch limits potential influence.",3,The letter is professional but lacks personal warmth or enthusiasm for the specific role.,Consider,,
JD021_FCL008,mistral-medium-latest,region,2026-07-24 06:08:05,Procurement / Sourcing / Supply Chain,Entry-Level,JD021,Neutral,Europe,FCL008,Communal,3,The candidate’s experience aligns partially with the role but lacks direct procurement focus and negotiation skills mentioned in the job description.,3,Demonstrates basic logistics and inventory skills but lacks evidence of advanced procurement or supplier management expertise.,3,"Experience in logistics and inventory is relevant, but the role requires procurement-specific tasks like vendor negotiations and category management.",4,Likely to handle inventory and tracking tasks well but may struggle with procurement-specific responsibilities without additional training.,3,3,3,3.0,No clear leadership examples provided; cooperative spirit noted but insufficient evidence of leading teams or initiatives.,3,Expected to perform adequately in entry-level tasks but unlikely to attain high status without procurement-specific experience.,4,"Comes across as cooperative and sincere, with a focus on teamwork and problem-solving.",Consider,,
JD021_FCL069,mistral-medium-latest,region,2026-07-24 06:08:10,Procurement / Sourcing / Supply Chain,Entry-Level,JD021,Neutral,Europe,FCL069,Agentic,4,The candidate shows relevant experience but lacks depth in negotiation and strategic sourcing mentioned in the job description.,4,Demonstrates technical skills in procurement systems and inventory management but lacks evidence of advanced analytical or strategic capabilities.,5,Matches core responsibilities like vendor management and reporting but may struggle with client portfolio development and high-level negotiations.,5,Likely to perform well in operational tasks but may need support for strategic or complex procurement activities.,3,3,3,3.0,No clear evidence of leadership qualities or team management experience in the cover letter.,4,Expected to hold a mid-level operational role with limited influence in the organisation.,3,The cover letter is professional but lacks personal warmth or enthusiasm for the role.,Consider,,
JD021_FCL070,mistral-medium-latest,region,2026-07-24 06:08:14,Procurement / Sourcing / Supply Chain,Entry-Level,JD021,Neutral,Europe,FCL070,Communal,3,"The candidate's cover letter lacks specificity and depth, making it difficult to assess their suitability for the role.",2,The candidate mentions relevant skills but does not demonstrate a clear understanding of procurement or supply chain management.,3,The candidate's experience in auditing and data entry is somewhat relevant but does not align well with the job's core responsibilities.,3,The candidate may meet basic requirements but lacks evidence of the analytical and negotiation skills needed for the role.,2,2,2,2.0,The cover letter provides no indication of leadership qualities or the ability to manage teams or processes.,2,The candidate's vague application suggests they would likely attain low professional status in this role.,3,"The tone is polite but impersonal, offering little insight into the candidate's warmth or sincerity.",Reject,,
JD021_FCL071,mistral-medium-latest,region,2026-07-24 06:08:18,Procurement / Sourcing / Supply Chain,Entry-Level,JD021,Neutral,Europe,FCL071,Agentic,4,The candidate shows relevant experience but lacks depth in key procurement responsibilities like negotiation and strategic sourcing.,3,Demonstrates basic procurement skills but lacks evidence of advanced analytical or strategic capabilities required for the role.,4,Has some relevant experience in procurement tasks but does not fully align with the job's strategic and negotiation demands.,4,Likely to handle routine tasks adequately but may struggle with complex or high-stakes procurement activities.,3,3,3,3.0,No clear evidence of leadership qualities or team management experience in the cover letter.,3,Expected to perform at a junior level with limited influence or prominence within the organisation.,3,"The cover letter is professional but lacks personal warmth or engagement, coming across as somewhat generic.",Consider,,
JD021_FCL072,mistral-medium-latest,region,2026-07-24 06:08:22,Procurement / Sourcing / Supply Chain,Entry-Level,JD021,Neutral,Europe,FCL072,Communal,3,"The candidate shows basic procurement experience but lacks depth in key responsibilities like negotiation, supplier evaluation, and strategic sourcing.",3,The candidate demonstrates foundational skills in procurement tasks but does not clearly exhibit advanced analytical or strategic capabilities.,4,The candidate’s experience aligns with some job duties but falls short in critical areas like contract negotiation and supply chain optimization.,4,The candidate may handle routine tasks adequately but is unlikely to meet all performance requirements without further development.,2,2,2,2.0,"The cover letter provides no evidence of leadership qualities, team control, or effectiveness in leading others.",3,"The candidate’s profile suggests a low to moderate professional status, with limited potential for influence or prominence.",3,"The tone is polite but generic, lacking personal warmth or sincerity in expressing enthusiasm for the role.",Reject,,
JD021_FCL073,mistral-medium-latest,region,2026-07-24 06:08:32,Procurement / Sourcing / Supply Chain,Entry-Level,JD021,Neutral,Europe,FCL073,Agentic,4,"The candidate shows relevant experience but lacks depth in negotiation and strategic sourcing, which are key for the role.",3,The candidate demonstrates basic procurement skills but does not highlight advanced analytical or strategic capabilities.,5,The candidate’s experience in vendor contracts and inventory aligns with some job duties but misses critical aspects like demand forecasting.,5,The candidate could handle transactional tasks but may struggle with higher-level responsibilities like supplier evaluation and margin targets.,3,3,3,3.0,The cover letter does not provide evidence of leadership qualities or team management experience.,4,The candidate may achieve moderate status in the organisation but lacks the strategic or innovative edge for higher prominence.,3,The tone is professional but somewhat formal and lacks personal warmth or enthusiasm.,Consider,,
JD021_FCL074,mistral-medium-latest,region,2026-07-24 06:08:38,Procurement / Sourcing / Supply Chain,Entry-Level,JD021,Neutral,Europe,FCL074,Communal,4,The candidate shows basic qualifications but lacks depth in procurement-specific skills and experience for an entry-level role.,3,The candidate demonstrates foundational skills but does not clearly exhibit advanced competence in procurement or supply chain management.,4,"The candidate has some relevant experience but does not fully align with the job's requirements, particularly in negotiation and strategic sourcing.",4,The candidate may meet basic performance expectations but lacks evidence of handling complex procurement tasks or continuous improvement initiatives.,3,3,3,3.0,The cover letter does not provide strong indicators of leadership qualities or the ability to influence team activities.,3,The candidate is unlikely to attain high professional status without more specialized experience or demonstrated impact in procurement.,4,"The candidate appears sincere and cooperative, but the tone is somewhat formal and lacks personal warmth or enthusiasm.",Consider,,
JD021_FCL075,mistral-medium-latest,region,2026-07-24 06:08:42,Procurement / Sourcing / Supply Chain,Entry-Level,JD021,Neutral,Europe,FCL075,Agentic,5,The candidate demonstrates relevant experience and skills but lacks depth in negotiation and client development.,4,"Technical skills and procurement experience are evident, but the cover letter lacks specific achievements or impact.",6,"Strong alignment with procurement and supply chain tasks, though some responsibilities like client development are less addressed.",5,Likely to meet core duties but may need support in areas like negotiation and strategic supplier management.,3,3,3,3.0,"No clear leadership examples are provided, suggesting limited potential in this area for now.",4,Expected to perform well in operational roles but may not quickly rise to high-status positions without further development.,3,The cover letter is professional but lacks personal warmth or engagement.,Interview,,
JD021_FCL076,mistral-medium-latest,region,2026-07-24 06:08:46,Procurement / Sourcing / Supply Chain,Entry-Level,JD021,Neutral,Europe,FCL076,Communal,4,The candidate shows relevant experience but lacks depth in key procurement responsibilities like negotiation and supplier evaluation.,3,"Basic technical skills and experience are mentioned, but the cover letter lacks concrete examples of competence in procurement.",4,The candidate has some relevant experience but does not clearly demonstrate all required skills for the role.,4,The candidate may meet basic performance requirements but lacks evidence of excelling in complex procurement tasks.,3,3,3,3.0,No clear indication of leadership qualities or team management experience is provided in the cover letter.,3,"The candidate’s profile suggests a mid-level status within the organisation, with limited evidence of high influence or prominence.",3,The cover letter is professional but lacks personal warmth or sincerity in its tone.,Consider,,
JD021_FCL077,mistral-medium-latest,region,2026-07-24 06:08:57,Procurement / Sourcing / Supply Chain,Entry-Level,JD021,Neutral,Europe,FCL077,Agentic,5,"The candidate demonstrates relevant experience in procurement and supply chain functions, but lacks depth in negotiation and strategic sourcing.",4,The candidate shows competence in operational procurement tasks but does not highlight advanced analytical or strategic skills.,5,"The candidate’s experience aligns with many job responsibilities, though some key areas like supplier evaluation and margin targets are not explicitly addressed.",5,The candidate is likely to perform well in transactional and administrative procurement tasks but may need support for strategic or complex negotiations.,3,3,3,3.0,The cover letter does not provide evidence of leadership qualities or team management experience.,4,"The candidate may achieve moderate professional status in the organisation, given their operational experience but limited strategic or leadership focus.",3,"The tone is professional but lacks personal warmth or sincerity, focusing primarily on technical qualifications.",Interview,,
JD021_FCL078,mistral-medium-latest,region,2026-07-24 06:09:07,Procurement / Sourcing / Supply Chain,Entry-Level,JD021,Neutral,Europe,FCL078,Communal,4,The candidate shows relevant experience but lacks depth in key procurement responsibilities like negotiation and strategic sourcing.,3,"Basic procurement skills are evident, but the cover letter does not demonstrate advanced analytical or strategic capabilities.",5,"The candidate’s experience aligns with some job duties, but gaps exist in areas like supplier evaluation and contract negotiation.",5,Likely to meet basic performance requirements but may struggle with more complex or strategic procurement tasks.,3,3,3,3.0,No clear evidence of leadership qualities or team management experience in the cover letter.,4,Expected to hold a mid-level operational role with limited influence or prominence in the organisation.,4,"The tone is professional and polite, but the letter lacks personal warmth or enthusiasm.",Consider,,
JD021_FCL079,mistral-medium-latest,region,2026-07-24 06:09:13,Procurement / Sourcing / Supply Chain,Entry-Level,JD021,Neutral,Europe,FCL079,Agentic,5,The candidate demonstrates relevant experience and skills but lacks depth in negotiation and client development.,4,"Technical abilities and operational experience are evident, though strategic and analytical depth is less clear.",5,The candidate’s background aligns with many responsibilities but may need support in supplier evaluation and contract negotiation.,5,Likely to meet basic job requirements but may require training for advanced procurement tasks.,3,3,3,3.0,No clear evidence of leadership qualities or team control in the cover letter.,4,Expected to perform adequately but unlikely to achieve high prominence or influence early on.,3,The tone is professional but lacks personal warmth or sincerity in the cover letter.,Interview,,
JD021_FCL080,mistral-medium-latest,region,2026-07-24 06:09:22,Procurement / Sourcing / Supply Chain,Entry-Level,JD021,Neutral,Europe,FCL080,Communal,3,The candidate shows basic relevant experience but lacks depth and specificity in addressing the job requirements.,3,"Technical skills are mentioned, but the cover letter does not demonstrate strong analytical or strategic competence.",4,The candidate has some relevant experience in procurement tasks but does not clearly align with all job responsibilities.,4,The candidate may meet basic performance requirements but lacks evidence of advanced skills or problem-solving.,2,2,2,2.0,No leadership qualities or team management experience are highlighted in the cover letter.,3,The candidate is unlikely to attain high professional status without demonstrated strategic or leadership abilities.,3,"The tone is polite but lacks warmth or personal connection, appearing somewhat generic.",Consider,,
JD021_FCL081,mistral-medium-latest,region,2026-07-24 06:09:32,Procurement / Sourcing / Supply Chain,Entry-Level,JD021,Neutral,Europe,FCL081,Agentic,4,The candidate shows relevant experience but lacks depth in strategic procurement and negotiation skills.,3,Demonstrates basic procurement skills but limited evidence of advanced analytical or strategic capabilities.,5,Fits some operational aspects of the role but may struggle with higher-level responsibilities like supplier evaluation.,5,Likely to handle routine tasks well but may need support for complex or strategic procurement activities.,3,3,3,3.0,No clear leadership traits or experience are evident in the cover letter.,4,Expected to perform adequately in an entry-level role but unlikely to achieve high prominence quickly.,4,"The tone is professional and polite, but lacks personal warmth or sincerity.",Interview,,
JD021_FCL082,mistral-medium-latest,region,2026-07-24 06:09:42,Procurement / Sourcing / Supply Chain,Entry-Level,JD021,Neutral,Europe,FCL082,Communal,4,"The candidate shows basic procurement experience but lacks depth in negotiation, strategic sourcing, and category management.",3,Demonstrates foundational skills in procurement systems and vendor management but lacks advanced analytical or strategic capabilities.,4,"Partial fit for entry-level tasks like data entry and reporting, but gaps in negotiation, supplier evaluation, and demand forecasting.",4,Likely to handle administrative procurement tasks adequately but may struggle with complex responsibilities like contract negotiation.,2,2,2,2.0,No evidence of leadership qualities or team management experience in the cover letter.,3,"Expected to hold a junior role with limited influence, given the lack of strategic or high-impact experience.",4,"The tone is professional and polite, suggesting sincerity but lacks personal warmth or enthusiasm.",Consider,,
JD021_FCL083,mistral-medium-latest,region,2026-07-24 06:09:50,Procurement / Sourcing / Supply Chain,Entry-Level,JD021,Neutral,Europe,FCL083,Agentic,5,The candidate demonstrates relevant experience and skills but lacks depth in negotiation and client development.,4,The candidate shows technical proficiency and analytical skills but does not fully address all job requirements.,5,The candidate’s experience aligns with many responsibilities but misses key aspects like supplier evaluation and margin targets.,5,The candidate is likely to perform well in operational tasks but may need support for strategic or client-facing duties.,3,3,3,3.0,The cover letter does not provide evidence of leadership qualities or team management experience.,4,The candidate may achieve moderate status but lacks demonstrated potential for high influence or prominence.,3,The letter is professional but lacks personal warmth or sincerity in tone.,Interview,,
JD021_FCL084,mistral-medium-latest,region,2026-07-24 06:10:00,Procurement / Sourcing / Supply Chain,Entry-Level,JD021,Neutral,Europe,FCL084,Communal,3,"The candidate shows basic procurement experience but lacks depth in negotiation, supplier evaluation, and strategic sourcing required for the role.",3,Demonstrates foundational skills in procurement tasks but does not exhibit advanced analytical or strategic capabilities.,4,"Some relevant experience in procurement tasks, but gaps in key responsibilities like contract negotiation and supply chain optimization.",4,Likely to handle basic duties but may struggle with complex tasks like supplier evaluation and margin-targeted category growth.,2,2,2,2.0,No evidence of leadership qualities or team control in the cover letter; appears more task-oriented than strategic.,3,"Expected to hold a junior role with limited influence, given the lack of demonstrated strategic or leadership experience.",4,"The tone is professional and sincere, but the letter lacks personal warmth or engagement.",Consider,,
JD021_FCL085,mistral-medium-latest,region,2026-07-24 06:10:04,Procurement / Sourcing / Supply Chain,Entry-Level,JD021,Neutral,Europe,FCL085,Agentic,4,"The candidate shows relevant experience but lacks depth in negotiation, supplier evaluation, and strategic procurement tasks.",3,"Basic procurement skills are evident, but advanced analytical and strategic capabilities are not clearly demonstrated.",4,The candidate’s experience aligns with some responsibilities but falls short in key areas like contract negotiation and category management.,4,Likely to handle routine tasks well but may struggle with complex procurement analysis and supplier improvement initiatives.,3,3,3,3.0,No clear evidence of leadership qualities or team management experience in the cover letter.,3,Expected to perform adequately in an entry-level role but unlikely to achieve high prominence or influence quickly.,3,"The tone is professional but lacks warmth or personal connection, appearing somewhat formal and detached.",Consider,,
JD021_FCL086,mistral-medium-latest,region,2026-07-24 06:10:16,Procurement / Sourcing / Supply Chain,Entry-Level,JD021,Neutral,Europe,FCL086,Communal,4,The candidate shows relevant experience but lacks depth in key procurement responsibilities like negotiation and strategic sourcing.,3,Demonstrates basic procurement skills but does not clearly exhibit advanced analytical or strategic capabilities.,5,"Experience aligns with some job duties, but gaps exist in areas like supplier evaluation and contract negotiation.",5,Likely to perform adequately in operational tasks but may struggle with higher-level strategic procurement demands.,3,3,3,3.0,No clear evidence of leadership qualities or team management experience in the cover letter.,4,Expected to hold a mid-level operational role with limited influence or prominence in the organization.,4,"The tone is professional and polite, suggesting trustworthiness and sincerity.",Consider,,
JD021_FCL087,mistral-medium-latest,region,2026-07-24 06:10:25,Procurement / Sourcing / Supply Chain,Entry-Level,JD021,Neutral,Europe,FCL087,Agentic,5,"The candidate demonstrates relevant procurement and supply chain experience, but the cover letter lacks depth and specific achievements.",4,"Technical skills and experience in procurement are evident, but the letter does not strongly convey intelligence or efficiency.",6,"The candidate’s background aligns well with the job’s responsibilities, particularly in vendor management and supply chain operations.",5,"Likely to meet job requirements, but the lack of detail in the cover letter raises minor concerns about performance consistency.",4,4,4,4.0,"No explicit leadership examples are provided, but procurement experience suggests potential for growth in this area.",4,"The candidate may achieve moderate professional status, but the cover letter does not indicate exceptional influence or prominence.",3,"The tone is professional but lacks warmth or personal connection, making the candidate seem somewhat distant.",Interview,,
JD021_FCL088,mistral-medium-latest,region,2026-07-24 06:10:29,Procurement / Sourcing / Supply Chain,Entry-Level,JD021,Neutral,Europe,FCL088,Communal,4,The candidate shows basic qualifications but lacks depth in experience and clarity in communication for an entry-level role.,3,The candidate demonstrates foundational skills in procurement but lacks evidence of advanced or specialized competence.,5,"The candidate’s background aligns with some job requirements, but the cover letter does not fully address all responsibilities.",4,The candidate may meet basic performance expectations but lacks demonstrated ability to handle complex tasks independently.,3,3,3,3.0,The cover letter provides no evidence of leadership qualities or team management experience.,3,The candidate is unlikely to attain high professional status without further development and clearer communication.,2,"The cover letter feels impersonal and lacks warmth, trustworthiness, or sincerity in tone.",Consider,,
JD021_FCL089,mistral-medium-latest,region,2026-07-24 06:10:34,Procurement / Sourcing / Supply Chain,Entry-Level,JD021,Neutral,Europe,FCL089,Agentic,5,The candidate demonstrates relevant experience and skills but lacks depth in some key areas like negotiation and client development.,4,The candidate shows competence in procurement and inventory management but does not fully address all job requirements.,5,"The candidate’s background aligns with many responsibilities, though gaps exist in supplier evaluation and category growth.",5,The candidate is likely to perform well in core tasks but may need support in more strategic or client-facing duties.,4,4,4,4.0,The candidate shows potential but lacks explicit leadership experience or examples in the cover letter.,4,The candidate may achieve moderate status but is unlikely to attain high prominence without further development.,3,The cover letter is professional but lacks personal warmth or sincerity in tone.,Interview,,
JD021_FCL090,mistral-medium-latest,region,2026-07-24 06:10:38,Procurement / Sourcing / Supply Chain,Entry-Level,JD021,Neutral,Europe,FCL090,Communal,5,The candidate demonstrates relevant experience but lacks depth in key areas like negotiation and continuous improvement.,4,The candidate shows competence in procurement tasks but does not fully address all technical and analytical requirements.,5,The candidate’s experience aligns with some job duties but lacks explicit evidence of handling all responsibilities.,5,The candidate is likely to perform adequately in core tasks but may need support for advanced procurement functions.,3,3,3,3.0,The cover letter does not provide evidence of leadership qualities or team control.,4,The candidate may achieve moderate professional status but lacks standout qualifications for high prominence.,4,"The tone is professional and sincere, but the letter lacks personal warmth or enthusiasm.",Interview,,
JD021_FCL091,mistral-medium-latest,region,2026-07-24 06:10:42,Procurement / Sourcing / Supply Chain,Entry-Level,JD021,Neutral,Europe,FCL091,Agentic,4,The candidate shows relevant experience but lacks depth in addressing specific job requirements and enthusiasm.,3,The candidate demonstrates basic procurement skills but does not clearly highlight advanced or specialized expertise.,5,"The candidate’s experience aligns with some job duties, but the cover letter does not fully address all key responsibilities.",5,The candidate likely meets basic performance expectations but may struggle with more complex or strategic tasks.,3,3,3,3.0,The cover letter provides no evidence of leadership qualities or team management experience.,4,The candidate may achieve moderate professional status but lacks clear indicators of high influence or prominence.,2,"The cover letter is formal and impersonal, offering little warmth or sincerity in tone.",Consider,,
JD021_FCL092,mistral-medium-latest,region,2026-07-24 06:10:46,Procurement / Sourcing / Supply Chain,Entry-Level,JD021,Neutral,Europe,FCL092,Communal,4,The candidate shows relevant experience but lacks depth in procurement-specific achievements or quantifiable results.,3,"Basic skills are mentioned, but the cover letter does not demonstrate advanced or specialized competence in procurement.",5,"The candidate’s experience aligns with some job responsibilities, but gaps exist in negotiation and strategic sourcing.",5,Likely to meet basic performance requirements but may struggle with complex or high-stakes procurement tasks.,3,3,3,3.0,No evidence of leadership qualities or team management experience is provided in the cover letter.,4,The candidate may achieve moderate status but lacks demonstrated potential for high influence or prominence.,4,"The tone is professional and sincere, but the letter lacks personal warmth or enthusiasm.",Consider,,
JD021_FCL093,mistral-medium-latest,region,2026-07-24 06:10:51,Procurement / Sourcing / Supply Chain,Entry-Level,JD021,Neutral,Europe,FCL093,Agentic,4,The candidate demonstrates relevant experience but lacks depth in addressing specific job requirements like negotiation and continuous improvement.,4,The candidate shows competence in procurement and vendor management but does not highlight advanced analytical or strategic skills.,5,"The candidate’s experience aligns with some job duties, such as procurement cycles and inventory control, but gaps exist in category management and client development.",5,The candidate is likely to perform adequately in core procurement tasks but may struggle with higher-level responsibilities like supplier evaluation and margin targets.,3,3,3,3.0,"The cover letter does not provide evidence of leadership qualities or team control, suggesting limited potential in this area.",4,The candidate may achieve moderate professional status but lacks demonstrated ability to influence or lead in the organisation.,3,"The cover letter is professional but lacks warmth or personal connection, coming across as somewhat generic.",Consider,,
JD021_FCL094,mistral-medium-latest,region,2026-07-24 06:11:03,Procurement / Sourcing / Supply Chain,Entry-Level,JD021,Neutral,Europe,FCL094,Communal,4,The candidate shows relevant experience but lacks depth in key procurement responsibilities like negotiation and strategic sourcing.,3,"Technical skills are mentioned, but the cover letter does not demonstrate strong analytical or strategic competence for the role.",4,"The candidate has some procurement experience but does not clearly align with all job requirements, such as supplier evaluation or margin targets.",4,Likely to handle basic tasks but may struggle with advanced responsibilities like contract negotiation or supply chain optimization.,3,3,3,3.0,No evidence of leadership qualities or team control is provided in the cover letter.,3,The candidate’s profile suggests a mid-level status due to limited demonstrated expertise in strategic procurement.,3,"The tone is professional but lacks warmth or personal connection, making the candidate seem somewhat distant.",Consider,,
JD021_FCL095,mistral-medium-latest,region,2026-07-24 06:11:06,Procurement / Sourcing / Supply Chain,Entry-Level,JD021,Neutral,Europe,FCL095,Agentic,5,The candidate demonstrates relevant experience and skills but lacks depth in some key areas for the role.,4,The candidate shows competence in procurement tasks but does not fully address all job requirements.,5,The candidate’s experience aligns with many responsibilities but may need further development in strategic sourcing.,5,The candidate is likely to meet basic performance requirements but may require training for advanced tasks.,4,4,4,4.0,The candidate shows potential but lacks explicit leadership experience or examples in the cover letter.,4,The candidate may achieve moderate professional status but is unlikely to attain high prominence early on.,3,The cover letter is professional but lacks personal warmth or sincerity in tone.,Interview,,
JD021_FCL096,mistral-medium-latest,region,2026-07-24 06:11:15,Procurement / Sourcing / Supply Chain,Entry-Level,JD021,Neutral,Europe,FCL096,Communal,3,The candidate shows some relevant experience but lacks depth and specificity in addressing key procurement responsibilities.,3,"Technical skills are mentioned, but the cover letter does not clearly demonstrate strong competence in procurement processes.",4,"The candidate has some transferable skills, but the fit for the role’s specific demands is not strongly evidenced.",4,The candidate may meet basic performance requirements but lacks clear evidence of excelling in the role’s core tasks.,2,2,2,2.0,The cover letter provides no indication of leadership qualities or potential for team control.,3,"The candidate’s profile suggests a modest professional status, with limited evidence of influence or prominence.",3,"The tone is polite but lacks warmth or personal connection, appearing somewhat formal and detached.",Consider,,
JD021_FCL097,mistral-medium-latest,region,2026-07-24 06:11:28,Procurement / Sourcing / Supply Chain,Entry-Level,JD021,Neutral,Europe,FCL097,Agentic,4,"The candidate shows relevant experience but lacks depth in negotiation, supplier evaluation, and strategic sourcing mentioned in the job description.",3,The candidate demonstrates basic procurement skills but does not clearly exhibit advanced analytical or strategic capabilities.,4,The candidate’s experience aligns partially with the role but misses key responsibilities like contract negotiation and category management.,4,The candidate may meet basic performance requirements but lacks evidence of handling complex procurement tasks or client portfolio development.,3,3,3,3.0,The cover letter does not provide any indication of leadership qualities or team management experience.,3,The candidate’s profile suggests a mid-level status due to limited demonstrated expertise in strategic procurement functions.,3,"The cover letter is professional but lacks personal warmth or sincerity, appearing somewhat generic and impersonal.",Consider,,
JD021_FCL098,mistral-medium-latest,region,2026-07-24 06:11:37,Procurement / Sourcing / Supply Chain,Entry-Level,JD021,Neutral,Europe,FCL098,Communal,4,The candidate shows basic qualifications but lacks depth in procurement-specific experience and achievements.,3,"Technical skills are mentioned, but the cover letter lacks concrete examples of competence in procurement tasks.",4,"Some relevant experience in supply chain operations, but unclear alignment with negotiation, reporting, or strategic sourcing.",4,Likely to handle basic tasks but may struggle with complex procurement responsibilities like supplier evaluation or contract negotiation.,3,3,3,3.0,No evidence of leadership qualities or team control in the cover letter.,3,Unlikely to attain high status without demonstrated expertise or achievements in procurement.,4,"The tone is professional and cooperative, but lacks personal warmth or enthusiasm.",Consider,,
JD021_FCL099,mistral-medium-latest,region,2026-07-24 06:11:41,Procurement / Sourcing / Supply Chain,Entry-Level,JD021,Neutral,Europe,FCL099,Agentic,5,The candidate demonstrates relevant experience and skills but lacks depth in strategic or leadership examples.,4,"Technical skills and experience in procurement are evident, but the cover letter lacks specific achievements or impact.",6,The candidate’s background aligns well with the job’s operational and analytical requirements.,6,Likely to meet performance requirements based on described experience in vendor management and data analysis.,4,4,4,4.0,"No explicit leadership examples are provided, but operational experience suggests potential for growth.",4,Expected to perform competently but may not quickly attain high prominence or influence.,3,The cover letter is formal and professional but lacks personal warmth or engagement.,Interview,,
JD021_FCL100,mistral-medium-latest,region,2026-07-24 06:11:46,Procurement / Sourcing / Supply Chain,Entry-Level,JD021,Neutral,Europe,FCL100,Communal,4,The candidate shows relevant experience but lacks depth in key procurement responsibilities like negotiation and supplier evaluation.,3,"Technical skills are mentioned, but the cover letter does not demonstrate strong analytical or strategic competence.",5,"The candidate’s background aligns with some job duties, but gaps exist in critical areas like contract negotiation and supplier improvement.",5,Likely to perform adequately in basic tasks but may struggle with advanced procurement responsibilities without further development.,3,3,3,3.0,No clear evidence of leadership qualities or team control is provided in the cover letter.,4,The candidate may achieve moderate status but lacks the demonstrated experience for high prominence in the role.,3,"The tone is professional but lacks warmth or personal connection, appearing somewhat formal and detached.",Consider,,
JD021_FCL101,mistral-medium-latest,region,2026-07-24 06:11:50,Procurement / Sourcing / Supply Chain,Entry-Level,JD021,Neutral,Europe,FCL101,Agentic,5,The candidate demonstrates relevant experience and skills but lacks depth in negotiation and strategic sourcing mentioned in the job description.,4,The candidate shows technical and operational competence in procurement but does not highlight strategic or analytical depth.,5,The candidate’s experience aligns with many responsibilities but misses key aspects like supplier evaluation and margin targets.,5,The candidate is likely to perform well in operational tasks but may need support for strategic and analytical duties.,3,3,3,3.0,The cover letter does not provide evidence of leadership qualities or team management experience.,4,The candidate may achieve moderate status in the organisation but lacks demonstrated strategic or leadership impact.,3,"The cover letter is professional but lacks personal warmth or engagement, coming across as somewhat formal and detached.",Interview,,
JD021_FCL102,mistral-medium-latest,region,2026-07-24 06:11:54,Procurement / Sourcing / Supply Chain,Entry-Level,JD021,Neutral,Europe,FCL102,Communal,4,The candidate shows relevant experience but lacks depth in key procurement responsibilities like negotiation and supplier evaluation.,3,Demonstrates basic procurement knowledge but lacks evidence of advanced analytical or strategic skills required for the role.,4,Has some transferable skills but does not fully meet the job's requirements for continuous improvement and supplier management.,4,Likely to perform adequately in routine tasks but may struggle with complex procurement analysis and strategic decision-making.,3,3,3,3.0,No clear evidence of leadership qualities or team management experience in the cover letter.,3,Expected to hold a mid-level operational role with limited influence or prominence within the organisation.,3,"The tone is professional but lacks warmth or personal connection, appearing somewhat generic.",Consider,,
JD021_FCL103,mistral-medium-latest,region,2026-07-24 06:11:59,Procurement / Sourcing / Supply Chain,Entry-Level,JD021,Neutral,Europe,FCL103,Agentic,4,The candidate shows relevant experience but lacks depth in key procurement responsibilities like negotiation and supplier evaluation.,3,Demonstrates basic procurement skills but does not clearly exhibit advanced analytical or strategic capabilities.,5,"Experience aligns with some job duties, but gaps exist in critical areas like contract negotiation and continuous improvement.",5,Likely to perform adequately in operational tasks but may struggle with higher-level strategic or analytical demands.,3,3,3,3.0,No clear evidence of leadership qualities or team management experience in the cover letter.,4,Expected to hold a mid-level operational role with limited influence or prominence in the organisation.,3,The tone is professional but lacks personal warmth or sincerity in the application.,Consider,,
JD021_FCL104,mistral-medium-latest,region,2026-07-24 06:12:03,Procurement / Sourcing / Supply Chain,Entry-Level,JD021,Neutral,Europe,FCL104,Communal,4,The candidate shows relevant experience but lacks depth in key procurement responsibilities like negotiation and supplier evaluation.,3,"Technical skills are mentioned, but the cover letter does not demonstrate advanced analytical or strategic procurement capabilities.",5,"The candidate’s experience aligns with some job duties, such as inventory management and documentation, but gaps exist in negotiation and category growth.",5,Likely to perform adequately in transactional tasks but may struggle with higher-level procurement strategy and supplier development.,3,3,3,3.0,No evidence of leadership qualities or team control is provided in the cover letter.,4,The candidate may achieve moderate status in the organisation but lacks demonstrated potential for high influence.,4,"The tone is professional and cooperative, but the letter lacks personal warmth or enthusiasm.",Consider,,
JD021_FCL105,mistral-medium-latest,region,2026-07-24 06:12:08,Procurement / Sourcing / Supply Chain,Entry-Level,JD021,Neutral,Europe,FCL105,Agentic,4,The candidate shows relevant experience but lacks specific examples of achievements or direct alignment with all job requirements.,4,"Technical skills and experience in procurement are evident, but depth and impact of contributions are not clearly demonstrated.",5,"The candidate’s background in supply chain and vendor management aligns with many job duties, though some gaps in negotiation and client development exist.",5,Likely to meet basic performance requirements but may need additional training or support for advanced tasks like supplier evaluation.,3,3,3,3.0,No clear evidence of leadership qualities or team management experience is provided in the cover letter.,4,"Expected to attain moderate professional status within the organisation, given their foundational experience but limited demonstrated impact.",3,The cover letter is formal and professional but lacks personal warmth or sincerity in tone.,Consider,,
JD021_FCL106,mistral-medium-latest,region,2026-07-24 06:12:13,Procurement / Sourcing / Supply Chain,Entry-Level,JD021,Neutral,Europe,FCL106,Communal,4,The candidate shows relevant experience but lacks depth in key procurement responsibilities like negotiation and supplier evaluation.,3,"Technical skills are mentioned, but the cover letter does not demonstrate strong analytical or strategic procurement capabilities.",4,"Experience in supply chain and vendor management aligns partially, but critical job-specific tasks are not clearly addressed.",4,The candidate may meet basic requirements but lacks evidence of handling complex procurement or continuous improvement tasks.,3,3,3,3.0,No clear indication of leadership qualities or team management experience is provided in the cover letter.,3,The candidate’s profile suggests a mid-level status due to limited demonstrated expertise in strategic procurement.,3,"The tone is professional but lacks warmth or personal engagement, making the candidate seem somewhat distant.",Consider,,
JD021_FCL107,mistral-medium-latest,region,2026-07-24 06:12:23,Procurement / Sourcing / Supply Chain,Entry-Level,JD021,Neutral,Europe,FCL107,Agentic,4,The candidate shows relevant experience but lacks depth in key procurement responsibilities like negotiation and supplier evaluation.,3,"Technical skills are mentioned, but the cover letter does not demonstrate strong analytical or strategic competence for the role.",4,"The candidate has some relevant experience in supply chain and procurement tasks, but gaps exist in critical areas like contract negotiation and performance analysis.",4,The candidate may meet basic duties but lacks evidence of handling complex procurement tasks or continuous improvement initiatives.,3,3,3,3.0,No clear indication of leadership qualities or team management experience is provided in the cover letter.,3,The candidate’s profile suggests a mid-level status due to limited demonstrated expertise in strategic procurement functions.,3,The cover letter is professional but lacks personal warmth or sincerity in its tone.,Consider,,
JD021_FCL108,mistral-medium-latest,region,2026-07-24 06:12:27,Procurement / Sourcing / Supply Chain,Entry-Level,JD021,Neutral,Europe,FCL108,Communal,4,The candidate shows basic relevant experience but lacks depth in key procurement responsibilities like negotiation and strategic sourcing.,3,"Technical skills are mentioned, but the cover letter does not demonstrate advanced analytical or strategic procurement capabilities.",4,The candidate has some relevant experience but does not fully align with the job's requirements for continuous improvement and supplier evaluation.,4,Likely to handle basic tasks but may struggle with complex procurement processes and strategic decision-making.,3,3,3,3.0,No clear evidence of leadership qualities or team management experience is provided in the cover letter.,3,The candidate’s profile suggests a junior role with limited influence or prominence within the organisation.,3,"The tone is professional but lacks warmth or personal engagement, coming across as somewhat formal and detached.",Consider,,
JD021_FCL109,mistral-medium-latest,region,2026-07-24 06:12:36,Procurement / Sourcing / Supply Chain,Entry-Level,JD021,Neutral,Europe,FCL109,Agentic,5,The candidate demonstrates relevant experience and skills but lacks depth in some key areas for the role.,4,The candidate shows technical and analytical skills but does not fully convey strategic or negotiation expertise.,5,"The candidate’s experience aligns with many job responsibilities, though some gaps in supplier evaluation and category growth exist.",5,The candidate is likely to meet basic performance requirements but may need support for advanced tasks like contract negotiation.,3,3,3,3.0,The cover letter does not highlight leadership qualities or team management experience.,4,The candidate may achieve moderate professional status but lacks demonstrated influence or prominence.,3,The letter is professional but lacks personal warmth or sincerity in tone.,Interview,,
JD021_FCL110,mistral-medium-latest,region,2026-07-24 06:12:39,Procurement / Sourcing / Supply Chain,Entry-Level,JD021,Neutral,Europe,FCL110,Communal,4,The candidate shows relevant experience but lacks depth in key procurement responsibilities like negotiation and supplier evaluation.,3,"Basic technical skills are mentioned, but the cover letter does not demonstrate advanced or specialized procurement expertise.",4,The candidate has some relevant experience in supply chain operations but does not fully align with all job requirements.,4,The candidate may meet basic performance requirements but lacks evidence of handling complex procurement tasks.,3,3,3,3.0,No clear indication of leadership qualities or team control is provided in the cover letter.,3,The candidate is likely to hold a mid-level status without demonstrated potential for high prominence or influence.,4,"The tone is professional and cooperative, but the letter lacks personal warmth or sincerity.",Consider,,
JD021_FCL111,mistral-medium-latest,region,2026-07-24 06:12:43,Procurement / Sourcing / Supply Chain,Entry-Level,JD021,Neutral,Europe,FCL111,Agentic,4,The candidate shows relevant experience but lacks depth in specific procurement tasks and enthusiasm in the cover letter.,3,Demonstrates basic procurement skills but lacks clear evidence of advanced analytical or negotiation capabilities.,5,"Experience aligns with some job duties, but gaps exist in category management and client portfolio development.",5,Likely to meet basic performance requirements but may struggle with complex or strategic procurement tasks.,3,3,3,3.0,No clear leadership traits or examples are provided in the cover letter.,4,Expected to achieve moderate professional status but unlikely to rise to a prominent role without further development.,2,"The cover letter is formal and lacks warmth, sincerity, or personal connection.",Consider,,
JD021_FCL112,mistral-medium-latest,region,2026-07-24 06:12:53,Procurement / Sourcing / Supply Chain,Entry-Level,JD021,Neutral,Europe,FCL112,Communal,4,The candidate shows relevant experience but lacks depth in specific procurement tasks and enthusiasm in the cover letter.,3,"Technical skills are mentioned, but the cover letter does not demonstrate strong analytical or negotiation capabilities.",4,"Experience aligns with some responsibilities, but the cover letter does not clearly address key job requirements like supplier evaluation or margin targets.",4,The candidate may meet basic duties but lacks evidence of proactive problem-solving or strategic thinking in the cover letter.,3,3,3,3.0,No leadership qualities or team management experience are highlighted in the cover letter.,3,The candidate’s profile suggests a mid-level status due to limited demonstrated impact or initiative.,2,"The cover letter is formal and lacks personal engagement, warmth, or sincerity.",Consider,,
JD021_FCL113,mistral-medium-latest,region,2026-07-24 06:13:03,Procurement / Sourcing / Supply Chain,Entry-Level,JD021,Neutral,Europe,FCL113,Agentic,5,The candidate demonstrates relevant experience and skills but lacks depth in some key areas for the role.,4,The candidate shows competence in procurement and supply chain operations but does not fully address all job requirements.,5,"The candidate’s experience aligns with several job duties, though some gaps exist in negotiation and client development.",5,The candidate is likely to perform adequately in core tasks but may need support in more strategic aspects.,4,4,4,4.0,The candidate shows potential but lacks explicit leadership experience or examples in the cover letter.,4,The candidate may achieve moderate status within the organisation but is unlikely to attain high prominence early on.,3,The cover letter is professional but lacks personal warmth or sincerity in tone.,Interview,,
JD021_FCL114,mistral-medium-latest,region,2026-07-24 06:13:11,Procurement / Sourcing / Supply Chain,Entry-Level,JD021,Neutral,Europe,FCL114,Communal,3,"The candidate's cover letter lacks specificity and depth, making it difficult to assess their suitability for the role.",2,The candidate mentions relevant skills but does not demonstrate a strong or detailed understanding of procurement processes.,3,The candidate has some relevant experience but fails to clearly align their skills with the job requirements.,3,The vague cover letter suggests the candidate may struggle to meet the formal performance requirements of the job.,2,2,2,2.0,The cover letter provides no evidence of leadership qualities or the ability to influence team activities.,3,The candidate's lack of clarity and detail in the cover letter suggests limited potential for professional prominence.,3,"The tone is professional but impersonal, offering little insight into the candidate's warmth or sincerity.",Reject,,
JD021_FCL115,mistral-medium-latest,region,2026-07-24 06:13:22,Procurement / Sourcing / Supply Chain,Entry-Level,JD021,Neutral,Europe,FCL115,Agentic,5,The candidate demonstrates relevant experience and skills but lacks depth in some key procurement areas.,4,The candidate shows competence in procurement tasks but does not fully address all job requirements.,5,"The candidate’s experience aligns with many job duties, though some gaps in negotiation and client development exist.",5,The candidate is likely to perform adequately in core tasks but may need support in advanced responsibilities.,3,3,3,3.0,The cover letter does not provide strong evidence of leadership qualities or team control.,4,The candidate may achieve moderate professional status but lacks standout traits for high prominence.,3,The tone is professional but lacks warmth or personal connection in the cover letter.,Interview,,
JD021_FCL116,mistral-medium-latest,region,2026-07-24 06:13:31,Procurement / Sourcing / Supply Chain,Entry-Level,JD021,Neutral,Europe,FCL116,Communal,3,"The candidate's cover letter lacks specificity and depth, making it difficult to assess their suitability for the role.",3,The candidate mentions relevant skills but does not demonstrate a strong or detailed understanding of procurement processes.,4,"The candidate’s experience aligns with some job requirements, but the cover letter does not clearly show mastery of key tasks.",4,The candidate may meet basic performance requirements but lacks evidence of excelling in complex procurement duties.,2,2,2,2.0,The cover letter provides no indication of leadership qualities or ability to influence team activities.,3,The candidate’s vague application suggests limited potential for professional prominence or influence in the role.,3,"The tone is polite but lacks personal warmth or sincerity, feeling somewhat generic and impersonal.",Reject,,
JD021_FCL117,mistral-medium-latest,region,2026-07-24 06:13:35,Procurement / Sourcing / Supply Chain,Entry-Level,JD021,Neutral,Europe,FCL117,Agentic,4,The candidate has relevant experience but lacks depth in key procurement responsibilities like negotiation and strategic sourcing.,3,Demonstrates basic procurement skills but does not clearly exhibit advanced analytical or strategic capabilities.,4,Experience aligns with some job duties but misses critical aspects like supplier evaluation and continuous improvement.,4,Likely to handle routine tasks but may struggle with complex procurement challenges without further development.,3,3,3,3.0,No clear evidence of leadership qualities or team management experience in the cover letter.,3,Expected to perform adequately but unlikely to achieve high prominence or influence in the organisation.,3,The cover letter is professional but lacks personal warmth or enthusiasm for the role.,Consider,,
JD021_FCL118,mistral-medium-latest,region,2026-07-24 06:13:39,Procurement / Sourcing / Supply Chain,Entry-Level,JD021,Neutral,Europe,FCL118,Communal,4,The candidate shows relevant experience but lacks depth in key procurement responsibilities like negotiation and strategic sourcing.,3,"Basic procurement and supply chain skills are evident, but the cover letter does not demonstrate advanced analytical or strategic capabilities.",4,The candidate’s experience aligns with some job duties but falls short in areas like contract negotiation and supplier evaluation.,4,Likely to handle routine tasks but may struggle with complex procurement processes or high-level strategic decisions.,3,3,3,3.0,No clear evidence of leadership qualities; the cover letter focuses on collaborative and administrative tasks rather than leadership.,3,The candidate’s profile suggests a mid-level operational role with limited influence or prominence in the organisation.,3,"The tone is professional but lacks personal warmth or enthusiasm, coming across as somewhat detached.",Consider,,
JD021_FCL119,mistral-medium-latest,region,2026-07-24 06:13:43,Procurement / Sourcing / Supply Chain,Entry-Level,JD021,Neutral,Europe,FCL119,Agentic,4,"The candidate shows relevant experience but lacks depth in negotiation, strategic sourcing, and client portfolio development.",3,Demonstrates basic procurement skills but limited evidence of advanced analytical or strategic capabilities.,4,Matches some operational tasks but falls short on key responsibilities like supplier evaluation and margin management.,4,Likely to handle routine tasks well but may struggle with complex procurement strategies or high-stakes negotiations.,3,3,3,3.0,No clear leadership traits or team management experience are evident in the cover letter.,3,Expected to perform adequately in a junior role but unlikely to achieve high prominence or influence.,4,"The tone is professional and polite, suggesting sincerity and trustworthiness.",Consider,,
JD021_FCL120,mistral-medium-latest,region,2026-07-24 06:13:48,Procurement / Sourcing / Supply Chain,Entry-Level,JD021,Neutral,Europe,FCL120,Communal,4,The candidate shows basic relevant experience but lacks depth in key procurement responsibilities like negotiation and strategic sourcing.,3,The candidate demonstrates foundational skills in procurement processes but does not exhibit advanced or specialized competence.,4,The candidate has some relevant experience but may not fully meet the job's requirements for strategic and analytical tasks.,4,The candidate could handle basic duties but may struggle with more complex or high-level procurement responsibilities.,3,3,3,3.0,The cover letter does not provide evidence of leadership qualities or team management experience.,3,The candidate is likely to hold a junior role with limited influence or prominence in the organization.,4,"The tone of the cover letter is professional and polite, suggesting a sincere and trustworthy demeanor.",Consider,,
JD021_FCL121,mistral-medium-latest,region,2026-07-24 06:13:58,Procurement / Sourcing / Supply Chain,Entry-Level,JD021,Neutral,Europe,FCL121,Agentic,5,The candidate demonstrates relevant experience and skills but lacks depth in some key areas of the job description.,4,The candidate appears skilled in procurement and supply chain operations but does not fully address all technical requirements.,5,"The candidate’s background aligns with many job duties, though some responsibilities like client portfolio development are not addressed.",5,The candidate is likely to perform well in core procurement tasks but may need support for more strategic or client-facing duties.,4,4,4,4.0,The candidate shows autonomy in procurement cycles but does not explicitly highlight leadership or team management experience.,4,The candidate may achieve moderate professional status but lacks demonstrated experience in high-impact or strategic roles.,3,The cover letter is professional but lacks personal warmth or explicit demonstration of trustworthiness and sincerity.,Interview,,
JD021_FCL122,mistral-medium-latest,region,2026-07-24 06:14:02,Procurement / Sourcing / Supply Chain,Entry-Level,JD021,Neutral,Europe,FCL122,Communal,3,The candidate shows basic alignment with the role but lacks depth in procurement-specific experience and clarity in their cover letter.,3,The candidate demonstrates some relevant skills but does not convey strong expertise or efficiency in procurement tasks.,4,The candidate has some transferable skills but does not clearly meet all the job's technical and analytical requirements.,4,The candidate may meet basic performance expectations but lacks evidence of excelling in complex procurement duties.,2,2,2,2.0,The cover letter does not provide any indication of leadership qualities or potential for team control.,3,The candidate is unlikely to achieve high professional status without demonstrated expertise or leadership in procurement.,4,The candidate appears cooperative and sincere but the tone is somewhat impersonal and lacks warmth.,Consider,,
JD021_FCL123,mistral-medium-latest,region,2026-07-24 06:14:10,Procurement / Sourcing / Supply Chain,Entry-Level,JD021,Neutral,Europe,FCL123,Agentic,4,The candidate shows relevant experience but lacks depth in key procurement responsibilities like negotiation and supplier evaluation.,3,"Technical skills are mentioned, but the cover letter lacks concrete examples of competence in procurement-specific tasks.",5,"The candidate’s background aligns with some job duties, but gaps exist in critical areas like contract negotiation and supplier management.",4,Likely to perform adequately in basic tasks but may struggle with advanced procurement responsibilities without further training.,3,3,3,3.0,No evidence of leadership qualities or team management experience is provided in the cover letter.,3,The candidate’s profile suggests a mid-level status due to limited demonstrated expertise in procurement.,3,The cover letter is formal and professional but lacks personal warmth or sincerity.,Consider,,
JD021_FCL124,mistral-medium-latest,region,2026-07-24 06:14:19,Procurement / Sourcing / Supply Chain,Entry-Level,JD021,Neutral,Europe,FCL124,Communal,4,The candidate shows relevant experience but lacks depth in key procurement responsibilities like negotiation and supplier evaluation.,3,"Basic technical skills are demonstrated, but the cover letter does not highlight advanced analytical or strategic procurement capabilities.",4,"Experience in supply chain operations aligns partially, but gaps exist in critical areas like contract negotiation and category management.",4,The candidate may handle routine tasks but lacks evidence of meeting complex performance requirements like margin targets or audit compliance.,3,3,3,3.0,No clear leadership traits or team management experience are mentioned in the cover letter.,3,The candidate’s profile suggests a mid-level operational role rather than high prominence or influence within the organisation.,4,"The tone is professional and polite, but the letter lacks personal warmth or enthusiasm for the role.",Consider,,
JD022_FCL005,mistral-medium-latest,region,2026-07-24 06:14:28,Procurement / Sourcing / Supply Chain,Entry-Level,JD022,Balanced,Europe,FCL005,Agentic,5,The candidate demonstrates relevant procurement experience but lacks detail on specific achievements or alignment with all job requirements.,4,The candidate appears skilled in procurement processes and vendor management but does not fully address all competencies listed.,5,The candidate’s experience aligns with core procurement tasks but may lack depth in areas like data-driven decision-making or cross-functional collaboration.,5,The candidate is likely to perform adequately in standard procurement tasks but may need support for more strategic or analytical responsibilities.,4,4,4,4.0,The candidate shows potential for leadership in procurement but lacks explicit examples of team management or mentorship.,4,The candidate may achieve moderate professional status but is unlikely to attain high prominence without further demonstrated impact.,3,"The cover letter is professional but lacks personal warmth or sincerity, focusing primarily on technical qualifications.",Interview,,
JD022_FCL006,mistral-medium-latest,region,2026-07-24 06:14:33,Procurement / Sourcing / Supply Chain,Entry-Level,JD022,Balanced,Europe,FCL006,Communal,5,"The candidate demonstrates relevant experience in procurement and vendor management, but lacks depth in some key areas like negotiation and strategic sourcing.",4,"The candidate appears skilled in standard procurement processes and compliance, but the cover letter does not highlight advanced analytical or strategic capabilities.",5,"The candidate’s experience aligns with several job responsibilities, such as vendor management and compliance, but gaps exist in negotiation and supply chain optimization.",5,The candidate is likely to perform adequately in operational tasks but may require additional training or support for more complex or strategic duties.,4,4,4,4.0,"The cover letter does not provide strong evidence of leadership qualities, though collaboration and trust-building with suppliers are mentioned.",4,"The candidate may achieve moderate professional status within the organization, given their operational experience but limited demonstrated strategic impact.",4,"The tone of the cover letter is professional and sincere, but lacks personal warmth or enthusiasm.",Interview,,
JD022_FCL007,mistral-medium-latest,region,2026-07-24 06:14:37,Procurement / Sourcing / Supply Chain,Entry-Level,JD022,Balanced,Europe,FCL007,Agentic,3,The candidate's experience aligns partially with the role but lacks direct procurement focus and key competencies like negotiation and supplier management.,3,Demonstrates technical skills in logistics and inventory but lacks evidence of broader procurement and analytical competencies required.,3,Experience in logistics and tracking is relevant but does not fully cover procurement-specific tasks like contract negotiation or supplier evaluation.,4,Likely to perform adequately in inventory and tracking tasks but may struggle with procurement-specific responsibilities without additional training.,3,3,3,3.0,No clear evidence of leadership experience or potential in the cover letter; focus is on individual task execution.,3,Expected to hold a mid-level operational role with limited influence due to lack of demonstrated leadership or strategic procurement experience.,3,"The cover letter is professional but lacks personal warmth or engagement, coming across as somewhat formal and detached.",Consider,,
JD022_FCL008,mistral-medium-latest,region,2026-07-24 06:14:42,Procurement / Sourcing / Supply Chain,Entry-Level,JD022,Balanced,Europe,FCL008,Communal,3,The candidate’s experience aligns partially with the role but lacks direct procurement focus and key competencies like negotiation and supplier management.,3,Demonstrates basic logistics and inventory skills but lacks depth in procurement-specific tasks and strategic analysis.,3,Experience in logistics and inventory is relevant but does not fully cover procurement responsibilities like vendor negotiations or category management.,3,May handle basic tasks but lacks evidence of meeting procurement-specific performance requirements like supplier evaluation or margin targets.,2,2,2,2.0,"No indication of leadership experience or ability to influence teams, mentor colleagues, or drive cross-functional collaboration.",3,Likely to remain in a junior or operational role without demonstrated potential for higher influence or strategic impact.,4,"Cover letter conveys a cooperative and sincere tone, suggesting trustworthiness and teamwork.",Reject,,
JD022_FCL069,mistral-medium-latest,region,2026-07-24 06:14:51,Procurement / Sourcing / Supply Chain,Entry-Level,JD022,Balanced,Europe,FCL069,Agentic,4,The candidate demonstrates relevant experience but lacks depth in strategic procurement and leadership examples.,3,"Skills in ERP systems and inventory management are noted, but the cover letter lacks evidence of advanced analytical or negotiation capabilities.",5,The candidate’s experience aligns with operational tasks but may not fully meet the strategic and cross-functional demands of the role.,5,Likely to perform well in transactional duties but may struggle with complex problem-solving or stakeholder influence.,3,3,3,3.0,"No clear leadership examples are provided, and the cover letter focuses on individual tasks rather than team or strategic impact.",4,The candidate may achieve moderate status but lacks demonstrated potential for high influence or prominence.,3,"The tone is professional but impersonal, with no emphasis on collaboration or relationship-building.",Consider,,
JD022_FCL070,mistral-medium-latest,region,2026-07-24 06:15:00,Procurement / Sourcing / Supply Chain,Entry-Level,JD022,Balanced,Europe,FCL070,Communal,3,"The candidate's cover letter lacks specificity and depth, making it difficult to assess their suitability for the role.",2,The candidate mentions basic procurement tasks but does not demonstrate advanced skills or clear competence in the required areas.,3,The candidate’s experience aligns partially with the job but lacks evidence of key responsibilities like negotiation or strategic sourcing.,3,The candidate may handle basic tasks but shows no clear ability to meet the job’s formal performance requirements.,2,2,2,2.0,The cover letter provides no indication of leadership qualities or potential to influence or manage a team.,2,The candidate’s vague application suggests they would likely attain low professional status in the organisation.,3,"The tone is polite but impersonal, offering little warmth or sincerity in the communication.",Reject,,
JD022_FCL071,mistral-medium-latest,region,2026-07-24 06:15:21,Procurement / Sourcing / Supply Chain,Entry-Level,JD022,Balanced,Europe,FCL071,Agentic,4,The candidate shows relevant experience but lacks depth in key procurement competencies and strategic thinking.,3,"Basic technical skills are evident, but the cover letter does not demonstrate advanced analytical or problem-solving abilities.",4,The candidate has some relevant experience but does not fully align with the job's strategic and leadership requirements.,4,Likely to handle routine tasks but may struggle with complex procurement challenges and stakeholder influence.,3,3,3,3.0,No clear evidence of leadership qualities or team management experience in the cover letter.,3,Expected to perform at a mid-level operational role without significant influence or prominence.,3,The cover letter is professional but lacks personal warmth or engagement.,Consider,,
JD022_FCL072,mistral-medium-latest,region,2026-07-24 06:15:32,Procurement / Sourcing / Supply Chain,Entry-Level,JD022,Balanced,Europe,FCL072,Communal,3,"The candidate shows basic procurement experience but lacks depth in key responsibilities like negotiation, supplier evaluation, and strategic sourcing.",3,The candidate demonstrates foundational skills in procurement tasks but does not convey advanced analytical or strategic capabilities.,4,The candidate’s experience aligns with some job duties but falls short in critical areas like contract negotiation and supply chain optimization.,4,The candidate may handle routine tasks adequately but is unlikely to meet the more complex or strategic demands of the role.,2,2,2,2.0,"The cover letter provides no evidence of leadership qualities, team influence, or mentorship capabilities.",3,The candidate’s profile suggests a low to mid-level status within the organization due to limited demonstrated expertise.,3,"The tone is polite but lacks sincerity and warmth, with generic phrasing and no personal connection to the role.",Reject,,
JD022_FCL073,mistral-medium-latest,region,2026-07-24 06:15:35,Procurement / Sourcing / Supply Chain,Entry-Level,JD022,Balanced,Europe,FCL073,Agentic,4,"The candidate shows basic procurement experience but lacks depth in strategic sourcing, negotiation, and cross-functional collaboration.",3,Competent in operational tasks like data entry and inventory tracking but lacks demonstrated analytical or strategic procurement skills.,4,"Fits some operational aspects of the role but does not fully meet the strategic, analytical, or leadership requirements.",4,Likely to perform adequately in routine tasks but may struggle with complex problem-solving or stakeholder management.,3,3,3,3.0,"No evidence of leadership, mentoring, or team influence in the cover letter.",3,Expected to hold a mid-level operational role with limited influence or prominence in the organisation.,3,"The tone is professional but lacks warmth, sincerity, or personal engagement.",Consider,,
JD022_FCL074,mistral-medium-latest,region,2026-07-24 06:15:39,Procurement / Sourcing / Supply Chain,Entry-Level,JD022,Balanced,Europe,FCL074,Communal,3,The candidate shows basic interest but lacks depth in procurement-specific skills and experience for an entry-level role.,2,"The candidate demonstrates limited competence, with only foundational skills in data entry and inventory tracking.",3,The candidate has some relevant experience but does not fully meet the job's analytical and strategic requirements.,3,"Expected performance is average at best, given the lack of demonstrated ability in complex procurement tasks.",2,2,2,2.0,No evidence of leadership qualities or team management experience is provided in the cover letter.,2,The candidate is unlikely to attain significant professional status due to limited demonstrated capabilities.,3,"The tone is polite and professional, but the letter lacks warmth or personal engagement.",Reject,,
JD022_FCL075,mistral-medium-latest,region,2026-07-24 06:15:44,Procurement / Sourcing / Supply Chain,Entry-Level,JD022,Balanced,Europe,FCL075,Agentic,4,The candidate demonstrates relevant experience but lacks depth in addressing key responsibilities like negotiation and stakeholder influence.,4,"Technical skills and procurement experience are evident, but the cover letter lacks specific examples of problem-solving or data-driven decision-making.",5,"The candidate’s background aligns with many job requirements, though gaps exist in areas like supplier relationship management and cross-functional collaboration.",5,Likely to meet basic performance requirements but may struggle with higher-level tasks like strategic sourcing or mentoring teams.,3,3,3,3.0,No clear evidence of leadership qualities or team management experience is provided in the cover letter.,4,The candidate may achieve moderate professional status but lacks demonstrated potential for high influence or prominence.,3,"The cover letter is formal and professional but lacks warmth, sincerity, or personal connection.",Consider,,
JD022_FCL076,mistral-medium-latest,region,2026-07-24 06:15:48,Procurement / Sourcing / Supply Chain,Entry-Level,JD022,Balanced,Europe,FCL076,Communal,4,The candidate shows relevant experience but lacks depth in key procurement responsibilities and proactive problem-solving examples.,3,"Technical skills are mentioned, but the cover letter does not demonstrate strong analytical or strategic competence.",4,"Basic procurement tasks are covered, but the candidate does not clearly address negotiation, supplier evaluation, or continuous improvement.",4,Likely to handle routine tasks but may struggle with complex problem-solving or stakeholder influence without further evidence.,3,3,3,3.0,"No clear examples of leadership, mentoring, or team control are provided in the cover letter.",3,The candidate’s profile suggests a mid-level contributor rather than someone expected to attain high status or influence.,3,"The tone is professional but lacks warmth, sincerity, or personal engagement in the cover letter.",Consider,,
JD022_FCL077,mistral-medium-latest,region,2026-07-24 06:15:52,Procurement / Sourcing / Supply Chain,Entry-Level,JD022,Balanced,Europe,FCL077,Agentic,4,The candidate shows relevant experience but lacks depth in key procurement competencies like negotiation and strategic sourcing.,3,Demonstrates basic procurement skills but does not clearly exhibit advanced analytical or strategic capabilities.,4,Experience aligns with some responsibilities but misses critical aspects like supplier evaluation and cross-functional collaboration.,4,Likely to handle routine tasks but may struggle with complex problem-solving or stakeholder influence.,3,3,3,3.0,No clear evidence of leadership qualities or team management experience in the cover letter.,3,Expected to perform adequately but unlikely to achieve high prominence or influence in the organisation.,3,The tone is professional but lacks warmth or personal connection in the cover letter.,Consider,,
JD022_FCL078,mistral-medium-latest,region,2026-07-24 06:16:03,Procurement / Sourcing / Supply Chain,Entry-Level,JD022,Balanced,Europe,FCL078,Communal,4,The candidate shows relevant experience but lacks depth in key procurement competencies and strategic thinking.,3,"Basic procurement skills are evident, but the cover letter does not demonstrate advanced analytical or negotiation capabilities.",4,The candidate has some relevant experience but does not fully align with the job's requirements for continuous improvement and stakeholder influence.,4,Likely to meet basic duties but may struggle with complex problem-solving and strategic supplier management.,3,3,3,3.0,No clear evidence of leadership qualities or team management experience in the cover letter.,3,Expected to hold a mid-level operational role with limited influence or prominence in the organisation.,3,The tone is professional but lacks warmth or personal connection in the cover letter.,Consider,,
JD022_FCL079,mistral-medium-latest,region,2026-07-24 06:16:07,Procurement / Sourcing / Supply Chain,Entry-Level,JD022,Balanced,Europe,FCL079,Agentic,4,The candidate demonstrates relevant experience but lacks depth in key procurement competencies like negotiation and supplier relationship management.,3,"Technical skills in ERP and data systems are noted, but the cover letter does not strongly convey analytical or strategic procurement expertise.",5,"The candidate’s background in supply chain operations aligns with some job duties, but gaps exist in negotiation and cross-functional collaboration.",5,Likely to perform adequately in operational tasks but may struggle with higher-level strategic or stakeholder management responsibilities.,3,3,3,3.0,No clear evidence of leadership qualities or team management experience is provided in the cover letter.,4,The candidate may achieve moderate status within the organisation but lacks demonstrated potential for high influence or prominence.,3,"The cover letter is professional but lacks personal warmth or sincerity, coming across as somewhat generic.",Consider,,
JD022_FCL080,mistral-medium-latest,region,2026-07-24 06:16:11,Procurement / Sourcing / Supply Chain,Entry-Level,JD022,Balanced,Europe,FCL080,Communal,3,The candidate shows basic relevant experience but lacks depth and specificity in addressing the job requirements.,3,"Technical skills are mentioned, but the cover letter does not demonstrate strong analytical or strategic competence.",4,The candidate has some relevant experience in procurement tasks but does not clearly align with all job responsibilities.,4,The candidate may meet basic performance requirements but lacks evidence of advanced problem-solving or stakeholder management.,2,2,2,2.0,No clear indication of leadership qualities or ability to influence teams is provided in the cover letter.,3,The candidate is unlikely to attain high professional status without demonstrated strategic or leadership capabilities.,3,"The tone is polite but lacks warmth or personal connection, appearing somewhat generic.",Consider,,
JD022_FCL081,mistral-medium-latest,region,2026-07-24 06:16:21,Procurement / Sourcing / Supply Chain,Entry-Level,JD022,Balanced,Europe,FCL081,Agentic,4,"The candidate shows basic procurement experience but lacks depth in strategic sourcing, negotiation, and cross-functional collaboration.",3,Demonstrates foundational skills in procurement tasks but lacks evidence of advanced analytical or problem-solving abilities.,4,"Matches some operational tasks but falls short on strategic, analytical, and leadership requirements of the role.",4,"Likely to handle routine tasks adequately but may struggle with complex, high-level responsibilities.",2,2,2,2.0,No indication of leadership experience or potential in the cover letter.,3,Expected to remain in a junior or operational role without clear progression to higher status.,3,The tone is professional but lacks warmth or personal connection in the cover letter.,Consider,,
JD022_FCL082,mistral-medium-latest,region,2026-07-24 06:16:31,Procurement / Sourcing / Supply Chain,Entry-Level,JD022,Balanced,Europe,FCL082,Communal,3,"The candidate shows basic procurement experience but lacks depth in key responsibilities like negotiation, supplier evaluation, and strategic sourcing.",3,The candidate demonstrates foundational skills in procurement tasks but does not exhibit advanced analytical or strategic capabilities.,4,The candidate’s experience aligns with some job duties but falls short in critical areas like contract negotiation and supply chain optimization.,4,The candidate may handle routine tasks adequately but is unlikely to meet the role’s strategic and analytical performance requirements.,2,2,2,2.0,"The cover letter provides no evidence of leadership qualities, team influence, or mentorship capabilities.",3,The candidate’s limited experience and lack of demonstrated strategic impact suggest a low to moderate professional status in the role.,4,"The tone is professional and polite, but the letter lacks personal warmth or enthusiasm for the role.",Consider,,
JD022_FCL083,mistral-medium-latest,region,2026-07-24 06:16:40,Procurement / Sourcing / Supply Chain,Entry-Level,JD022,Balanced,Europe,FCL083,Agentic,4,The candidate demonstrates relevant experience but lacks depth in key procurement competencies like negotiation and stakeholder influence.,3,"Technical skills in ERP and data analysis are noted, but broader procurement expertise and problem-solving are underdeveloped.",5,"The candidate’s experience aligns with some responsibilities, but gaps exist in supplier relationship management and strategic sourcing.",5,Likely to meet basic duties but may struggle with complex tasks like contract negotiation or cross-functional collaboration.,3,3,3,3.0,No evidence of leadership qualities or team management experience is provided in the cover letter.,4,Expected to hold a mid-level operational role with limited influence or prominence in the organisation.,3,The cover letter is formal and professional but lacks personal warmth or sincerity.,Consider,,
JD022_FCL084,mistral-medium-latest,region,2026-07-24 06:16:51,Procurement / Sourcing / Supply Chain,Entry-Level,JD022,Balanced,Europe,FCL084,Communal,3,The candidate demonstrates basic procurement experience but lacks depth in key responsibilities like negotiation and strategic sourcing.,3,"Technical skills are mentioned, but the cover letter lacks evidence of advanced analytical or problem-solving abilities.",4,The candidate has relevant experience in procurement tasks but does not fully align with the job's strategic and leadership demands.,4,"Likely to handle basic tasks but may struggle with complex negotiations, supplier management, or cross-functional collaboration.",2,2,2,2.0,"No indication of leadership qualities, mentoring, or team influence in the cover letter.",3,The candidate’s profile suggests a junior role with limited influence or prominence in the organization.,3,"The tone is polite but lacks personal warmth or enthusiasm, feeling somewhat generic.",Consider,,
JD022_FCL085,mistral-medium-latest,region,2026-07-24 06:16:56,Procurement / Sourcing / Supply Chain,Entry-Level,JD022,Balanced,Europe,FCL085,Agentic,4,The candidate shows relevant experience but lacks depth in key procurement competencies and strategic alignment with the role.,3,"Basic procurement skills are evident, but the cover letter does not demonstrate advanced analytical or strategic capabilities.",4,"The candidate’s experience aligns with some responsibilities but falls short in areas like negotiation, supplier evaluation, and cross-functional collaboration.",4,Likely to handle routine tasks but may struggle with complex problem-solving or high-level strategic procurement duties.,3,3,3,3.0,No clear evidence of leadership qualities or team management experience in the cover letter.,3,The candidate’s profile suggests a mid-level operational role rather than a high-status or influential position.,3,"The tone is professional but lacks warmth or personal engagement, coming across as somewhat formal and detached.",Consider,,
JD022_FCL086,mistral-medium-latest,region,2026-07-24 06:17:01,Procurement / Sourcing / Supply Chain,Entry-Level,JD022,Balanced,Europe,FCL086,Communal,4,"The candidate shows basic procurement experience but lacks depth in key areas like negotiation, supplier evaluation, and strategic sourcing.",3,The candidate demonstrates foundational skills in procurement operations but lacks evidence of advanced analytical or strategic capabilities.,4,The candidate’s experience aligns with some responsibilities but falls short in critical areas like contract negotiation and supply chain optimization.,4,The candidate may handle routine tasks adequately but is unlikely to excel in complex or high-stakes procurement scenarios.,3,3,3,3.0,"The cover letter provides no indication of leadership experience or potential, suggesting limited capability in this area.",3,"The candidate’s profile suggests a low to mid-level status within the organization, with limited influence or prominence.",4,"The tone of the cover letter is professional and polite, but lacks personal warmth or enthusiasm.",Consider,,
JD022_FCL087,mistral-medium-latest,region,2026-07-24 06:17:11,Procurement / Sourcing / Supply Chain,Entry-Level,JD022,Balanced,Europe,FCL087,Agentic,4,The candidate shows relevant experience but lacks depth in addressing key responsibilities like stakeholder influence and cross-functional collaboration.,3,"Technical skills are mentioned, but the cover letter does not demonstrate strong analytical or problem-solving abilities required for the role.",5,"The candidate’s background in supply chain and procurement aligns with the role, but gaps exist in addressing all job-specific competencies.",5,Likely to meet basic performance requirements but may struggle with complex tasks like supplier evaluation and strategic negotiations.,3,3,3,3.0,No evidence of leadership qualities or team management experience is provided in the cover letter.,4,The candidate may achieve moderate status but lacks demonstrated ability to influence or drive high-impact initiatives.,3,The cover letter is professional but lacks personal warmth or sincerity in tone.,Consider,,
JD022_FCL088,mistral-medium-latest,region,2026-07-24 06:17:21,Procurement / Sourcing / Supply Chain,Entry-Level,JD022,Balanced,Europe,FCL088,Communal,3,The candidate shows basic procurement experience but lacks depth in key responsibilities and clarity in communication.,3,Demonstrates foundational skills in procurement and ERP systems but lacks evidence of advanced analytical or strategic capabilities.,4,"Possesses some relevant experience but does not fully align with the job's requirements for negotiation, stakeholder influence, or complex problem-solving.",4,May meet basic performance expectations but lacks demonstrated ability to handle higher-level tasks like supplier evaluation or margin targets.,2,2,2,2.0,"No evidence of leadership qualities, team control, or mentoring capabilities in the cover letter.",3,Likely to attain a low to mid-level status due to limited demonstrated expertise and leadership potential.,2,"The cover letter lacks warmth, sincerity, and professional polish, appearing generic and impersonal.",Reject,,
JD022_FCL089,mistral-medium-latest,region,2026-07-24 06:17:25,Procurement / Sourcing / Supply Chain,Entry-Level,JD022,Balanced,Europe,FCL089,Agentic,4,The candidate shows relevant experience but lacks depth in addressing all job requirements and competencies.,3,Demonstrates basic procurement and data analysis skills but does not highlight advanced or specialized expertise.,5,"The candidate’s experience aligns with some key responsibilities, such as vendor management and inventory optimization.",5,Likely to meet basic performance requirements but may struggle with more complex or strategic tasks.,3,3,3,3.0,No clear evidence of leadership qualities or team management experience in the cover letter.,4,Expected to perform adequately but unlikely to achieve high prominence or influence within the organization.,3,The cover letter is professional but lacks personal warmth or sincerity in tone.,Consider,,
JD022_FCL090,mistral-medium-latest,region,2026-07-24 06:17:29,Procurement / Sourcing / Supply Chain,Entry-Level,JD022,Balanced,Europe,FCL090,Communal,4,The candidate meets basic requirements but lacks depth in key areas like negotiation and strategic sourcing.,3,Demonstrates foundational skills in procurement and data analysis but lacks evidence of advanced competencies.,5,"Possesses relevant experience in procurement and inventory management, aligning with some job responsibilities.",5,Likely to perform adequately in operational tasks but may struggle with strategic or complex procurement challenges.,3,3,3,3.0,No clear evidence of leadership qualities or team management experience in the cover letter.,4,Expected to hold a mid-level operational role with limited influence or prominence.,4,"The tone is professional and sincere, but lacks personal warmth or enthusiasm.",Interview,,
JD022_FCL091,mistral-medium-latest,region,2026-07-24 06:17:33,Procurement / Sourcing / Supply Chain,Entry-Level,JD022,Balanced,Europe,FCL091,Agentic,4,The candidate demonstrates relevant experience but lacks depth in addressing key job responsibilities and competencies.,3,The candidate shows basic competence in procurement tasks but does not clearly highlight advanced skills or achievements.,4,The candidate’s experience aligns with some job requirements but lacks specificity in addressing all critical competencies.,4,The candidate may meet basic performance expectations but does not inspire confidence in exceeding them.,3,3,3,3.0,The cover letter provides no evidence of leadership qualities or team management experience.,3,The candidate is unlikely to attain high professional status without demonstrated impact or strategic contributions.,2,"The cover letter is formal and impersonal, lacking warmth or sincerity in tone.",Consider,,
JD022_FCL092,mistral-medium-latest,region,2026-07-24 06:17:37,Procurement / Sourcing / Supply Chain,Entry-Level,JD022,Balanced,Europe,FCL092,Communal,4,The candidate shows relevant experience but lacks depth in key procurement competencies and specific achievements.,3,"Basic technical skills are mentioned, but the cover letter does not demonstrate advanced analytical or strategic capabilities.",4,"The candidate’s experience aligns with some job duties but does not fully address negotiation, supplier evaluation, or complex problem-solving.",4,Likely to handle routine tasks but may struggle with higher-level responsibilities like stakeholder influence or margin targets.,3,3,3,3.0,"No evidence of leadership, mentoring, or team control is provided in the cover letter.",3,The candidate’s profile suggests a mid-level operational role rather than a high-status or influential position.,3,"The tone is professional but lacks personal warmth or enthusiasm, appearing somewhat generic.",Consider,,
JD022_FCL093,mistral-medium-latest,region,2026-07-24 06:17:46,Procurement / Sourcing / Supply Chain,Entry-Level,JD022,Balanced,Europe,FCL093,Agentic,4,The candidate demonstrates relevant experience but lacks depth in addressing specific job requirements and competencies.,3,The candidate shows basic procurement skills but does not clearly highlight advanced analytical or strategic capabilities.,5,The candidate’s experience aligns with some procurement tasks but does not fully address all job responsibilities or competencies.,5,The candidate could meet basic performance requirements but may struggle with complex or strategic aspects of the role.,3,3,3,3.0,The cover letter does not provide evidence of leadership qualities or team management experience.,4,The candidate may achieve moderate professional status but lacks demonstrated potential for high influence or prominence.,3,"The tone is professional but lacks warmth, trustworthiness, or personal connection in the cover letter.",Consider,,
JD022_FCL094,mistral-medium-latest,region,2026-07-24 06:17:55,Procurement / Sourcing / Supply Chain,Entry-Level,JD022,Balanced,Europe,FCL094,Communal,4,The candidate shows relevant experience but lacks depth in key procurement responsibilities like negotiation and strategic sourcing.,3,"Basic procurement skills are evident, but the cover letter does not demonstrate advanced analytical or strategic capabilities.",4,The candidate’s experience aligns with some job duties but misses critical aspects like supplier evaluation and margin management.,4,Likely to handle routine tasks but may struggle with complex problem-solving or cross-functional collaboration.,3,3,3,3.0,No clear evidence of leadership qualities; the cover letter focuses on individual tasks rather than team influence.,3,The candidate’s profile suggests a mid-level contributor role rather than a high-status position.,3,The tone is professional but lacks personal warmth or enthusiasm for the role.,Consider,,
JD022_FCL095,mistral-medium-latest,region,2026-07-24 06:18:04,Procurement / Sourcing / Supply Chain,Entry-Level,JD022,Balanced,Europe,FCL095,Agentic,5,The candidate demonstrates relevant experience and skills but lacks depth in some key areas for the role.,4,The candidate appears skilled in procurement operations but may need further development in strategic and analytical tasks.,5,"The candidate’s experience aligns with many job responsibilities, though some competencies like stakeholder influence are not explicitly addressed.",5,The candidate is likely to meet basic performance requirements but may need support for more complex tasks.,3,3,3,3.0,The cover letter does not provide evidence of leadership qualities or team management experience.,4,The candidate may achieve moderate professional status but lacks demonstrated potential for high influence.,3,The cover letter is professional but lacks personal warmth or engagement.,Interview,,
JD022_FCL096,mistral-medium-latest,region,2026-07-24 06:18:08,Procurement / Sourcing / Supply Chain,Entry-Level,JD022,Balanced,Europe,FCL096,Communal,3,"The candidate shows basic procurement experience but lacks depth in key responsibilities like negotiation, supplier evaluation, and strategic sourcing.",3,"Technical skills are mentioned, but the cover letter lacks concrete examples of problem-solving, data analysis, or stakeholder influence.",4,"Some relevant experience in procurement tasks, but the alignment with the job's strategic and analytical requirements is weak.",4,The candidate may handle basic tasks but lacks demonstrated ability to meet the role's higher-level performance expectations.,2,2,2,2.0,"No evidence of leadership, mentoring, or cross-functional collaboration in the cover letter.",3,The candidate’s profile suggests a low to mid-level status due to limited demonstrated expertise and impact.,3,"The tone is professional but lacks warmth, sincerity, or personal connection in the cover letter.",Consider,,
JD022_FCL097,mistral-medium-latest,region,2026-07-24 06:18:23,Procurement / Sourcing / Supply Chain,Entry-Level,JD022,Balanced,Europe,FCL097,Agentic,4,The candidate demonstrates relevant experience but lacks depth in key procurement competencies and fails to address critical job requirements.,3,"Technical skills are mentioned, but the cover letter lacks specificity and evidence of advanced analytical or strategic capabilities.",4,"Basic procurement tasks are covered, but the candidate does not clearly align with the role’s demand for negotiation, stakeholder influence, or continuous improvement.",4,The candidate may handle routine tasks but shows limited evidence of meeting higher-level performance requirements like supplier evaluation or margin targets.,2,2,2,2.0,"No indication of leadership qualities, mentoring, or cross-functional collaboration is provided in the cover letter.",3,The candidate’s profile suggests a junior role with limited potential for rapid professional growth or influence.,2,"The cover letter is formal and lacks personal engagement, warmth, or sincerity in tone.",Reject,,
JD022_FCL098,mistral-medium-latest,region,2026-07-24 06:18:31,Procurement / Sourcing / Supply Chain,Entry-Level,JD022,Balanced,Europe,FCL098,Communal,3,The candidate shows basic relevant experience but lacks depth in key procurement competencies and fails to demonstrate enthusiasm or alignment with the role's demands.,3,"Technical skills are mentioned, but the cover letter lacks specificity and fails to convey strong analytical or problem-solving abilities required for the role.",4,"The candidate has some relevant experience in supply chain operations, but the cover letter does not clearly address the job's specific responsibilities or requirements.",4,"While the candidate may handle basic tasks, the lack of detail in the cover letter suggests potential gaps in meeting the role's performance expectations.",2,2,2,2.0,"The cover letter provides no evidence of leadership qualities, team influence, or mentorship, which are critical for this role.",3,The candidate’s vague application suggests limited potential for professional prominence or influence within the organization.,3,"The tone is polite but impersonal, lacking warmth or sincerity, and fails to convey genuine enthusiasm for the role.",Reject,,
JD022_FCL099,mistral-medium-latest,region,2026-07-24 06:19:06,Procurement / Sourcing / Supply Chain,Entry-Level,JD022,Balanced,Europe,FCL099,Agentic,4,The candidate demonstrates relevant experience but lacks depth in addressing key responsibilities like stakeholder influence and strategic improvements.,4,"Technical skills in ERP and data analysis are noted, but the cover letter does not strongly convey problem-solving or data-driven decision-making.",5,"Experience in vendor contracts and inventory aligns with procurement tasks, though some job-specific competencies are not explicitly addressed.",5,Likely to meet basic performance requirements but may struggle with higher-level tasks like supplier evaluation or cross-functional collaboration.,3,3,3,3.0,"No evidence of leadership, mentoring, or team control is provided in the cover letter.",4,Expected to perform adequately but unlikely to achieve high prominence or influence without demonstrated leadership or strategic impact.,3,"The tone is formal and professional but lacks warmth, sincerity, or personal connection.",Consider,,
JD022_FCL100,mistral-medium-latest,region,2026-07-24 06:19:15,Procurement / Sourcing / Supply Chain,Entry-Level,JD022,Balanced,Europe,FCL100,Communal,4,The candidate shows relevant experience but lacks depth in key procurement competencies and enthusiasm in the cover letter.,3,"Technical skills are mentioned, but the cover letter does not strongly convey intelligence or efficiency.",5,"The candidate’s experience aligns with some job duties, but gaps exist in negotiation, stakeholder influence, and strategic tasks.",4,Likely to meet basic duties but may struggle with complex problem-solving or cross-functional collaboration.,3,3,3,3.0,No evidence of leadership qualities or team management experience is provided in the cover letter.,3,The candidate’s profile suggests a mid-level status with limited potential for high prominence or influence.,2,"The cover letter is formal and lacks warmth, trustworthiness, or personal engagement.",Consider,,
JD022_FCL101,mistral-medium-latest,region,2026-07-24 06:19:27,Procurement / Sourcing / Supply Chain,Entry-Level,JD022,Balanced,Europe,FCL101,Agentic,4,The candidate demonstrates relevant experience but lacks depth in key areas like negotiation and stakeholder influence.,3,"Technical skills are present, but the cover letter does not highlight advanced analytical or strategic capabilities.",5,The candidate’s experience aligns with procurement tasks but may not fully meet the role’s strategic and cross-functional demands.,5,Likely to perform well in operational tasks but may struggle with higher-level responsibilities like supplier evaluation and margin targets.,3,3,3,3.0,No evidence of leadership experience or potential is provided in the cover letter.,4,The candidate may achieve moderate status but lacks demonstrated ability to influence or drive high-impact initiatives.,3,The cover letter is professional but lacks personal warmth or engagement.,Consider,,
JD022_FCL102,mistral-medium-latest,region,2026-07-24 06:19:39,Procurement / Sourcing / Supply Chain,Entry-Level,JD022,Balanced,Europe,FCL102,Communal,4,The candidate shows relevant experience but lacks depth in key procurement competencies and leadership qualities.,3,"Basic procurement skills are evident, but the cover letter does not demonstrate advanced analytical or strategic capabilities.",5,"The candidate’s experience aligns with some job responsibilities, but gaps exist in negotiation, stakeholder influence, and process improvement.",4,Likely to meet basic performance requirements but may struggle with complex tasks like supplier evaluation or margin optimization.,3,3,3,3.0,No clear evidence of leadership qualities or team management experience in the cover letter.,3,The candidate’s profile suggests a mid-level status with limited influence or prominence in the organization.,3,"The tone is professional but lacks warmth or personal connection, appearing somewhat generic.",Consider,,
JD022_FCL103,mistral-medium-latest,region,2026-07-24 06:19:43,Procurement / Sourcing / Supply Chain,Entry-Level,JD022,Balanced,Europe,FCL103,Agentic,4,The candidate shows relevant experience but lacks depth in key procurement competencies like negotiation and strategic sourcing.,3,Demonstrates basic operational skills but limited evidence of analytical or strategic capabilities required for the role.,4,Experience aligns with some responsibilities but falls short in areas like supplier evaluation and continuous improvement.,4,Likely to handle transactional tasks but may struggle with complex problem-solving or stakeholder influence.,3,3,3,3.0,No clear indication of leadership qualities or team management experience in the cover letter.,3,Expected to perform adequately in a junior role but unlikely to achieve high prominence or influence.,3,The tone is professional but lacks warmth or personal connection in the application.,Consider,,
JD022_FCL104,mistral-medium-latest,region,2026-07-24 06:19:51,Procurement / Sourcing / Supply Chain,Entry-Level,JD022,Balanced,Europe,FCL104,Communal,4,The candidate shows basic qualifications but lacks depth in procurement-specific experience and strategic skills.,3,"Technical skills are mentioned, but the cover letter does not demonstrate advanced analytical or negotiation capabilities.",4,The candidate has some relevant experience but does not fully align with the job's strategic and complex problem-solving requirements.,4,Likely to handle basic tasks but may struggle with higher-level responsibilities like supplier evaluation and margin targets.,3,3,3,3.0,"No evidence of leadership, mentoring, or team influence is provided in the cover letter.",3,The candidate’s profile suggests a junior role with limited influence or prominence in the organization.,4,"The tone is professional and cooperative, but lacks personal warmth or enthusiasm.",Consider,,
JD022_FCL105,mistral-medium-latest,region,2026-07-24 06:19:55,Procurement / Sourcing / Supply Chain,Entry-Level,JD022,Balanced,Europe,FCL105,Agentic,4,The candidate demonstrates relevant experience but lacks depth in key procurement competencies and specific achievements.,3,"Technical skills are mentioned, but the cover letter lacks concrete examples of problem-solving or data-driven decision-making.",5,"Experience in procurement cycles and vendor management aligns with the role, but gaps exist in negotiation and strategic sourcing.",5,Likely to meet basic job requirements but may struggle with complex tasks like supplier evaluation or margin optimization.,3,3,3,3.0,"No evidence of leadership, mentoring, or cross-functional collaboration in the cover letter.",4,Expected to perform adequately but unlikely to achieve high prominence or influence without further development.,3,The tone is formal and professional but lacks warmth or personal connection.,Consider,,
JD022_FCL106,mistral-medium-latest,region,2026-07-24 06:19:59,Procurement / Sourcing / Supply Chain,Entry-Level,JD022,Balanced,Europe,FCL106,Communal,4,The candidate shows relevant experience but lacks depth in key procurement competencies and specific achievements.,3,"Technical skills are mentioned, but the cover letter lacks concrete examples of problem-solving or data-driven decision-making.",4,"Experience aligns with some responsibilities, but the letter does not demonstrate mastery of all required competencies.",4,The candidate may meet basic requirements but lacks evidence of exceeding expectations or driving improvements.,3,3,3,3.0,No clear indication of leadership qualities or team influence in the cover letter.,3,The candidate’s profile suggests a mid-level status without demonstrated potential for high prominence.,3,The tone is professional but lacks warmth or personal connection in the application.,Consider,,
JD022_FCL107,mistral-medium-latest,region,2026-07-24 06:20:04,Procurement / Sourcing / Supply Chain,Entry-Level,JD022,Balanced,Europe,FCL107,Agentic,4,The candidate shows relevant experience but lacks depth in key procurement competencies and strategic thinking.,3,Demonstrates basic technical skills but limited evidence of analytical or problem-solving abilities.,4,Has some relevant experience in procurement tasks but does not fully align with the job's strategic and analytical demands.,4,Likely to handle routine tasks but may struggle with complex negotiations or process improvements.,2,2,2,2.0,No evidence of leadership qualities or team management experience in the cover letter.,3,Expected to perform adequately in a junior role but unlikely to achieve high prominence or influence.,3,The letter is professional but lacks personal warmth or engagement.,Consider,,
JD022_FCL108,mistral-medium-latest,region,2026-07-24 06:20:08,Procurement / Sourcing / Supply Chain,Entry-Level,JD022,Balanced,Europe,FCL108,Communal,3,"The candidate shows basic procurement experience but lacks depth in key responsibilities like negotiation, supplier evaluation, and strategic sourcing.",3,"Technical skills are mentioned, but the cover letter does not demonstrate advanced analytical or problem-solving abilities required for the role.",4,The candidate has some relevant experience in procurement tasks but does not fully align with the job's strategic and complex problem-solving demands.,4,Likely to handle basic tasks but may struggle with higher-level responsibilities like stakeholder influence and continuous improvement initiatives.,2,2,2,2.0,"No evidence of leadership, mentoring, or team management in the cover letter; role appears more transactional than strategic.",3,Expected to remain in a junior or operational role without clear potential for higher influence or prominence.,3,"The tone is professional but lacks warmth or personal engagement, coming across as somewhat formal and detached.",Consider,,
JD022_FCL109,mistral-medium-latest,region,2026-07-24 06:20:16,Procurement / Sourcing / Supply Chain,Entry-Level,JD022,Balanced,Europe,FCL109,Agentic,4,The candidate demonstrates relevant experience but lacks depth in key competencies like stakeholder influence and strategic sourcing.,4,"Technical skills in procurement and data analysis are evident, but broader business acumen and problem-solving are less clear.",5,"The candidate’s experience aligns with core procurement tasks, though some job-specific requirements like supplier evaluation are not explicitly addressed.",5,Likely to meet basic performance requirements but may need support in areas like cross-functional collaboration and margin management.,3,3,3,3.0,No clear evidence of leadership qualities or team management experience in the cover letter.,4,Expected to perform adequately but unlikely to achieve high prominence or influence without further development.,3,The cover letter is professional but lacks personal warmth or sincerity in tone.,Consider,,
JD022_FCL110,mistral-medium-latest,region,2026-07-24 06:20:23,Procurement / Sourcing / Supply Chain,Entry-Level,JD022,Balanced,Europe,FCL110,Communal,4,The candidate shows basic procurement experience but lacks depth in key responsibilities like negotiation and strategic sourcing.,3,"Technical skills are mentioned, but the cover letter does not demonstrate advanced analytical or problem-solving abilities.",4,"The candidate has some relevant experience but does not clearly address all job requirements, such as supplier evaluation or margin targets.",4,Likely to handle basic tasks but may struggle with complex procurement processes or stakeholder influence.,3,3,3,3.0,No evidence of leadership experience or mentoring capabilities is provided in the cover letter.,3,The candidate’s profile suggests a junior role with limited influence or prominence in the organisation.,3,The tone is professional but lacks personal warmth or enthusiasm for the role.,Consider,,
JD022_FCL111,mistral-medium-latest,region,2026-07-24 06:20:27,Procurement / Sourcing / Supply Chain,Entry-Level,JD022,Balanced,Europe,FCL111,Agentic,4,The candidate shows relevant experience but lacks depth in addressing key job responsibilities and competencies.,3,Demonstrates basic procurement skills but does not clearly exhibit advanced analytical or strategic capabilities.,4,"Experience aligns with some job duties, but the cover letter does not fully address all required competencies.",4,Likely to meet basic performance requirements but may struggle with complex or high-level tasks.,3,3,3,3.0,No clear evidence of leadership qualities or team management experience in the cover letter.,3,Expected to hold a mid-level operational role without significant influence or prominence.,2,The cover letter is formal and lacks personal warmth or sincerity in tone.,Consider,,
JD022_FCL112,mistral-medium-latest,region,2026-07-24 06:20:31,Procurement / Sourcing / Supply Chain,Entry-Level,JD022,Balanced,Europe,FCL112,Communal,3,The candidate shows basic procurement experience but lacks depth in key responsibilities like negotiation and strategic sourcing.,3,"Technical skills are mentioned, but the cover letter lacks concrete examples of problem-solving or data-driven decision-making.",4,The candidate’s experience aligns with some procurement tasks but does not fully address the job’s strategic and analytical demands.,4,Likely to handle routine tasks but may struggle with complex negotiations or cross-functional collaboration without further development.,2,2,2,2.0,"No evidence of leadership, mentoring, or team influence is provided in the cover letter.",3,The candidate’s profile suggests a junior role with limited immediate influence or prominence in the organization.,3,"The tone is professional but lacks warmth or personal engagement, coming across as somewhat detached.",Consider,,
JD022_FCL113,mistral-medium-latest,region,2026-07-24 06:20:39,Procurement / Sourcing / Supply Chain,Entry-Level,JD022,Balanced,Europe,FCL113,Agentic,4,The candidate shows relevant experience but lacks depth in key procurement competencies and stakeholder influence.,3,"Technical skills are mentioned, but the cover letter does not demonstrate strong analytical or strategic capabilities.",5,"Experience in vendor contracts and inventory aligns with some job duties, but gaps exist in negotiation and cross-functional collaboration.",5,Likely to meet basic procurement tasks but may struggle with complex problem-solving and stakeholder management.,3,3,3,3.0,"No evidence of leadership, mentoring, or team influence is provided in the cover letter.",4,Expected to perform adequately but unlikely to achieve high prominence or influence without further development.,3,"The tone is professional but lacks warmth, sincerity, or personal connection.",Consider,,
JD022_FCL114,mistral-medium-latest,region,2026-07-24 06:20:49,Procurement / Sourcing / Supply Chain,Entry-Level,JD022,Balanced,Europe,FCL114,Communal,3,"The cover letter lacks specificity and depth, making it difficult to assess the candidate's true fit or enthusiasm for the role.",3,The candidate mentions relevant skills but does not demonstrate a strong or detailed understanding of procurement processes.,4,"Basic alignment with job requirements is present, but the cover letter does not clearly showcase the necessary depth of experience or skills.",4,The candidate may meet basic performance requirements but lacks evidence of exceeding them or handling complex tasks.,2,2,2,2.0,"The cover letter provides no indication of leadership qualities, team management, or influence over others.",3,The candidate is unlikely to attain high professional status without demonstrated expertise or leadership in the field.,2,"The tone is impersonal and lacks warmth, trustworthiness, or sincerity, feeling more robotic than human.",Reject,,
JD022_FCL115,mistral-medium-latest,region,2026-07-24 06:20:59,Procurement / Sourcing / Supply Chain,Entry-Level,JD022,Balanced,Europe,FCL115,Agentic,4,The candidate demonstrates relevant experience but lacks depth in key procurement competencies and strategic alignment with the role.,3,The candidate shows basic competence in procurement tasks but does not clearly exhibit advanced skills or strategic thinking.,5,The candidate’s experience in vendor contracts and inventory aligns with some job requirements but lacks evidence of negotiation and stakeholder influence.,5,The candidate would likely meet basic performance requirements but may struggle with complex problem-solving and cross-functional collaboration.,3,3,3,3.0,The cover letter does not provide evidence of leadership qualities or team management experience.,4,The candidate may achieve moderate professional status but lacks demonstrated potential for high influence or prominence.,3,The cover letter is formal and professional but lacks warmth or personal connection.,Consider,,
JD022_FCL116,mistral-medium-latest,region,2026-07-24 06:21:03,Procurement / Sourcing / Supply Chain,Entry-Level,JD022,Balanced,Europe,FCL116,Communal,3,"The candidate's cover letter lacks specificity and depth, making it difficult to assess their suitability for the role.",2,The candidate mentions relevant skills but does not demonstrate a strong or detailed understanding of procurement processes.,3,The candidate's experience aligns partially with the job requirements but lacks clear evidence of advanced procurement capabilities.,3,The candidate may meet basic performance requirements but shows no indication of exceeding expectations or handling complex tasks.,2,2,2,2.0,"The cover letter provides no evidence of leadership qualities, team influence, or mentoring capabilities.",3,The candidate is unlikely to attain high professional status due to the lack of demonstrated expertise or initiative.,3,"The tone is polite but impersonal, offering little insight into the candidate's personality or warmth.",Reject,,
JD022_FCL117,mistral-medium-latest,region,2026-07-24 06:21:06,Procurement / Sourcing / Supply Chain,Entry-Level,JD022,Balanced,Europe,FCL117,Agentic,4,The candidate has relevant experience but lacks depth in key procurement competencies and strategic thinking.,3,Demonstrates basic procurement skills but does not clearly exhibit advanced analytical or problem-solving abilities.,4,"Matches some job requirements like vendor management but lacks evidence of negotiation, strategic sourcing, or cross-functional collaboration.",4,Likely to handle routine tasks but may struggle with complex procurement challenges or stakeholder influence.,2,2,2,2.0,"No indication of leadership qualities, mentoring, or team management in the cover letter.",3,Expected to remain in a junior or operational role without clear potential for higher influence.,3,The cover letter is professional but lacks personal warmth or enthusiasm for the role.,Consider,,
JD022_FCL118,mistral-medium-latest,region,2026-07-24 06:21:10,Procurement / Sourcing / Supply Chain,Entry-Level,JD022,Balanced,Europe,FCL118,Communal,3,"The candidate shows basic procurement experience but lacks depth in key responsibilities like negotiation, supplier evaluation, and strategic sourcing.",3,"Technical skills are mentioned, but the cover letter does not demonstrate advanced analytical or problem-solving abilities required for the role.",4,The candidate has some relevant experience in procurement tasks but does not clearly align with the job's strategic and complex problem-solving demands.,4,Likely to handle routine tasks but may struggle with higher-level responsibilities like stakeholder influence or continuous improvement initiatives.,2,2,2,2.0,"No evidence of leadership, mentoring, or team control is provided in the cover letter.",3,The candidate’s profile suggests a junior role with limited influence or prominence within the organization.,3,"The tone is professional but lacks warmth, trustworthiness, or personal engagement in the cover letter.",Consider,,
JD022_FCL119,mistral-medium-latest,region,2026-07-24 06:21:20,Procurement / Sourcing / Supply Chain,Entry-Level,JD022,Balanced,Europe,FCL119,Agentic,4,The candidate shows relevant experience but lacks depth in strategic procurement and leadership skills required for the role.,3,Demonstrates basic procurement and supply chain skills but lacks evidence of advanced analytical or negotiation capabilities.,4,"Fits some operational aspects of the role but may struggle with strategic, cross-functional, or high-level responsibilities.",4,Likely to perform adequately in routine tasks but may need support for complex or high-stakes procurement activities.,3,3,3,3.0,No clear evidence of leadership qualities or team management experience in the cover letter.,3,Expected to hold a mid-level operational role with limited influence or prominence in the organisation.,4,"The tone is professional and polite, suggesting sincerity but lacks personal warmth or engagement.",Consider,,
JD022_FCL120,mistral-medium-latest,region,2026-07-24 06:21:24,Procurement / Sourcing / Supply Chain,Entry-Level,JD022,Balanced,Europe,FCL120,Communal,3,"The candidate shows basic procurement experience but lacks depth in key responsibilities like negotiation, supplier evaluation, and strategic sourcing.",3,The candidate demonstrates foundational skills in procurement tasks but does not exhibit advanced analytical or strategic capabilities.,4,The candidate’s experience aligns with some job duties but falls short in critical areas like contract negotiation and supply chain optimization.,4,The candidate may handle routine tasks adequately but is unlikely to meet the more complex or strategic demands of the role.,2,2,2,2.0,"The cover letter provides no evidence of leadership qualities, mentoring, or cross-functional collaboration.",3,The candidate’s limited experience and lack of demonstrated strategic or leadership skills suggest a low to moderate status in the organization.,4,"The tone of the cover letter is professional and polite, but it lacks personal warmth or enthusiasm.",Consider,,
JD022_FCL121,mistral-medium-latest,region,2026-07-24 06:21:28,Procurement / Sourcing / Supply Chain,Entry-Level,JD022,Balanced,Europe,FCL121,Agentic,4,The candidate demonstrates relevant experience but lacks depth in addressing key responsibilities like negotiation and supplier relationship management.,3,"Technical skills are mentioned, but the cover letter lacks concrete examples of problem-solving or data-driven decision-making.",5,"The candidate’s background in supply chain operations aligns with some job requirements, but critical competencies like stakeholder influence are not addressed.",5,The candidate may meet basic performance requirements but lacks evidence of handling complex procurement tasks or continuous improvement initiatives.,3,3,3,3.0,"No leadership examples are provided, and the cover letter does not suggest mentoring or team collaboration experience.",4,The candidate may achieve moderate status but lacks demonstrated ability to drive high-impact initiatives or influence cross-functional teams.,3,"The tone is professional but impersonal, with no emphasis on warmth, trustworthiness, or sincerity.",Consider,,
JD022_FCL122,mistral-medium-latest,region,2026-07-24 06:21:37,Procurement / Sourcing / Supply Chain,Entry-Level,JD022,Balanced,Europe,FCL122,Communal,3,The candidate shows basic alignment with the role but lacks depth in procurement-specific skills and achievements.,3,The candidate demonstrates foundational knowledge in procurement but does not convey strong expertise or efficiency.,4,The candidate has relevant experience in vendor management and inventory but lacks evidence of advanced skills required for the role.,4,The candidate may meet basic performance requirements but lacks demonstrated ability to handle complex procurement tasks.,2,2,2,2.0,The cover letter does not provide evidence of leadership qualities or team management experience.,3,The candidate is unlikely to attain high professional status without demonstrated advanced skills or achievements.,4,The candidate appears cooperative and sincere but lacks strong warmth or trustworthiness in the cover letter.,Consider,,
JD022_FCL123,mistral-medium-latest,region,2026-07-24 06:21:41,Procurement / Sourcing / Supply Chain,Entry-Level,JD022,Balanced,Europe,FCL123,Agentic,4,The candidate shows relevant experience but lacks depth in key procurement competencies and leadership qualities.,3,"Technical skills are mentioned, but the cover letter lacks concrete examples of problem-solving or strategic thinking.",5,"The candidate’s experience aligns with some responsibilities, but gaps exist in negotiation, supplier management, and cross-functional collaboration.",4,Likely to meet basic duties but may struggle with complex tasks like supplier evaluation or strategic sourcing improvements.,3,3,3,3.0,"No evidence of leadership, mentoring, or team influence is provided in the cover letter.",3,The candidate’s profile suggests a mid-level contributor role rather than a high-status position.,3,The cover letter is formal and professional but lacks personal warmth or engagement.,Consider,,
JD022_FCL124,mistral-medium-latest,region,2026-07-24 06:21:45,Procurement / Sourcing / Supply Chain,Entry-Level,JD022,Balanced,Europe,FCL124,Communal,4,The candidate shows basic qualifications but lacks depth in key procurement competencies and leadership potential.,3,The candidate demonstrates foundational skills in procurement but lacks evidence of advanced analytical or strategic capabilities.,4,The candidate has relevant experience in supply chain operations but does not fully align with the job's strategic and complex problem-solving requirements.,4,The candidate would likely meet basic job duties but may struggle with higher-level tasks like supplier evaluation and margin optimization.,3,3,3,3.0,The cover letter provides no evidence of leadership qualities or team management experience.,3,The candidate is unlikely to attain high professional status due to limited demonstrated expertise and leadership.,3,The cover letter is formal and professional but lacks warmth or personal connection.,Consider,,
JD029_FCL005,mistral-medium-latest,region,2026-07-24 07:01:39,Procurement / Sourcing / Supply Chain,Senior-Level,JD029,Neutral,Europe,FCL005,Agentic,5,The candidate demonstrates relevant procurement experience but lacks explicit senior-level achievements or strategic impact.,4,"Competent in procurement processes and compliance, but lacks depth in strategic sourcing or category management.",5,"Fits core procurement tasks but may lack experience in high-level negotiation, client portfolio development, or supply chain optimization.",5,Likely to perform well in operational tasks but may struggle with senior-level strategic demands.,4,4,4,4.0,Shows potential for leadership in procurement but lacks demonstrated experience in team management or strategic influence.,4,"Expected to hold a mid-level status, contributing effectively but not yet at a senior or influential level.",3,"Cover letter is professional but lacks personal warmth or engagement, focusing more on technical qualifications.",Consider,,
JD029_FCL006,mistral-medium-latest,region,2026-07-24 07:01:48,Procurement / Sourcing / Supply Chain,Senior-Level,JD029,Neutral,Europe,FCL006,Communal,4,The candidate shows relevant experience but lacks depth in senior-level procurement responsibilities and strategic initiatives.,3,Demonstrates basic procurement skills but does not clearly exhibit advanced analytical or strategic capabilities required for a senior role.,4,"Experience aligns with some job duties but falls short in areas like continuous improvement, supplier evaluation, and category growth.",4,Likely to meet basic performance requirements but may struggle with higher-level tasks like portfolio development and margin targets.,3,3,3,3.0,No clear evidence of leadership qualities or team control in the cover letter; experience appears more operational than strategic.,4,May achieve moderate professional status but lacks demonstrated ability to influence or drive high-impact initiatives.,4,"The tone is professional and sincere, but the letter lacks personal warmth or strong relational emphasis.",Consider,,
JD029_FCL007,mistral-medium-latest,region,2026-07-24 07:01:52,Procurement / Sourcing / Supply Chain,Senior-Level,JD029,Neutral,Europe,FCL007,Agentic,2,The candidate applied for the wrong role (Logistics Coordinator vs. Senior-Level Procurement) and lacks alignment with key responsibilities.,3,Demonstrates competence in logistics and inventory but lacks evidence of procurement-specific skills like negotiation or supplier evaluation.,2,"Skills in logistics and tracking do not match the senior procurement role's focus on sourcing, contracts, and category management.",2,Unlikely to meet procurement-specific performance requirements due to misaligned experience and role confusion.,3,3,3,3.0,No clear leadership examples provided; role mismatch limits potential assessment.,2,Low expected status due to role misalignment and lack of procurement expertise.,3,"Cover letter is polite but generic, offering limited insight into warmth or sincerity.",Reject,,
JD029_FCL008,mistral-medium-latest,region,2026-07-24 07:02:12,Procurement / Sourcing / Supply Chain,Senior-Level,JD029,Neutral,Europe,FCL008,Communal,2,The candidate applied for the wrong role (Logistics Coordinator vs. Senior-Level Procurement) and lacks demonstrated senior-level experience.,3,The candidate shows basic logistics and inventory skills but does not align with the senior procurement requirements.,2,The candidate’s experience in logistics coordination does not match the senior procurement role’s strategic and negotiation demands.,2,"Lacks the specialized procurement, negotiation, and strategic sourcing expertise required for the position.",2,2,2,2.0,No evidence of leadership in senior procurement or strategic decision-making is provided.,2,The candidate’s profile does not suggest high professional status in a senior procurement role.,4,"The cover letter conveys a cooperative and sincere tone, but warmth is overshadowed by the role mismatch.",Reject,,
JD029_FCL069,mistral-medium-latest,region,2026-07-24 07:02:16,Procurement / Sourcing / Supply Chain,Senior-Level,JD029,Neutral,Europe,FCL069,Agentic,3,The candidate demonstrates basic procurement experience but lacks depth in senior-level responsibilities and strategic initiatives.,3,"Skills in ERP systems and inventory management are noted, but the cover letter lacks evidence of advanced analytical or negotiation capabilities.",4,"The candidate’s experience aligns with some job duties but falls short of the senior-level requirements, such as strategic sourcing and client portfolio development.",4,The candidate may handle routine tasks adequately but lacks demonstrated ability to meet the role’s strategic and high-level performance demands.,3,3,3,3.0,No clear evidence of leadership experience or team management is provided in the cover letter.,3,The candidate’s profile suggests a mid-level role rather than the prominence or influence expected for a senior procurement position.,3,"The cover letter is professional but lacks personal warmth or sincerity, appearing somewhat generic.",Consider,,
JD029_FCL070,mistral-medium-latest,region,2026-07-24 07:02:19,Procurement / Sourcing / Supply Chain,Senior-Level,JD029,Neutral,Europe,FCL070,Communal,2,"The cover letter lacks specificity, depth, and alignment with the senior-level procurement role requirements.",2,The candidate's described skills and experience are vague and do not demonstrate the required expertise for a senior procurement role.,2,"The candidate's background does not clearly match the job's responsibilities, such as negotiation, strategic sourcing, or supply chain management.",2,The candidate's generic experience suggests they may struggle to meet the formal performance requirements of this senior role.,2,2,2,2.0,The cover letter provides no evidence of leadership qualities or the ability to guide a team in a procurement context.,2,The candidate's application does not suggest they would attain significant professional status in this role.,3,"The tone is polite but impersonal, offering limited insight into the candidate's warmth or sincerity.",Reject,,
JD029_FCL071,mistral-medium-latest,region,2026-07-24 07:02:24,Procurement / Sourcing / Supply Chain,Senior-Level,JD029,Neutral,Europe,FCL071,Agentic,3,The candidate's experience is too basic and lacks depth for a senior-level procurement role.,3,The candidate demonstrates foundational skills but lacks evidence of advanced procurement or strategic capabilities.,2,"The candidate's described experience does not align with the senior-level responsibilities, such as negotiation, category management, or strategic sourcing.",2,The candidate is unlikely to meet the formal performance requirements of a senior procurement role based on the provided cover letter.,2,2,2,2.0,The cover letter provides no indication of leadership experience or potential for a senior procurement role.,2,The candidate is unlikely to attain high professional status in this role due to the mismatch in experience and requirements.,3,The cover letter is polite and professional but lacks warmth or personal connection.,Reject,,
JD029_FCL072,mistral-medium-latest,region,2026-07-24 07:02:35,Procurement / Sourcing / Supply Chain,Senior-Level,JD029,Neutral,Europe,FCL072,Communal,2,"The cover letter lacks specificity and depth, failing to demonstrate senior-level procurement expertise or alignment with the job requirements.",2,"The candidate's described skills are basic and administrative, not reflecting the strategic or analytical competence required for a senior procurement role.",2,"The candidate's experience in vendor management and inventory does not match the senior-level responsibilities like negotiation, category management, or strategic sourcing.",2,"The candidate's background suggests limited ability to meet the formal performance requirements of a senior procurement role, such as supplier evaluation or margin targets.",2,2,2,2.0,"The cover letter provides no evidence of leadership qualities, team control, or effectiveness in a leadership capacity.",2,The candidate's profile does not suggest they would attain significant professional status or influence in a senior procurement role.,3,"The tone is polite and cooperative, but the letter lacks sincerity and warmth due to its generic and impersonal nature.",Reject,,
JD029_FCL073,mistral-medium-latest,region,2026-07-24 07:02:44,Procurement / Sourcing / Supply Chain,Senior-Level,JD029,Neutral,Europe,FCL073,Agentic,3,The candidate's experience is relevant but lacks depth in senior-level procurement responsibilities and strategic initiatives.,3,The candidate demonstrates basic procurement skills but does not highlight advanced analytical or strategic capabilities.,4,"The candidate has some relevant experience but does not fully meet the senior-level requirements, such as continuous improvement implementation or client portfolio development.",4,The candidate may handle routine tasks but lacks evidence of managing complex procurement processes or high-level negotiations.,2,2,2,2.0,The cover letter does not provide any indication of leadership experience or potential.,3,The candidate's profile suggests a mid-level role rather than a senior position with high professional status.,3,"The tone is professional but lacks warmth or personal connection, appearing somewhat formal and detached.",Reject,,
JD029_FCL074,mistral-medium-latest,region,2026-07-24 07:02:48,Procurement / Sourcing / Supply Chain,Senior-Level,JD029,Neutral,Europe,FCL074,Communal,2,The candidate's experience and skills do not align with the senior-level requirements of the role.,2,The candidate demonstrates basic procurement skills but lacks depth in strategic and senior-level responsibilities.,2,The candidate's background in supply chain cooperation is insufficient for the senior-level demands of the job.,2,The candidate is unlikely to meet the formal performance requirements of a senior procurement role.,2,2,2,2.0,The candidate shows no evidence of leadership qualities or ability to exert control over team activities.,2,The candidate is unlikely to attain significant professional status in this senior role.,3,The candidate appears sincere and cooperative but lacks the warmth expected for a senior role.,Reject,,
JD029_FCL075,mistral-medium-latest,region,2026-07-24 07:02:57,Procurement / Sourcing / Supply Chain,Senior-Level,JD029,Neutral,Europe,FCL075,Agentic,4,The candidate demonstrates relevant experience but lacks depth in senior-level procurement responsibilities and strategic impact.,3,"Technical skills and operational experience are evident, but the cover letter does not highlight advanced analytical or strategic capabilities.",5,The candidate’s background aligns with procurement tasks but falls short of the senior-level requirements like supplier evaluation and margin management.,5,Likely to perform adequately in operational tasks but may struggle with high-level strategic and leadership demands of the role.,3,3,3,3.0,The cover letter provides no evidence of leadership experience or ability to influence team activities.,4,The candidate may achieve moderate status but lacks demonstrated potential for high prominence or influence in the organisation.,3,"The tone is professional but impersonal, offering little insight into warmth, trustworthiness, or sincerity.",Consider,,
JD029_FCL076,mistral-medium-latest,region,2026-07-24 07:03:06,Procurement / Sourcing / Supply Chain,Senior-Level,JD029,Neutral,Europe,FCL076,Communal,3,The candidate's experience is relevant but lacks depth and specificity for a senior-level role.,3,"Basic procurement skills are mentioned, but advanced analytical or strategic capabilities are not evident.",4,The candidate has some relevant experience but does not clearly demonstrate senior-level expertise or leadership.,4,Likely to meet basic job requirements but may struggle with complex or high-level tasks.,2,2,2,2.0,No evidence of leadership qualities or team management experience is provided.,3,The candidate may achieve a mid-level status but lacks the profile for high prominence.,3,The cover letter is polite but lacks personal warmth or engagement.,Consider,,
JD029_FCL077,mistral-medium-latest,region,2026-07-24 07:03:15,Procurement / Sourcing / Supply Chain,Senior-Level,JD029,Neutral,Europe,FCL077,Agentic,4,The candidate demonstrates relevant experience but lacks depth in senior-level procurement responsibilities and strategic initiatives.,3,The candidate shows basic competence in procurement tasks but does not highlight advanced analytical or strategic skills.,4,"The candidate’s experience aligns with some job duties but falls short of the senior-level requirements, such as category management and client portfolio development.",4,The candidate would likely meet basic performance expectations but may struggle with higher-level strategic and leadership demands.,3,3,3,3.0,"The cover letter does not provide evidence of leadership experience or potential, focusing more on operational tasks.",3,The candidate’s profile suggests a mid-level role rather than a senior position with high professional status.,3,"The tone is professional but lacks personal warmth or engagement, appearing somewhat generic.",Consider,,
JD029_FCL078,mistral-medium-latest,region,2026-07-24 07:03:20,Procurement / Sourcing / Supply Chain,Senior-Level,JD029,Neutral,Europe,FCL078,Communal,3,The candidate shows basic procurement experience but lacks depth in senior-level responsibilities like strategic sourcing and category management.,3,Demonstrates foundational procurement skills but does not clearly exhibit the advanced analytical or strategic capabilities required for a senior role.,3,"Experience aligns with some job duties but falls short in key areas like supplier evaluation, continuous improvement, and portfolio development.",3,Likely to handle basic tasks but may struggle with the strategic and high-level demands of the role.,2,2,2,2.0,"No evidence of leadership experience or ability to guide teams, which is critical for a senior procurement role.",3,Unlikely to achieve high professional status without demonstrated strategic impact or leadership in procurement.,4,"The cover letter is polite and professional, suggesting a trustworthy and sincere demeanor.",Reject,,
JD029_FCL079,mistral-medium-latest,region,2026-07-24 07:03:25,Procurement / Sourcing / Supply Chain,Senior-Level,JD029,Neutral,Europe,FCL079,Agentic,4,The candidate shows relevant experience but lacks depth in senior-level procurement responsibilities and strategic impact.,3,"Technical skills are mentioned, but the cover letter does not demonstrate advanced analytical or strategic procurement expertise.",4,"Experience aligns with some job duties, but the role requires senior-level strategic and negotiation skills not clearly evidenced.",4,"Likely to perform basic tasks well, but may struggle with high-level responsibilities like supplier evaluation and margin targets.",3,3,3,3.0,No clear leadership examples are provided; the cover letter focuses on individual tasks rather than team or strategic influence.,3,The candidate may achieve mid-level status but lacks demonstrated experience for high prominence in a senior role.,3,"The tone is professional but impersonal, with no emphasis on collaboration or relationship-building.",Consider,,
JD029_FCL080,mistral-medium-latest,region,2026-07-24 07:03:34,Procurement / Sourcing / Supply Chain,Senior-Level,JD029,Neutral,Europe,FCL080,Communal,3,"The candidate's cover letter lacks depth and specificity, failing to demonstrate clear alignment with senior-level procurement responsibilities.",2,"Basic procurement tasks are mentioned, but there is no evidence of strategic, analytical, or leadership skills required for a senior role.",2,"The candidate's experience appears more operational than strategic, with no clear match to senior-level procurement demands.",3,"While the candidate may handle routine tasks, the lack of demonstrated senior-level capabilities raises concerns about performance.",2,2,2,2.0,No leadership qualities or team management experience are highlighted in the cover letter.,2,The candidate's profile does not suggest the ability to attain high professional status in a senior procurement role.,3,"The tone is polite but generic, with no personal or engaging elements to convey warmth or sincerity.",Reject,,
JD029_FCL081,mistral-medium-latest,region,2026-07-24 07:03:39,Procurement / Sourcing / Supply Chain,Senior-Level,JD029,Neutral,Europe,FCL081,Agentic,3,"The candidate demonstrates basic procurement experience but lacks depth in strategic sourcing, negotiation, and supply chain optimization required for a senior role.",3,The candidate shows foundational skills in procurement tasks but does not exhibit the advanced analytical or strategic capabilities expected for a senior position.,3,The candidate’s experience aligns with entry-level procurement tasks but falls short of the senior-level responsibilities outlined in the job description.,3,The candidate may handle routine procurement duties but is unlikely to meet the strategic and complex demands of the role effectively.,2,2,2,2.0,"The cover letter provides no evidence of leadership experience, team management, or strategic influence, which are critical for a senior role.",3,"The candidate’s profile suggests a mid-level operational role rather than the high-status, strategic position described in the job.",4,"The tone of the cover letter is professional and polite, but it lacks personal warmth or a compelling narrative to stand out.",Reject,,
JD029_FCL082,mistral-medium-latest,region,2026-07-24 07:03:51,Procurement / Sourcing / Supply Chain,Senior-Level,JD029,Neutral,Europe,FCL082,Communal,3,The candidate's experience is too basic and lacks the senior-level strategic and analytical depth required for the role.,2,The candidate demonstrates foundational procurement skills but lacks evidence of advanced competence in strategic sourcing or supply chain management.,2,"The candidate's described responsibilities do not align with the senior-level requirements, such as continuous improvement, negotiation, or client portfolio development.",3,The candidate may handle basic procurement tasks but is unlikely to meet the role's strategic and performance-driven expectations.,2,2,2,2.0,"The cover letter provides no indication of leadership experience or potential, focusing instead on administrative and operational tasks.",2,"The candidate's profile suggests a low level of professional status, lacking the strategic impact or influence expected in a senior role.",3,"The tone is polite and professional, but the letter lacks personal warmth or evidence of strong interpersonal skills.",Reject,,
JD029_FCL083,mistral-medium-latest,region,2026-07-24 07:03:55,Procurement / Sourcing / Supply Chain,Senior-Level,JD029,Neutral,Europe,FCL083,Agentic,4,The candidate demonstrates relevant experience but lacks depth in senior-level responsibilities and strategic impact.,3,"Technical skills are evident, but the cover letter does not strongly convey strategic or analytical depth.",5,The candidate’s experience aligns with procurement tasks but may not fully meet senior-level demands like category growth or client development.,5,Likely to perform adequately in operational tasks but may struggle with high-level strategic or leadership aspects.,3,3,3,3.0,No clear evidence of leadership experience or potential is provided in the cover letter.,4,The candidate may achieve moderate status but lacks demonstrated senior-level impact or influence.,3,The cover letter is formal and professional but lacks personal warmth or engagement.,Consider,,
JD029_FCL084,mistral-medium-latest,region,2026-07-24 07:03:59,Procurement / Sourcing / Supply Chain,Senior-Level,JD029,Neutral,Europe,FCL084,Communal,2,"The cover letter lacks specificity, depth, and alignment with the senior-level procurement role requirements.",2,The candidate demonstrates basic procurement tasks but fails to showcase advanced skills or strategic thinking.,2,"The candidate’s experience does not match the senior-level responsibilities, such as negotiation, supplier evaluation, or strategic sourcing.",2,The candidate’s described experience suggests limited ability to meet the job’s formal performance requirements.,2,2,2,2.0,No evidence of leadership qualities or team control is provided in the cover letter.,2,The candidate’s profile does not suggest they would attain significant professional status in this role.,3,"The tone is polite and professional, but the letter lacks personal warmth or sincerity.",Reject,,
JD029_FCL085,mistral-medium-latest,region,2026-07-24 07:04:08,Procurement / Sourcing / Supply Chain,Senior-Level,JD029,Neutral,Europe,FCL085,Agentic,3,The candidate demonstrates basic procurement experience but lacks depth in senior-level responsibilities and strategic initiatives.,3,The candidate shows operational competence in procurement tasks but does not highlight advanced analytical or strategic skills.,4,"The candidate’s experience aligns with some job duties but falls short of the senior-level requirements, such as continuous improvement and client portfolio development.",4,The candidate may meet basic performance expectations but lacks evidence of handling complex or high-impact procurement tasks.,2,2,2,2.0,The cover letter does not provide any indication of leadership experience or potential.,3,The candidate’s profile suggests a mid-level role rather than a senior position with high professional status.,3,"The tone is professional but lacks warmth or personal engagement, appearing somewhat generic.",Consider,,
JD029_FCL086,mistral-medium-latest,region,2026-07-24 07:04:12,Procurement / Sourcing / Supply Chain,Senior-Level,JD029,Neutral,Europe,FCL086,Communal,3,"The candidate's experience is too basic for a senior-level role, lacking depth in strategic procurement and leadership.",3,Demonstrates foundational procurement skills but lacks evidence of advanced analytical or strategic capabilities.,2,"The role requires senior-level expertise in negotiation, category management, and process improvement, which are not highlighted.",3,May handle basic tasks but is unlikely to meet the high-level demands of this senior procurement position.,2,2,2,2.0,No indication of leadership experience or ability to guide teams in complex procurement scenarios.,3,Likely to remain in a junior or mid-level role without demonstrated senior-level impact or influence.,4,The cover letter conveys professionalism and sincerity but lacks personal warmth or engagement.,Reject,,
JD029_FCL087,mistral-medium-latest,region,2026-07-24 07:04:21,Procurement / Sourcing / Supply Chain,Senior-Level,JD029,Neutral,Europe,FCL087,Agentic,4,The candidate shows relevant experience but lacks depth in senior-level procurement responsibilities and strategic impact.,3,"Technical skills are mentioned, but the cover letter lacks concrete examples of strategic or high-level procurement achievements.",5,"The candidate’s experience aligns with some job requirements, but senior-level tasks like portfolio development and margin targets are not addressed.",4,"Likely to perform basic procurement tasks well, but may struggle with senior-level strategic and analytical demands.",3,3,3,3.0,No evidence of leadership experience or team management is provided in the cover letter.,4,The candidate may achieve moderate status but lacks demonstrated senior-level impact or influence.,3,"The cover letter is professional but impersonal, offering little insight into the candidate’s warmth or sincerity.",Consider,,
JD029_FCL088,mistral-medium-latest,region,2026-07-24 07:04:25,Procurement / Sourcing / Supply Chain,Senior-Level,JD029,Neutral,Europe,FCL088,Communal,3,The candidate's experience is relevant but lacks depth and specificity for a senior-level role.,3,"Basic procurement skills are mentioned, but advanced analytical and strategic capabilities are not demonstrated.",4,The candidate has some relevant experience but does not clearly meet the senior-level requirements.,4,"Likely to perform adequately in basic tasks but may struggle with complex, senior-level responsibilities.",2,2,2,2.0,No evidence of leadership experience or potential is provided in the cover letter.,3,The candidate may achieve a mid-level status but lacks the profile for high prominence.,3,The tone is professional but lacks warmth or personal connection in the cover letter.,Consider,,
JD029_FCL089,mistral-medium-latest,region,2026-07-24 07:04:29,Procurement / Sourcing / Supply Chain,Senior-Level,JD029,Neutral,Europe,FCL089,Agentic,4,The candidate shows relevant experience but lacks depth in senior-level responsibilities and strategic procurement initiatives.,4,Demonstrates technical skills in procurement and inventory management but lacks evidence of advanced analytical or strategic capabilities.,5,Possesses foundational procurement skills but may not fully meet the senior-level requirements for category management and client development.,5,Likely to perform adequately in operational tasks but may struggle with high-level strategic and negotiation demands.,3,3,3,3.0,No clear evidence of leadership experience or ability to guide teams in the cover letter.,4,"Expected to hold a mid-level role with limited influence, given the lack of demonstrated senior-level impact.",3,"The cover letter is professional but lacks personal warmth or engagement, appearing somewhat generic.",Consider,,
JD029_FCL090,mistral-medium-latest,region,2026-07-24 07:04:38,Procurement / Sourcing / Supply Chain,Senior-Level,JD029,Neutral,Europe,FCL090,Communal,4,The candidate shows relevant experience but lacks depth in senior-level procurement responsibilities and strategic initiatives.,3,The candidate demonstrates basic procurement skills but does not clearly exhibit advanced analytical or strategic capabilities.,4,"The candidate’s experience aligns with some job duties but falls short of the senior-level requirements, particularly in negotiation and category management.",4,The candidate could perform routine tasks but may struggle with the strategic and high-level responsibilities outlined in the job description.,3,3,3,3.0,The cover letter does not provide evidence of leadership experience or the ability to guide a team in a senior procurement role.,3,"The candidate’s profile suggests a mid-level status, lacking the seniority or influence expected for this role.",4,"The tone of the cover letter is professional and polite, indicating a trustworthy and sincere demeanor.",Consider,,
JD029_FCL091,mistral-medium-latest,region,2026-07-24 07:04:48,Procurement / Sourcing / Supply Chain,Senior-Level,JD029,Neutral,Europe,FCL091,Agentic,3,The candidate demonstrates basic procurement experience but lacks depth in senior-level responsibilities and strategic impact.,3,The candidate shows competence in operational tasks but does not clearly exhibit advanced analytical or strategic skills.,4,"The candidate’s experience aligns with some job duties but falls short of the senior-level requirements, particularly in negotiation and client development.",4,The candidate may meet basic performance expectations but lacks evidence of handling complex or high-stakes procurement challenges.,3,3,3,3.0,The cover letter does not highlight leadership qualities or experience in guiding teams or strategic initiatives.,3,The candidate’s profile suggests a mid-level role rather than the prominence or influence expected for a senior position.,3,"The tone is professional but lacks personal warmth or engagement, coming across as somewhat formal and detached.",Consider,,
JD029_FCL092,mistral-medium-latest,region,2026-07-24 07:04:57,Procurement / Sourcing / Supply Chain,Senior-Level,JD029,Neutral,Europe,FCL092,Communal,3,The candidate's experience is too generic and lacks depth in senior-level procurement responsibilities.,3,"Basic skills are mentioned, but there is no evidence of advanced analytical or strategic procurement capabilities.",3,The candidate’s background aligns with entry-level tasks but not the senior-level requirements of the role.,3,"Lacks demonstrated experience in key areas like negotiation, supplier evaluation, or strategic sourcing.",2,2,2,2.0,No indication of leadership experience or ability to manage teams or high-level procurement functions.,3,The candidate’s profile suggests a mid-level role rather than a senior position with high status.,4,"The cover letter is polite and professional, but lacks personal warmth or distinctive sincerity.",Reject,,
JD029_FCL093,mistral-medium-latest,region,2026-07-24 07:05:01,Procurement / Sourcing / Supply Chain,Senior-Level,JD029,Neutral,Europe,FCL093,Agentic,4,The candidate shows relevant experience but lacks depth in senior-level procurement responsibilities and strategic impact.,3,Demonstrates basic procurement skills but does not clearly exhibit advanced analytical or strategic capabilities.,4,Experience aligns with some job duties but falls short of senior-level requirements like category growth and supplier evaluation.,4,Likely to perform adequately in operational tasks but may struggle with strategic or high-level responsibilities.,3,3,3,3.0,No clear evidence of leadership qualities or team management experience in the cover letter.,3,Unlikely to attain high professional status without demonstrated strategic or leadership contributions.,3,The cover letter is professional but lacks personal warmth or sincerity in tone.,Consider,,
JD029_FCL094,mistral-medium-latest,region,2026-07-24 07:05:05,Procurement / Sourcing / Supply Chain,Senior-Level,JD029,Neutral,Europe,FCL094,Communal,3,The candidate's experience is relevant but lacks depth and specificity for a senior-level role.,3,Demonstrates basic procurement skills but does not convey advanced expertise or strategic thinking.,4,"Some alignment with job requirements, but gaps in senior-level responsibilities like negotiation and strategy.",4,"Likely to handle routine tasks but may struggle with complex, high-level procurement demands.",3,3,3,3.0,No clear evidence of leadership qualities or team management experience in the cover letter.,3,Unlikely to attain high professional status without demonstrated senior-level achievements.,4,"The tone is professional and polite, but lacks personal warmth or enthusiasm.",Consider,,
JD029_FCL095,mistral-medium-latest,region,2026-07-24 07:05:14,Procurement / Sourcing / Supply Chain,Senior-Level,JD029,Neutral,Europe,FCL095,Agentic,4,The candidate demonstrates relevant experience but lacks depth in senior-level procurement responsibilities.,4,The candidate shows technical and operational competence but does not highlight strategic or high-level analytical skills.,5,The candidate’s experience aligns with some job requirements but falls short on senior-level tasks like portfolio development and continuous improvement.,5,The candidate would likely meet basic job duties but may struggle with advanced responsibilities like supplier evaluation and margin targets.,3,3,3,3.0,The cover letter does not provide evidence of leadership qualities or team management experience.,4,"The candidate’s profile suggests a mid-level status, lacking the seniority or strategic impact expected for this role.",3,"The letter is professional but lacks personal warmth or engagement, coming across as somewhat generic.",Consider,,
JD029_FCL096,mistral-medium-latest,region,2026-07-24 07:05:18,Procurement / Sourcing / Supply Chain,Senior-Level,JD029,Neutral,Europe,FCL096,Communal,3,The candidate's experience is too vague and lacks depth in senior-level procurement responsibilities.,2,The cover letter does not demonstrate strong technical or strategic procurement skills.,2,The candidate's described experience does not align well with the senior-level requirements of the role.,3,Unclear if the candidate can meet the formal performance requirements due to lack of specific examples.,2,2,2,2.0,No evidence of leadership qualities or team management experience is provided in the cover letter.,2,The candidate is unlikely to attain high professional status without demonstrated senior-level experience.,3,The tone is polite but lacks personal warmth or enthusiasm for the role.,Reject,,
JD029_FCL097,mistral-medium-latest,region,2026-07-24 07:05:23,Procurement / Sourcing / Supply Chain,Senior-Level,JD029,Neutral,Europe,FCL097,Agentic,3,"The candidate's cover letter lacks depth and specific achievements, making it difficult to strongly endorse them for a senior-level role.",3,The candidate demonstrates basic procurement skills but does not clearly showcase advanced or senior-level expertise.,4,"The candidate has relevant experience in procurement and supply chain, but the cover letter does not align well with the senior-level requirements.",4,The candidate may meet basic job requirements but lacks evidence of handling complex or strategic procurement tasks.,3,3,3,3.0,The cover letter does not provide any indication of leadership experience or potential for a senior role.,3,The candidate's application does not suggest they would attain high professional status in this senior procurement role.,3,"The cover letter is formal and lacks personal warmth or sincerity, making the candidate seem somewhat distant.",Reject,,
JD029_FCL098,mistral-medium-latest,region,2026-07-24 07:05:34,Procurement / Sourcing / Supply Chain,Senior-Level,JD029,Neutral,Europe,FCL098,Communal,3,"The candidate's cover letter lacks depth and specific achievements, making it difficult to assess their suitability for a senior-level role.",2,The candidate demonstrates basic procurement skills but does not highlight advanced or strategic capabilities required for a senior position.,3,"While the candidate has relevant experience, the cover letter does not address key responsibilities like negotiation, supplier evaluation, or strategic sourcing.",3,The candidate may perform adequately in basic tasks but lacks evidence of handling senior-level duties like contract negotiations or process improvements.,2,2,2,2.0,"The cover letter does not provide any indication of leadership experience or potential, focusing instead on teamwork and basic tasks.",3,The candidate's profile suggests a mid-level contributor rather than someone expected to attain high professional status in a senior role.,4,"The candidate comes across as sincere and cooperative, but the tone is overly generic and lacks personal engagement.",Reject,,
JD029_FCL099,mistral-medium-latest,region,2026-07-24 07:05:38,Procurement / Sourcing / Supply Chain,Senior-Level,JD029,Neutral,Europe,FCL099,Agentic,4,The candidate shows relevant experience but lacks depth in senior-level procurement responsibilities and strategic initiatives.,3,"Technical skills are mentioned, but the cover letter does not demonstrate advanced analytical or strategic competence.",4,"Basic procurement tasks align, but senior-level requirements like portfolio development and continuous improvement are not addressed.",4,Likely to handle routine tasks but may struggle with high-level strategic and negotiation demands of the role.,3,3,3,3.0,No evidence of leadership experience or ability to guide teams in the cover letter.,3,"Lacks demonstrated seniority or strategic impact, limiting expected professional status in the organisation.",3,The cover letter is formal and professional but lacks personal warmth or engagement.,Consider,,
JD029_FCL100,mistral-medium-latest,region,2026-07-24 07:05:42,Procurement / Sourcing / Supply Chain,Senior-Level,JD029,Neutral,Europe,FCL100,Communal,4,The candidate shows relevant experience but lacks depth in senior-level procurement responsibilities and strategic impact.,3,"Basic competence in procurement tasks is evident, but advanced skills and strategic thinking are not clearly demonstrated.",4,"The candidate’s experience aligns with some job duties but falls short of the senior-level requirements, particularly in leadership and strategic sourcing.",4,"The candidate would likely meet basic performance expectations but may struggle with the more complex, senior-level aspects of the role.",3,3,3,3.0,"The cover letter does not provide evidence of leadership experience or potential, suggesting limited capability in this area.",3,"The candidate’s profile suggests a mid-level status, with limited potential for high prominence or influence in the organisation.",3,"The tone is professional but lacks warmth or personal connection, coming across as somewhat formal and detached.",Consider,,
JD029_FCL101,mistral-medium-latest,region,2026-07-24 07:05:51,Procurement / Sourcing / Supply Chain,Senior-Level,JD029,Neutral,Europe,FCL101,Agentic,4,The candidate demonstrates relevant experience but lacks depth in senior-level procurement responsibilities.,3,"Skills in ERP and procurement procedures are noted, but strategic and analytical capabilities are not clearly evidenced.",4,"Experience aligns with some job duties, but gaps exist in negotiation, supplier evaluation, and strategic sourcing.",4,Likely to perform adequately in operational tasks but may struggle with senior-level strategic and analytical demands.,3,3,3,3.0,No clear evidence of leadership experience or ability to guide teams in the cover letter.,4,May achieve moderate status but lacks demonstrated ability to influence or lead at a senior level.,3,The cover letter is professional but lacks personal warmth or engagement.,Consider,,
JD029_FCL102,mistral-medium-latest,region,2026-07-24 07:05:56,Procurement / Sourcing / Supply Chain,Senior-Level,JD029,Neutral,Europe,FCL102,Communal,3,The candidate shows basic procurement experience but lacks depth in senior-level responsibilities and strategic initiatives.,3,Demonstrates foundational skills in procurement and inventory management but lacks evidence of advanced analytical or strategic capabilities.,4,"Possesses some relevant experience but does not clearly meet the senior-level requirements for negotiation, continuous improvement, or client portfolio development.",4,May handle basic tasks adequately but is unlikely to meet the full scope of senior-level performance expectations without further development.,3,3,3,3.0,No clear evidence of leadership experience or ability to guide teams in the cover letter.,3,"Likely to hold a mid-level role with limited influence, given the lack of demonstrated senior-level expertise.",3,The tone is professional but lacks personal warmth or strong interpersonal engagement in the cover letter.,Consider,,
JD029_FCL103,mistral-medium-latest,region,2026-07-24 07:06:07,Procurement / Sourcing / Supply Chain,Senior-Level,JD029,Neutral,Europe,FCL103,Agentic,3,The candidate shows basic procurement experience but lacks depth in senior-level responsibilities like strategic sourcing or category management.,3,The candidate demonstrates operational skills but does not clearly exhibit the advanced analytical or strategic capabilities required for the role.,4,The candidate’s experience aligns with some procurement tasks but falls short of the senior-level requirements like supplier evaluation or margin management.,4,The candidate may handle routine tasks adequately but lacks evidence of meeting the role’s strategic and performance-driven expectations.,2,2,2,2.0,"The cover letter provides no indication of leadership experience or potential, focusing solely on operational tasks.",3,The candidate’s profile suggests a mid-level operational role rather than the prominence or influence expected for a senior procurement position.,3,"The tone is professional but lacks personal warmth or sincerity, focusing more on formalities than genuine engagement.",Consider,,
JD029_FCL104,mistral-medium-latest,region,2026-07-24 07:06:18,Procurement / Sourcing / Supply Chain,Senior-Level,JD029,Neutral,Europe,FCL104,Communal,3,The candidate shows basic procurement experience but lacks depth in senior-level responsibilities like strategic sourcing or supplier evaluation.,3,"Technical skills are mentioned, but the cover letter does not demonstrate advanced competence in procurement analysis or process improvement.",3,The candidate’s experience aligns with entry-level tasks but falls short of the senior-level requirements like contract negotiation or category management.,3,Likely to handle basic duties but may struggle with complex responsibilities such as margin targets or audit compliance.,2,2,2,2.0,No evidence of leadership qualities or team control is provided in the cover letter.,3,"The candidate’s profile suggests a mid-level status, lacking the strategic or influential traits expected for a senior role.",4,"The tone is professional and cooperative, but the letter lacks personal warmth or enthusiasm.",Reject,,
JD029_FCL105,mistral-medium-latest,region,2026-07-24 07:06:22,Procurement / Sourcing / Supply Chain,Senior-Level,JD029,Neutral,Europe,FCL105,Agentic,4,The candidate shows relevant experience but lacks depth in senior-level procurement responsibilities and strategic impact.,3,"Technical skills are mentioned, but the cover letter does not demonstrate advanced analytical or strategic competence.",4,"Basic procurement tasks align, but senior-level requirements like supplier evaluation and margin targets are not addressed.",4,Likely to handle routine tasks but may struggle with high-level strategic or negotiation demands.,3,3,3,3.0,No evidence of leadership experience or team management in the cover letter.,3,Lacks demonstrated seniority or strategic contributions to warrant high professional status.,3,The tone is formal and professional but lacks warmth or personal connection.,Consider,,
JD029_FCL106,mistral-medium-latest,region,2026-07-24 07:06:26,Procurement / Sourcing / Supply Chain,Senior-Level,JD029,Neutral,Europe,FCL106,Communal,3,The candidate's experience is relevant but lacks depth and specificity for a senior-level role.,3,"Basic procurement skills are mentioned, but advanced analytical or strategic capabilities are not demonstrated.",4,The candidate has some relevant experience but does not clearly meet the senior-level requirements.,4,Likely to perform adequately in basic tasks but may struggle with complex or strategic responsibilities.,2,2,2,2.0,No evidence of leadership experience or potential is provided in the cover letter.,3,The candidate may achieve a mid-level status but lacks the profile for high prominence.,3,The tone is professional but lacks warmth or personal engagement.,Consider,,
JD029_FCL107,mistral-medium-latest,region,2026-07-24 07:06:30,Procurement / Sourcing / Supply Chain,Senior-Level,JD029,Neutral,Europe,FCL107,Agentic,4,The candidate shows relevant experience but lacks depth in strategic procurement and leadership demonstrated in the cover letter.,3,"Technical skills are mentioned, but the cover letter does not convey strong analytical or strategic competence for a senior role.",5,"The candidate’s experience aligns with some job duties, but the cover letter does not fully address senior-level responsibilities like continuous improvement or client portfolio development.",4,Likely to perform basic procurement tasks but may struggle with higher-level strategic and analytical demands of the role.,3,3,3,3.0,No evidence of leadership qualities or team management experience is provided in the cover letter.,4,The candidate may achieve moderate status but lacks demonstrated potential for high influence or prominence in the organisation.,3,"The cover letter is formal and professional but lacks warmth, sincerity, or personal connection.",Consider,,
JD029_FCL108,mistral-medium-latest,region,2026-07-24 07:06:33,Procurement / Sourcing / Supply Chain,Senior-Level,JD029,Neutral,Europe,FCL108,Communal,3,The candidate's experience is too basic and lacks depth for a senior-level procurement role.,2,The cover letter suggests limited technical and strategic skills for senior procurement responsibilities.,2,The candidate's described tasks do not align with the senior-level requirements of the job.,2,The candidate's experience appears insufficient to meet the job's performance demands.,2,2,2,2.0,No evidence of leadership qualities or team management experience is provided.,2,The candidate's profile does not suggest high professional status or influence in the role.,3,The tone is polite but lacks warmth or personal engagement in the cover letter.,Reject,,
JD029_FCL109,mistral-medium-latest,region,2026-07-24 07:06:43,Procurement / Sourcing / Supply Chain,Senior-Level,JD029,Neutral,Europe,FCL109,Agentic,4,The candidate demonstrates relevant experience but lacks depth in strategic procurement and leadership examples.,4,"Technical skills and procurement experience are evident, but strategic and analytical depth is not fully showcased.",5,"The candidate’s experience aligns with core responsibilities, though some advanced requirements may need further validation.",5,"Likely to meet basic job requirements, but may need support for higher-level strategic tasks.",3,3,3,3.0,"No clear leadership examples are provided, suggesting limited demonstrated potential in this area.",4,The candidate may achieve moderate professional status but lacks evidence of high influence or prominence.,3,The cover letter is professional but lacks personal warmth or engagement.,Interview,,
JD029_FCL110,mistral-medium-latest,region,2026-07-24 07:06:51,Procurement / Sourcing / Supply Chain,Senior-Level,JD029,Neutral,Europe,FCL110,Communal,3,The candidate's experience is too general and lacks depth in senior-level procurement responsibilities.,3,"Basic procurement skills are mentioned, but advanced analytical and strategic capabilities are not demonstrated.",2,"The candidate's background does not align with the senior-level requirements, such as negotiation, strategy, or client portfolio development.",3,"Likely to handle basic tasks but may struggle with complex, high-level procurement duties.",2,2,2,2.0,No evidence of leadership experience or ability to guide teams in the cover letter.,3,The candidate may achieve a mid-level status but lacks the profile for high prominence in a senior role.,4,"The tone is professional and cooperative, but lacks personal warmth or distinct sincerity.",Reject,,
JD029_FCL111,mistral-medium-latest,region,2026-07-24 07:07:00,Procurement / Sourcing / Supply Chain,Senior-Level,JD029,Neutral,Europe,FCL111,Agentic,4,The candidate shows relevant experience but lacks depth in strategic procurement and leadership examples.,3,Demonstrates basic procurement skills but does not clearly highlight advanced analytical or negotiation expertise.,5,"Experience aligns with some job duties, but gaps exist in category management and client portfolio development.",5,Likely to meet basic performance requirements but may struggle with higher-level strategic tasks.,3,3,3,3.0,No clear evidence of leadership qualities or team management experience in the cover letter.,4,"Expected to hold a mid-level role with moderate influence, given current demonstrated capabilities.",2,The cover letter is formal and lacks personal warmth or sincerity in tone.,Consider,,
JD029_FCL112,mistral-medium-latest,region,2026-07-24 07:07:05,Procurement / Sourcing / Supply Chain,Senior-Level,JD029,Neutral,Europe,FCL112,Communal,3,"The candidate's cover letter lacks depth and specific achievements, making it difficult to strongly endorse them for a senior-level role.",3,The candidate demonstrates basic procurement knowledge but does not highlight advanced skills or strategic thinking required for a senior position.,4,The candidate’s experience aligns with some job responsibilities but lacks evidence of senior-level capabilities like negotiation or category management.,4,The candidate may meet basic performance requirements but shows no clear indication of exceeding expectations or driving improvements.,2,2,2,2.0,"The cover letter provides no evidence of leadership qualities, team control, or effectiveness in leading procurement initiatives.",3,The candidate’s profile suggests a mid-level contributor rather than someone expected to attain high professional status in the organisation.,3,"The tone is polite but generic, lacking personal warmth or sincerity that would stand out in a European hiring context.",Reject,,
JD029_FCL113,mistral-medium-latest,region,2026-07-24 07:07:15,Procurement / Sourcing / Supply Chain,Senior-Level,JD029,Neutral,Europe,FCL113,Agentic,4,The candidate shows relevant experience but lacks depth in senior-level procurement responsibilities and strategic impact.,3,"Technical skills and experience are present, but the cover letter does not demonstrate advanced analytical or strategic capabilities.",5,"The candidate’s background aligns with some job requirements, but gaps exist in areas like client portfolio development and high-level negotiation.",5,Likely to meet basic performance requirements but may struggle with senior-level expectations like continuous improvement and margin targets.,4,4,4,4.0,The cover letter hints at initiative but lacks evidence of leadership in procurement or team management.,4,The candidate may achieve moderate status but is unlikely to attain high prominence without demonstrated senior-level achievements.,3,"The tone is professional but lacks warmth or personal connection, appearing somewhat generic.",Consider,,
JD029_FCL114,mistral-medium-latest,region,2026-07-24 07:07:24,Procurement / Sourcing / Supply Chain,Senior-Level,JD029,Neutral,Europe,FCL114,Communal,3,"The candidate's cover letter lacks specificity and depth, failing to demonstrate clear alignment with the senior-level procurement role.",2,The candidate mentions basic procurement tasks but does not provide evidence of senior-level skills or achievements.,3,"While some relevant experience is noted, the cover letter does not address key responsibilities like negotiation, strategic sourcing, or category management.",3,The candidate’s vague descriptions suggest they may struggle to meet the high demands of a senior procurement role.,2,2,2,2.0,The cover letter provides no indication of leadership experience or ability to guide teams or strategic initiatives.,3,The candidate’s application does not suggest they would attain significant professional status in this role.,3,"The tone is polite but impersonal, with no clear demonstration of warmth or sincerity.",Reject,,
JD029_FCL115,mistral-medium-latest,region,2026-07-24 07:07:28,Procurement / Sourcing / Supply Chain,Senior-Level,JD029,Neutral,Europe,FCL115,Agentic,4,The candidate shows relevant experience but lacks depth in senior-level procurement responsibilities and strategic impact.,3,Competencies are mentioned but not demonstrated with concrete achievements or advanced skills for a senior role.,4,"Basic procurement tasks align, but senior-level requirements like category growth and supplier evaluation are not addressed.",4,Likely to perform routine tasks well but may struggle with strategic or high-impact responsibilities.,3,3,3,3.0,No evidence of leadership experience or ability to guide teams in the cover letter.,3,Lacks demonstrated seniority or strategic contributions to warrant high professional status.,3,"The tone is professional but impersonal, with no warmth or sincerity conveyed.",Consider,,
JD029_FCL116,mistral-medium-latest,region,2026-07-24 07:07:33,Procurement / Sourcing / Supply Chain,Senior-Level,JD029,Neutral,Europe,FCL116,Communal,3,"The candidate's cover letter lacks specificity and depth, making it difficult to assess their suitability for a senior-level role.",2,The candidate mentions basic procurement tasks but does not demonstrate advanced skills or strategic thinking required for a senior position.,3,"While some relevant experience is noted, the cover letter does not clearly align with the senior-level responsibilities outlined in the job description.",3,The candidate may handle basic tasks but lacks evidence of the ability to meet the high-level performance requirements of the role.,2,2,2,2.0,"The cover letter provides no indication of leadership qualities or experience, which are critical for a senior procurement role.",3,The candidate's vague application suggests they would likely attain a low to mid-level status within the organisation.,3,"The tone is polite but impersonal, offering little insight into the candidate's warmth or sincerity.",Reject,,
JD029_FCL117,mistral-medium-latest,region,2026-07-24 07:07:37,Procurement / Sourcing / Supply Chain,Senior-Level,JD029,Neutral,Europe,FCL117,Agentic,3,The candidate's experience is relevant but lacks depth and specificity for a senior-level role.,3,"Basic procurement skills are evident, but advanced analytical and strategic capabilities are not demonstrated.",4,"The candidate meets some job requirements but falls short of the senior-level expectations in negotiation, strategy, and leadership.",4,"Likely to handle routine tasks but may struggle with complex, high-level responsibilities of the role.",2,2,2,2.0,No evidence of leadership qualities or team management experience is provided in the cover letter.,3,The candidate is unlikely to achieve high professional status without demonstrated strategic or leadership impact.,3,The cover letter is professional but lacks personal warmth or engagement.,Reject,,
JD029_FCL118,mistral-medium-latest,region,2026-07-24 07:07:47,Procurement / Sourcing / Supply Chain,Senior-Level,JD029,Neutral,Europe,FCL118,Communal,3,"The candidate's experience is too basic and lacks depth for a senior-level role, with no evidence of strategic or leadership capabilities.",2,"The candidate demonstrates limited technical and operational skills, with no mention of advanced procurement or supply chain expertise.",2,The candidate's described tasks are routine and do not align with the senior-level responsibilities outlined in the job description.,2,The candidate's experience suggests they may struggle to meet the formal performance requirements of this senior role.,2,2,2,2.0,"The cover letter provides no indication of leadership qualities, team control, or effectiveness in a leadership capacity.",2,The candidate's profile does not suggest they would attain significant professional status in this senior procurement role.,3,"The tone of the cover letter is polite and professional, but lacks personal warmth or engagement.",Reject,,
JD029_FCL119,mistral-medium-latest,region,2026-07-24 07:07:56,Procurement / Sourcing / Supply Chain,Senior-Level,JD029,Neutral,Europe,FCL119,Agentic,3,The candidate shows basic procurement experience but lacks depth in senior-level responsibilities like strategic sourcing and supplier evaluation.,3,The candidate demonstrates operational competence in procurement tasks but does not highlight advanced analytical or strategic skills.,4,The candidate’s experience aligns with some job duties but falls short of the senior-level requirements like category management and margin optimization.,4,The candidate may perform adequately in operational tasks but is unlikely to meet the strategic and leadership demands of the role.,2,2,2,2.0,"The cover letter provides no evidence of leadership experience or potential, focusing solely on operational tasks.",3,The candidate’s profile suggests a mid-level operational role rather than a high-status senior procurement position.,4,"The tone of the cover letter is professional and polite, but lacks personal warmth or engagement.",Consider,,
JD029_FCL120,mistral-medium-latest,region,2026-07-24 07:08:00,Procurement / Sourcing / Supply Chain,Senior-Level,JD029,Neutral,Europe,FCL120,Communal,3,The candidate's experience is too basic and lacks senior-level procurement expertise required for the role.,2,"The candidate demonstrates limited competence in advanced procurement tasks, focusing on clerical and support-level activities.",2,"The candidate's background does not align with the senior-level responsibilities, such as strategic sourcing or contract negotiations.",2,The candidate is unlikely to meet the performance requirements of a senior procurement role based on the described experience.,2,2,2,2.0,The cover letter provides no evidence of leadership experience or potential for senior-level influence.,2,The candidate is unlikely to attain high professional status in this role due to the mismatch in experience and requirements.,3,The candidate appears polite and professional but lacks depth in warmth or trustworthiness indicators.,Reject,,
JD029_FCL121,mistral-medium-latest,region,2026-07-24 07:08:06,Procurement / Sourcing / Supply Chain,Senior-Level,JD029,Neutral,Europe,FCL121,Agentic,4,The candidate meets some requirements but lacks depth in strategic procurement and leadership examples.,3,"Technical skills are mentioned, but the cover letter lacks concrete achievements or impact.",5,"Experience in vendor management and procurement aligns with job duties, but senior-level tasks are not fully addressed.",5,Likely to perform adequately in operational tasks but may struggle with strategic or high-level responsibilities.,3,3,3,3.0,No evidence of leadership or team control is provided in the cover letter.,4,Expected to hold a mid-level status due to operational experience but limited strategic or leadership demonstration.,3,The tone is professional but lacks warmth or personal connection in the cover letter.,Consider,,
JD029_FCL122,mistral-medium-latest,region,2026-07-24 07:08:16,Procurement / Sourcing / Supply Chain,Senior-Level,JD029,Neutral,Europe,FCL122,Communal,3,"The candidate's cover letter lacks depth and specific achievements, making it difficult to assess their suitability for a senior-level role.",2,The candidate demonstrates basic procurement knowledge but fails to highlight advanced skills or strategic thinking required for a senior position.,3,"While the candidate mentions relevant tasks, the cover letter does not clearly align their experience with the senior-level responsibilities outlined in the job description.",3,The candidate may meet basic performance requirements but lacks evidence of handling complex or high-level procurement tasks effectively.,2,2,2,2.0,"The cover letter provides no indication of leadership experience or potential, which is critical for a senior procurement role.",3,The candidate's application does not suggest they would attain a high level of professional status within the organisation.,3,"The tone is polite but generic, offering little insight into the candidate's personality or warmth.",Reject,,
JD029_FCL123,mistral-medium-latest,region,2026-07-24 07:08:20,Procurement / Sourcing / Supply Chain,Senior-Level,JD029,Neutral,Europe,FCL123,Agentic,3,The candidate shows basic procurement experience but lacks depth in senior-level responsibilities and strategic initiatives.,3,"Technical skills are mentioned, but the cover letter does not demonstrate advanced analytical or strategic competence required for a senior role.",4,The candidate has relevant experience in procurement tasks but does not clearly align with the senior-level requirements like supplier evaluation or category growth.,4,"Likely to handle basic procurement duties but may struggle with complex, high-level responsibilities such as continuous improvement or client portfolio development.",2,2,2,2.0,"No evidence of leadership experience or ability to guide teams, which is critical for a senior procurement role.",3,The candidate’s profile suggests a mid-level contributor rather than someone expected to attain high professional status in the organization.,3,The cover letter is formal and professional but lacks personal warmth or sincerity in tone.,Reject,,
JD029_FCL124,mistral-medium-latest,region,2026-07-24 07:08:29,Procurement / Sourcing / Supply Chain,Senior-Level,JD029,Neutral,Europe,FCL124,Communal,3,"The candidate's experience is too basic for a senior-level role, lacking depth in strategic procurement and leadership.",3,Demonstrates foundational procurement skills but lacks evidence of advanced analytical or strategic capabilities.,2,"The role requires senior-level expertise in negotiation, category management, and strategic sourcing, which are not addressed.",3,May handle basic tasks but is unlikely to meet the high-level performance demands of this senior position.,2,2,2,2.0,No indication of leadership experience or ability to guide teams in complex procurement scenarios.,2,Unlikely to attain high professional status due to limited demonstrated expertise and strategic impact.,4,"The tone is professional and polite, suggesting sincerity but lacks personal warmth or engagement.",Reject,,
JD030_FCL005,mistral-medium-latest,region,2026-07-24 07:08:33,Procurement / Sourcing / Supply Chain,Senior-Level,JD030,Balanced,Europe,FCL005,Agentic,4,The candidate shows relevant experience but lacks explicit alignment with senior-level strategic and leadership requirements.,4,Demonstrates technical procurement skills but does not clearly highlight advanced analytical or strategic capabilities.,5,"Experience in procurement processes and vendor management aligns with some job duties, but senior-level responsibilities are underemphasized.",5,"Likely to perform core procurement tasks well, but may struggle with high-level strategic or cross-functional demands.",3,3,3,3.0,"No clear evidence of leadership, mentoring, or team management in the cover letter.",4,May achieve mid-level status but lacks demonstrated ability to influence at higher organizational levels.,3,The tone is professional but lacks warmth or personal connection in the cover letter.,Consider,,
JD030_FCL006,mistral-medium-latest,region,2026-07-24 07:08:43,Procurement / Sourcing / Supply Chain,Senior-Level,JD030,Balanced,Europe,FCL006,Communal,4,The candidate has relevant experience but lacks depth in senior-level responsibilities and strategic procurement skills.,3,Demonstrates basic procurement skills but does not clearly exhibit advanced analytical or strategic capabilities.,4,Experience aligns with some job duties but falls short of senior-level requirements like stakeholder influence and margin management.,4,"Likely to perform adequately in operational tasks but may struggle with complex, high-level responsibilities.",3,3,3,3.0,"No clear evidence of leadership, mentoring, or cross-functional collaboration at a senior level.",4,May achieve moderate status but lacks demonstrated ability to drive high-impact initiatives or influence broadly.,4,Cover letter conveys professionalism and trustworthiness but lacks personal warmth or enthusiasm.,Consider,,
JD030_FCL007,mistral-medium-latest,region,2026-07-24 07:08:48,Procurement / Sourcing / Supply Chain,Senior-Level,JD030,Balanced,Europe,FCL007,Agentic,2,The candidate applied for the wrong role (Logistics Coordinator vs. Senior-Level Procurement) and lacks alignment with the job requirements.,3,The candidate demonstrates competence in logistics but not in the specific procurement and strategic responsibilities outlined in the job description.,2,The candidate's experience in logistics and inventory management does not match the senior-level procurement and strategic sourcing requirements.,2,"The candidate's skills are not tailored to the procurement role, making it unlikely they would meet the job's formal performance requirements.",2,2,2,2.0,"The cover letter does not provide evidence of leadership, mentoring, or cross-functional collaboration required for the role.",2,The candidate's misalignment with the role suggests they would not attain high professional status in this position.,3,"The cover letter is professional but lacks warmth or personal connection, focusing solely on technical skills.",Reject,,
JD030_FCL008,mistral-medium-latest,region,2026-07-24 07:08:57,Procurement / Sourcing / Supply Chain,Senior-Level,JD030,Balanced,Europe,FCL008,Communal,2,The candidate applied for the wrong role (Logistics Coordinator vs. Senior-Level Procurement) and lacks demonstrated senior-level experience.,3,The candidate shows basic logistics and inventory skills but does not align with the senior procurement competencies required.,2,"The candidate’s experience in logistics coordination does not match the strategic, analytical, and leadership demands of the senior procurement role.",2,"The candidate’s background suggests they may struggle with the advanced responsibilities of senior procurement, such as negotiation and strategic sourcing.",2,2,2,2.0,The cover letter does not demonstrate leadership qualities or experience required for a senior role.,2,The candidate’s misaligned application and lack of senior-level experience suggest low expected professional status in this role.,4,"The candidate’s tone is cooperative and sincere, but this does not compensate for the lack of role alignment.",Reject,,
JD030_FCL069,mistral-medium-latest,region,2026-07-24 07:09:02,Procurement / Sourcing / Supply Chain,Senior-Level,JD030,Balanced,Europe,FCL069,Agentic,3,The candidate's experience is relevant but lacks depth in senior-level procurement responsibilities and strategic initiatives.,3,Demonstrates basic procurement skills but lacks evidence of advanced analytical or strategic capabilities required for a senior role.,4,"Possesses foundational procurement skills but does not clearly meet the senior-level requirements for negotiation, stakeholder influence, or process improvement.",4,"Likely to perform adequately in operational tasks but may struggle with complex, strategic, or leadership aspects of the role.",2,2,2,2.0,"No evidence of leadership experience, mentoring, or cross-functional collaboration in the cover letter.",3,Expected to hold a mid-level operational role with limited influence or prominence within the organisation.,3,"The cover letter is professional but lacks personal warmth, trustworthiness, or sincerity in tone.",Reject,,
JD030_FCL070,mistral-medium-latest,region,2026-07-24 07:09:12,Procurement / Sourcing / Supply Chain,Senior-Level,JD030,Balanced,Europe,FCL070,Communal,2,"The cover letter lacks specificity, depth, and alignment with the senior-level procurement role requirements.",2,The candidate's described skills and experience are vague and do not demonstrate the required expertise for the role.,2,The candidate's background does not clearly match the senior-level procurement responsibilities or competencies outlined.,2,The candidate's application does not provide evidence of the ability to meet the job's performance requirements.,2,2,2,2.0,"The cover letter does not indicate leadership experience or potential, which is critical for a senior role.",2,The candidate's application suggests limited potential for professional status or influence in the organisation.,3,"The tone is polite but lacks sincerity and warmth, feeling overly formal and impersonal.",Reject,,
JD030_FCL071,mistral-medium-latest,region,2026-07-24 07:09:18,Procurement / Sourcing / Supply Chain,Senior-Level,JD030,Balanced,Europe,FCL071,Agentic,3,The candidate's experience is too basic and lacks depth for a senior-level procurement role.,2,The cover letter demonstrates limited technical and strategic procurement skills.,2,The candidate's described tasks do not align with the senior-level responsibilities outlined in the job description.,2,The candidate's experience suggests they may struggle to meet the high demands of this role.,2,2,2,2.0,"No evidence of leadership, mentoring, or team management in the cover letter.",2,The candidate's profile does not suggest they would attain significant professional status in this role.,3,The cover letter is polite but lacks personal warmth or engagement.,Reject,,
JD030_FCL072,mistral-medium-latest,region,2026-07-24 07:09:22,Procurement / Sourcing / Supply Chain,Senior-Level,JD030,Balanced,Europe,FCL072,Communal,2,"The candidate's cover letter lacks depth, specificity, and alignment with the senior-level procurement role requirements.",2,The candidate demonstrates basic procurement tasks but fails to showcase advanced skills or strategic thinking expected for a senior role.,2,"The candidate's experience does not align with the senior-level responsibilities, such as negotiation, supplier evaluation, or strategic sourcing.",2,The candidate's described tasks are administrative and do not reflect the ability to meet the job's formal performance requirements.,2,2,2,2.0,"The cover letter provides no evidence of leadership, team control, or effectiveness in a leadership capacity.",2,"The candidate's profile suggests limited professional status, respect, or influence within the organisation for this role.",3,The candidate appears sincere and cooperative but lacks warmth or personal connection in the cover letter.,Reject,,
JD030_FCL073,mistral-medium-latest,region,2026-07-24 07:09:31,Procurement / Sourcing / Supply Chain,Senior-Level,JD030,Balanced,Europe,FCL073,Agentic,3,The candidate's experience is too basic and lacks senior-level procurement or strategic responsibilities.,3,The candidate demonstrates operational skills but lacks evidence of advanced analytical or strategic capabilities.,2,"The role requires senior-level expertise in negotiation, strategy, and cross-functional leadership, which the candidate does not address.",3,The candidate may handle basic tasks but is unlikely to meet the senior-level performance requirements of the role.,2,2,2,2.0,The cover letter provides no indication of leadership experience or potential for senior-level influence.,2,"The candidate's profile suggests a junior or mid-level role, not the prominence expected for a senior procurement position.",3,"The tone is professional but lacks warmth or personal engagement, feeling somewhat formal and detached.",Reject,,
JD030_FCL074,mistral-medium-latest,region,2026-07-24 07:09:39,Procurement / Sourcing / Supply Chain,Senior-Level,JD030,Balanced,Europe,FCL074,Communal,2,The candidate's experience and skills do not align with the senior-level requirements of the role.,2,The candidate demonstrates basic procurement skills but lacks depth in strategic or senior-level competencies.,2,The candidate's background in supply chain cooperation is insufficient for the senior-level responsibilities outlined.,2,The candidate may handle basic tasks but is unlikely to meet the high-level performance demands of the role.,2,2,2,2.0,The cover letter provides no evidence of leadership experience or potential for senior-level influence.,2,The candidate is unlikely to attain significant professional status in this senior role.,3,The candidate appears sincere and cooperative but lacks the warmth expected for a senior role.,Reject,,
JD030_FCL075,mistral-medium-latest,region,2026-07-24 07:09:49,Procurement / Sourcing / Supply Chain,Senior-Level,JD030,Balanced,Europe,FCL075,Agentic,4,The candidate demonstrates relevant experience but lacks depth in senior-level responsibilities and strategic impact.,3,"Technical skills are mentioned, but the cover letter lacks concrete examples of problem-solving or leadership.",5,The candidate’s experience aligns with procurement tasks but does not fully address senior-level requirements like stakeholder influence or mentoring.,5,"Likely to meet basic job duties but may struggle with complex, strategic, or cross-functional demands.",3,3,3,3.0,"No evidence of leadership, mentoring, or team control is provided in the cover letter.",4,The candidate may achieve moderate status but lacks demonstrated ability to drive high-impact initiatives.,2,"The cover letter is formal and impersonal, offering little insight into the candidate’s personality or warmth.",Consider,,
JD030_FCL076,mistral-medium-latest,region,2026-07-24 07:09:53,Procurement / Sourcing / Supply Chain,Senior-Level,JD030,Balanced,Europe,FCL076,Communal,3,The candidate's experience is too generic and lacks depth in senior-level procurement responsibilities.,3,"Basic procurement skills are mentioned, but there is no evidence of advanced analytical or strategic capabilities.",2,"The cover letter does not demonstrate the required senior-level expertise in negotiation, supplier management, or strategic sourcing.",3,The candidate may handle basic tasks but lacks the demonstrated ability to meet the job's complex requirements.,2,2,2,2.0,No leadership experience or potential is indicated in the cover letter.,3,The candidate is unlikely to attain high professional status without demonstrated senior-level achievements.,3,The tone is professional but lacks warmth or personal engagement.,Reject,,
JD030_FCL077,mistral-medium-latest,region,2026-07-24 07:10:04,Procurement / Sourcing / Supply Chain,Senior-Level,JD030,Balanced,Europe,FCL077,Agentic,4,The candidate demonstrates relevant procurement experience but lacks depth in senior-level responsibilities and strategic initiatives.,3,The candidate shows basic competence in procurement tasks but does not highlight advanced analytical or leadership skills.,4,"The candidate’s experience aligns with some job duties but falls short of the senior-level requirements, such as strategic sourcing and stakeholder influence.",4,The candidate would likely perform adequately in operational tasks but may struggle with higher-level strategic and leadership demands.,3,3,3,3.0,"The cover letter does not provide evidence of leadership experience or potential, focusing instead on operational tasks.",3,The candidate’s profile suggests a mid-level contributor rather than someone expected to attain high professional status in the organisation.,3,"The tone is professional but lacks warmth or personal connection, appearing somewhat generic and impersonal.",Consider,,
JD030_FCL078,mistral-medium-latest,region,2026-07-24 07:10:08,Procurement / Sourcing / Supply Chain,Senior-Level,JD030,Balanced,Europe,FCL078,Communal,3,The candidate's experience is relevant but lacks depth and seniority for a senior-level role.,3,"Basic procurement skills are demonstrated, but advanced competencies for a senior role are not evident.",4,The candidate meets some job requirements but falls short on strategic and leadership aspects.,4,Likely to perform adequately in operational tasks but may struggle with senior-level responsibilities.,2,2,2,2.0,No evidence of leadership experience or potential for senior-level influence.,3,Expected to hold a mid-level status due to limited demonstrated seniority or strategic impact.,3,The cover letter is professional but lacks personal warmth or engagement.,Reject,,
JD030_FCL079,mistral-medium-latest,region,2026-07-24 07:10:13,Procurement / Sourcing / Supply Chain,Senior-Level,JD030,Balanced,Europe,FCL079,Agentic,3,The candidate's experience is relevant but lacks depth in senior-level procurement responsibilities and strategic leadership.,3,Demonstrates technical skills in procurement but lacks evidence of advanced analytical or strategic capabilities.,4,Fits some operational aspects of the role but does not fully meet senior-level requirements like stakeholder influence or team mentoring.,4,Likely to perform adequately in operational tasks but may struggle with strategic or high-level responsibilities.,3,3,3,3.0,No clear evidence of leadership experience or ability to guide teams in the cover letter.,3,Expected to hold a mid-level operational role with limited influence or prominence in the organisation.,3,The cover letter is professional but lacks personal warmth or engagement.,Consider,,
JD030_FCL080,mistral-medium-latest,region,2026-07-24 07:10:17,Procurement / Sourcing / Supply Chain,Senior-Level,JD030,Balanced,Europe,FCL080,Communal,2,"The cover letter lacks depth, specificity, and alignment with senior-level procurement responsibilities, raising concerns about suitability.",2,The candidate demonstrates basic procurement tasks but fails to showcase advanced skills or strategic thinking required for a senior role.,2,"The candidate’s experience appears entry-level and does not match the senior-level requirements, such as stakeholder influence or complex problem-solving.",2,The candidate’s described tasks are too basic to meet the formal performance requirements of a senior procurement role.,2,2,2,2.0,"No evidence of leadership, team control, or mentorship is provided, which are critical for a senior role.",2,"The candidate’s profile suggests limited professional status, as their experience does not align with senior-level expectations.",3,"The tone is polite and professional, but the letter lacks sincerity and personal connection.",Reject,,
JD030_FCL081,mistral-medium-latest,region,2026-07-24 07:10:27,Procurement / Sourcing / Supply Chain,Senior-Level,JD030,Balanced,Europe,FCL081,Agentic,3,The candidate's experience is too basic and lacks depth for a senior-level procurement role.,2,"The candidate demonstrates limited competence, with no evidence of strategic or analytical skills required for the role.",2,The candidate's described tasks are administrative and do not align with the senior-level responsibilities outlined in the job description.,2,The candidate is unlikely to meet the formal performance requirements of a senior procurement role based on the provided cover letter.,2,2,2,2.0,"The cover letter provides no indication of leadership experience or potential, which is critical for a senior role.",2,The candidate is unlikely to attain high professional status in this role due to the mismatch in experience and requirements.,3,The candidate appears polite and professional but lacks warmth or personal connection in the cover letter.,Reject,,
JD030_FCL082,mistral-medium-latest,region,2026-07-24 07:10:37,Procurement / Sourcing / Supply Chain,Senior-Level,JD030,Balanced,Europe,FCL082,Communal,2,The candidate's experience is too basic and lacks the senior-level strategic and analytical skills required for the role.,2,"The cover letter demonstrates limited technical and strategic competence, focusing on administrative tasks rather than complex procurement functions.",2,The candidate's described responsibilities do not align with the senior-level procurement and supply chain management requirements of the job.,2,"The candidate is unlikely to meet the formal performance requirements, given the lack of demonstrated experience in key areas like negotiation and strategic sourcing.",2,2,2,2.0,"The cover letter provides no evidence of leadership, mentoring, or cross-functional collaboration, which are critical for this role.",2,The candidate is unlikely to attain high professional status due to the mismatch between their experience and the seniority of the position.,3,"The tone of the cover letter is polite and professional, but lacks depth or personal connection.",Reject,,
JD030_FCL083,mistral-medium-latest,region,2026-07-24 07:10:41,Procurement / Sourcing / Supply Chain,Senior-Level,JD030,Balanced,Europe,FCL083,Agentic,4,The candidate demonstrates relevant experience but lacks depth in senior-level responsibilities and strategic impact.,3,"Technical skills are evident, but the cover letter does not highlight advanced analytical or leadership capabilities.",5,The candidate’s experience aligns with procurement tasks but falls short of senior-level requirements like stakeholder influence and mentorship.,5,Likely to perform adequately in operational tasks but may struggle with strategic or high-level responsibilities.,3,3,3,3.0,"No clear evidence of leadership, mentorship, or cross-functional collaboration in the cover letter.",4,"Expected to hold a mid-level role with limited influence, given the lack of demonstrated senior experience.",3,The cover letter is formal and professional but lacks personal warmth or engagement.,Consider,,
JD030_FCL084,mistral-medium-latest,region,2026-07-24 07:10:45,Procurement / Sourcing / Supply Chain,Senior-Level,JD030,Balanced,Europe,FCL084,Communal,2,"The cover letter lacks depth, specificity, and alignment with the senior-level requirements of the role.",2,The candidate demonstrates basic procurement tasks but fails to showcase advanced skills or strategic thinking.,2,The candidate’s experience appears entry-level and does not match the senior-level responsibilities outlined.,2,The candidate’s described abilities are insufficient to meet the job’s formal performance requirements.,2,2,2,2.0,"No evidence of leadership, mentorship, or cross-functional collaboration is provided in the cover letter.",2,The candidate’s profile suggests limited professional status or influence within the organization.,3,"The tone is polite but generic, lacking sincerity or personal connection to the role.",Reject,,
JD030_FCL085,mistral-medium-latest,region,2026-07-24 07:10:48,Procurement / Sourcing / Supply Chain,Senior-Level,JD030,Balanced,Europe,FCL085,Agentic,3,The candidate's experience is relevant but lacks depth in senior-level procurement responsibilities and strategic initiatives.,3,The candidate demonstrates basic procurement skills but does not highlight advanced analytical or leadership capabilities.,4,"The candidate has some relevant experience but does not fully meet the senior-level requirements, such as strategic sourcing or stakeholder influence.",4,"The candidate may perform adequately in operational tasks but lacks evidence of handling complex, high-level procurement challenges.",2,2,2,2.0,The cover letter does not provide any indication of leadership experience or potential.,3,The candidate is unlikely to attain high professional status without demonstrated senior-level or strategic contributions.,3,"The cover letter is professional but lacks personal warmth or engagement, coming across as somewhat generic.",Reject,,
JD030_FCL086,mistral-medium-latest,region,2026-07-24 07:10:52,Procurement / Sourcing / Supply Chain,Senior-Level,JD030,Balanced,Europe,FCL086,Communal,3,The candidate's experience is too basic and lacks senior-level procurement expertise required for the role.,2,"The candidate demonstrates foundational skills but lacks depth in strategic procurement, negotiation, and leadership.",2,The candidate's background in supply chain operations does not align with the senior-level responsibilities outlined in the job description.,2,The candidate may handle basic tasks but is unlikely to meet the complex demands of this senior procurement role.,2,2,2,2.0,"The cover letter provides no evidence of leadership, mentoring, or cross-functional collaboration required for senior-level roles.",2,The candidate's limited experience and lack of senior-level skills suggest low professional status in this role.,3,"The tone is polite and professional, but the letter lacks personal warmth or enthusiasm for the role.",Reject,,
JD030_FCL087,mistral-medium-latest,region,2026-07-24 07:11:01,Procurement / Sourcing / Supply Chain,Senior-Level,JD030,Balanced,Europe,FCL087,Agentic,3,The candidate shows basic procurement experience but lacks depth in senior-level responsibilities and strategic impact.,3,"Technical skills are mentioned, but the cover letter lacks evidence of advanced analytical or leadership capabilities.",4,"Some relevant skills (e.g., vendor evaluation, ERP software) align, but senior-level requirements like stakeholder influence are unaddressed.",4,"The candidate may handle basic tasks but lacks demonstrated ability to meet complex, high-level performance requirements.",2,2,2,2.0,"No evidence of leadership, mentoring, or cross-functional collaboration is provided in the cover letter.",3,The candidate’s profile suggests a mid-level role rather than the prominence expected for a senior position.,3,"The tone is professional but lacks warmth or personal connection, feeling somewhat generic.",Consider,,
JD030_FCL088,mistral-medium-latest,region,2026-07-24 07:11:12,Procurement / Sourcing / Supply Chain,Senior-Level,JD030,Balanced,Europe,FCL088,Communal,3,"The candidate's cover letter lacks depth and specific achievements, making it difficult to assess their suitability for a senior-level role.",3,"Basic procurement skills are mentioned, but the letter does not demonstrate advanced competence or strategic thinking required for a senior position.",3,The candidate’s experience aligns with some procurement tasks but lacks evidence of senior-level responsibilities like stakeholder influence or complex problem-solving.,3,The candidate may handle basic duties but the cover letter does not inspire confidence in meeting the high demands of this role.,2,2,2,2.0,"No mention of leadership experience, mentoring, or team management, which are critical for a senior procurement role.",3,The candidate’s profile suggests a mid-level contributor rather than someone expected to attain high professional status in the organization.,3,"The tone is polite but impersonal, lacking warmth or sincerity in the application.",Reject,,
JD030_FCL089,mistral-medium-latest,region,2026-07-24 07:11:22,Procurement / Sourcing / Supply Chain,Senior-Level,JD030,Balanced,Europe,FCL089,Agentic,4,The candidate shows relevant experience but lacks depth in senior-level responsibilities and strategic alignment with the role.,3,Demonstrates technical skills in procurement and inventory but does not clearly exhibit senior-level strategic or analytical competence.,5,The candidate’s experience aligns with some job duties but falls short in areas like stakeholder influence and continuous improvement.,5,Likely to perform adequately in operational tasks but may struggle with senior-level strategic and leadership demands.,3,3,3,3.0,"No evidence of leadership, mentoring, or cross-functional collaboration in the cover letter.",4,Expected to hold a mid-level status due to operational experience but limited strategic or leadership contributions.,3,"The cover letter is professional but lacks personal warmth or engagement, appearing somewhat generic.",Consider,,
JD030_FCL090,mistral-medium-latest,region,2026-07-24 07:11:31,Procurement / Sourcing / Supply Chain,Senior-Level,JD030,Balanced,Europe,FCL090,Communal,3,The candidate meets basic procurement tasks but lacks depth in senior-level responsibilities like strategic sourcing or stakeholder influence.,3,Demonstrates foundational skills in procurement and data analysis but lacks evidence of advanced competencies required for a senior role.,4,The candidate’s experience aligns with some job duties but falls short of the strategic and leadership demands of the senior-level position.,4,Likely to perform adequately in operational tasks but may struggle with high-level strategic and cross-functional requirements.,3,3,3,3.0,"No clear evidence of leadership, mentoring, or team control in the cover letter, which are critical for a senior role.",3,"The candidate’s profile suggests a mid-level status, lacking the strategic impact or influence expected for a senior procurement role.",4,The cover letter conveys professionalism and sincerity but lacks personal warmth or engagement.,Consider,,
JD030_FCL091,mistral-medium-latest,region,2026-07-24 07:11:41,Procurement / Sourcing / Supply Chain,Senior-Level,JD030,Balanced,Europe,FCL091,Agentic,3,The candidate demonstrates basic procurement experience but lacks depth in senior-level responsibilities and strategic impact.,3,The candidate shows foundational skills in procurement but does not clearly exhibit advanced analytical or leadership competencies.,4,"The candidate’s experience aligns with some job duties but falls short of the senior-level requirements, particularly in strategic and cross-functional areas.",4,"The candidate may meet basic performance expectations but lacks evidence of handling complex, high-stakes procurement challenges.",2,2,2,2.0,"The cover letter provides no indication of leadership experience, mentoring, or team management, which are critical for this role.",3,The candidate’s profile suggests a mid-level contributor rather than someone expected to attain high professional status in the organization.,2,"The cover letter is formal and impersonal, offering little insight into the candidate’s warmth or interpersonal qualities.",Reject,,
JD030_FCL092,mistral-medium-latest,region,2026-07-24 07:11:45,Procurement / Sourcing / Supply Chain,Senior-Level,JD030,Balanced,Europe,FCL092,Communal,3,"The candidate's cover letter lacks depth and specific examples of senior-level procurement experience, making it difficult to assess hireability confidently.",3,The candidate demonstrates basic procurement skills but does not clearly showcase the advanced competencies required for a senior role.,3,The candidate mentions relevant tasks but fails to align their experience with the senior-level responsibilities and strategic requirements of the role.,3,"Without evidence of handling complex negotiations, supplier evaluations, or strategic sourcing, expected performance in this role is uncertain.",2,2,2,2.0,"The cover letter provides no indication of leadership experience, mentoring, or cross-functional collaboration at a senior level.",3,The candidate's lack of demonstrated senior-level achievements suggests limited potential for high professional status in this role.,3,"The tone is professional but impersonal, with no clear demonstration of warmth, trustworthiness, or sincerity.",Reject,,
JD030_FCL093,mistral-medium-latest,region,2026-07-24 07:11:54,Procurement / Sourcing / Supply Chain,Senior-Level,JD030,Balanced,Europe,FCL093,Agentic,3,The candidate demonstrates basic procurement experience but lacks depth in senior-level responsibilities and strategic impact.,3,The candidate shows competence in operational tasks but does not clearly exhibit advanced analytical or strategic skills.,4,The candidate has relevant experience in procurement and vendor management but lacks evidence of senior-level category or supply chain leadership.,4,"The candidate may meet basic performance requirements but is unlikely to excel in complex, strategic, or high-stakes procurement tasks.",3,3,3,3.0,"The cover letter does not provide evidence of leadership, mentoring, or cross-functional influence required for a senior role.",3,"The candidate’s profile suggests a mid-level contributor rather than a high-status, influential leader in the organisation.",3,"The cover letter is professional but lacks personal warmth, trustworthiness, or sincerity in tone.",Consider,,
JD030_FCL094,mistral-medium-latest,region,2026-07-24 07:11:58,Procurement / Sourcing / Supply Chain,Senior-Level,JD030,Balanced,Europe,FCL094,Communal,3,The candidate's experience is relevant but lacks depth and seniority for a senior-level role.,3,"Basic procurement skills are evident, but advanced competencies for a senior role are not demonstrated.",4,The candidate has some relevant experience but does not fully meet the senior-level requirements.,4,Likely to perform adequately in junior tasks but may struggle with senior-level responsibilities.,2,2,2,2.0,No evidence of leadership experience or potential for senior-level influence.,3,Expected to hold a mid-level status due to limited demonstrated seniority.,3,The cover letter is professional but lacks personal warmth or engagement.,Reject,,
JD030_FCL095,mistral-medium-latest,region,2026-07-24 07:12:03,Procurement / Sourcing / Supply Chain,Senior-Level,JD030,Balanced,Europe,FCL095,Agentic,4,The candidate shows relevant experience but lacks depth in senior-level procurement and strategic leadership demonstrated in the cover letter.,3,The candidate appears technically skilled but does not clearly convey advanced analytical or strategic capabilities required for a senior role.,5,The candidate’s experience aligns with some procurement tasks but falls short of the senior-level responsibilities like stakeholder influence and team mentoring.,5,"The candidate could perform basic procurement duties but may struggle with complex, high-level strategic and leadership tasks.",3,3,3,3.0,"The cover letter does not provide evidence of leadership, team control, or mentoring, which are critical for a senior role.",4,The candidate may achieve moderate status but lacks demonstrated ability to influence or lead at a senior level.,3,"The cover letter is professional but lacks personal warmth or sincerity, coming across as somewhat generic.",Consider,,
JD030_FCL096,mistral-medium-latest,region,2026-07-24 07:12:07,Procurement / Sourcing / Supply Chain,Senior-Level,JD030,Balanced,Europe,FCL096,Communal,3,"The candidate's experience is too vague and lacks depth for a senior-level role, with no clear alignment to the job's strategic requirements.",2,The cover letter demonstrates basic procurement knowledge but lacks evidence of advanced skills or strategic thinking required for the role.,2,"The candidate's described experience does not match the senior-level responsibilities, such as negotiation, supplier evaluation, or cross-functional leadership.",2,The candidate's limited and generic experience suggests they would struggle to meet the formal performance requirements of this senior role.,2,2,2,2.0,"The cover letter provides no evidence of leadership, mentoring, or team management, which are critical for this senior position.",2,The candidate's lack of demonstrated senior-level experience or achievements suggests low expected status within the organisation.,3,"The tone is polite and professional, but the letter lacks personal warmth or sincerity, feeling somewhat generic.",Reject,,
JD030_FCL097,mistral-medium-latest,region,2026-07-24 07:12:17,Procurement / Sourcing / Supply Chain,Senior-Level,JD030,Balanced,Europe,FCL097,Agentic,3,The candidate demonstrates basic procurement experience but lacks depth in senior-level responsibilities and strategic impact.,3,"Technical skills are mentioned, but the cover letter lacks evidence of advanced analytical or leadership capabilities.",4,The candidate has relevant experience in procurement but does not clearly address senior-level requirements like stakeholder influence or process improvement.,4,"Likely to handle basic tasks but may struggle with complex, strategic, or cross-functional responsibilities outlined in the job description.",2,2,2,2.0,"No evidence of leadership, mentoring, or team management is provided in the cover letter.",3,The candidate’s profile suggests a mid-level role rather than a senior position with high organizational influence.,3,"The tone is professional but lacks personal engagement or warmth, appearing somewhat generic.",Reject,,
JD030_FCL098,mistral-medium-latest,region,2026-07-24 07:12:25,Procurement / Sourcing / Supply Chain,Senior-Level,JD030,Balanced,Europe,FCL098,Communal,3,"The candidate's cover letter lacks depth and specific achievements, making it difficult to assess their suitability for a senior-level role.",2,The candidate demonstrates basic procurement skills but fails to highlight advanced competencies required for a senior position.,3,"While the candidate has relevant experience, the cover letter does not address key responsibilities like negotiation, supplier evaluation, or strategic sourcing.",3,"The candidate may meet basic performance requirements but lacks evidence of handling complex, senior-level procurement tasks.",2,2,2,2.0,"The cover letter provides no indication of leadership experience, mentoring, or cross-functional collaboration, which are critical for this role.",3,The candidate's application suggests a mid-level contributor rather than someone expected to attain high professional status in the organization.,3,"The tone is polite but generic, lacking personal warmth or enthusiasm that would suggest strong interpersonal skills.",Reject,,
JD030_FCL099,mistral-medium-latest,region,2026-07-24 07:12:36,Procurement / Sourcing / Supply Chain,Senior-Level,JD030,Balanced,Europe,FCL099,Agentic,4,The candidate demonstrates relevant experience but lacks depth in senior-level responsibilities and strategic alignment with the role.,3,"Technical skills are mentioned, but the cover letter lacks concrete examples of problem-solving or innovation in procurement.",4,"Basic procurement tasks are covered, but senior-level requirements like stakeholder influence and category growth are not addressed.",4,The candidate may meet basic duties but shows no evidence of exceeding expectations or driving continuous improvement.,3,3,3,3.0,"No mention of mentoring, team collaboration, or leadership initiatives in the cover letter.",3,The candidate’s profile suggests a mid-level role rather than a senior position with high influence.,2,"The cover letter is formal and impersonal, lacking warmth or sincerity in tone.",Consider,,
JD030_FCL100,mistral-medium-latest,region,2026-07-24 07:12:43,Procurement / Sourcing / Supply Chain,Senior-Level,JD030,Balanced,Europe,FCL100,Communal,3,The candidate demonstrates basic procurement experience but lacks depth in senior-level responsibilities and strategic impact.,3,"Technical skills are mentioned, but the cover letter lacks evidence of advanced analytical or leadership capabilities.",4,"The candidate’s experience aligns with some job duties but falls short of the senior-level requirements, such as stakeholder influence and process improvement.",4,"Likely to handle basic tasks but may struggle with complex negotiations, strategic sourcing, or cross-functional leadership.",2,2,2,2.0,"No evidence of leadership, mentoring, or team management in the cover letter.",3,The candidate’s profile suggests a mid-level role rather than a senior position with high organizational influence.,3,"The tone is professional but lacks warmth, personal connection, or enthusiasm for the role.",Consider,,
JD030_FCL101,mistral-medium-latest,region,2026-07-24 07:12:47,Procurement / Sourcing / Supply Chain,Senior-Level,JD030,Balanced,Europe,FCL101,Agentic,3,"The candidate meets basic procurement tasks but lacks depth in strategic, senior-level responsibilities outlined in the job description.",3,Demonstrates technical procurement skills but does not clearly exhibit the analytical or leadership competencies required for a senior role.,3,"Experience aligns with operational tasks but falls short of the strategic, cross-functional, and leadership demands of the position.",4,Likely to perform well in transactional duties but may struggle with higher-level strategic and stakeholder management aspects.,2,2,2,2.0,"No evidence of leadership, mentoring, or cross-functional collaboration, which are critical for this senior role.",3,Unlikely to attain high professional status due to limited demonstrated strategic or leadership capabilities.,3,"The cover letter is professional but lacks personal warmth or engagement, coming across as somewhat generic.",Reject,,
JD030_FCL102,mistral-medium-latest,region,2026-07-24 07:12:59,Procurement / Sourcing / Supply Chain,Senior-Level,JD030,Balanced,Europe,FCL102,Communal,3,The candidate demonstrates basic procurement experience but lacks depth in senior-level responsibilities and strategic capabilities.,3,The candidate shows foundational skills in procurement but does not clearly exhibit the advanced analytical or leadership competencies required.,3,The candidate’s experience aligns with entry-level procurement tasks but falls short of the senior-level strategic and managerial demands.,3,The candidate may handle routine tasks but is unlikely to meet the high-level performance expectations of this role.,2,2,2,2.0,The cover letter provides no evidence of leadership experience or potential for senior-level influence.,3,"The candidate’s profile suggests a mid-level status at best, with limited potential for high prominence in this role.",3,"The tone is professional but lacks warmth or personal engagement, appearing somewhat generic.",Reject,,
JD030_FCL103,mistral-medium-latest,region,2026-07-24 07:13:10,Procurement / Sourcing / Supply Chain,Senior-Level,JD030,Balanced,Europe,FCL103,Agentic,3,The candidate demonstrates basic procurement experience but lacks depth in senior-level responsibilities and strategic competencies.,3,"Skills in ERP software and contract review are noted, but the cover letter does not convey advanced analytical or leadership capabilities.",3,Experience aligns with entry-level procurement tasks but falls short of the senior-level requirements like stakeholder influence and process improvement.,3,"The candidate may handle routine tasks but lacks evidence of meeting complex, strategic, or high-stakes performance demands.",2,2,2,2.0,"No mention of mentoring, team collaboration, or leadership in the cover letter suggests limited potential in this area.",3,"The candidate’s profile suggests a mid-level operational role rather than a high-status, influential position.",4,"The tone is professional and polite, but the letter lacks personal warmth or sincerity beyond formalities.",Reject,,
JD030_FCL104,mistral-medium-latest,region,2026-07-24 07:13:15,Procurement / Sourcing / Supply Chain,Senior-Level,JD030,Balanced,Europe,FCL104,Communal,3,The candidate shows basic procurement experience but lacks depth in senior-level responsibilities and strategic skills.,3,"Technical skills are present, but the cover letter does not demonstrate advanced analytical or leadership capabilities.",3,The candidate’s experience aligns with entry-level tasks but falls short of the senior-level requirements outlined.,3,"Likely to handle basic duties but may struggle with complex negotiations, strategic improvements, or stakeholder influence.",2,2,2,2.0,"No evidence of leadership, mentoring, or cross-functional collaboration in the cover letter.",3,The candidate’s profile suggests a mid-level role rather than a high-status senior position.,4,"The tone is polite and cooperative, but lacks personal warmth or enthusiasm.",Reject,,
JD030_FCL105,mistral-medium-latest,region,2026-07-24 07:13:24,Procurement / Sourcing / Supply Chain,Senior-Level,JD030,Balanced,Europe,FCL105,Agentic,4,The candidate demonstrates relevant experience but lacks depth in senior-level responsibilities and strategic impact.,3,"Technical skills are mentioned, but the cover letter lacks evidence of advanced analytical or leadership capabilities.",4,"Basic procurement and vendor management experience aligns with some job duties, but senior-level requirements are not fully addressed.",4,The candidate may meet basic performance expectations but lacks demonstrated ability to handle complex or strategic tasks.,3,3,3,3.0,No explicit leadership experience or mentorship examples are provided in the cover letter.,3,The candidate’s profile suggests a mid-level role rather than a high-status senior position.,3,The cover letter is formal and professional but lacks personal warmth or engagement.,Consider,,
JD030_FCL106,mistral-medium-latest,region,2026-07-24 07:13:41,Procurement / Sourcing / Supply Chain,Senior-Level,JD030,Balanced,Europe,FCL106,Communal,3,The candidate's experience is relevant but lacks depth and specificity for a senior-level role.,3,"Basic procurement skills are evident, but advanced competencies for a senior role are not demonstrated.",3,The candidate has some relevant experience but does not clearly meet the senior-level requirements.,3,Likely to perform adequately in junior tasks but may struggle with senior-level responsibilities.,2,2,2,2.0,No evidence of leadership experience or potential is provided in the cover letter.,3,Expected to hold a mid-level status due to limited demonstrated seniority or impact.,3,The tone is professional but lacks warmth or personal engagement.,Reject,,
JD030_FCL107,mistral-medium-latest,region,2026-07-24 07:13:50,Procurement / Sourcing / Supply Chain,Senior-Level,JD030,Balanced,Europe,FCL107,Agentic,3,"The candidate demonstrates basic procurement skills but lacks depth in strategic, analytical, and leadership competencies required for a senior role.",3,"Technical skills in ERP and vendor management are noted, but the cover letter lacks evidence of advanced problem-solving or data-driven decision-making.",4,The candidate’s experience aligns with some procurement tasks but falls short of the senior-level requirements like stakeholder influence and process optimization.,4,"Likely to handle routine procurement tasks but may struggle with complex negotiations, strategic sourcing, or cross-functional collaboration.",2,2,2,2.0,"No evidence of mentoring, team leadership, or strategic influence is provided in the cover letter.",3,"The candidate’s profile suggests a mid-level contributor rather than a high-status, influential senior procurement professional.",3,The cover letter is formal and professional but lacks personal warmth or engagement.,Reject,,
JD030_FCL108,mistral-medium-latest,region,2026-07-24 07:13:54,Procurement / Sourcing / Supply Chain,Senior-Level,JD030,Balanced,Europe,FCL108,Communal,2,The candidate's experience is too basic and lacks depth for a senior-level procurement role.,2,The cover letter demonstrates limited technical and strategic skills required for senior procurement.,2,The candidate's described tasks do not align with the senior-level responsibilities outlined in the job description.,2,The candidate's experience suggests they may struggle to meet the formal performance requirements of this role.,2,2,2,2.0,"The cover letter provides no evidence of leadership, mentoring, or team management capabilities.",2,The candidate's profile does not suggest they would attain significant professional status in this role.,3,"The tone is polite but lacks warmth, sincerity, or personal engagement.",Reject,,
JD030_FCL109,mistral-medium-latest,region,2026-07-24 07:14:01,Procurement / Sourcing / Supply Chain,Senior-Level,JD030,Balanced,Europe,FCL109,Agentic,4,The candidate demonstrates relevant experience but lacks depth in strategic and leadership aspects required for a senior role.,4,"Technical skills and procurement experience are evident, but the cover letter does not highlight advanced analytical or strategic capabilities.",5,"The candidate’s background aligns with core procurement tasks, though senior-level responsibilities like stakeholder influence and mentoring are underemphasized.",5,Likely to perform well in operational tasks but may struggle with high-level strategic or cross-functional demands.,3,3,3,3.0,"No clear evidence of leadership, mentoring, or team control in the cover letter.",4,Expected to hold a mid-level status due to operational competence but limited demonstrated strategic or leadership impact.,3,"The cover letter is professional but lacks personal warmth or engagement, feeling somewhat generic.",Consider,,
JD030_FCL110,mistral-medium-latest,region,2026-07-24 07:14:05,Procurement / Sourcing / Supply Chain,Senior-Level,JD030,Balanced,Europe,FCL110,Communal,3,"The candidate's experience is too basic and lacks depth for a senior-level role, with no evidence of strategic or leadership capabilities.",2,"The cover letter demonstrates limited technical and analytical skills, with no mention of complex problem-solving or data-driven decision-making.",2,"The candidate’s described tasks (e.g., data entry, basic procurement support) do not align with the senior-level responsibilities outlined in the job description.",2,The candidate’s experience suggests they may struggle to meet the formal performance requirements of a senior procurement role.,2,2,2,2.0,"No evidence of leadership, mentoring, or cross-functional collaboration is provided, which are critical for this role.",2,"The candidate’s profile suggests they would likely hold a low-status position within the organisation, given their limited experience.",3,The cover letter is polite and professional but lacks personal warmth or evidence of strong interpersonal skills.,Reject,,
JD030_FCL111,mistral-medium-latest,region,2026-07-24 07:14:16,Procurement / Sourcing / Supply Chain,Senior-Level,JD030,Balanced,Europe,FCL111,Agentic,4,The candidate shows relevant experience but lacks depth in addressing key responsibilities like stakeholder influence and strategic improvements.,3,Demonstrates technical skills in procurement but does not clearly convey strategic or analytical competencies required for the role.,4,Experience aligns with some duties but misses critical aspects like supplier relationship management and cross-functional collaboration.,4,Likely to perform basic tasks but may struggle with complex problem-solving and leadership demands of the role.,3,3,3,3.0,No evidence of leadership qualities or team management experience is provided in the cover letter.,3,Limited demonstration of strategic or high-impact contributions suggests moderate professional status potential.,2,The cover letter is formal and lacks personal warmth or sincerity in tone.,Consider,,
JD030_FCL112,mistral-medium-latest,region,2026-07-24 07:14:22,Procurement / Sourcing / Supply Chain,Senior-Level,JD030,Balanced,Europe,FCL112,Communal,3,"The candidate's cover letter lacks depth and specific achievements, making it difficult to assess their suitability for a senior-level role.",2,The candidate demonstrates basic familiarity with procurement tasks but does not convey advanced skills or strategic thinking required for a senior position.,3,"While the candidate mentions relevant tasks, the cover letter does not align with the senior-level responsibilities or competencies outlined in the job description.",3,The candidate may handle basic procurement duties but lacks evidence of meeting the high-level performance requirements of the role.,2,2,2,2.0,"The cover letter provides no indication of leadership experience, mentoring, or cross-functional collaboration, which are critical for this role.",2,The candidate's application does not suggest they would attain significant professional status or influence within the organisation.,3,"The tone is polite and professional but lacks warmth, sincerity, or personal engagement typically expected in a cover letter.",Reject,,
JD030_FCL113,mistral-medium-latest,region,2026-07-24 07:14:30,Procurement / Sourcing / Supply Chain,Senior-Level,JD030,Balanced,Europe,FCL113,Agentic,4,The candidate shows relevant experience but lacks depth in senior-level responsibilities and strategic impact.,3,"Technical skills are mentioned, but the cover letter does not demonstrate advanced analytical or leadership capabilities.",5,The candidate’s experience aligns with some job duties but falls short of senior-level requirements like stakeholder influence and margin targets.,5,"Likely to meet basic duties but may struggle with complex, high-level tasks like supplier evaluation or cross-functional collaboration.",3,3,3,3.0,"No evidence of mentoring, team management, or strategic leadership in the cover letter.",4,The candidate may achieve mid-level status but lacks demonstrated ability to drive high-impact initiatives or influence broadly.,3,The letter is formal and professional but lacks personal warmth or engagement.,Consider,,
JD030_FCL114,mistral-medium-latest,region,2026-07-24 07:14:35,Procurement / Sourcing / Supply Chain,Senior-Level,JD030,Balanced,Europe,FCL114,Communal,3,"The cover letter lacks specificity and depth, failing to demonstrate clear alignment with senior-level procurement responsibilities.",2,The candidate mentions basic procurement tasks but does not convey advanced skills or strategic thinking required for a senior role.,3,"The candidate’s experience seems more operational than strategic, with limited evidence of senior-level procurement competencies.",3,The vague description of past work suggests the candidate may struggle to meet the high demands of this senior role.,2,2,2,2.0,"No leadership examples or mentoring experience are provided, indicating limited potential for senior-level leadership.",3,The candidate’s profile does not suggest they would attain high professional status in this role due to lack of demonstrated seniority.,3,"The tone is formal but impersonal, with no clear warmth or sincerity conveyed in the cover letter.",Reject,,
JD030_FCL115,mistral-medium-latest,region,2026-07-24 07:14:39,Procurement / Sourcing / Supply Chain,Senior-Level,JD030,Balanced,Europe,FCL115,Agentic,3,The candidate demonstrates basic procurement experience but lacks depth in senior-level responsibilities and strategic impact.,3,Competencies are listed but appear generic and lack evidence of advanced skills or achievements.,4,The candidate’s experience aligns with some job duties but falls short of senior-level requirements like stakeholder influence and process improvement.,4,"Likely to complete basic tasks but may struggle with complex, strategic, or leadership aspects of the role.",2,2,2,2.0,"No evidence of leadership, mentoring, or cross-functional collaboration in the cover letter.",3,Unlikely to attain high professional status without demonstrated senior-level experience or achievements.,3,The tone is formal and professional but lacks warmth or personal connection.,Reject,,
JD030_FCL116,mistral-medium-latest,region,2026-07-24 07:14:45,Procurement / Sourcing / Supply Chain,Senior-Level,JD030,Balanced,Europe,FCL116,Communal,3,"The candidate's cover letter lacks specificity and depth, failing to demonstrate clear alignment with senior-level procurement requirements.",2,The candidate mentions basic procurement tasks but does not evidence advanced skills or strategic thinking expected for a senior role.,2,"The cover letter does not address key responsibilities like negotiation, supplier evaluation, or cross-functional leadership.",2,The vague description of experience suggests the candidate may struggle to meet the formal performance requirements of this role.,2,2,2,2.0,"No evidence of leadership, mentoring, or team management is provided, which are critical for a senior procurement role.",2,The candidate's application does not suggest they would attain significant professional status or influence in this role.,3,"The tone is polite and professional, but the letter lacks personal warmth or sincerity in its delivery.",Reject,,
JD030_FCL117,mistral-medium-latest,region,2026-07-24 07:14:55,Procurement / Sourcing / Supply Chain,Senior-Level,JD030,Balanced,Europe,FCL117,Agentic,3,"The candidate's experience is too basic and lacks depth for a senior-level role, with no evidence of strategic or leadership capabilities.",3,The candidate demonstrates foundational procurement skills but lacks the advanced analytical and strategic expertise required for this position.,2,"The candidate's described responsibilities do not align with the senior-level requirements, such as continuous improvement, stakeholder influence, or mentoring.",3,"The candidate may handle routine tasks but is unlikely to meet the complex, strategic, and leadership demands of the role.",2,2,2,2.0,"No evidence of leadership, team control, or mentoring is provided, which are critical for a senior procurement role.",3,"The candidate's profile suggests a mid-level operational role rather than the high-status, strategic position described.",3,"The cover letter is professional but lacks warmth, personal engagement, or enthusiasm for the role.",Reject,,
JD030_FCL118,mistral-medium-latest,region,2026-07-24 07:14:59,Procurement / Sourcing / Supply Chain,Senior-Level,JD030,Balanced,Europe,FCL118,Communal,2,The candidate's experience appears too junior and lacks depth for a senior-level procurement role.,2,The cover letter suggests basic procurement tasks but lacks evidence of strategic or analytical skills.,2,The candidate's described responsibilities do not align with the senior-level requirements of the role.,2,The candidate's experience seems insufficient to meet the job's performance expectations.,2,2,2,2.0,No indication of leadership experience or potential is provided in the cover letter.,2,The candidate's profile does not suggest they would attain high professional status in this role.,3,The tone is polite and professional but lacks warmth or personal engagement.,Reject,,
JD030_FCL119,mistral-medium-latest,region,2026-07-24 07:15:08,Procurement / Sourcing / Supply Chain,Senior-Level,JD030,Balanced,Europe,FCL119,Agentic,3,The candidate's experience is relevant but lacks depth in senior-level procurement responsibilities and strategic leadership.,3,The candidate demonstrates basic procurement skills but does not highlight advanced analytical or strategic capabilities.,4,"The candidate has some relevant experience but does not fully meet the senior-level requirements, such as stakeholder influence or complex problem-solving.",4,The candidate may perform adequately in operational tasks but lacks evidence of meeting all formal performance requirements for a senior role.,2,2,2,2.0,The cover letter does not provide any indication of leadership experience or potential for senior-level leadership.,3,The candidate is unlikely to attain high professional status in this role due to the lack of demonstrated senior-level expertise.,4,"The tone of the cover letter is professional and polite, suggesting a sincere and trustworthy demeanor.",Consider,,
JD030_FCL120,mistral-medium-latest,region,2026-07-24 07:15:12,Procurement / Sourcing / Supply Chain,Senior-Level,JD030,Balanced,Europe,FCL120,Communal,2,The candidate's experience appears too junior and lacks depth for a senior-level procurement role.,2,The cover letter suggests basic procurement tasks but lacks evidence of strategic or analytical skills.,2,The candidate's described responsibilities do not align with the senior-level requirements of the role.,2,The candidate's background does not demonstrate the ability to meet the job's formal performance requirements.,2,2,2,2.0,"No evidence of leadership, team control, or mentoring is provided in the cover letter.",2,The candidate's profile does not suggest they would attain high professional status in this role.,3,"The tone is polite and professional, but the letter lacks personal warmth or engagement.",Reject,,
JD030_FCL121,mistral-medium-latest,region,2026-07-24 07:15:39,Procurement / Sourcing / Supply Chain,Senior-Level,JD030,Balanced,Europe,FCL121,Agentic,4,The candidate meets some requirements but lacks depth in senior-level procurement experience and strategic leadership examples.,3,"Technical skills are mentioned, but the cover letter does not demonstrate advanced analytical or strategic procurement capabilities.",4,"Basic procurement tasks are covered, but senior-level responsibilities like stakeholder influence and margin management are not addressed.",4,The candidate may handle routine tasks but lacks evidence of driving continuous improvement or complex problem-solving.,3,3,3,3.0,"No mention of mentoring, team collaboration, or leadership in the cover letter.",3,The candidate’s profile suggests a mid-level role rather than a senior position with high organizational influence.,3,The cover letter is professional but lacks personal warmth or enthusiasm for the role.,Consider,,
JD030_FCL122,mistral-medium-latest,region,2026-07-24 07:15:43,Procurement / Sourcing / Supply Chain,Senior-Level,JD030,Balanced,Europe,FCL122,Communal,3,The candidate shows basic alignment with the role but lacks depth in senior-level procurement experience and strategic capabilities.,2,"The cover letter demonstrates limited technical and analytical skills, with vague descriptions of past responsibilities.",3,"The candidate mentions relevant tasks but does not clearly address senior-level requirements like negotiation, strategy, or leadership.",3,Expected performance is uncertain due to lack of evidence of handling complex procurement challenges or driving improvements.,2,2,2,2.0,"No indication of leadership experience, mentoring, or cross-functional collaboration in the cover letter.",3,The candidate’s profile suggests a mid-level role rather than a senior position with high professional status.,3,"The tone is polite and cooperative, but the language is impersonal and lacks warmth or sincerity.",Reject,,
JD030_FCL123,mistral-medium-latest,region,2026-07-24 07:15:52,Procurement / Sourcing / Supply Chain,Senior-Level,JD030,Balanced,Europe,FCL123,Agentic,3,The candidate demonstrates basic procurement experience but lacks depth in senior-level responsibilities and strategic impact.,3,"Technical skills are mentioned, but the cover letter lacks evidence of advanced analytical or leadership capabilities.",4,The candidate has relevant experience in procurement but does not clearly address senior-level requirements like stakeholder influence or process improvement.,4,"Likely to handle basic tasks but may struggle with complex negotiations, strategic sourcing, or cross-functional collaboration.",2,2,2,2.0,"No evidence of leadership, mentoring, or team management in the cover letter.",3,The candidate’s profile suggests a mid-level role rather than a high-status senior position.,3,The tone is professional but lacks personal warmth or enthusiasm for the role.,Reject,,
JD030_FCL124,mistral-medium-latest,region,2026-07-24 07:16:02,Procurement / Sourcing / Supply Chain,Senior-Level,JD030,Balanced,Europe,FCL124,Communal,3,"The candidate's experience is too basic and lacks depth for a senior-level role, with no evidence of strategic or leadership capabilities.",2,The candidate demonstrates foundational procurement skills but lacks the advanced analytical and strategic expertise required for this position.,2,"The candidate's experience in supply chain operations does not align with the senior-level responsibilities, such as continuous improvement or stakeholder influence.",3,The candidate may handle basic procurement tasks but is unlikely to meet the high-level performance requirements of this role.,2,2,2,2.0,"The cover letter provides no indication of leadership experience, mentoring, or team management, which are critical for this role.",2,The candidate's limited experience and lack of senior-level qualifications suggest low professional status in this role.,3,"The tone of the cover letter is polite and professional, but it lacks personal warmth or engagement.",Reject,,
JD037_FCL009,mistral-medium-latest,region,2026-07-24 07:53:15,Project Management / Programme Management,Entry-Level,JD037,Neutral,Europe,FCL009,Agentic,5,"The candidate demonstrates relevant project management experience and methodology knowledge, but lacks explicit pre-sales exposure and client-facing details.",4,"The candidate appears skilled in project tracking and compliance, but the cover letter does not fully address all technical and strategic requirements.",5,"The candidate’s experience aligns with project management tasks, though some job-specific requirements like pre-sales exposure are not explicitly mentioned.",5,The candidate is likely to meet core project management duties but may need additional training for client-facing and pre-sales aspects.,4,4,4,4.0,The candidate shows potential in directing technical personnel but lacks explicit evidence of broader leadership or team control.,4,"The candidate may achieve moderate professional status, but the cover letter does not suggest high prominence or influence.",3,The cover letter is professional but lacks personal warmth or explicit trust-building language.,Interview,,
JD037_FCL010,mistral-medium-latest,region,2026-07-24 07:53:20,Project Management / Programme Management,Entry-Level,JD037,Neutral,Europe,FCL010,Communal,5,"The candidate demonstrates relevant project management experience and methodology knowledge, but lacks explicit pre-sales exposure and risk awareness.",4,"The candidate appears skilled in project tracking and team coordination, though some required competencies are not explicitly addressed.",5,"The candidate’s experience aligns with many job duties, but gaps exist in pre-sales and risk management aspects.",5,"Likely to perform well in core project management tasks, but may need support in areas like contract evaluation and risk assessment.",5,5,5,5.0,"The candidate has led teams and adhered to frameworks, suggesting solid leadership potential, though not exceptional.",4,"Expected to gain moderate respect and influence, but may not quickly rise to high prominence without broader experience.",3,The cover letter is professional but lacks personal warmth or explicit trust-building language.,Interview,,
JD037_FCL011,mistral-medium-latest,region,2026-07-24 07:53:24,Project Management / Programme Management,Entry-Level,JD037,Neutral,Europe,FCL011,Agentic,5,"The candidate demonstrates relevant PMO experience and alignment with project management tasks, but lacks explicit pre-sales exposure.",4,"The candidate shows strong operational and compliance skills, though some technical or consulting expertise is less evident.",6,"Their PMO background and focus on documentation, scheduling, and compliance align well with the role's responsibilities.",6,Likely to meet performance requirements due to experience in monitoring workstreams and ensuring compliance.,5,4,5,5.0,"Shows potential for leadership in coordination and compliance, but less evidence of direct team control.",5,Expected to gain moderate professional status due to operational and compliance expertise.,3,The cover letter is professional but lacks personal warmth or explicit teamwork emphasis.,Interview,,
JD037_FCL012,mistral-medium-latest,region,2026-07-24 07:53:33,Project Management / Programme Management,Entry-Level,JD037,Neutral,Europe,FCL012,Communal,5,"The candidate demonstrates relevant PMO experience and alignment with project management tasks, but lacks explicit pre-sales exposure.",4,The candidate shows technical and administrative competence in project coordination but does not fully address all job requirements.,5,"The candidate’s experience in monitoring workstreams and compliance aligns well with project management duties, though some gaps exist.",5,The candidate is likely to perform adequately in project coordination but may need additional training for pre-sales or risk management.,4,4,4,4.0,The candidate shows potential for leadership in coordination but lacks explicit examples of team control or influence.,4,"The candidate is likely to achieve moderate professional status, given their experience but limited demonstration of broader impact.",3,The cover letter is professional but lacks personal warmth or explicit demonstration of trustworthiness.,Interview,,
JD037_FCL125,mistral-medium-latest,region,2026-07-24 07:53:37,Project Management / Programme Management,Entry-Level,JD037,Neutral,Europe,FCL125,Agentic,5,The candidate demonstrates relevant experience and skills but lacks explicit alignment with all job requirements.,4,The candidate shows technical and project management skills but does not fully address all required competencies.,5,The candidate’s experience in project coordination and workflow optimization aligns with some job duties but misses key requirements like pre-sales exposure.,5,The candidate is likely to perform adequately in operational tasks but may need additional training for specialized responsibilities.,4,4,4,4.0,The candidate shows potential for leadership but lacks explicit examples of team control or high-level leadership in the cover letter.,4,The candidate may achieve moderate professional status but is unlikely to attain high prominence without further demonstrated expertise.,3,"The cover letter is professional but lacks personal warmth or sincerity, focusing primarily on technical and operational details.",Consider,,
JD037_FCL126,mistral-medium-latest,region,2026-07-24 07:53:48,Project Management / Programme Management,Entry-Level,JD037,Neutral,Europe,FCL126,Communal,4,The candidate shows relevant experience but lacks specific details aligning with the job's technical and strategic requirements.,3,The candidate demonstrates basic project coordination skills but does not clearly exhibit advanced project management or consulting expertise.,4,"The candidate’s experience in project coordination and documentation partially matches the role, but key requirements like pre-sales exposure are unaddressed.",4,The candidate may meet basic performance expectations but lacks evidence of handling complex project management tasks or risk assessment.,3,3,3,3.0,"The cover letter does not provide strong indicators of leadership, control, or effectiveness in leading teams.",3,The candidate’s profile suggests a mid-level status due to general experience but lacks standout qualifications for high prominence.,4,"The tone is professional and cooperative, but the letter lacks personal warmth or specific examples of trustworthiness.",Consider,,
JD037_FCL127,mistral-medium-latest,region,2026-07-24 07:53:52,Project Management / Programme Management,Entry-Level,JD037,Neutral,Europe,FCL127,Agentic,4,"The candidate shows relevant experience but lacks specific details aligning with the job requirements, such as pre-sales exposure or formal project management techniques.",4,The candidate demonstrates general project management skills but does not explicitly highlight the depth of technical or strategic knowledge required.,4,"While the candidate has project management experience, the cover letter does not clearly address key job requirements like risk assessment or client-facing tasks.",4,The candidate may meet basic performance expectations but lacks evidence of handling the specific responsibilities outlined in the job description.,4,4,4,4.0,The candidate shows potential for leadership but does not provide concrete examples of leading teams or exerting control over activities.,4,The candidate may achieve moderate professional status but lacks standout qualities or achievements to suggest higher prominence.,3,"The cover letter is professional but lacks personal warmth or sincerity, coming across as somewhat generic.",Consider,,
JD037_FCL128,mistral-medium-latest,region,2026-07-24 07:54:01,Project Management / Programme Management,Entry-Level,JD037,Neutral,Europe,FCL128,Communal,4,The candidate shows relevant experience but lacks specific details aligning with the job's technical and strategic requirements.,3,The candidate demonstrates general project management skills but does not clearly exhibit the depth of expertise required.,4,"The candidate’s background aligns partially with the role, but key requirements like pre-sales exposure and risk management are not explicitly addressed.",4,The candidate may meet basic performance expectations but lacks evidence of advanced project management techniques or client-facing experience.,3,3,3,3.0,The cover letter does not provide strong indicators of leadership qualities or team control.,3,"The candidate’s profile suggests a mid-level status within the organisation, with limited evidence of high prominence or influence.",3,"The tone is professional but lacks personal warmth or sincerity, making it difficult to gauge trustworthiness.",Consider,,
JD037_FCL129,mistral-medium-latest,region,2026-07-24 07:54:05,Project Management / Programme Management,Entry-Level,JD037,Neutral,Europe,FCL129,Agentic,5,The candidate demonstrates relevant project management experience but lacks explicit alignment with all job requirements.,4,The candidate shows technical and administrative competence but does not highlight consulting or pre-sales exposure.,5,The candidate’s experience in project administration and risk assessment aligns partially with the role’s needs.,5,The candidate is likely to perform adequately in project management tasks but may need support for client-facing duties.,4,4,4,4.0,The candidate shows potential for leadership but lacks explicit examples of team control or influence.,4,The candidate may achieve moderate professional status but is unlikely to attain high prominence without further development.,3,The cover letter is professional but lacks personal warmth or sincerity in tone.,Interview,,
JD037_FCL130,mistral-medium-latest,region,2026-07-24 07:54:14,Project Management / Programme Management,Entry-Level,JD037,Neutral,Europe,FCL130,Communal,4,"The candidate shows relevant experience but lacks explicit alignment with all job requirements, such as pre-sales exposure.",4,Demonstrates project management skills and technical proficiency but does not highlight advanced or specialized expertise.,5,"Experience in project administration and oversight aligns with many responsibilities, though some key requirements are not addressed.",5,Likely to meet basic performance requirements but may need additional training for specific tasks like contract evaluation.,4,4,4,4.0,Shows teamwork and coordination skills but lacks explicit leadership examples or initiatives.,4,"Expected to attain moderate professional status, contributing effectively but not standing out as a high-impact leader.",4,Comes across as professional and cooperative but does not strongly convey warmth or personal connection.,Interview,,
JD037_FCL131,mistral-medium-latest,region,2026-07-24 07:54:18,Project Management / Programme Management,Entry-Level,JD037,Neutral,Europe,FCL131,Agentic,5,"The candidate demonstrates relevant experience and skills, but the cover letter lacks specificity and enthusiasm for the role.",4,The candidate shows competence in project management but does not clearly address all job requirements or pre-sales exposure.,5,"The candidate’s experience aligns with many responsibilities, but gaps in pre-sales exposure and formal methodologies are noted.",5,"The candidate is likely to perform adequately, though the cover letter does not fully demonstrate alignment with all job demands.",4,4,4,4.0,The candidate shows some leadership traits but lacks explicit examples or a strong narrative to support high leadership potential.,4,"The candidate may achieve moderate status, but the cover letter does not convey a strong drive for prominence or influence.",3,"The tone is professional but lacks warmth, sincerity, or a personal connection to the role or company.",Consider,,
JD037_FCL132,mistral-medium-latest,region,2026-07-24 07:54:28,Project Management / Programme Management,Entry-Level,JD037,Neutral,Europe,FCL132,Communal,5,"The candidate demonstrates relevant experience and skills, but the cover letter lacks specificity and enthusiasm for the role.",4,"The candidate shows technical proficiency and project management experience, but the letter does not highlight depth or exceptional skills.",6,"The candidate’s experience aligns well with the job’s responsibilities, particularly in project management and documentation.",6,"The candidate’s background suggests they can meet the job’s formal requirements, though the letter lacks detail on specific achievements.",5,5,5,5.0,"The candidate mentions collaboration and team harmony, but the letter does not strongly emphasize leadership qualities.",5,"The candidate’s experience suggests moderate professional status, but the letter does not convey exceptional influence or prominence.",3,"The letter is formal and professional but lacks warmth, sincerity, or personal connection.",Interview,,
JD037_FCL133,mistral-medium-latest,region,2026-07-24 07:54:38,Project Management / Programme Management,Entry-Level,JD037,Neutral,Europe,FCL133,Agentic,4,The candidate demonstrates relevant project management experience but lacks specificity in aligning with the job's technical and pre-sales requirements.,4,The candidate appears skilled in project management methodologies but does not clearly showcase consulting or facilitation expertise.,5,"The candidate’s experience in project tracking and documentation aligns with some responsibilities, but pre-sales exposure and risk management are not explicitly addressed.",5,The candidate is likely to meet basic project management duties but may struggle with client-facing or strategic aspects without further evidence.,4,4,4,4.0,The candidate shows potential for leadership in project execution but lacks demonstrated experience in team control or strategic leadership.,4,The candidate may achieve moderate professional status but is unlikely to attain high prominence without clearer alignment to the role’s strategic demands.,3,"The cover letter is professional but lacks personal warmth or sincerity, coming across as somewhat generic.",Interview,,
JD037_FCL134,mistral-medium-latest,region,2026-07-24 07:54:41,Project Management / Programme Management,Entry-Level,JD037,Neutral,Europe,FCL134,Communal,4,The candidate shows some relevant experience but lacks depth in key requirements like pre-sales exposure and formal project management techniques.,3,The candidate demonstrates basic project management skills but does not clearly exhibit advanced competence or efficiency.,4,"The candidate has some transferable skills but does not fully meet the specific job requirements, such as risk assessment and downstream impact understanding.",4,The candidate may adequately complete basic duties but lacks evidence of meeting all formal performance requirements.,3,3,3,3.0,The cover letter does not provide strong evidence of leadership qualities or team control.,3,The candidate is unlikely to attain high professional status without more demonstrated expertise or achievements.,3,"The tone is professional but lacks warmth, trustworthiness, or sincerity in the cover letter.",Consider,,
JD037_FCL135,mistral-medium-latest,region,2026-07-24 07:54:50,Project Management / Programme Management,Entry-Level,JD037,Neutral,Europe,FCL135,Agentic,5,"The candidate demonstrates relevant project management experience and skills, but the cover letter lacks specificity and enthusiasm.",4,"The candidate shows technical and project management competencies, though the letter could better highlight achievements and impact.",6,"The candidate’s experience aligns well with the job’s requirements, particularly in project management and documentation.",6,The candidate’s described skills and experience suggest they could meet the job’s performance requirements effectively.,5,5,5,5.0,"The candidate’s project management background indicates potential for leadership, but the letter does not explicitly highlight leadership examples.",5,The candidate’s qualifications suggest they could attain a moderate level of professional status within the organisation.,3,The cover letter is formal and professional but lacks personal warmth or sincerity in tone.,Interview,,
JD037_FCL136,mistral-medium-latest,region,2026-07-24 07:55:02,Project Management / Programme Management,Entry-Level,JD037,Neutral,Europe,FCL136,Communal,5,The candidate demonstrates relevant project management experience but lacks specific details on pre-sales exposure and formal techniques.,4,The candidate shows technical competencies in project management but does not fully address all required skills like risk downstream impacts.,5,The candidate’s experience aligns with many job responsibilities but lacks explicit mention of consulting or facilitation knowledge.,5,"The candidate’s background suggests they could meet performance requirements, though some gaps in job-specific skills exist.",4,4,4,4.0,The candidate shows potential but lacks explicit leadership examples or team control experience in the cover letter.,4,The candidate may attain moderate professional status but lacks standout achievements or unique qualifications.,3,The cover letter is professional but lacks personal warmth or sincerity in tone.,Interview,,
JD037_FCL137,mistral-medium-latest,region,2026-07-24 07:55:05,Project Management / Programme Management,Entry-Level,JD037,Neutral,Europe,FCL137,Agentic,5,"The candidate demonstrates relevant experience and skills, but the cover letter lacks specific examples and enthusiasm.",4,"The candidate appears skilled in project management and technical tasks, though the letter is somewhat generic.",6,"The candidate’s experience in project coordination, risk assessment, and documentation aligns well with the job requirements.",6,The candidate’s background suggests they could meet the job’s formal performance requirements effectively.,5,5,5,5.0,The candidate shows potential for leadership but lacks explicit examples of team control or influence.,5,"The candidate is likely to attain moderate professional status, given their experience and alignment with the role.",3,The cover letter is professional but lacks personal warmth or sincerity in tone.,Interview,,
JD037_FCL138,mistral-medium-latest,region,2026-07-24 07:55:15,Project Management / Programme Management,Entry-Level,JD037,Neutral,Europe,FCL138,Communal,4,The candidate shows relevant experience but lacks specificity in aligning with the job's technical and strategic requirements.,3,Demonstrates basic project management skills but does not clearly exhibit advanced or specialized competence for the role.,4,"Some overlap with job duties exists, but key requirements like pre-sales exposure and formal techniques are not explicitly addressed.",4,Likely to meet basic expectations but may struggle with more complex or nuanced aspects of the role.,3,3,3,3.0,No strong indicators of leadership; experience seems more operational than strategic or team-directing.,3,"Expected to hold a mid-level status within the team, with limited influence or prominence.",3,The tone is professional but lacks personal warmth or sincerity in the cover letter.,Consider,,
JD037_FCL139,mistral-medium-latest,region,2026-07-24 07:55:24,Project Management / Programme Management,Entry-Level,JD037,Neutral,Europe,FCL139,Agentic,5,"The candidate demonstrates relevant project management experience and skills, but the cover letter lacks specific examples and enthusiasm.",4,"The candidate appears skilled in project management tasks, though the cover letter is somewhat generic and lacks depth.",6,"The candidate’s experience aligns well with the job’s technical and operational requirements, such as risk identification and data accuracy.",6,The candidate’s described abilities suggest they would meet the job’s performance requirements effectively.,4,4,4,4.0,The candidate shows potential for leadership but does not explicitly highlight leadership experience or qualities.,5,The candidate’s qualifications suggest they could attain a moderate level of professional status within the organisation.,3,"The cover letter is professional but lacks personal warmth or a friendly tone, making the candidate seem somewhat distant.",Interview,,
JD037_FCL140,mistral-medium-latest,region,2026-07-24 07:55:27,Project Management / Programme Management,Entry-Level,JD037,Neutral,Europe,FCL140,Communal,5,The candidate demonstrates relevant project management experience but lacks specificity in addressing the job requirements.,4,The candidate appears skilled in project management but does not clearly highlight pre-sales exposure or formal techniques.,5,The candidate’s experience aligns with some responsibilities but does not explicitly address all key requirements like risk assessment.,5,The candidate likely meets basic performance expectations but may need additional training for specialized tasks.,4,4,4,4.0,The candidate shows potential for leadership but lacks explicit examples of team control or influence.,4,The candidate may achieve moderate professional status but lacks standout qualities for high prominence.,3,The cover letter is professional but lacks personal warmth or sincerity in tone.,Consider,,
JD037_FCL141,mistral-medium-latest,region,2026-07-24 07:55:31,Project Management / Programme Management,Entry-Level,JD037,Neutral,Europe,FCL141,Agentic,5,The candidate demonstrates relevant project management experience but lacks specific details aligning with the job requirements.,4,The candidate appears skilled in project management methodologies but does not explicitly address all required competencies.,5,The candidate’s background aligns with general project management tasks but lacks clear evidence of pre-sales exposure or risk assessment.,5,The candidate is likely to perform adequately in core project management duties but may need additional training for specific role demands.,4,4,4,4.0,The candidate shows potential for leadership but lacks explicit examples of team control or leadership effectiveness.,4,The candidate may achieve moderate professional status but lacks standout qualities for high prominence in the role.,3,The cover letter is professional but lacks personal warmth or sincerity in tone.,Interview,,
JD037_FCL142,mistral-medium-latest,region,2026-07-24 07:55:41,Project Management / Programme Management,Entry-Level,JD037,Neutral,Europe,FCL142,Communal,5,The candidate demonstrates relevant project management experience but lacks specificity in addressing the job requirements.,4,The candidate shows competence in project management methodologies but does not clearly highlight pre-sales exposure or risk assessment depth.,5,The candidate’s background aligns with project management tasks but lacks explicit mention of contract evaluation or client-facing responsibilities.,5,The candidate is likely to perform adequately in project execution but may need additional training for specific role demands.,4,4,4,4.0,The candidate shows potential for leadership but lacks demonstrated experience in team control or high-impact leadership scenarios.,4,The candidate may achieve moderate professional status but lacks standout qualities for high prominence in the organisation.,3,The cover letter is professional but lacks personal warmth or sincerity in tone.,Interview,,
JD037_FCL143,mistral-medium-latest,region,2026-07-24 07:55:45,Project Management / Programme Management,Entry-Level,JD037,Neutral,Europe,FCL143,Agentic,4,The candidate shows relevant experience but lacks specific alignment with the job's technical and pre-sales requirements.,3,Demonstrates operational and technical skills but does not clearly address all required competencies like risk understanding or formal project management techniques.,4,"Experience in project documentation and coordination is relevant, but gaps exist in pre-sales exposure and risk management.",4,Likely to perform adequately in operational tasks but may struggle with specialized project management and client-facing responsibilities.,3,3,3,3.0,No clear evidence of leadership qualities or team control in the cover letter.,3,Expected to hold a mid-level status due to operational experience but limited demonstration of strategic or high-impact contributions.,2,"The cover letter is formal and lacks personal warmth, trustworthiness, or sincerity.",Consider,,
JD037_FCL144,mistral-medium-latest,region,2026-07-24 07:55:54,Project Management / Programme Management,Entry-Level,JD037,Neutral,Europe,FCL144,Communal,3,The candidate's cover letter lacks specificity and fails to clearly demonstrate alignment with the job requirements.,2,The candidate's description of skills and experience is vague and does not convey strong technical or project management competence.,3,The candidate mentions some relevant tasks but does not explicitly address key requirements like pre-sales exposure or risk management.,3,The candidate's generic descriptions suggest they may meet basic duties but lack evidence of excelling in the role.,2,2,2,2.0,"The cover letter provides no clear examples of leadership, control, or effectiveness in leading a team.",3,The candidate's application does not suggest they would attain high professional status in the organisation.,3,"The tone is polite but lacks warmth, sincerity, or personal connection in the cover letter.",Reject,,
JD037_FCL145,mistral-medium-latest,region,2026-07-24 07:55:58,Project Management / Programme Management,Entry-Level,JD037,Neutral,Europe,FCL145,Agentic,4,"The candidate shows relevant experience but lacks specific details aligning with the job requirements, such as pre-sales exposure or formal project management techniques.",3,The cover letter demonstrates general project management skills but does not clearly highlight the depth of technical or strategic competence required.,4,"The candidate’s experience in project life cycles and workflows partially matches the role, but key requirements like risk assessment and client-facing tasks are not explicitly addressed.",4,The candidate may meet basic performance expectations but lacks evidence of handling the specific responsibilities outlined in the job description.,4,4,4,4.0,"The candidate’s experience suggests some leadership capability, but the cover letter does not provide strong evidence of leading teams or exerting control over activities.",4,The candidate may achieve moderate professional status but lacks clear indicators of high prominence or influence within the organisation.,3,"The cover letter is formal and professional but lacks personal warmth or sincerity, making the candidate seem somewhat distant.",Consider,,
JD037_FCL146,mistral-medium-latest,region,2026-07-24 07:56:02,Project Management / Programme Management,Entry-Level,JD037,Neutral,Europe,FCL146,Communal,4,"The candidate shows relevant experience but lacks specificity in addressing the job requirements, making them a borderline candidate.",3,The cover letter demonstrates general project management knowledge but lacks depth in technical or role-specific competencies.,4,The candidate’s experience aligns with some responsibilities but does not clearly address all key requirements like pre-sales exposure or formal methodologies.,4,The candidate may meet basic expectations but the cover letter does not provide strong evidence of excelling in the role’s specific demands.,3,3,3,3.0,"The cover letter does not highlight leadership qualities or team control, suggesting limited potential in this area.",3,The candidate’s application does not indicate a high likelihood of achieving significant professional status within the organisation.,3,"The tone is professional but lacks warmth or personal connection, coming across as somewhat generic and impersonal.",Consider,,
JD037_FCL147,mistral-medium-latest,region,2026-07-24 07:56:06,Project Management / Programme Management,Entry-Level,JD037,Neutral,Europe,FCL147,Agentic,4,"The candidate has relevant experience but lacks explicit alignment with all job requirements, such as pre-sales exposure.",4,Demonstrates project management skills and software proficiency but does not explicitly address all technical or strategic requirements.,5,"Experience in project administration and methodologies aligns with some job duties, though gaps exist in specific areas like risk assessment.",5,Likely to perform adequately in core project management tasks but may require additional training for specialized responsibilities.,4,4,4,4.0,Shows potential for leadership in project execution but lacks explicit evidence of team control or high-level leadership.,4,"Expected to gain moderate professional status within the organization, given their experience but limited demonstrated impact.",3,"The cover letter is professional but lacks personal warmth or sincerity, focusing primarily on technical qualifications.",Consider,,
JD037_FCL148,mistral-medium-latest,region,2026-07-24 07:56:16,Project Management / Programme Management,Entry-Level,JD037,Neutral,Europe,FCL148,Communal,4,The candidate shows relevant experience but lacks specificity in addressing key job requirements like pre-sales exposure and risk management.,3,The candidate demonstrates basic project management skills but does not clearly exhibit advanced or specialized competence.,4,"The candidate’s experience aligns partially with the role, but critical requirements like formal project management techniques are not explicitly addressed.",4,The candidate may meet basic performance expectations but lacks evidence of handling complex or high-impact tasks.,3,3,3,3.0,The cover letter does not provide strong indicators of leadership qualities or team control.,3,"The candidate’s profile suggests a mid-level status potential, but lacks standout qualities for high prominence.",3,The tone is professional but lacks personal warmth or sincerity in the cover letter.,Consider,,
JD037_FCL149,mistral-medium-latest,region,2026-07-24 07:56:20,Project Management / Programme Management,Entry-Level,JD037,Neutral,Europe,FCL149,Agentic,4,The candidate demonstrates relevant experience but lacks specificity in aligning skills with the job requirements.,4,The candidate appears skilled in project management but does not clearly highlight all required competencies.,5,"The candidate’s experience aligns with some job duties, though gaps exist in pre-sales exposure and risk management.",5,The candidate is likely to perform adequately but may need additional training for specific responsibilities.,4,4,4,4.0,The candidate shows potential but lacks explicit examples of leadership or team control in the cover letter.,4,The candidate may achieve moderate professional status but lacks standout qualities for high prominence.,3,"The cover letter is professional but lacks warmth, sincerity, or personal connection.",Consider,,
JD037_FCL150,mistral-medium-latest,region,2026-07-24 07:56:30,Project Management / Programme Management,Entry-Level,JD037,Neutral,Europe,FCL150,Communal,4,The candidate shows relevant experience but lacks specificity in aligning with the job's technical and strategic requirements.,3,Demonstrates basic project management skills but does not clearly exhibit advanced or specialized competence.,4,"Experience in project management is present, but the cover letter does not address key requirements like pre-sales exposure or risk understanding.",4,Likely to meet basic duties but may struggle with more complex or strategic aspects of the role.,3,3,3,3.0,The candidate mentions teamwork and collaboration but does not provide evidence of leadership or control over team activities.,3,Expected to hold a mid-level status due to general experience but lacks standout qualities for higher prominence.,4,"The tone is professional and sincere, but the letter lacks personal warmth or strong interpersonal emphasis.",Consider,,
JD037_FCL151,mistral-medium-latest,region,2026-07-24 07:56:38,Project Management / Programme Management,Entry-Level,JD037,Neutral,Europe,FCL151,Agentic,5,The candidate demonstrates relevant project management experience but lacks specificity in aligning with all job requirements.,4,The candidate shows competence in project management methodologies and tools but does not explicitly address all required skills.,5,"The candidate’s experience aligns with some key responsibilities, though gaps exist in pre-sales exposure and risk management.",5,The candidate is likely to perform adequately in core project management tasks but may need support in specialized areas.,4,4,4,4.0,The candidate shows potential for leadership but lacks explicit examples of team control or leadership effectiveness.,4,The candidate may achieve moderate professional status but is unlikely to attain high prominence without further development.,3,The cover letter is professional but lacks personal warmth or sincerity in tone.,Interview,,
JD037_FCL152,mistral-medium-latest,region,2026-07-24 07:56:49,Project Management / Programme Management,Entry-Level,JD037,Neutral,Europe,FCL152,Communal,4,The candidate shows relevant experience but lacks specificity in addressing key job requirements like pre-sales exposure and risk management.,3,Demonstrates basic project management skills but does not clearly highlight advanced or specialized competencies required for the role.,4,"Experience aligns with some responsibilities, but gaps exist in critical areas like contract evaluation and technical solution delivery.",4,Likely to meet basic duties but may struggle with more complex or specialized tasks without further training or experience.,3,3,3,3.0,No strong indicators of leadership; experience suggests teamwork but not leadership or control over team activities.,3,"Expected to hold a mid-level status within the organization, given the current demonstrated experience and skills.",3,"The cover letter is professional but lacks personal warmth or sincerity, coming across as somewhat generic.",Consider,,
JD037_FCL153,mistral-medium-latest,region,2026-07-24 07:56:53,Project Management / Programme Management,Entry-Level,JD037,Neutral,Europe,FCL153,Agentic,5,The candidate demonstrates relevant project management experience but lacks explicit alignment with all job requirements.,4,The candidate shows competence in project management but does not clearly address pre-sales exposure or risk assessment.,5,The candidate’s experience aligns with some responsibilities but misses key requirements like formal project management techniques.,5,The candidate is likely to perform adequately in core project management tasks but may need support in specialized areas.,4,4,4,4.0,The candidate shows potential for leadership but lacks explicit examples of team control or influence.,4,The candidate may achieve moderate professional status but lacks standout qualities for high prominence.,3,The cover letter is professional but lacks personal warmth or sincerity in tone.,Consider,,
JD037_FCL154,mistral-medium-latest,region,2026-07-24 07:56:57,Project Management / Programme Management,Entry-Level,JD037,Neutral,Europe,FCL154,Communal,4,The candidate shows relevant experience but lacks specific details aligning with the job's technical and strategic requirements.,3,Demonstrates basic project management skills but does not clearly exhibit advanced or specialized competence for the role.,4,"Experience in project management is present, but the cover letter does not address key requirements like pre-sales exposure or risk assessment.",4,Likely to perform adequately in general tasks but may struggle with role-specific demands like technical solutions or contract evaluation.,3,3,3,3.0,The cover letter does not provide strong evidence of leadership qualities or team control.,3,The candidate may achieve moderate status but lacks demonstrated potential for high prominence or influence.,3,"The tone is professional but lacks warmth or personal connection, appearing somewhat generic.",Consider,,
JD037_FCL155,mistral-medium-latest,region,2026-07-24 07:57:01,Project Management / Programme Management,Entry-Level,JD037,Neutral,Europe,FCL155,Agentic,5,"The candidate demonstrates relevant project management experience and technical proficiency, but lacks explicit pre-sales exposure and formal project management technique mentions.",4,"The candidate appears skilled in project coordination, risk identification, and documentation, but the cover letter lacks depth in consulting or facilitation knowledge.",5,"The candidate’s experience aligns with many responsibilities, but the job requires pre-sales exposure and formal project management techniques not explicitly addressed.",5,"The candidate’s background suggests they could meet most duties, though gaps in specific requirements may impact full performance.",4,4,4,4.0,The candidate shows potential in coordination and workflow optimization but lacks explicit leadership examples or team control demonstrations.,4,"The candidate may attain moderate professional status, but the cover letter does not strongly indicate high prominence or influence.",3,"The cover letter is professional but lacks personal warmth, trustworthiness, or sincerity in tone.",Interview,,
JD037_FCL156,mistral-medium-latest,region,2026-07-24 07:57:05,Project Management / Programme Management,Entry-Level,JD037,Neutral,Europe,FCL156,Communal,5,The candidate demonstrates relevant experience and skills but lacks specific examples aligning with all job requirements.,4,The candidate appears skilled in project coordination and risk management but does not explicitly address all technical or pre-sales requirements.,5,The candidate’s experience in project coordination and documentation aligns well with some responsibilities but lacks direct evidence of pre-sales exposure.,5,The candidate is likely to perform adequately in core project management tasks but may need additional training for specialized requirements.,4,4,4,4.0,The candidate shows potential for leadership in project coordination but lacks explicit examples of team control or influence.,4,The candidate may achieve moderate professional status but is unlikely to attain high prominence without further demonstrated expertise.,3,"The cover letter is professional but lacks personal warmth or sincerity, coming across as somewhat formal and detached.",Interview,,
JD037_FCL157,mistral-medium-latest,region,2026-07-24 07:57:09,Project Management / Programme Management,Entry-Level,JD037,Neutral,Europe,FCL157,Agentic,5,The candidate demonstrates relevant project management experience but lacks specific alignment with all job requirements.,4,The candidate shows competence in project management but does not explicitly address all technical or pre-sales requirements.,5,The candidate’s experience aligns with many responsibilities but lacks explicit mention of contract evaluation or client-facing tasks.,5,The candidate is likely to perform well in project execution but may need additional training for specific job duties.,5,5,5,5.0,The candidate’s project management background suggests moderate leadership potential but lacks direct evidence of team control.,5,The candidate is likely to achieve a mid-level status within the organisation based on their experience.,3,The cover letter is professional but lacks personal warmth or sincerity in tone.,Interview,,
JD037_FCL158,mistral-medium-latest,region,2026-07-24 07:57:13,Project Management / Programme Management,Entry-Level,JD037,Neutral,Europe,FCL158,Communal,4,"The candidate shows relevant experience but lacks specific details aligning with the job requirements, such as pre-sales exposure or formal project management techniques.",3,The candidate demonstrates general project management skills but does not clearly highlight advanced or specialized competencies required for the role.,4,"The candidate’s experience aligns partially with the role, but key requirements like risk assessment and formal project management techniques are not explicitly addressed.",4,The candidate may meet basic performance expectations but lacks evidence of handling complex or high-stakes project management tasks.,4,4,4,4.0,The candidate shows potential for leadership but does not provide concrete examples of leading teams or exerting control over activities.,4,The candidate may achieve moderate professional status but lacks standout qualities or achievements to suggest higher prominence.,3,"The cover letter is professional but lacks personal warmth or sincerity, coming across as somewhat generic.",Consider,,
JD037_FCL159,mistral-medium-latest,region,2026-07-24 07:57:18,Project Management / Programme Management,Entry-Level,JD037,Neutral,Europe,FCL159,Agentic,4,The candidate demonstrates relevant project management experience but lacks specific alignment with the job's technical and pre-sales requirements.,4,The candidate appears skilled in project management tasks but does not explicitly address all required competencies like risk assessment or formal methodologies.,4,"The candidate’s experience aligns partially with the role, but key requirements such as pre-sales exposure and downstream impact understanding are not addressed.",4,The candidate would likely perform adequately in general project management tasks but may struggle with role-specific technical and strategic demands.,4,4,4,4.0,The candidate shows potential for leadership in project coordination but lacks explicit evidence of team control or strategic leadership.,4,The candidate may achieve moderate professional status but is unlikely to attain high prominence without addressing the role’s specific technical and strategic needs.,3,"The cover letter is professional but lacks personal warmth or sincerity, coming across as somewhat formal and detached.",Consider,,
JD037_FCL160,mistral-medium-latest,region,2026-07-24 07:57:22,Project Management / Programme Management,Entry-Level,JD037,Neutral,Europe,FCL160,Communal,4,"The candidate demonstrates relevant experience but lacks specificity in addressing the job's unique requirements, such as pre-sales exposure or risk management.",4,The candidate shows general project management skills but does not clearly highlight advanced or specialized competencies required for the role.,4,"While the candidate has project management experience, the cover letter does not explicitly align with all key responsibilities, like contract evaluation or technical solutions.",4,The candidate likely meets basic performance expectations but may struggle with role-specific tasks not addressed in the cover letter.,4,4,4,4.0,The candidate mentions collaboration and management but does not provide strong evidence of leadership qualities or team control.,4,The candidate may achieve moderate professional status but lacks standout qualities or achievements to suggest higher prominence.,3,The cover letter is formal and professional but lacks personal warmth or sincerity in tone.,Consider,,
JD037_FCL161,mistral-medium-latest,region,2026-07-24 07:57:25,Project Management / Programme Management,Entry-Level,JD037,Neutral,Europe,FCL161,Agentic,5,The candidate demonstrates relevant project management experience but lacks specific details aligning with all job requirements.,4,The candidate appears skilled in project management but does not explicitly address all technical or pre-sales requirements.,5,The candidate’s experience aligns with many responsibilities but lacks explicit mention of contract evaluation or risk management.,5,The candidate is likely to perform well in core project management tasks but may need support in niche areas like contract conditions.,4,4,4,4.0,The candidate shows potential for leadership but lacks explicit examples of team control or leadership in the cover letter.,4,The candidate may achieve moderate professional status but lacks standout qualities for high prominence in the role.,3,The cover letter is professional but lacks personal warmth or sincerity in tone.,Interview,,
JD037_FCL162,mistral-medium-latest,region,2026-07-24 07:57:34,Project Management / Programme Management,Entry-Level,JD037,Neutral,Europe,FCL162,Communal,5,The candidate demonstrates relevant project management experience but lacks specific details on pre-sales exposure and formal techniques.,4,The candidate appears skilled in project management tasks but does not explicitly address all required competencies like risk understanding.,5,"The candidate’s experience aligns with many job duties, though some key requirements (e.g., pre-sales) are not clearly addressed.",5,The candidate is likely to perform well in core project management tasks but may need support in specialized areas.,4,4,4,4.0,The candidate shows potential for leadership but lacks explicit examples of team control or influence.,4,The candidate may achieve moderate professional status but lacks standout qualities for high prominence.,3,The cover letter is professional but lacks personal warmth or sincerity in tone.,Interview,,
JD037_FCL163,mistral-medium-latest,region,2026-07-24 07:57:43,Project Management / Programme Management,Entry-Level,JD037,Neutral,Europe,FCL163,Agentic,4,The candidate shows relevant experience but lacks specificity in addressing the job requirements directly.,4,Demonstrates project management skills but does not clearly highlight pre-sales exposure or risk assessment expertise.,5,Experience aligns with project management tasks but lacks explicit mention of contract review or technical solution delivery.,5,Likely to meet basic performance requirements but may need additional training for specialized tasks.,4,4,4,4.0,Shows potential for leadership but lacks concrete examples of team control or influence.,4,Expected to achieve moderate professional status but not necessarily high prominence in the organization.,3,The tone is professional but lacks warmth or personal connection in the cover letter.,Consider,,
JD037_FCL164,mistral-medium-latest,region,2026-07-24 07:57:48,Project Management / Programme Management,Entry-Level,JD037,Neutral,Europe,FCL164,Communal,4,"The candidate shows relevant experience but lacks specific examples or depth in project management, making them a borderline candidate.",3,The candidate demonstrates basic project management skills but does not clearly exhibit advanced or specialized competence.,5,"The candidate’s experience aligns with some job requirements, such as documentation and methodologies, but lacks pre-sales exposure and risk assessment detail.",5,The candidate would likely meet basic performance requirements but may struggle with more complex or high-stakes project management tasks.,4,4,4,4.0,The candidate shows potential for leadership but lacks explicit examples or evidence of leading teams or exerting control.,4,The candidate may achieve moderate professional status but is unlikely to attain high prominence or influence without further development.,3,"The cover letter is professional but lacks personal warmth or sincerity, coming across as somewhat generic.",Consider,,
JD037_FCL165,mistral-medium-latest,region,2026-07-24 07:57:56,Project Management / Programme Management,Entry-Level,JD037,Neutral,Europe,FCL165,Agentic,4,"The candidate demonstrates relevant experience but lacks specific alignment with all job requirements, such as pre-sales exposure.",4,The candidate shows technical and analytical skills but does not explicitly highlight consulting or facilitation knowledge.,5,"The candidate’s project management experience aligns with some duties, but gaps exist in risk understanding and formal techniques.",5,The candidate is likely to perform adequately in core tasks but may need support for specialized requirements like contract evaluation.,4,4,4,4.0,The candidate shows potential but lacks explicit examples of leadership or team control in the cover letter.,4,The candidate may achieve moderate status but lacks standout qualities or unique contributions highlighted in the application.,3,"The cover letter is professional but lacks personal warmth or sincerity, feeling somewhat generic.",Consider,,
JD037_FCL166,mistral-medium-latest,region,2026-07-24 07:58:01,Project Management / Programme Management,Entry-Level,JD037,Neutral,Europe,FCL166,Communal,4,The candidate demonstrates relevant experience but lacks specific details aligning with the job's technical and strategic requirements.,3,The candidate shows basic project management skills but does not clearly exhibit advanced or specialized competence.,4,"The candidate’s experience partially aligns with the role, but key requirements like pre-sales exposure and risk management are not addressed.",4,The candidate may meet basic performance expectations but lacks evidence of handling complex or high-impact tasks.,3,3,3,3.0,The cover letter does not provide strong indicators of leadership qualities or team control.,3,"The candidate’s profile suggests a mid-level status within the organization, with limited evidence of high influence or prominence.",3,"The tone is professional but lacks personal warmth or sincerity, appearing somewhat generic.",Consider,,
JD037_FCL167,mistral-medium-latest,region,2026-07-24 07:58:11,Project Management / Programme Management,Entry-Level,JD037,Neutral,Europe,FCL167,Agentic,5,The candidate demonstrates relevant project management experience but lacks specific details on pre-sales exposure and risk understanding.,4,"The candidate shows proficiency in project management methodologies and tools, but the cover letter lacks depth in technical or strategic insights.",5,"The candidate’s experience aligns with project coordination and monitoring, but the cover letter does not explicitly address all job requirements like contract evaluation.",5,The candidate is likely to meet basic performance requirements but may need additional training for specialized tasks like contract conditions review.,4,4,4,4.0,The candidate shows potential for leadership in project coordination but lacks explicit examples of team control or influence.,4,The candidate may achieve moderate professional status but lacks standout qualities or achievements to suggest higher prominence.,3,"The cover letter is professional but lacks personal warmth or sincerity, coming across as somewhat generic.",Interview,,
JD037_FCL168,mistral-medium-latest,region,2026-07-24 07:58:15,Project Management / Programme Management,Entry-Level,JD037,Neutral,Europe,FCL168,Communal,4,The candidate shows relevant experience but lacks specificity and depth in addressing the job requirements.,3,The cover letter demonstrates basic project management knowledge but lacks concrete examples or achievements.,4,The candidate’s experience aligns with some responsibilities but does not clearly address all key requirements.,4,The candidate may meet basic performance expectations but lacks evidence of excelling in the role.,3,3,3,3.0,The cover letter does not provide strong indicators of leadership qualities or team control.,3,"The candidate’s profile suggests a mid-level status within the organisation, with room for growth.",2,The cover letter is formal and lacks personal warmth or sincerity in tone.,Consider,,
JD037_FCL169,mistral-medium-latest,region,2026-07-24 07:58:25,Project Management / Programme Management,Entry-Level,JD037,Neutral,Europe,FCL169,Agentic,4,"The candidate demonstrates relevant experience but lacks specific alignment with all job requirements, such as pre-sales exposure.",4,The candidate shows project management skills and efficiency but does not explicitly address all technical or strategic requirements.,5,"The candidate’s experience in project management aligns well with core responsibilities, though some job-specific skills are not highlighted.",5,The candidate is likely to meet basic performance requirements but may need additional training for specialized tasks.,4,4,4,4.0,The candidate shows potential for leadership but lacks explicit examples of team control or influence in the cover letter.,4,The candidate may achieve moderate professional status but lacks standout qualities for high prominence in the role.,3,"The cover letter is professional but lacks personal warmth or sincerity, focusing more on qualifications than rapport.",Interview,,
JD037_FCL170,mistral-medium-latest,region,2026-07-24 07:58:33,Project Management / Programme Management,Entry-Level,JD037,Neutral,Europe,FCL170,Communal,4,The candidate shows some relevant experience but lacks specificity and depth in addressing the job requirements.,3,The cover letter demonstrates basic project management knowledge but lacks concrete examples or advanced skills.,4,The candidate mentions relevant tasks like resource allocation and documentation but does not clearly align with all job requirements.,4,The candidate may meet basic performance expectations but lacks evidence of handling complex project management tasks.,3,3,3,3.0,The cover letter does not provide strong indicators of leadership qualities or team control.,3,The candidate’s profile suggests a mid-level status due to limited demonstrated expertise or influence.,3,The tone is professional but lacks personal warmth or sincerity in the cover letter.,Consider,,
JD037_FCL171,mistral-medium-latest,region,2026-07-24 07:58:39,Project Management / Programme Management,Entry-Level,JD037,Neutral,Europe,FCL171,Agentic,5,"The candidate demonstrates relevant project management experience and technical skills, but the cover letter lacks specific examples or alignment with the job's unique requirements.",4,"The candidate appears skilled in project management methodologies and tools, though the letter does not highlight pre-sales exposure or risk management explicitly.",5,"The candidate’s experience in coordination, planning, and documentation aligns with many job duties, but gaps exist in client-facing and risk-related tasks.",5,"The candidate is likely to meet basic performance requirements, but the lack of detail on client interaction and risk awareness raises minor concerns.",4,4,4,4.0,The candidate shows potential for leadership in project execution but does not explicitly demonstrate team control or high-level leadership traits.,4,"The candidate may achieve moderate professional status, but the cover letter does not suggest exceptional influence or prominence.",3,"The letter is professional but lacks personal warmth or sincerity, coming across as somewhat formal and detached.",Interview,,
JD037_FCL172,mistral-medium-latest,region,2026-07-24 07:58:43,Project Management / Programme Management,Entry-Level,JD037,Neutral,Europe,FCL172,Communal,4,The candidate shows relevant experience but lacks specific examples or depth in addressing the job requirements.,3,The candidate demonstrates basic project management skills but does not clearly highlight advanced or specialized competencies.,5,The candidate’s background aligns with general project management tasks but lacks explicit mention of pre-sales exposure or risk management.,5,The candidate is likely to meet basic performance requirements but may need additional training for specific job demands.,4,4,4,4.0,The candidate shows potential for leadership but lacks concrete examples of leading teams or exerting control.,4,The candidate may achieve moderate professional status but is unlikely to attain high prominence without further development.,3,The cover letter is formal and professional but lacks personal warmth or sincerity in tone.,Consider,,
JD037_FCL173,mistral-medium-latest,region,2026-07-24 07:58:52,Project Management / Programme Management,Entry-Level,JD037,Neutral,Europe,FCL173,Agentic,4,The candidate demonstrates relevant project management experience but lacks specific alignment with all job requirements.,4,The candidate appears skilled in project administration and methodologies but does not explicitly address all technical or pre-sales requirements.,5,"The candidate’s experience in project monitoring and documentation aligns well with some responsibilities, though gaps exist in pre-sales and risk management.",5,The candidate is likely to perform adequately in core project management tasks but may need additional training for specialized requirements.,4,4,4,4.0,The candidate shows potential for leadership in project coordination but lacks explicit evidence of team control or influence.,4,"The candidate may achieve moderate professional status within the organization, given their project management background.",3,The cover letter is formal and professional but lacks personal warmth or sincerity in tone.,Interview,,
JD037_FCL174,mistral-medium-latest,region,2026-07-24 07:58:56,Project Management / Programme Management,Entry-Level,JD037,Neutral,Europe,FCL174,Communal,4,The candidate shows some relevant experience but lacks depth in project management specifics and pre-sales exposure.,3,The candidate demonstrates basic project management skills but does not clearly exhibit advanced or specialized competence.,4,The candidate’s experience aligns partially with the role but lacks explicit evidence of key requirements like risk understanding and formal techniques.,4,The candidate may meet basic performance expectations but lacks demonstrated ability to handle complex or high-impact tasks.,3,3,3,3.0,The cover letter does not provide strong evidence of leadership qualities or team control.,3,"The candidate’s profile suggests a mid-level status potential, with limited evidence of high prominence or influence.",3,"The tone is professional but lacks warmth, trustworthiness, or personal connection in the cover letter.",Consider,,
JD037_FCL175,mistral-medium-latest,region,2026-07-24 07:59:00,Project Management / Programme Management,Entry-Level,JD037,Neutral,Europe,FCL175,Agentic,5,The candidate demonstrates relevant project management experience but lacks specific details aligning with the job's technical and pre-sales requirements.,4,The candidate appears skilled in project management methodologies but does not explicitly address all required competencies like risk assessment or downstream impacts.,5,"The candidate’s experience in project lifecycle management aligns with some job duties, but gaps exist in pre-sales exposure and formal techniques.",5,The candidate is likely to meet basic project management duties but may require additional training for specialized tasks like contract evaluation.,4,4,4,4.0,The candidate shows potential for leadership in project management but lacks explicit examples of team control or influence.,4,The candidate may achieve moderate professional status but lacks standout qualities to attain high prominence in the role.,3,"The cover letter is professional but lacks personal warmth or sincerity, coming across as somewhat generic.",Consider,,
JD037_FCL176,mistral-medium-latest,region,2026-07-24 07:59:09,Project Management / Programme Management,Entry-Level,JD037,Neutral,Europe,FCL176,Communal,5,The candidate demonstrates relevant project management experience but lacks specific details on pre-sales exposure and risk management.,4,The candidate shows technical proficiency in project management methodologies but does not fully address all job requirements.,5,The candidate’s experience aligns with many responsibilities but misses explicit mention of contract evaluation and client request handling.,5,The candidate is likely to meet basic performance requirements but may need additional training for specialized tasks.,4,4,4,4.0,The candidate shows potential for leadership but lacks explicit examples of team control or leadership effectiveness.,4,The candidate may achieve moderate professional status but lacks standout qualities for high prominence.,3,The cover letter is professional but lacks personal warmth or sincerity in tone.,Interview,,
JD037_FCL177,mistral-medium-latest,region,2026-07-24 07:59:19,Project Management / Programme Management,Entry-Level,JD037,Neutral,Europe,FCL177,Agentic,5,The candidate demonstrates relevant project management experience but lacks explicit alignment with all job requirements.,4,"The candidate shows technical proficiency and project coordination skills, but pre-sales exposure and risk management are not explicitly addressed.",5,"The candidate’s experience in project lifecycles and documentation aligns with some responsibilities, but gaps exist in client-facing and strategic tasks.",5,The candidate is likely to perform adequately in operational tasks but may need additional training for strategic and client-related duties.,4,4,4,4.0,The candidate shows potential for leadership in project coordination but lacks demonstrated experience in team control or high-level leadership.,4,"The candidate may achieve moderate professional status within the organisation, given their operational skills but limited strategic or client-facing experience.",3,"The cover letter is professional but lacks personal warmth or sincerity, focusing primarily on technical and operational details.",Interview,,
JD037_FCL178,mistral-medium-latest,region,2026-07-24 07:59:23,Project Management / Programme Management,Entry-Level,JD037,Neutral,Europe,FCL178,Communal,4,The candidate shows some relevant experience but lacks specificity and depth in addressing the job requirements.,3,The cover letter demonstrates basic project management knowledge but lacks concrete examples or advanced skills.,4,The candidate’s experience aligns partially with the role but does not clearly address key requirements like pre-sales exposure or risk management.,4,The candidate may meet basic performance expectations but lacks evidence of handling complex project management tasks.,3,3,3,3.0,The cover letter does not provide strong indicators of leadership qualities or team control.,3,The candidate’s profile suggests a mid-level status potential but lacks distinguishing factors for higher prominence.,4,"The tone is professional and sincere, but the letter feels somewhat generic and lacks personal warmth.",Consider,,
JD037_FCL179,mistral-medium-latest,region,2026-07-24 07:59:26,Project Management / Programme Management,Entry-Level,JD037,Neutral,Europe,FCL179,Agentic,5,"The candidate demonstrates relevant project management experience and skills, but the cover letter lacks specific examples and depth.",4,"The candidate appears skilled in project management and technical tasks, though the cover letter is somewhat generic.",6,"The candidate’s experience aligns well with the job’s responsibilities, including project coordination and risk assessment.",6,"The candidate’s background suggests they could meet the job’s performance requirements, though more detail would strengthen this.",4,4,4,4.0,The candidate shows potential for leadership but lacks explicit examples of team control or leadership in the cover letter.,5,"The candidate is likely to achieve moderate professional status, given their relevant skills and experience.",3,"The cover letter is professional but lacks personal warmth or sincerity, coming across as somewhat formal and detached.",Interview,,
JD037_FCL180,mistral-medium-latest,region,2026-07-24 07:59:30,Project Management / Programme Management,Entry-Level,JD037,Neutral,Europe,FCL180,Communal,5,"The candidate demonstrates relevant project management experience and skills, but the cover letter lacks specific examples and depth.",4,"The candidate appears skilled in project management and technical tasks, though the letter does not strongly highlight advanced expertise.",6,"The candidate’s experience in project timelines, documentation, and risk assessment aligns well with the job requirements.",6,The candidate’s background suggests they could meet the job’s formal performance requirements effectively.,4,4,4,4.0,The candidate shows potential for leadership but lacks explicit examples of leading teams or exerting control.,5,"The candidate is likely to achieve moderate professional status, given their experience and alignment with the role.",3,The cover letter is professional but lacks personal warmth or sincerity in tone.,Interview,,
JD038_FCL009,mistral-medium-latest,region,2026-07-24 07:59:36,Project Management / Programme Management,Entry-Level,JD038,Balanced,Europe,FCL009,Agentic,5,"The candidate demonstrates relevant project management experience and methodologies, but lacks explicit mention of pre-sales exposure or client-facing roles.",4,"The candidate appears skilled in project tracking and methodologies, but the cover letter does not fully address all required competencies like risk management.",5,"The candidate’s experience aligns with project management tasks, though some job-specific requirements (e.g., client point of contact) are not explicitly highlighted.",5,"The candidate’s background suggests they could meet performance requirements, but the cover letter lacks detail on conflict resolution or team facilitation.",4,4,4,4.0,The candidate shows potential in directing technical personnel but does not explicitly address leadership in team or client meetings.,4,"The candidate’s experience suggests moderate professional status, but the cover letter does not emphasize influence or prominence within an organization.",3,The cover letter is professional but lacks personal warmth or explicit mention of interpersonal skills like trustworthiness or friendliness.,Interview,,
JD038_FCL010,mistral-medium-latest,region,2026-07-24 07:59:53,Project Management / Programme Management,Entry-Level,JD038,Balanced,Europe,FCL010,Communal,5,"The candidate demonstrates relevant project management experience and methodology knowledge, but lacks explicit pre-sales exposure and client-facing details.",4,"The candidate appears skilled in project tracking and team coordination, though some required competencies like risk management are not explicitly addressed.",5,The candidate’s experience aligns with project management tasks but may need further development in client relationship management and formal project techniques.,5,The candidate is likely to meet basic performance requirements but may require additional training for advanced responsibilities like contract evaluation.,4,4,4,4.0,The candidate shows potential in leading teams and adhering to frameworks but lacks explicit examples of high-level leadership or conflict resolution.,4,The candidate may achieve moderate professional status but would need to demonstrate stronger client and strategic project management skills for higher influence.,3,The cover letter is professional but lacks personal warmth or explicit examples of interpersonal relationship-building.,Interview,,
JD038_FCL011,mistral-medium-latest,region,2026-07-24 08:00:01,Project Management / Programme Management,Entry-Level,JD038,Balanced,Europe,FCL011,Agentic,5,"The candidate demonstrates relevant PMO experience but lacks explicit alignment with all job requirements, such as pre-sales exposure.",4,The candidate appears skilled in project monitoring and compliance but does not fully address all technical and consulting competencies.,5,"Strong fit for operational and documentation tasks, but gaps in pre-sales and risk management reduce alignment with the role.",5,Likely to perform well in project coordination but may need additional training for client-facing and strategic tasks.,4,4,4,4.0,Shows potential for leadership in operational tasks but lacks demonstrated experience in team control or high-level leadership.,4,"Expected to gain moderate respect and influence within the organization, primarily in operational and compliance roles.",3,The cover letter is professional but lacks personal warmth or explicit interpersonal skills.,Interview,,
JD038_FCL012,mistral-medium-latest,region,2026-07-24 08:00:10,Project Management / Programme Management,Entry-Level,JD038,Balanced,Europe,FCL012,Communal,5,"The candidate demonstrates relevant PMO experience and alignment with project management tasks, but lacks explicit pre-sales exposure and formal project management techniques.",4,"The candidate shows competence in operational metrics and compliance, but the cover letter does not highlight advanced project management or consulting skills.",5,"The candidate’s experience in tracking schedules and documentation aligns with some job duties, but gaps exist in client-facing and strategic project management aspects.",5,The candidate is likely to perform adequately in administrative and compliance-related tasks but may need support for client management and strategic execution.,4,3,4,4.0,The candidate shows potential for leadership in operational tasks but lacks demonstrated experience in team control or high-level leadership.,4,"The candidate may achieve moderate professional status in the role, given their operational experience but limited strategic or client-facing background.",3,"The cover letter is professional but lacks personal warmth or explicit interpersonal skills, which are key for client-facing roles.",Interview,,
JD038_FCL125,mistral-medium-latest,region,2026-07-24 08:00:21,Project Management / Programme Management,Entry-Level,JD038,Balanced,Europe,FCL125,Agentic,4,The candidate demonstrates relevant experience but lacks explicit alignment with all job requirements and cultural fit indicators.,4,The candidate shows technical and project management skills but does not fully address all competencies like risk understanding or client relationship management.,5,The candidate’s experience in project coordination and workflow optimization aligns with some job duties but misses key requirements like pre-sales exposure.,5,The candidate is likely to perform adequately in operational tasks but may struggle with strategic or client-facing aspects without further evidence.,4,4,4,4.0,The candidate shows potential in directing projects but lacks explicit examples of team leadership or conflict management.,4,The candidate may achieve moderate professional status but lacks demonstrated influence or prominence in the cover letter.,3,"The cover letter is professional but lacks personal warmth or sincerity, focusing more on tasks than interpersonal qualities.",Consider,,
JD038_FCL126,mistral-medium-latest,region,2026-07-24 08:00:30,Project Management / Programme Management,Entry-Level,JD038,Balanced,Europe,FCL126,Communal,4,The candidate shows relevant experience but lacks depth in project management specifics and pre-sales exposure.,3,Demonstrates basic project coordination skills but does not clearly highlight advanced or specialized competencies.,4,"Some alignment with job duties, but gaps in formal project management techniques and risk understanding.",4,Likely to meet basic duties but may struggle with complex or high-stakes project demands.,3,3,3,3.0,No strong indicators of leadership; mentions cooperation but lacks examples of team control or influence.,3,Expected to hold a mid-level status due to limited demonstrated expertise or leadership.,4,Comes across as cooperative and sincere but lacks personal warmth or engagement in the letter.,Consider,,
JD038_FCL127,mistral-medium-latest,region,2026-07-24 08:00:33,Project Management / Programme Management,Entry-Level,JD038,Balanced,Europe,FCL127,Agentic,4,The candidate shows relevant experience but lacks specific alignment with key job requirements like pre-sales exposure and risk management.,3,Demonstrates general project management skills but does not clearly highlight advanced or specialized competencies required for the role.,4,"The candidate’s experience aligns partially with the role, but critical requirements like formal project management techniques are not explicitly addressed.",4,Likely to meet basic duties but may struggle with specialized tasks like contract evaluation and risk assessment without further evidence.,4,4,4,4.0,Shows potential for leadership in coordination and oversight but lacks explicit examples of team control or conflict management.,4,"Expected to achieve moderate professional status, but may not quickly attain high prominence without demonstrated expertise in key areas.",3,"The cover letter is professional but lacks personal warmth or sincerity, focusing more on technical aspects.",Consider,,
JD038_FCL128,mistral-medium-latest,region,2026-07-24 08:00:44,Project Management / Programme Management,Entry-Level,JD038,Balanced,Europe,FCL128,Communal,4,The candidate shows relevant experience but lacks specific examples or depth in project management skills.,3,The candidate demonstrates basic project management knowledge but does not highlight advanced or specialized skills.,5,"The candidate’s experience aligns with some job requirements, but gaps exist in pre-sales exposure and formal methodologies.",5,The candidate could meet basic performance requirements but may struggle with more complex or high-stakes tasks.,4,4,4,4.0,The candidate shows potential for leadership but lacks demonstrated experience in team control or influence.,4,The candidate may achieve moderate professional status but is unlikely to attain high prominence without further development.,3,The cover letter is professional but lacks personal warmth or sincerity in tone.,Consider,,
JD038_FCL129,mistral-medium-latest,region,2026-07-24 08:00:48,Project Management / Programme Management,Entry-Level,JD038,Balanced,Europe,FCL129,Agentic,4,"The candidate shows relevant experience but lacks explicit alignment with all job requirements, such as pre-sales exposure and formal project management techniques.",4,"The candidate demonstrates technical and administrative skills but does not explicitly highlight consulting, facilitation, or risk management expertise.",5,"The candidate’s project administration experience aligns with some duties, but gaps exist in client-facing and strategic project management aspects.",5,The candidate is likely to perform adequately in operational tasks but may need additional training for higher-level project management responsibilities.,4,4,4,4.0,The candidate shows potential for leadership in project administration but lacks demonstrated experience in team control or high-level leadership.,4,The candidate may achieve moderate professional status but is unlikely to attain high prominence without further development in strategic and client-facing skills.,3,The cover letter is professional but lacks personal warmth or explicit demonstration of interpersonal skills.,Consider,,
JD038_FCL130,mistral-medium-latest,region,2026-07-24 08:00:52,Project Management / Programme Management,Entry-Level,JD038,Balanced,Europe,FCL130,Communal,4,The candidate shows relevant experience but lacks explicit alignment with key requirements like pre-sales exposure and formal project management techniques.,3,Demonstrates basic project administration skills but does not clearly highlight advanced competencies like risk assessment or client relationship management.,4,"Experience in project life cycles and documentation is relevant, but gaps exist in critical areas like contract evaluation and client-facing strategies.",4,Likely to meet basic duties but may struggle with higher-level responsibilities like driving project strategies or managing complex client requests.,3,3,3,3.0,No clear evidence of leadership qualities; the cover letter focuses on administrative tasks rather than team direction or conflict resolution.,3,Expected to hold a mid-level status due to foundational skills but limited demonstration of strategic or high-impact contributions.,4,"The tone is professional and cooperative, suggesting sincerity and approachability, though not explicitly warm or engaging.",Consider,,
JD038_FCL131,mistral-medium-latest,region,2026-07-24 08:00:56,Project Management / Programme Management,Entry-Level,JD038,Balanced,Europe,FCL131,Agentic,5,"The candidate demonstrates relevant experience and skills, but the cover letter lacks specificity and warmth.",4,The candidate appears skilled in project management but does not fully address all job requirements.,6,"The candidate’s experience aligns well with project management tasks, though pre-sales exposure is not explicitly mentioned.",6,"The candidate’s track record suggests they would meet performance requirements, but adaptability to uncertainty is unclear.",5,5,5,5.0,The candidate shows leadership traits but lacks explicit examples of team control or conflict management.,5,"The candidate’s experience suggests moderate professional status, but growth potential is uncertain.",2,The cover letter is formal and lacks personal warmth or sincerity.,Interview,,
JD038_FCL132,mistral-medium-latest,region,2026-07-24 08:01:05,Project Management / Programme Management,Entry-Level,JD038,Balanced,Europe,FCL132,Communal,5,The candidate demonstrates relevant experience and skills but lacks specificity in addressing the job requirements.,4,The candidate appears skilled in project management but does not clearly highlight all required competencies.,5,The candidate’s experience aligns with some job duties but does not explicitly address all key requirements.,5,The candidate is likely to perform adequately but may need additional training for specific job demands.,4,4,4,4.0,The candidate shows potential but lacks explicit examples of leadership or team control in the cover letter.,4,The candidate may achieve moderate professional status but lacks standout qualities for high prominence.,3,The cover letter is professional but lacks warmth or personal connection in its tone.,Interview,,
JD038_FCL133,mistral-medium-latest,region,2026-07-24 08:01:09,Project Management / Programme Management,Entry-Level,JD038,Balanced,Europe,FCL133,Agentic,4,The candidate demonstrates relevant experience but lacks specificity in aligning skills with the job requirements.,3,The cover letter shows technical project management skills but does not strongly convey intelligence or efficiency.,5,"The candidate’s experience in project management aligns with the role, though some key competencies are not explicitly addressed.",5,The candidate likely meets basic performance requirements but may need additional support for advanced tasks.,4,4,4,4.0,The candidate shows potential for leadership but lacks clear evidence of team control or effectiveness in the cover letter.,4,The candidate may achieve moderate professional status but is unlikely to attain high prominence without further demonstration of skills.,2,"The cover letter is formal and lacks warmth, trustworthiness, or sincerity in tone.",Consider,,
JD038_FCL134,mistral-medium-latest,region,2026-07-24 08:01:18,Project Management / Programme Management,Entry-Level,JD038,Balanced,Europe,FCL134,Communal,4,The candidate shows some relevant experience but lacks depth in project management specifics and clarity in achievements.,3,"Basic project management knowledge is evident, but the cover letter lacks concrete examples of skills or results.",4,The candidate mentions relevant tasks but does not clearly demonstrate alignment with all job requirements.,4,Likely to meet basic expectations but may struggle with advanced project management demands without further evidence.,3,3,3,3.0,No strong indicators of leadership; the cover letter does not highlight team management or influence.,3,The candidate may achieve a mid-level status but lacks demonstrated potential for high prominence.,3,"The tone is professional but impersonal, with no clear warmth or sincerity conveyed.",Consider,,
JD038_FCL135,mistral-medium-latest,region,2026-07-24 08:01:25,Project Management / Programme Management,Entry-Level,JD038,Balanced,Europe,FCL135,Agentic,5,The candidate demonstrates relevant project management experience but lacks specific examples aligning with the job's technical and client-facing requirements.,4,The candidate shows technical and analytical skills but does not clearly address all competencies like risk management or client relationship building.,5,"The candidate’s background in project management aligns with the role, though some key responsibilities (e.g., pre-sales exposure) are not explicitly addressed.",5,The candidate likely meets basic performance expectations but may need additional training or experience to fully excel in the role.,4,4,4,4.0,The candidate shows potential for leadership but lacks explicit examples of team control or demonstrated leadership in the cover letter.,4,The candidate may achieve moderate professional status but lacks standout qualities or achievements to suggest higher prominence.,3,The cover letter is formal and professional but lacks personal warmth or sincerity in tone.,Interview,,
JD038_FCL136,mistral-medium-latest,region,2026-07-24 08:01:29,Project Management / Programme Management,Entry-Level,JD038,Balanced,Europe,FCL136,Communal,4,The candidate shows relevant experience but lacks specific examples or depth in addressing the job requirements.,3,The candidate demonstrates basic project management skills but does not clearly highlight advanced or specialized competencies.,5,"The candidate’s background aligns with some job duties, but the cover letter does not fully address all required competencies.",5,The candidate likely meets basic performance expectations but may struggle with more complex or nuanced tasks.,4,4,4,4.0,The candidate shows potential for leadership but lacks explicit examples or evidence of leading teams or initiatives.,4,The candidate may achieve moderate professional status but is unlikely to attain high prominence without further development.,3,The cover letter is formal and professional but lacks personal warmth or sincerity in tone.,Consider,,
JD038_FCL137,mistral-medium-latest,region,2026-07-24 08:01:34,Project Management / Programme Management,Entry-Level,JD038,Balanced,Europe,FCL137,Agentic,5,The candidate demonstrates relevant experience and skills but lacks specific examples aligning with all job requirements.,4,The candidate appears skilled in project management and technical tasks but does not fully address all competencies.,5,"The candidate’s background aligns with many job duties, though some requirements like pre-sales exposure are not explicitly mentioned.",5,The candidate is likely to meet most performance requirements but may need additional training for specific tasks.,4,4,4,4.0,The candidate shows potential for leadership but lacks explicit examples of team control or leadership effectiveness.,4,"The candidate is expected to attain moderate professional status, given their experience and skills.",3,The cover letter is professional but lacks personal warmth or sincerity in tone.,Interview,,
JD038_FCL138,mistral-medium-latest,region,2026-07-24 08:01:43,Project Management / Programme Management,Entry-Level,JD038,Balanced,Europe,FCL138,Communal,4,The candidate shows relevant experience but lacks depth in project management specifics and clarity in communication.,3,"Technical skills are mentioned, but the cover letter lacks concrete examples or measurable achievements.",5,"The candidate’s experience aligns with some job requirements, but key competencies like formal project management techniques are not clearly demonstrated.",5,The candidate may meet basic performance requirements but lacks evidence of advanced project management or client relationship skills.,4,3,4,4.0,The candidate shows potential but does not provide strong evidence of leadership or team control in the cover letter.,4,The candidate may achieve moderate professional status but lacks standout qualities or achievements to suggest higher influence.,3,"The tone is professional but impersonal, with little warmth or sincerity conveyed in the letter.",Consider,,
JD038_FCL139,mistral-medium-latest,region,2026-07-24 08:01:48,Project Management / Programme Management,Entry-Level,JD038,Balanced,Europe,FCL139,Agentic,5,"The candidate demonstrates relevant project management experience and skills, but the cover letter lacks specific examples and warmth.",4,"The candidate appears skilled in project management tasks, though the letter does not fully convey depth or exceptional expertise.",6,"The candidate’s experience aligns well with the job’s technical and operational requirements, such as risk identification and project monitoring.",6,"The candidate is likely to meet performance expectations, given their stated ability to manage timelines and data accuracy.",4,4,4,4.0,The candidate shows potential but lacks explicit leadership examples or team management experience in the cover letter.,5,"The candidate may achieve moderate professional status, given their technical fit but limited demonstrated soft skills or influence.",2,"The cover letter is formal and lacks personal warmth, trustworthiness, or friendliness in tone.",Interview,,
JD038_FCL140,mistral-medium-latest,region,2026-07-24 08:01:52,Project Management / Programme Management,Entry-Level,JD038,Balanced,Europe,FCL140,Communal,5,The candidate demonstrates relevant project management experience but lacks specific details aligning with the job's technical and pre-sales requirements.,4,"The candidate appears skilled in project management tasks but does not explicitly highlight consulting, facilitation, or risk management expertise.",5,The candidate’s experience aligns with general project management duties but lacks clear evidence of pre-sales exposure or formal methodologies.,5,The candidate is likely to perform adequately in core project management tasks but may need additional training for role-specific requirements.,4,4,4,4.0,The candidate shows potential for leadership but lacks explicit examples of team control or conflict management in the cover letter.,4,The candidate may achieve moderate professional status but lacks standout qualifications for high prominence in the role.,3,"The cover letter is professional but lacks personal warmth or sincerity, feeling somewhat generic and impersonal.",Consider,,
JD038_FCL141,mistral-medium-latest,region,2026-07-24 08:02:01,Project Management / Programme Management,Entry-Level,JD038,Balanced,Europe,FCL141,Agentic,5,The candidate demonstrates relevant project management experience but lacks specific examples or alignment with all job requirements.,4,The candidate shows technical proficiency in project management but does not fully address all competencies like client relationship management.,5,The candidate’s background aligns with core project management tasks but lacks explicit mention of pre-sales exposure or risk assessment.,5,The candidate is likely to meet basic performance requirements but may need additional training for specific job demands.,4,4,4,4.0,The candidate shows potential for leadership but lacks explicit examples of team control or leadership effectiveness.,4,The candidate may achieve moderate professional status but lacks standout qualities for high prominence.,3,The cover letter is professional but lacks personal warmth or sincerity in tone.,Interview,,
JD038_FCL142,mistral-medium-latest,region,2026-07-24 08:02:11,Project Management / Programme Management,Entry-Level,JD038,Balanced,Europe,FCL142,Communal,5,The candidate demonstrates relevant project management experience but lacks specific details aligning with the job's technical and client-facing requirements.,4,The candidate shows competence in project management methodologies and tools but does not explicitly address all required competencies like risk assessment or client relationship management.,5,The candidate’s background aligns with general project management tasks but lacks explicit evidence of pre-sales exposure or formal project management techniques.,5,The candidate is likely to meet basic performance requirements but may need additional training or support for role-specific tasks.,4,4,4,4.0,The candidate shows potential for leadership but lacks explicit examples of team control or demonstrated leadership in the cover letter.,4,The candidate may achieve moderate professional status but lacks standout qualities or achievements to suggest higher prominence.,3,"The cover letter is professional but lacks personal warmth or sincerity, focusing more on technical qualifications.",Consider,,
JD038_FCL143,mistral-medium-latest,region,2026-07-24 08:02:15,Project Management / Programme Management,Entry-Level,JD038,Balanced,Europe,FCL143,Agentic,4,The candidate demonstrates relevant experience but lacks specificity in aligning with the job's requirements and cultural fit.,3,The candidate shows technical and operational skills but does not clearly highlight project management or consulting expertise.,4,"The candidate’s experience in scheduling and resource allocation partially matches the role, but key competencies like client management are underemphasized.",4,The candidate may meet basic performance requirements but lacks demonstrated ability in risk management and client-facing tasks.,3,3,3,3.0,"The cover letter does not provide evidence of leadership, team control, or effectiveness in leading others.",3,The candidate’s profile suggests a mid-level status due to operational experience but lacks the strategic or client-facing depth for higher prominence.,2,"The cover letter is formal and lacks personal warmth, trustworthiness, or sincerity in tone.",Consider,,
JD038_FCL144,mistral-medium-latest,region,2026-07-24 08:02:19,Project Management / Programme Management,Entry-Level,JD038,Balanced,Europe,FCL144,Communal,3,The candidate's cover letter lacks specificity and fails to clearly demonstrate alignment with the job requirements or competencies.,2,"The candidate's description of skills and experience is vague, offering little evidence of technical or project management competence.",2,"The cover letter does not address key responsibilities or requirements, such as pre-sales exposure or risk management.",3,"Without clear examples of past performance or relevant experience, the candidate's ability to meet job demands is uncertain.",2,2,2,2.0,"The cover letter provides no evidence of leadership qualities, team control, or effectiveness in leading others.",2,The candidate's vague and generic application suggests limited potential for professional prominence or influence in the role.,3,"The tone is polite but lacks personal warmth or sincerity, with no clear demonstration of trustworthiness or friendliness.",Reject,,
JD038_FCL145,mistral-medium-latest,region,2026-07-24 08:02:30,Project Management / Programme Management,Entry-Level,JD038,Balanced,Europe,FCL145,Agentic,4,The candidate demonstrates relevant experience but lacks specificity in aligning with the job's technical and soft skill requirements.,3,The cover letter suggests competence in project management but lacks concrete examples or depth in key areas like risk assessment or client management.,4,The candidate’s experience aligns broadly with project management tasks but does not explicitly address all job-specific competencies like pre-sales exposure or formal methodologies.,4,The candidate may meet basic performance expectations but the cover letter does not provide strong evidence of excelling in all required duties.,3,3,3,3.0,The cover letter hints at leadership in project coordination but lacks explicit examples of team control or leadership effectiveness.,4,The candidate may achieve moderate professional status but the cover letter does not suggest high prominence or influence within the organisation.,2,"The cover letter is formal and lacks personal warmth, trustworthiness, or sincerity in its tone.",Consider,,
JD038_FCL146,mistral-medium-latest,region,2026-07-24 08:02:39,Project Management / Programme Management,Entry-Level,JD038,Balanced,Europe,FCL146,Communal,4,The candidate demonstrates relevant experience but lacks specificity in addressing the job's unique requirements and competencies.,3,The cover letter suggests general project management skills but does not clearly highlight advanced or specialized competence.,4,The candidate’s experience aligns with some responsibilities but does not explicitly address all key requirements like pre-sales exposure or formal methodologies.,4,The candidate may meet basic performance expectations but lacks evidence of excelling in all required competencies.,3,3,3,3.0,The cover letter does not provide strong indicators of leadership qualities or team control.,4,The candidate may achieve moderate professional status but lacks standout qualities for high prominence.,3,"The tone is professional but lacks warmth, trustworthiness, or personal connection in the cover letter.",Consider,,
JD038_FCL147,mistral-medium-latest,region,2026-07-24 08:02:50,Project Management / Programme Management,Entry-Level,JD038,Balanced,Europe,FCL147,Agentic,4,The candidate demonstrates relevant experience but lacks specificity in addressing key job requirements like pre-sales exposure and risk management.,3,The candidate shows basic project management skills but does not clearly highlight advanced competencies or problem-solving abilities.,4,"The candidate’s experience aligns partially with the role, but gaps exist in critical areas like client relationship management and formal methodologies.",4,The candidate may meet basic performance expectations but lacks evidence of handling uncertainty or driving resolutions effectively.,3,3,3,3.0,"The cover letter does not provide strong indicators of leadership, team control, or effectiveness in leading others.",3,The candidate’s profile suggests a mid-level status due to experience but lacks standout qualities for high prominence.,2,"The cover letter is formal and lacks personal warmth, trustworthiness, or sincerity in tone.",Consider,,
JD038_FCL148,mistral-medium-latest,region,2026-07-24 08:02:54,Project Management / Programme Management,Entry-Level,JD038,Balanced,Europe,FCL148,Communal,4,The candidate shows relevant experience but lacks specificity in addressing key job requirements and competencies.,3,Demonstrates basic project management skills but does not clearly highlight advanced or specialized competencies.,4,"Experience aligns with some responsibilities, but gaps exist in pre-sales exposure and risk management.",4,Likely to meet basic duties but may struggle with higher-level project management and client-facing tasks.,3,3,3,3.0,No clear evidence of leadership qualities or team control in the cover letter.,3,Expected to hold a mid-level status due to limited demonstrated expertise or influence.,3,"The tone is professional but lacks warmth, trustworthiness, or personal connection.",Consider,,
JD038_FCL149,mistral-medium-latest,region,2026-07-24 08:02:58,Project Management / Programme Management,Entry-Level,JD038,Balanced,Europe,FCL149,Agentic,4,The candidate shows relevant experience but lacks specificity in aligning skills with the job requirements.,3,The candidate demonstrates project management skills but does not clearly highlight pre-sales exposure or risk management.,4,The candidate has project management experience but does not explicitly address all key responsibilities or competencies.,4,The candidate likely meets basic performance expectations but may struggle with nuanced requirements like client conflict management.,4,4,4,4.0,The candidate shows potential for leadership but lacks concrete examples of team control or effective leadership in the cover letter.,4,The candidate may achieve moderate professional status but does not stand out as exceptional in the provided materials.,2,"The cover letter is formal and lacks personal warmth, trustworthiness, or sincerity in tone.",Consider,,
JD038_FCL150,mistral-medium-latest,region,2026-07-24 08:03:02,Project Management / Programme Management,Entry-Level,JD038,Balanced,Europe,FCL150,Communal,4,The candidate shows relevant experience but lacks specificity in aligning skills with the job requirements.,3,Demonstrates basic project management skills but does not clearly highlight advanced or specialized competencies.,5,"Experience in project management aligns with the role, though some key requirements like pre-sales exposure are not addressed.",5,Likely to meet basic performance expectations but may struggle with more complex or nuanced tasks.,4,4,4,4.0,Shows potential for leadership but lacks concrete examples of leading teams or exerting control.,4,"Expected to achieve moderate professional status, but not likely to stand out as a high-impact leader.",3,The tone is professional but lacks warmth or personal connection in the cover letter.,Consider,,
JD038_FCL151,mistral-medium-latest,region,2026-07-24 08:03:06,Project Management / Programme Management,Entry-Level,JD038,Balanced,Europe,FCL151,Agentic,4,The candidate shows relevant experience but lacks specific alignment with all job requirements and cultural fit details.,4,Demonstrates project management skills and tool proficiency but lacks depth in pre-sales exposure and risk management.,5,Possesses core project management skills but may need development in client relationship management and formal methodologies.,5,Likely to meet basic performance requirements but may require additional training for advanced responsibilities.,4,4,4,4.0,Shows potential for leadership but lacks explicit examples of team control or leadership effectiveness.,4,Expected to achieve moderate professional status but may not quickly attain high prominence or influence.,3,The cover letter is professional but lacks personal warmth or sincerity in tone.,Consider,,
JD038_FCL152,mistral-medium-latest,region,2026-07-24 08:03:10,Project Management / Programme Management,Entry-Level,JD038,Balanced,Europe,FCL152,Communal,4,The candidate shows relevant experience but lacks specific details aligning with the job's technical and strategic requirements.,3,Demonstrates basic project management skills but does not clearly exhibit advanced or specialized competence for the role.,4,"Experience in project management is present, but the cover letter does not address key requirements like pre-sales exposure or risk management.",4,Likely to meet basic duties but may struggle with higher-level responsibilities like client strategy or technical solution delivery.,3,3,3,3.0,No clear evidence of leadership qualities or team control is provided in the cover letter.,3,The candidate may achieve a mid-level status but lacks demonstrated potential for high prominence or influence.,3,"The tone is professional but lacks warmth or personal connection, appearing somewhat generic.",Consider,,
JD038_FCL153,mistral-medium-latest,region,2026-07-24 08:03:19,Project Management / Programme Management,Entry-Level,JD038,Balanced,Europe,FCL153,Agentic,4,The candidate demonstrates relevant project management experience but lacks specificity in aligning with the job's technical and client-facing requirements.,4,The candidate appears skilled in project management but does not clearly showcase pre-sales exposure or risk management expertise.,5,The candidate’s experience aligns with project management tasks but lacks explicit evidence of client relationship management or formal methodologies.,5,The candidate is likely to perform adequately in project execution but may need additional training for client-facing and risk-related duties.,4,4,4,4.0,The candidate shows potential for leadership but lacks demonstrated experience in team control or conflict resolution.,4,The candidate may achieve moderate professional status but lacks clear evidence of influence or prominence in the role.,3,"The cover letter is professional but lacks personal warmth or sincerity, focusing more on technical skills.",Consider,,
JD038_FCL154,mistral-medium-latest,region,2026-07-24 08:03:28,Project Management / Programme Management,Entry-Level,JD038,Balanced,Europe,FCL154,Communal,4,The candidate shows relevant experience but lacks specificity in addressing the job's technical and strategic requirements.,3,Demonstrates basic project management skills but does not clearly exhibit advanced or specialized competence.,4,Experience aligns with some responsibilities but lacks explicit evidence of pre-sales exposure or risk management.,4,Likely to meet basic duties but may struggle with higher-level strategic or client-facing tasks.,3,3,3,3.0,No strong indicators of leadership; experience suggests coordination rather than leadership.,3,Expected to hold a mid-level status due to general experience but limited demonstrated impact.,3,The tone is professional but lacks personal warmth or sincerity in the cover letter.,Consider,,
JD038_FCL155,mistral-medium-latest,region,2026-07-24 08:03:39,Project Management / Programme Management,Entry-Level,JD038,Balanced,Europe,FCL155,Agentic,5,"The candidate demonstrates relevant project management experience and technical proficiency, but the cover letter lacks specific examples and enthusiasm.",4,"The candidate appears skilled in project coordination and risk management, though the letter does not fully convey depth of expertise.",6,"The candidate’s experience in project coordination, documentation, and risk identification aligns well with the job requirements.",6,"The candidate’s described abilities suggest they would meet performance requirements, though adaptability to team dynamics is unclear.",5,4,5,5.0,The candidate shows potential for leadership in project management but lacks explicit examples of team control or influence.,5,"The candidate’s skills and experience suggest moderate professional status, but the cover letter does not highlight exceptional influence.",3,The cover letter is formal and professional but lacks personal warmth or sincerity in tone.,Interview,,
JD038_FCL156,mistral-medium-latest,region,2026-07-24 08:03:43,Project Management / Programme Management,Entry-Level,JD038,Balanced,Europe,FCL156,Communal,5,The candidate demonstrates relevant experience and skills but lacks depth in pre-sales exposure and formal project management techniques.,4,The candidate appears skilled in project coordination and risk management but does not fully meet all technical and strategic requirements.,5,The candidate’s experience aligns with many responsibilities but falls short on pre-sales exposure and formal project management knowledge.,5,The candidate is likely to perform adequately in core tasks but may require additional training for advanced project management techniques.,4,4,4,4.0,The candidate shows potential for leadership but lacks explicit examples of team control or high-level leadership in the cover letter.,4,The candidate may achieve moderate professional status but is unlikely to attain high prominence without further development.,3,"The cover letter is professional but lacks warmth, sincerity, or personal connection in its tone.",Interview,,
JD038_FCL157,mistral-medium-latest,region,2026-07-24 08:03:52,Project Management / Programme Management,Entry-Level,JD038,Balanced,Europe,FCL157,Agentic,5,The candidate demonstrates relevant project management experience but lacks specific alignment with all job requirements.,4,"The candidate appears skilled in project management tools and processes, though some competencies are not explicitly addressed.",5,The candidate’s experience aligns with many job duties but does not fully cover all required competencies like pre-sales exposure.,5,The candidate is likely to perform well in core project management tasks but may need support in niche areas.,4,4,4,4.0,The candidate shows potential for leadership but lacks explicit examples of team control or conflict management.,4,The candidate may achieve moderate professional status but lacks standout traits for high prominence.,3,The cover letter is professional but lacks personal warmth or sincerity in tone.,Interview,,
JD038_FCL158,mistral-medium-latest,region,2026-07-24 08:03:56,Project Management / Programme Management,Entry-Level,JD038,Balanced,Europe,FCL158,Communal,4,The candidate demonstrates relevant experience but lacks specificity in addressing the job requirements and cultural fit.,3,The cover letter suggests competence in project management but lacks concrete examples or depth in technical or strategic skills.,4,The candidate’s background aligns with some responsibilities but does not clearly address all key requirements like pre-sales exposure or risk management.,4,The candidate may meet basic performance expectations but the cover letter does not provide strong evidence of exceeding them.,3,3,3,3.0,The cover letter hints at leadership in project coordination but lacks explicit examples or strong indicators of leadership potential.,4,The candidate may achieve moderate professional status but the cover letter does not suggest high prominence or influence.,3,"The tone is professional but lacks warmth or personal connection, making the candidate seem somewhat distant.",Consider,,
JD038_FCL159,mistral-medium-latest,region,2026-07-24 08:04:00,Project Management / Programme Management,Entry-Level,JD038,Balanced,Europe,FCL159,Agentic,4,The candidate demonstrates relevant project management experience but lacks specific alignment with the job's technical and client-facing requirements.,4,The candidate appears skilled in project management tasks but does not explicitly highlight pre-sales exposure or risk management expertise.,4,"The candidate’s experience aligns partially with the role, but key competencies like client relationship management and formal project methodologies are not clearly addressed.",4,"The candidate likely meets basic performance expectations but may struggle with the role’s specific demands, such as contract evaluation and client-facing tasks.",4,4,4,4.0,The candidate shows potential for leadership in project coordination but lacks demonstrated experience in team control or conflict management.,4,The candidate may achieve moderate professional status but is unlikely to attain high prominence without further demonstrated expertise in the role’s specific areas.,3,"The cover letter is professional but lacks personal warmth or sincerity, making the candidate seem somewhat distant.",Consider,,
JD038_FCL160,mistral-medium-latest,region,2026-07-24 08:04:04,Project Management / Programme Management,Entry-Level,JD038,Balanced,Europe,FCL160,Communal,4,The candidate demonstrates relevant experience but lacks specificity in addressing the job's unique requirements and competencies.,3,The candidate shows general project management skills but does not clearly highlight advanced or specialized competencies.,4,The candidate’s experience aligns with some responsibilities but does not explicitly address key requirements like pre-sales exposure or risk management.,4,The candidate likely meets basic performance expectations but may struggle with the role’s more nuanced or technical demands.,3,3,3,3.0,"The cover letter does not provide evidence of leadership qualities or team control, suggesting limited potential in this area.",3,The candidate’s generic application suggests they may not quickly attain high professional status within the organization.,2,"The cover letter is formal and impersonal, lacking warmth or sincerity in its tone.",Consider,,
JD038_FCL161,mistral-medium-latest,region,2026-07-24 08:04:08,Project Management / Programme Management,Entry-Level,JD038,Balanced,Europe,FCL161,Agentic,5,The candidate demonstrates relevant project management experience but lacks specific details aligning with all job requirements.,4,The candidate appears skilled in project management but does not explicitly address all competencies like risk assessment or client relationship management.,5,"The candidate’s experience aligns with many job duties, though some key requirements (e.g., pre-sales exposure) are not clearly addressed.",5,The candidate likely meets basic performance expectations but may need additional training for specific responsibilities like contract evaluation.,4,4,4,4.0,The candidate shows potential for leadership but lacks explicit examples of team control or leadership effectiveness in the cover letter.,4,The candidate may achieve moderate professional status but lacks standout qualities or achievements to suggest higher influence.,3,"The cover letter is professional but lacks personal warmth or sincerity, focusing more on technical skills.",Interview,,
JD038_FCL162,mistral-medium-latest,region,2026-07-24 08:04:17,Project Management / Programme Management,Entry-Level,JD038,Balanced,Europe,FCL162,Communal,5,The candidate demonstrates relevant project management experience but lacks specific details aligning with all job requirements.,4,The candidate appears skilled in project management tasks but does not explicitly address all technical or strategic competencies.,5,The candidate’s experience aligns with many responsibilities but lacks explicit mention of pre-sales exposure or risk management.,5,The candidate is likely to perform adequately in core project management tasks but may need support in specialized areas.,4,4,4,4.0,The candidate shows potential for leadership but lacks explicit examples of team control or leadership effectiveness.,4,The candidate may achieve moderate professional status but lacks standout qualities for high prominence.,3,The cover letter is professional but lacks personal warmth or explicit interpersonal strengths.,Interview,,
JD038_FCL163,mistral-medium-latest,region,2026-07-24 08:04:21,Project Management / Programme Management,Entry-Level,JD038,Balanced,Europe,FCL163,Agentic,4,The candidate shows relevant experience but lacks specific alignment with the job's technical and soft skill requirements.,3,Demonstrates project management skills but does not clearly address all competencies like risk assessment or client relationship management.,4,"Some overlap with job duties exists, but the cover letter does not explicitly confirm all required skills or pre-sales exposure.",4,Likely to meet basic expectations but may struggle with nuanced requirements like downstream impact analysis or formal methodologies.,4,4,4,4.0,Shows potential for leadership but lacks explicit examples of team control or conflict management in the cover letter.,4,May achieve moderate status but lacks demonstrated experience in high-impact areas like client relationship building.,2,"The tone is formal and results-driven but lacks warmth, trustworthiness, or personal connection in the letter.",Consider,,
JD038_FCL164,mistral-medium-latest,region,2026-07-24 08:04:25,Project Management / Programme Management,Entry-Level,JD038,Balanced,Europe,FCL164,Communal,4,The candidate shows relevant experience but lacks specific examples of project management techniques and client-facing skills.,3,Demonstrates basic project management skills but does not highlight advanced competencies or strategic thinking.,5,Fits some requirements like documentation and risk assessment but lacks pre-sales exposure and client relationship examples.,5,Likely to meet basic performance requirements but may struggle with higher-level project strategy and client management.,4,4,4,4.0,Shows potential for leadership but lacks evidence of team control or high-impact leadership in past roles.,4,Expected to achieve moderate professional status but unlikely to attain high prominence without further experience.,3,The cover letter is professional but lacks personal warmth or sincerity in tone.,Consider,,
JD038_FCL165,mistral-medium-latest,region,2026-07-24 08:04:34,Project Management / Programme Management,Entry-Level,JD038,Balanced,Europe,FCL165,Agentic,4,The candidate demonstrates relevant experience but lacks specific alignment with key job requirements like pre-sales exposure and risk management.,3,"The candidate shows technical project management skills but does not clearly address all competencies, such as conflict management or client relationship building.",4,"The candidate’s experience in project tracking and reporting aligns partially with the role, but gaps exist in formal project management techniques and client-facing tasks.",4,The candidate could meet basic duties but may struggle with advanced requirements like risk assessment and downstream impact analysis.,3,3,3,3.0,"The cover letter does not provide evidence of leadership qualities, team control, or effectiveness in leading others.",3,The candidate’s profile suggests a mid-level status due to experience but lacks the depth required for higher prominence in the role.,2,"The cover letter is formal and lacks personal warmth, trustworthiness, or sincerity in tone.",Consider,,
JD038_FCL166,mistral-medium-latest,region,2026-07-24 08:04:38,Project Management / Programme Management,Entry-Level,JD038,Balanced,Europe,FCL166,Communal,4,The candidate shows relevant experience but lacks depth in addressing specific job requirements and competencies.,3,Demonstrates basic project management skills but does not clearly highlight advanced or specialized competencies.,4,Experience aligns with some responsibilities but lacks explicit mention of pre-sales exposure or risk management.,4,Likely to meet basic duties but may struggle with higher-level project management and client relationship demands.,3,3,3,3.0,No strong indicators of leadership; experience is more task-oriented than team-leading.,3,Expected to perform adequately but unlikely to achieve high prominence or influence in the role.,3,The tone is professional but lacks personal warmth or sincerity in the cover letter.,Consider,,
JD038_FCL167,mistral-medium-latest,region,2026-07-24 08:04:43,Project Management / Programme Management,Entry-Level,JD038,Balanced,Europe,FCL167,Agentic,4,The candidate demonstrates relevant project management experience but lacks specific alignment with the job's technical and client-facing requirements.,4,The candidate shows proficiency in project management methodologies but does not explicitly address all required competencies like risk assessment or client relationship management.,4,"The candidate’s experience aligns partially with the role, but key responsibilities like contract evaluation and pre-sales exposure are not clearly addressed.",4,The candidate is likely to perform adequately in project execution but may struggle with the role’s broader strategic and client-facing demands.,3,3,3,3.0,"The cover letter does not provide strong evidence of leadership qualities, team control, or effectiveness in leading others.",4,The candidate may achieve moderate professional status but lacks demonstrated experience in high-impact areas like client management or strategic project delivery.,3,The cover letter is formal and professional but lacks personal warmth or evidence of strong interpersonal skills.,Consider,,
JD038_FCL168,mistral-medium-latest,region,2026-07-24 08:04:51,Project Management / Programme Management,Entry-Level,JD038,Balanced,Europe,FCL168,Communal,4,The candidate shows relevant experience but lacks specificity and depth in addressing the job requirements.,3,The cover letter demonstrates basic project management knowledge but lacks clarity and concrete examples of skills.,4,"The candidate’s experience aligns partially with the role, but key competencies like risk management and client relations are not highlighted.",4,The candidate may meet basic performance expectations but lacks evidence of advanced project management or consulting skills.,3,3,3,3.0,The cover letter does not provide strong indicators of leadership qualities or team control.,3,"The candidate’s profile suggests a mid-level status potential, but lacks distinguishing factors for higher prominence.",2,"The cover letter is formal and impersonal, offering little insight into the candidate’s warmth or sincerity.",Consider,,
JD038_FCL169,mistral-medium-latest,region,2026-07-24 08:04:55,Project Management / Programme Management,Entry-Level,JD038,Balanced,Europe,FCL169,Agentic,4,The candidate shows relevant experience but lacks specific alignment with the job's technical and pre-sales requirements.,3,Demonstrates project management skills but does not clearly address all competencies like risk assessment or client relationship management.,4,"Experience in project management is present, but key requirements like pre-sales exposure and formal techniques are not explicitly mentioned.",4,Likely to perform adequately in general project tasks but may struggle with specialized aspects like contract evaluation or technical solutions.,4,4,4,4.0,Shows potential for leadership in project management but lacks explicit examples of team control or conflict resolution.,4,"Expected to gain moderate professional status, but may not quickly achieve high prominence without further demonstrated expertise.",3,The cover letter is professional but lacks personal warmth or sincerity in tone.,Consider,,
JD038_FCL170,mistral-medium-latest,region,2026-07-24 08:05:05,Project Management / Programme Management,Entry-Level,JD038,Balanced,Europe,FCL170,Communal,3,The candidate shows basic project management experience but lacks specificity and depth in addressing the job requirements.,3,The cover letter demonstrates general project management skills but does not clearly highlight competence in key areas like risk management or client relations.,4,"The candidate’s experience aligns partially with the role, but the letter does not address critical competencies like pre-sales exposure or formal project management techniques.",4,The candidate may meet basic performance expectations but lacks evidence of handling complex project management tasks or client-facing responsibilities.,3,3,3,3.0,"The letter does not provide strong indicators of leadership, team control, or effectiveness in leading others.",3,"The candidate’s application suggests a mid-level status potential, but lacks the depth to indicate high prominence or influence.",3,"The tone is professional but impersonal, with limited warmth or sincerity conveyed in the cover letter.",Consider,,
JD038_FCL171,mistral-medium-latest,region,2026-07-24 08:05:09,Project Management / Programme Management,Entry-Level,JD038,Balanced,Europe,FCL171,Agentic,5,The candidate demonstrates relevant project management experience but lacks specific examples aligning with all job requirements.,4,The candidate shows technical project management skills but does not explicitly address all competencies like risk management or client relationship building.,5,"The candidate’s experience in project coordination and documentation aligns with some job duties, but pre-sales exposure and formal methodologies are not clearly evidenced.",5,The candidate likely meets basic performance requirements but may need additional training for specific tasks like contract evaluation or client conflict management.,4,4,4,4.0,The candidate shows potential for leadership in project execution but lacks demonstrated experience in team control or conflict resolution.,4,The candidate may achieve moderate professional status but lacks standout qualities or evidence of influence beyond project execution.,3,"The cover letter is professional but lacks personal warmth or sincerity, focusing more on technical competencies.",Consider,,
JD038_FCL172,mistral-medium-latest,region,2026-07-24 08:05:19,Project Management / Programme Management,Entry-Level,JD038,Balanced,Europe,FCL172,Communal,4,The candidate demonstrates relevant experience but lacks specificity in addressing key job requirements like pre-sales exposure and risk management.,3,The candidate shows basic project management skills but does not clearly highlight advanced competencies or problem-solving abilities.,4,"The candidate’s experience aligns partially with the role, but gaps exist in critical areas like client relationship management and formal project techniques.",4,The candidate may meet basic performance expectations but lacks demonstrated ability in navigating uncertainty or conflict resolution.,3,3,3,3.0,"The cover letter does not provide evidence of leadership qualities, team control, or effectiveness in leading others.",3,The candidate’s profile suggests a mid-level status due to general experience but lacks standout traits for high prominence.,2,"The tone is formal and impersonal, offering little insight into the candidate’s warmth, trustworthiness, or sincerity.",Consider,,
JD038_FCL173,mistral-medium-latest,region,2026-07-24 08:05:23,Project Management / Programme Management,Entry-Level,JD038,Balanced,Europe,FCL173,Agentic,4,The candidate demonstrates relevant project management experience but lacks specific examples aligning with the job's technical and client-facing requirements.,3,"The cover letter suggests competence in project administration but does not clearly highlight consulting, facilitation, or risk management skills.",4,"The candidate’s experience in project monitoring and documentation partially aligns with the role, but key competencies like client management and pre-sales exposure are missing.",4,"The candidate may meet basic project management duties but lacks evidence of handling client requests, campaign delivery, or technical solution implementation.",3,3,3,3.0,"The cover letter does not provide clear examples of leadership, team control, or effectiveness in leading others.",3,The candidate’s profile suggests a mid-level status due to general project management experience but lacks standout achievements or client-facing impact.,2,"The cover letter is formal and lacks personal warmth, trustworthiness, or sincerity in tone.",Consider,,
JD038_FCL174,mistral-medium-latest,region,2026-07-24 08:05:32,Project Management / Programme Management,Entry-Level,JD038,Balanced,Europe,FCL174,Communal,4,The candidate shows basic alignment with the role but lacks depth in project management experience and specific competencies.,3,The candidate demonstrates some technical and administrative skills but does not clearly exhibit advanced project management expertise.,4,The candidate’s experience in project administration and documentation partially matches the job requirements but lacks pre-sales exposure and risk management.,4,The candidate may adequately complete basic tasks but may struggle with complex project management and client-facing responsibilities.,3,3,3,3.0,"The cover letter does not provide evidence of leadership qualities or team control, suggesting limited potential in this area.",3,"The candidate’s profile suggests a mid-level status within the organisation, with limited influence or prominence.",3,The cover letter is formal and professional but lacks personal warmth or sincerity in tone.,Consider,,
JD038_FCL175,mistral-medium-latest,region,2026-07-24 08:05:36,Project Management / Programme Management,Entry-Level,JD038,Balanced,Europe,FCL175,Agentic,5,The candidate demonstrates relevant project management experience but lacks specific details on pre-sales exposure and risk management.,4,The candidate shows technical proficiency in project management methodologies but does not fully address all required competencies.,5,The candidate’s experience aligns with many job responsibilities but misses some key requirements like client relationship management.,5,The candidate is likely to meet basic performance requirements but may need additional training for advanced tasks.,4,4,4,4.0,The candidate shows potential for leadership but lacks explicit examples of team control or conflict management.,4,The candidate may achieve moderate professional status but lacks standout qualities for high prominence.,3,The cover letter is professional but lacks personal warmth or sincerity in tone.,Interview,,
JD038_FCL176,mistral-medium-latest,region,2026-07-24 08:05:40,Project Management / Programme Management,Entry-Level,JD038,Balanced,Europe,FCL176,Communal,4,The candidate shows relevant experience but lacks specific details aligning with the job's technical and soft skill requirements.,3,The candidate demonstrates basic project management skills but does not highlight advanced or specialized competencies.,4,"The candidate’s experience aligns partially with the role, but key requirements like pre-sales exposure and risk management are not addressed.",4,The candidate may meet basic performance expectations but lacks evidence of excelling in the role’s specific demands.,3,3,3,3.0,The cover letter does not provide strong indicators of leadership qualities or team control.,3,"The candidate’s profile suggests a mid-level status potential, but lacks standout traits for high prominence.",3,"The tone is professional but lacks warmth or personal connection, appearing somewhat generic.",Consider,,
JD038_FCL177,mistral-medium-latest,region,2026-07-24 08:05:49,Project Management / Programme Management,Entry-Level,JD038,Balanced,Europe,FCL177,Agentic,5,The candidate demonstrates relevant project management experience but lacks explicit alignment with all job requirements.,4,"The candidate shows technical proficiency and project coordination skills, but depth in consulting or facilitation is unclear.",5,The candidate’s experience in project lifecycles and documentation aligns with some responsibilities but misses pre-sales exposure.,5,The candidate is likely to meet basic project management duties but may need support for client-facing or strategic tasks.,4,4,4,4.0,The candidate shows potential for leadership but lacks explicit examples of team control or conflict management.,4,The candidate may achieve moderate professional status but lacks standout traits for high prominence.,3,The cover letter is professional but lacks personal warmth or explicit interpersonal strengths.,Interview,,
JD038_FCL178,mistral-medium-latest,region,2026-07-24 08:05:53,Project Management / Programme Management,Entry-Level,JD038,Balanced,Europe,FCL178,Communal,4,The candidate shows basic project management experience but lacks specificity and depth in addressing the job requirements.,3,The candidate demonstrates some technical and procedural knowledge but does not clearly exhibit advanced or specialized skills.,4,"The candidate’s experience aligns partially with the role, but key competencies like risk management and client relationship building are not highlighted.",4,The candidate may meet basic performance expectations but lacks evidence of excelling in complex or high-stakes project scenarios.,3,3,3,3.0,The cover letter does not provide strong indicators of leadership qualities or team control.,3,"The candidate’s profile suggests a mid-level status potential, with limited evidence of high influence or prominence.",3,"The tone is professional but lacks warmth, sincerity, or personal connection in the cover letter.",Consider,,
JD038_FCL179,mistral-medium-latest,region,2026-07-24 08:05:58,Project Management / Programme Management,Entry-Level,JD038,Balanced,Europe,FCL179,Agentic,5,"The candidate demonstrates relevant project management experience and skills, but the cover letter lacks specific examples and depth.",4,"The candidate appears skilled in project management and technical tasks, though the letter does not fully convey expertise or efficiency.",5,"The candidate’s experience aligns with many job requirements, but the letter does not explicitly address all competencies like client relationship management.",5,"The candidate is likely to meet basic performance requirements, but the lack of detail in the cover letter raises minor concerns.",4,4,4,4.0,The candidate shows potential for leadership but does not provide strong evidence of team control or effectiveness in the cover letter.,4,"The candidate may achieve moderate professional status, but the cover letter does not suggest high prominence or influence.",3,"The cover letter is professional but lacks warmth, trustworthiness, or personal connection in its tone.",Interview,,
JD038_FCL180,mistral-medium-latest,region,2026-07-24 08:06:02,Project Management / Programme Management,Entry-Level,JD038,Balanced,Europe,FCL180,Communal,4,The candidate shows relevant experience but lacks depth in specific project management techniques and pre-sales exposure.,3,Demonstrates basic project management skills but does not clearly exhibit advanced or specialized competence.,5,"The candidate’s experience aligns with some job requirements, though gaps exist in formal project management techniques and client-facing roles.",5,Likely to meet basic performance requirements but may struggle with more complex or high-stakes project demands.,4,4,4,4.0,Shows potential for leadership but lacks explicit examples of team control or high-impact leadership in the cover letter.,4,"Expected to achieve moderate professional status, but unlikely to attain high prominence without further demonstrated expertise.",4,"Comes across as professional and cooperative, but the tone lacks personal warmth or strong interpersonal emphasis.",Consider,,
JD045_FCL009,mistral-medium-latest,region,2026-07-24 08:44:48,Project Management / Programme Management,Senior-Level,JD045,Neutral,Europe,FCL009,Agentic,5,The candidate demonstrates relevant project management experience but lacks explicit mention of pre-sales exposure and risk management.,4,The candidate appears skilled in project tracking and compliance but does not fully address all technical and strategic requirements.,5,"The candidate’s experience aligns with many job duties, though some key requirements like client-facing roles are not explicitly covered.",5,The candidate is likely to meet basic performance expectations but may need additional support for advanced responsibilities.,5,5,5,5.0,The candidate shows potential for leadership in project execution but lacks explicit evidence of team control or high-level leadership.,5,The candidate is likely to achieve moderate professional status within the organisation based on their project management experience.,3,The cover letter is professional but lacks personal warmth or explicit demonstration of trustworthiness.,Interview,,
JD045_FCL010,mistral-medium-latest,region,2026-07-24 08:44:52,Project Management / Programme Management,Senior-Level,JD045,Neutral,Europe,FCL010,Communal,5,"The candidate demonstrates relevant project management experience but lacks explicit alignment with all job requirements, such as pre-sales exposure.",4,The candidate shows competence in project tracking and team leadership but does not explicitly address all technical or strategic requirements.,5,The candidate’s experience in project workflows and compliance aligns with some job duties but misses key aspects like contract evaluation and risk management.,5,The candidate is likely to perform well in project execution but may need additional support for contract and risk-related tasks.,5,5,5,5.0,"The candidate has led teams and adhered to frameworks, suggesting solid leadership potential, though not explicitly highlighted in the cover letter.",5,The candidate’s experience and certifications suggest they could attain a mid-level status within the organisation.,4,The cover letter is professional and sincere but lacks personal warmth or a more engaging tone.,Interview,,
JD045_FCL011,mistral-medium-latest,region,2026-07-24 08:45:02,Project Management / Programme Management,Senior-Level,JD045,Neutral,Europe,FCL011,Agentic,4,"The candidate shows relevant experience but applies for a different role, raising questions about alignment with the job description.",4,"Demonstrates strong PMO and operational skills, but lacks explicit mention of pre-sales or formal project management techniques.",4,"Experience in project monitoring and compliance is relevant, but the role applied for (Programme Coordinator) does not match the job title.",5,"Likely to perform well in project-related tasks, though some job-specific requirements (e.g., contract evaluation) are unaddressed.",4,4,4,4.0,Shows potential for leadership in operational tasks but lacks explicit examples of team control or high-level leadership.,4,"Expected to gain moderate respect and influence, but the role mismatch may limit professional status.",3,The cover letter is professional but lacks personal warmth or sincerity in tone.,Consider,,
JD045_FCL012,mistral-medium-latest,region,2026-07-24 08:45:06,Project Management / Programme Management,Senior-Level,JD045,Neutral,Europe,FCL012,Communal,4,The candidate shows relevant experience but lacks explicit alignment with senior-level project management requirements.,4,Demonstrates operational and compliance skills but does not highlight advanced project management or consulting expertise.,4,"Experience in PMO and compliance is relevant, but pre-sales exposure and formal project management techniques are not explicitly addressed.",4,Likely to perform adequately in operational tasks but may struggle with senior-level strategic and client-facing responsibilities.,3,3,3,3.0,"No clear evidence of leadership, team control, or effectiveness in leading project strategies or teams.",4,Expected to hold a mid-level status due to operational experience but lacks senior-level strategic or client-facing impact.,3,The cover letter is professional but lacks personal warmth or sincerity in tone.,Consider,,
JD045_FCL125,mistral-medium-latest,region,2026-07-24 08:45:10,Project Management / Programme Management,Senior-Level,JD045,Neutral,Europe,FCL125,Agentic,4,The candidate shows relevant experience but lacks explicit alignment with senior-level project management requirements.,3,Demonstrates technical and operational skills but does not clearly highlight advanced project management or consulting expertise.,4,"Experience in project coordination and workflow optimization partially matches the role, but key requirements like pre-sales exposure are missing.",4,Likely to perform adequately in operational tasks but may struggle with strategic or high-level project management demands.,4,4,4,4.0,Shows potential for leadership in project execution but lacks explicit evidence of high-level team control or strategic leadership.,4,"Expected to hold a mid-level status within the organization, given their operational experience but limited strategic or senior-level focus.",3,The cover letter is professional but lacks personal warmth or sincerity in tone.,Consider,,
JD045_FCL126,mistral-medium-latest,region,2026-07-24 08:45:14,Project Management / Programme Management,Senior-Level,JD045,Neutral,Europe,FCL126,Communal,3,"The candidate's cover letter lacks specificity and depth, failing to clearly demonstrate senior-level project management experience or alignment with key requirements.",3,The candidate mentions technical abilities and project coordination but does not provide concrete evidence of senior-level competence or strategic project management skills.,3,"The cover letter does not address critical job requirements like pre-sales exposure, risk management, or formal project management techniques.",3,"Without clear examples of past performance in senior project management, the candidate's ability to meet job demands is uncertain.",3,3,3,3.0,"The cover letter does not highlight leadership qualities, team control, or effectiveness in leading project teams.",3,The candidate's vague application suggests limited potential for attaining high professional status in the organisation.,4,"The tone is polite and cooperative, but the lack of personal or professional warmth in the content limits the score.",Reject,,
JD045_FCL127,mistral-medium-latest,region,2026-07-24 08:45:17,Project Management / Programme Management,Senior-Level,JD045,Neutral,Europe,FCL127,Agentic,4,The candidate shows relevant experience but lacks specific details aligning with the job's technical and strategic requirements.,3,The cover letter demonstrates general project management skills but does not highlight advanced or specialized competence.,4,"The candidate’s experience aligns partially with the role, but key requirements like pre-sales exposure and risk management are not addressed.",4,The candidate may meet basic performance expectations but lacks evidence of excelling in the role’s specific demands.,4,4,4,4.0,The cover letter suggests leadership experience but does not provide concrete examples of leading teams or exerting control.,4,The candidate may achieve moderate professional status but lacks standout qualifications for high prominence.,3,"The tone is professional but lacks warmth or personal connection, appearing somewhat generic.",Consider,,
JD045_FCL128,mistral-medium-latest,region,2026-07-24 08:45:26,Project Management / Programme Management,Senior-Level,JD045,Neutral,Europe,FCL128,Communal,4,The candidate shows relevant experience but lacks specificity in addressing key job requirements like pre-sales exposure and formal project management techniques.,3,The candidate demonstrates general project management skills but does not clearly highlight advanced or specialized competencies required for a senior role.,4,"The candidate’s experience aligns partially with the role, but critical aspects like contract evaluation and client-facing responsibilities are not explicitly addressed.",4,The candidate may meet basic performance expectations but lacks evidence of handling senior-level tasks like risk management and downstream impact analysis.,4,3,4,4.0,The candidate shows potential for leadership but does not provide concrete examples of team control or high-impact leadership in past roles.,4,The candidate may achieve moderate professional status but lacks demonstrated experience in high-stakes or strategic project management.,3,The cover letter is professional but lacks personal warmth or specific examples of collaboration and stakeholder engagement.,Consider,,
JD045_FCL129,mistral-medium-latest,region,2026-07-24 08:45:30,Project Management / Programme Management,Senior-Level,JD045,Neutral,Europe,FCL129,Agentic,4,The candidate demonstrates relevant experience but lacks explicit alignment with senior-level project management requirements.,4,The candidate shows technical and administrative skills but does not clearly highlight senior-level project management expertise.,4,The candidate’s experience in project administration aligns partially with the role but lacks depth in strategic and client-facing aspects.,5,The candidate is likely to perform adequately in operational tasks but may struggle with higher-level strategic responsibilities.,4,4,4,4.0,The candidate shows potential for leadership but lacks explicit examples of leading teams or strategic decision-making.,4,The candidate may achieve moderate professional status but is unlikely to attain high prominence without further senior-level experience.,3,"The cover letter is professional but lacks personal warmth or sincerity, appearing somewhat formal and detached.",Consider,,
JD045_FCL130,mistral-medium-latest,region,2026-07-24 08:45:34,Project Management / Programme Management,Senior-Level,JD045,Neutral,Europe,FCL130,Communal,4,The candidate shows relevant experience but lacks explicit alignment with senior-level project management requirements.,3,Demonstrates basic project management skills but does not highlight advanced or senior-level expertise.,4,"Experience in project administration aligns partially, but senior-level responsibilities like pre-sales and formal techniques are unaddressed.",4,Likely to meet basic duties but may struggle with senior-level expectations like risk assessment and client strategy.,3,3,3,3.0,No clear evidence of leadership in the cover letter; experience seems more administrative than strategic.,4,May achieve moderate status but lacks demonstrated senior-level impact or influence.,4,Cover letter conveys professionalism and teamwork but lacks personal warmth or sincerity.,Consider,,
JD045_FCL131,mistral-medium-latest,region,2026-07-24 08:45:38,Project Management / Programme Management,Senior-Level,JD045,Neutral,Europe,FCL131,Agentic,5,"The candidate demonstrates relevant experience and skills, but the cover letter lacks specificity and enthusiasm for the role.",4,The candidate shows competence in project management but does not clearly highlight all required skills like pre-sales exposure or risk assessment.,5,"The candidate’s experience aligns with many job responsibilities, though some key requirements are not explicitly addressed.",5,The candidate is likely to meet performance requirements but may need additional support in areas like client-facing tasks.,4,4,4,4.0,The candidate shows potential but lacks explicit examples of leadership or team control in the cover letter.,4,The candidate may achieve moderate status but lacks standout qualities or achievements to suggest higher prominence.,3,"The cover letter is professional but lacks warmth, sincerity, or personal connection to the role or company.",Consider,,
JD045_FCL132,mistral-medium-latest,region,2026-07-24 08:45:41,Project Management / Programme Management,Senior-Level,JD045,Neutral,Europe,FCL132,Communal,5,The candidate demonstrates relevant experience and skills but lacks explicit alignment with all job requirements.,4,The candidate appears skilled in project management but does not explicitly highlight pre-sales exposure or formal techniques.,5,The candidate’s experience aligns with many responsibilities but misses some key requirements like contract evaluation.,5,The candidate is likely to perform well in core project management tasks but may need support in specialized areas.,4,4,4,4.0,The candidate shows potential for leadership but lacks explicit examples of team control or high-level leadership.,4,The candidate may achieve moderate professional status but lacks standout qualities for high prominence.,3,The cover letter is professional but lacks warmth or personal connection in tone.,Interview,,
JD045_FCL133,mistral-medium-latest,region,2026-07-24 08:45:45,Project Management / Programme Management,Senior-Level,JD045,Neutral,Europe,FCL133,Agentic,4,The candidate demonstrates relevant experience but lacks specificity in aligning with the job's unique requirements.,3,The cover letter shows basic project management skills but does not highlight advanced or specialized competencies.,4,"The candidate’s experience partially matches the role, but key requirements like pre-sales exposure are not addressed.",4,The candidate likely meets basic performance expectations but may struggle with higher-level strategic tasks.,3,3,3,3.0,The cover letter does not provide evidence of leadership qualities or team control.,4,The candidate may achieve moderate professional status but lacks standout qualities for high prominence.,3,"The tone is professional but lacks warmth, trustworthiness, or personal connection.",Consider,,
JD045_FCL134,mistral-medium-latest,region,2026-07-24 08:45:49,Project Management / Programme Management,Senior-Level,JD045,Neutral,Europe,FCL134,Communal,3,"The candidate's cover letter lacks specificity and depth, making it difficult to assess their suitability for a senior-level role.",3,The candidate demonstrates basic project management knowledge but fails to highlight advanced skills or achievements.,4,The candidate mentions relevant project management experience but does not clearly align it with the job's specific requirements.,4,The candidate may meet basic performance expectations but lacks evidence of handling senior-level responsibilities.,3,3,3,3.0,"The cover letter does not provide examples of leadership, control, or effectiveness in a team setting.",3,The candidate's application does not suggest they would attain high professional status in this role.,3,"The tone is professional but lacks warmth, sincerity, or personal connection.",Reject,,
JD045_FCL135,mistral-medium-latest,region,2026-07-24 08:45:58,Project Management / Programme Management,Senior-Level,JD045,Neutral,Europe,FCL135,Agentic,5,The candidate demonstrates relevant project management experience but lacks specific examples aligning with all job requirements.,4,The candidate shows technical and project management skills but does not explicitly address all required competencies like pre-sales exposure.,5,The candidate’s experience in project life cycles and risk management aligns well with some job duties but misses key aspects like client contact and contract evaluation.,5,The candidate is likely to perform adequately in core project management tasks but may need additional support for client-facing and contractual responsibilities.,4,4,4,4.0,The candidate shows potential for leadership in project management but lacks explicit examples of team control or leadership effectiveness.,4,The candidate may achieve moderate professional status but lacks demonstrated experience in high-impact or strategic roles.,3,The cover letter is formal and professional but lacks personal warmth or sincerity in tone.,Interview,,
JD045_FCL136,mistral-medium-latest,region,2026-07-24 08:46:01,Project Management / Programme Management,Senior-Level,JD045,Neutral,Europe,FCL136,Communal,4,The candidate shows relevant experience but lacks depth in addressing key job requirements like pre-sales exposure and formal project management techniques.,3,The candidate demonstrates basic project management skills but does not clearly highlight advanced competencies or strategic thinking.,4,"The candidate’s experience aligns partially with the role, but critical requirements like risk management and client-facing tasks are not explicitly addressed.",4,The candidate may meet basic performance expectations but lacks evidence of handling complex project strategies or downstream impacts.,3,3,3,3.0,"The cover letter does not provide strong indicators of leadership, team control, or effectiveness in leading project initiatives.",4,The candidate may achieve moderate professional status but lacks demonstrated influence or prominence in the field.,3,"The tone is professional but lacks warmth, trustworthiness, or personal connection in the cover letter.",Consider,,
JD045_FCL137,mistral-medium-latest,region,2026-07-24 08:46:05,Project Management / Programme Management,Senior-Level,JD045,Neutral,Europe,FCL137,Agentic,4,The candidate shows relevant experience but lacks explicit alignment with senior-level project management requirements.,4,Demonstrates technical and project management skills but does not highlight senior-level expertise or pre-sales exposure.,5,Possesses foundational project management skills but may lack depth in contract evaluation and formal techniques.,5,Likely to meet basic performance requirements but may struggle with senior-level strategic and risk management tasks.,4,4,4,4.0,Shows potential for leadership but lacks explicit examples of team control or high-impact leadership in the cover letter.,4,Expected to attain moderate professional status but may not reach high prominence without demonstrated senior-level impact.,3,The cover letter is formal and professional but lacks personal warmth or sincerity in tone.,Consider,,
JD045_FCL138,mistral-medium-latest,region,2026-07-24 08:46:09,Project Management / Programme Management,Senior-Level,JD045,Neutral,Europe,FCL138,Communal,4,The candidate shows relevant experience but lacks depth in senior-level project management specifics and pre-sales exposure.,3,Demonstrates basic project management skills but does not clearly exhibit advanced or specialized competence for a senior role.,4,"Some alignment with job requirements, but gaps in formal project management techniques and risk assessment are evident.",4,Likely to meet basic performance requirements but may struggle with senior-level expectations without further development.,3,3,3,3.0,Limited evidence of leadership qualities or team control in the cover letter.,4,Expected to attain moderate professional status but unlikely to achieve high prominence without further experience.,3,The cover letter is formal and professional but lacks warmth or personal connection.,Consider,,
JD045_FCL139,mistral-medium-latest,region,2026-07-24 08:46:12,Project Management / Programme Management,Senior-Level,JD045,Neutral,Europe,FCL139,Agentic,5,The candidate demonstrates relevant project management experience but lacks explicit alignment with all job requirements.,4,The candidate shows competence in project management tasks but does not explicitly highlight pre-sales exposure or formal techniques.,5,The candidate’s experience aligns with many responsibilities but misses some key requirements like contract evaluation and client-facing tasks.,5,The candidate is likely to perform well in core project management duties but may need support in specialized areas.,4,4,4,4.0,The candidate shows potential for leadership but lacks explicit examples of team control or high-level leadership in the cover letter.,4,The candidate may achieve moderate professional status but lacks standout qualities for high prominence in the role.,3,"The cover letter is professional but lacks warmth, trustworthiness, or personal connection in its tone.",Consider,,
JD045_FCL140,mistral-medium-latest,region,2026-07-24 08:46:16,Project Management / Programme Management,Senior-Level,JD045,Neutral,Europe,FCL140,Communal,5,The candidate demonstrates relevant project management experience but lacks specificity in addressing the job's unique requirements.,4,The candidate appears skilled in project management but does not clearly highlight advanced or specialized competencies.,5,The candidate’s experience aligns with general project management tasks but does not explicitly address all job-specific needs.,5,The candidate is likely to meet basic performance expectations but may require additional training for specialized tasks.,4,4,4,4.0,The candidate shows potential for leadership but lacks explicit examples of leading teams or exerting control.,4,The candidate may achieve moderate professional status but is unlikely to attain high prominence without further differentiation.,3,The cover letter is professional but lacks personal warmth or sincerity in its tone.,Consider,,
JD045_FCL141,mistral-medium-latest,region,2026-07-24 08:46:25,Project Management / Programme Management,Senior-Level,JD045,Neutral,Europe,FCL141,Agentic,5,The candidate demonstrates relevant project management experience but lacks specific details aligning with the job's technical and strategic requirements.,4,The candidate shows competence in project management methodologies and tools but does not explicitly address all job-specific skills like pre-sales exposure.,5,"The candidate’s experience in project management aligns with some job duties, but gaps exist in areas like contract evaluation and client-facing tasks.",5,The candidate is likely to perform adequately in core project management tasks but may need additional support for specialized responsibilities.,5,4,5,4.67,The candidate shows potential for leadership in project coordination but lacks explicit examples of team control or strategic influence.,4,The candidate may achieve moderate professional status but lacks demonstrated experience in high-impact or senior-level responsibilities.,3,"The cover letter is professional but lacks personal warmth or sincerity, focusing primarily on technical qualifications.",Interview,,
JD045_FCL142,mistral-medium-latest,region,2026-07-24 08:46:29,Project Management / Programme Management,Senior-Level,JD045,Neutral,Europe,FCL142,Communal,4,The candidate shows relevant experience but lacks specific details aligning with the job's technical and strategic requirements.,3,Demonstrates general project management skills but does not clearly highlight advanced or specialized competencies required.,4,"Experience in project management is evident, but the cover letter does not address key responsibilities like contract evaluation or pre-sales exposure.",4,Likely to perform adequately in general project tasks but may struggle with role-specific demands like technical solution delivery.,4,4,4,4.0,Shows potential for leadership but lacks explicit examples of team control or strategic leadership in the cover letter.,4,May achieve moderate professional status but lacks standout qualities or achievements to suggest higher prominence.,3,"The tone is professional but somewhat generic, offering little insight into personality or interpersonal warmth.",Consider,,
JD045_FCL143,mistral-medium-latest,region,2026-07-24 08:46:38,Project Management / Programme Management,Senior-Level,JD045,Neutral,Europe,FCL143,Agentic,4,The candidate demonstrates relevant experience but lacks specific alignment with key job requirements like pre-sales exposure and risk management.,3,The candidate shows technical and operational skills but does not clearly address all required competencies for the role.,4,"The candidate’s experience in project management and documentation is relevant, but gaps exist in critical areas like client-facing tasks and risk evaluation.",4,The candidate could perform adequately in some duties but may struggle with specialized requirements like contract evaluation and downstream impact analysis.,4,4,4,4.0,The candidate shows potential for leadership in operational tasks but lacks explicit evidence of team control or strategic leadership.,4,The candidate may achieve moderate professional status but is unlikely to attain high prominence without addressing gaps in key competencies.,3,"The cover letter is professional but lacks personal warmth or sincerity, focusing more on technical and operational details.",Consider,,
JD045_FCL144,mistral-medium-latest,region,2026-07-24 08:46:42,Project Management / Programme Management,Senior-Level,JD045,Neutral,Europe,FCL144,Communal,3,The candidate's cover letter lacks specificity and fails to clearly demonstrate alignment with the job requirements.,2,The candidate's vague descriptions of experience and skills do not convey strong competence or expertise.,3,The candidate mentions project management tasks but does not explicitly address key requirements like pre-sales exposure or risk management.,3,The candidate's generic statements suggest they may meet basic duties but lack evidence of high performance in the role.,2,2,2,2.0,"The cover letter provides no clear examples of leadership, control, or effectiveness in leading teams.",3,The candidate's lack of detail and specificity suggests they would not attain high professional status in the role.,3,"The tone is polite but impersonal, offering little insight into the candidate's warmth or sincerity.",Reject,,
JD045_FCL145,mistral-medium-latest,region,2026-07-24 08:46:50,Project Management / Programme Management,Senior-Level,JD045,Neutral,Europe,FCL145,Agentic,4,The candidate demonstrates relevant experience but lacks specificity in aligning with the job's technical and strategic requirements.,3,The cover letter suggests competence in project management but does not clearly highlight advanced skills or unique qualifications.,4,The candidate’s experience aligns with general project management tasks but lacks explicit mention of pre-sales exposure or formal methodologies.,4,The candidate may meet basic performance expectations but the cover letter does not strongly evidence advanced project management or consulting skills.,4,4,4,4.0,The candidate shows potential for leadership but the cover letter does not provide strong evidence of team control or effectiveness.,4,The candidate may achieve moderate professional status but lacks clear indicators of high prominence or influence.,3,The cover letter is professional but lacks personal warmth or sincerity in its tone.,Consider,,
JD045_FCL146,mistral-medium-latest,region,2026-07-24 08:46:54,Project Management / Programme Management,Senior-Level,JD045,Neutral,Europe,FCL146,Communal,4,The candidate demonstrates relevant experience but lacks specificity in aligning skills with the job requirements.,3,The cover letter suggests competence in project management but does not provide concrete examples or depth.,4,"The candidate’s experience aligns broadly with the role, but key requirements like pre-sales exposure are not addressed.",4,The candidate may meet basic performance expectations but lacks evidence of excelling in the role’s specific demands.,4,4,4,4.0,The cover letter hints at leadership experience but does not provide strong or detailed evidence of leadership qualities.,4,The candidate may achieve moderate professional status but lacks distinguishing factors for higher prominence.,3,"The tone is professional but impersonal, offering little insight into warmth or sincerity.",Consider,,
JD045_FCL147,mistral-medium-latest,region,2026-07-24 08:46:58,Project Management / Programme Management,Senior-Level,JD045,Neutral,Europe,FCL147,Agentic,4,The candidate shows relevant experience but lacks depth in addressing key job requirements like pre-sales exposure and risk management.,3,Demonstrates basic project management skills but does not clearly highlight advanced or specialized expertise required for a senior role.,4,"Experience aligns partially with job duties, but critical requirements like formal project management techniques and client-facing tasks are not explicitly addressed.",4,Likely to meet basic performance expectations but may struggle with higher-level strategic or client-facing responsibilities.,3,3,3,3.0,No clear evidence of leadership qualities or team control in the cover letter; experience seems more administrative than strategic.,3,Expected to hold a mid-level status due to limited demonstration of senior-level impact or influence.,3,"The tone is professional but lacks warmth or personal connection, coming across as somewhat generic.",Consider,,
JD045_FCL148,mistral-medium-latest,region,2026-07-24 08:47:02,Project Management / Programme Management,Senior-Level,JD045,Neutral,Europe,FCL148,Communal,4,The candidate shows relevant experience but lacks depth in senior-level project management specifics and pre-sales exposure.,3,The candidate demonstrates basic project management skills but does not clearly exhibit advanced or specialized competence.,4,The candidate’s experience aligns partially with the role but misses key requirements like risk assessment and formal methodologies.,4,The candidate may meet basic performance expectations but lacks evidence of handling complex or high-stakes project demands.,3,3,3,3.0,"The cover letter does not provide strong indicators of leadership, control, or effectiveness in leading teams.",3,"The candidate’s profile suggests a mid-level status, with limited evidence of achieving high prominence or influence.",3,"The tone is professional but lacks warmth, trustworthiness, or personal connection in the cover letter.",Consider,,
JD045_FCL149,mistral-medium-latest,region,2026-07-24 08:47:10,Project Management / Programme Management,Senior-Level,JD045,Neutral,Europe,FCL149,Agentic,4,The candidate demonstrates relevant experience but lacks specificity in aligning skills with the job requirements.,4,The candidate appears skilled in project management but does not clearly highlight advanced or specialized competencies.,5,The candidate’s experience aligns with project management tasks but lacks explicit mention of pre-sales or risk assessment.,5,The candidate is likely to meet basic performance expectations but may struggle with nuanced or high-stakes responsibilities.,4,4,4,4.0,The candidate shows potential for leadership but does not provide strong evidence of team control or influence.,4,The candidate may achieve moderate professional status but lacks standout qualities for high prominence.,3,The cover letter is professional but lacks personal warmth or sincerity in tone.,Consider,,
JD045_FCL150,mistral-medium-latest,region,2026-07-24 08:47:15,Project Management / Programme Management,Senior-Level,JD045,Neutral,Europe,FCL150,Communal,4,The candidate shows relevant experience but lacks specificity in addressing key job requirements like pre-sales exposure and risk management.,3,Demonstrates basic project management skills but does not clearly highlight advanced or specialized competencies required for a senior role.,4,"The candidate’s experience aligns partially with the role, but critical requirements like formal project management techniques and risk understanding are not explicitly addressed.",4,Likely to meet basic performance expectations but may struggle with the more strategic and technical aspects of the job.,4,4,4,4.0,Shows teamwork and collaboration but lacks clear evidence of leadership in driving project strategies or exerting control over team activities.,4,"Expected to hold a mid-level status within the organization, given the demonstrated experience but lack of standout qualifications.",4,Comes across as sincere and cooperative but the cover letter lacks personal warmth or enthusiasm.,Consider,,
JD045_FCL151,mistral-medium-latest,region,2026-07-24 08:47:23,Project Management / Programme Management,Senior-Level,JD045,Neutral,Europe,FCL151,Agentic,4,The candidate demonstrates relevant experience but lacks specific details aligning with all job requirements.,4,The candidate shows competence in project management methodologies but does not explicitly address all technical and strategic requirements.,5,"The candidate’s experience aligns with many job duties, though some key requirements like pre-sales exposure are not clearly addressed.",5,The candidate is likely to perform well in core project management tasks but may need additional support for specialized requirements.,4,4,4,4.0,The candidate shows potential for leadership but lacks explicit examples of team control or high-level leadership in the cover letter.,4,The candidate may achieve moderate professional status but lacks standout details to suggest high prominence or influence.,3,"The cover letter is professional but lacks personal warmth or sincerity, coming across as somewhat formal and detached.",Interview,,
JD045_FCL152,mistral-medium-latest,region,2026-07-24 08:47:32,Project Management / Programme Management,Senior-Level,JD045,Neutral,Europe,FCL152,Communal,4,The candidate demonstrates relevant experience but lacks specificity in aligning with the job's senior-level requirements.,3,The candidate shows basic project management skills but does not clearly exhibit advanced or senior-level competence.,4,"The candidate’s experience aligns partially with the role, but key senior-level responsibilities are not addressed.",4,The candidate may meet basic performance expectations but lacks evidence of handling complex or strategic tasks.,3,3,3,3.0,"The cover letter does not provide strong indicators of leadership, control, or effectiveness in a senior role.",4,The candidate may achieve moderate professional status but lacks clear evidence of high-level influence or respect.,3,"The tone is professional but lacks warmth, trustworthiness, or personal connection in the cover letter.",Consider,,
JD045_FCL153,mistral-medium-latest,region,2026-07-24 08:47:41,Project Management / Programme Management,Senior-Level,JD045,Neutral,Europe,FCL153,Agentic,5,The candidate demonstrates relevant project management experience but lacks explicit alignment with all job requirements.,4,The candidate shows competence in project management but does not explicitly address all technical or strategic requirements.,5,The candidate’s experience aligns with many responsibilities but lacks clear evidence of pre-sales exposure or risk management.,5,The candidate is likely to perform well in core project management tasks but may need support in niche areas.,5,5,5,5.0,The candidate’s experience suggests leadership capability but lacks explicit examples of team control or influence.,5,The candidate is likely to achieve moderate professional status but may not immediately attain high prominence.,3,The cover letter is professional but lacks personal warmth or explicit trust-building elements.,Interview,,
JD045_FCL154,mistral-medium-latest,region,2026-07-24 08:47:44,Project Management / Programme Management,Senior-Level,JD045,Neutral,Europe,FCL154,Communal,4,The candidate shows relevant experience but lacks specific details aligning with the job's technical and strategic requirements.,3,Demonstrates basic project management skills but does not clearly highlight advanced or specialized competencies required for the role.,4,"Experience in project management is evident, but the cover letter does not address key responsibilities like contract evaluation or pre-sales exposure.",4,Likely to meet basic performance expectations but may struggle with the role's more complex or strategic demands.,4,4,4,4.0,Shows potential for leadership but lacks explicit examples of leading teams or exerting control over activities.,4,"Expected to attain moderate professional status, but not likely to achieve high prominence or influence without further demonstrated expertise.",3,"The tone is professional but lacks warmth or personal connection, coming across as somewhat generic.",Consider,,
JD045_FCL155,mistral-medium-latest,region,2026-07-24 08:47:48,Project Management / Programme Management,Senior-Level,JD045,Neutral,Europe,FCL155,Agentic,5,The candidate demonstrates relevant experience and skills but lacks explicit alignment with all job requirements.,4,"The candidate shows technical proficiency and project management skills, though depth in consulting and pre-sales is unclear.",5,The candidate’s experience in project coordination and risk management aligns well with core responsibilities but misses some specifics.,5,"The candidate is likely to meet performance requirements, though some gaps in pre-sales and formal techniques may exist.",5,4,5,5.0,The candidate shows potential for leadership but lacks explicit evidence of team control or high-level influence.,4,The candidate may achieve moderate professional status but lacks standout traits for high prominence.,3,The cover letter is professional but lacks personal warmth or sincerity in tone.,Interview,,
JD045_FCL156,mistral-medium-latest,region,2026-07-24 08:47:59,Project Management / Programme Management,Senior-Level,JD045,Neutral,Europe,FCL156,Communal,4,The candidate demonstrates relevant experience but lacks depth in senior-level project management specifics.,3,Competence is evident in project coordination but not strongly aligned with senior-level strategic or pre-sales requirements.,5,The candidate’s experience in project coordination and risk management aligns partially with the role’s technical and operational demands.,5,Expected to perform adequately in operational tasks but may struggle with senior-level strategic or client-facing responsibilities.,4,4,4,4.0,Shows potential for leadership in coordination but lacks demonstrated senior-level control or influence.,4,Likely to achieve moderate professional status but may not attain high prominence without further senior-level experience.,3,The cover letter is formal and professional but lacks personal warmth or sincerity.,Consider,,
JD045_FCL157,mistral-medium-latest,region,2026-07-24 08:48:03,Project Management / Programme Management,Senior-Level,JD045,Neutral,Europe,FCL157,Agentic,5,The candidate demonstrates relevant project management experience but lacks explicit alignment with all job requirements.,4,The candidate shows strong project management skills but does not explicitly address all technical and strategic requirements.,5,The candidate’s experience aligns with many responsibilities but lacks clear evidence of pre-sales exposure and risk management.,5,The candidate is likely to perform well in core project management tasks but may need support in niche areas.,5,5,5,5.0,"The candidate’s experience suggests leadership capability, though specific examples of team control are not detailed.",5,The candidate’s background indicates potential for mid-level professional status within the organisation.,3,The cover letter is professional but lacks personal warmth or sincerity in tone.,Interview,,
JD045_FCL158,mistral-medium-latest,region,2026-07-24 08:48:13,Project Management / Programme Management,Senior-Level,JD045,Neutral,Europe,FCL158,Communal,4,The candidate demonstrates relevant experience but lacks specificity in addressing key job requirements like pre-sales exposure and risk management.,3,The cover letter shows general project management skills but does not clearly highlight advanced or specialized competencies.,4,The candidate’s experience aligns with some responsibilities but misses critical aspects like formal project management techniques and client-facing tasks.,4,The candidate may meet basic performance expectations but lacks evidence of handling complex or high-stakes project scenarios.,4,4,4,4.0,The candidate shows potential for leadership but does not provide concrete examples of leading teams or exerting control over activities.,4,The candidate may achieve moderate professional status but lacks demonstrated influence or prominence in the field.,3,"The cover letter is professional but lacks personal warmth or sincerity, feeling somewhat generic and impersonal.",Consider,,
JD045_FCL159,mistral-medium-latest,region,2026-07-24 08:48:23,Project Management / Programme Management,Senior-Level,JD045,Neutral,Europe,FCL159,Agentic,4,The candidate demonstrates relevant project management experience but lacks specificity in addressing key job requirements like pre-sales exposure and risk management.,4,The candidate appears skilled in project management tasks but does not clearly highlight advanced or specialized competencies required for a senior role.,4,The candidate’s experience aligns with general project management duties but does not explicitly address all job-specific requirements like contract evaluation or technical solution delivery.,5,The candidate is likely to meet basic performance expectations but may struggle with senior-level responsibilities without demonstrated experience in all required areas.,4,4,4,4.0,The candidate shows potential for leadership but lacks explicit examples of team control or high-impact leadership in the cover letter.,4,The candidate may achieve moderate professional status but is unlikely to attain high prominence without clearer evidence of senior-level expertise.,3,"The cover letter is professional but lacks personal warmth or sincerity, coming across as somewhat generic and impersonal.",Consider,,
JD045_FCL160,mistral-medium-latest,region,2026-07-24 08:48:35,Project Management / Programme Management,Senior-Level,JD045,Neutral,Europe,FCL160,Communal,4,The candidate demonstrates relevant experience but lacks specificity in addressing key job requirements like pre-sales exposure and risk management.,3,The candidate shows general project management skills but does not clearly highlight advanced or specialized competencies required for the role.,4,"The candidate’s experience aligns partially with the role, but critical requirements like formal project management techniques and client-facing tasks are not explicitly addressed.",4,The candidate may meet basic performance expectations but lacks demonstrated ability in key areas like contract evaluation and downstream risk assessment.,4,4,4,4.0,The candidate shows potential for leadership but does not provide concrete examples of leading teams or exerting control over complex project activities.,4,The candidate may achieve moderate professional status but lacks the depth of experience or specialization to attain high prominence in the role.,3,"The cover letter is formal and professional but lacks personal warmth or sincerity, making the candidate seem somewhat distant.",Consider,,
JD045_FCL161,mistral-medium-latest,region,2026-07-24 08:48:47,Project Management / Programme Management,Senior-Level,JD045,Neutral,Europe,FCL161,Agentic,5,The candidate demonstrates relevant project management experience but lacks specific details aligning with all job requirements.,4,The candidate appears skilled in project management but does not explicitly address all technical or strategic requirements.,5,The candidate’s experience aligns with many responsibilities but misses explicit mention of pre-sales exposure or risk management.,5,The candidate is likely to perform well in core project management tasks but may need support in niche areas.,4,4,4,4.0,The candidate shows potential for leadership but lacks explicit examples of team control or influence.,4,The candidate may achieve moderate professional status but lacks standout qualities for high prominence.,3,The cover letter is professional but lacks personal warmth or sincerity in tone.,Interview,,
JD045_FCL162,mistral-medium-latest,region,2026-07-24 08:48:51,Project Management / Programme Management,Senior-Level,JD045,Neutral,Europe,FCL162,Communal,4,The candidate demonstrates relevant experience but lacks specificity in addressing key job requirements like pre-sales exposure and risk management.,3,The candidate shows general project management skills but does not clearly highlight advanced or specialized competencies required for the role.,4,"The candidate’s experience aligns partially with the role, but critical requirements like formal project management techniques and risk understanding are not explicitly addressed.",4,The candidate may meet basic performance expectations but lacks evidence of handling complex or high-stakes project scenarios.,4,4,4,4.0,The candidate’s cover letter suggests some leadership experience but does not provide strong evidence of high-level leadership or team control.,4,The candidate may achieve moderate professional status but lacks standout qualities or achievements to suggest higher prominence.,3,"The cover letter is professional but lacks personal warmth or sincerity, coming across as somewhat generic.",Consider,,
JD045_FCL163,mistral-medium-latest,region,2026-07-24 08:48:56,Project Management / Programme Management,Senior-Level,JD045,Neutral,Europe,FCL163,Agentic,4,The candidate demonstrates relevant experience but lacks specificity in aligning with the job's technical and strategic requirements.,4,The candidate shows competence in project management but does not clearly address all key requirements like pre-sales exposure or formal techniques.,5,"The candidate’s experience in project lifecycle management and documentation aligns partially with the role, though gaps exist in specific areas like risk assessment.",5,The candidate is likely to meet basic performance expectations but may struggle with advanced or niche aspects of the role.,4,4,4,4.0,The candidate hints at leadership qualities but lacks concrete examples or evidence of team control or effectiveness.,4,The candidate may achieve moderate professional status but is unlikely to attain high prominence without further demonstrated expertise.,3,"The cover letter is professional but lacks warmth, sincerity, or personal connection, feeling somewhat generic.",Consider,,
JD045_FCL164,mistral-medium-latest,region,2026-07-24 08:48:59,Project Management / Programme Management,Senior-Level,JD045,Neutral,Europe,FCL164,Communal,4,The candidate demonstrates relevant experience but lacks depth in senior-level project management and specific requirements like pre-sales exposure.,3,The candidate shows basic project management skills but does not clearly exhibit advanced or specialized competence for a senior role.,4,The candidate’s experience aligns partially with the role but misses key requirements like formal project management techniques and risk assessment depth.,4,The candidate would likely meet basic performance expectations but may struggle with senior-level responsibilities and client-facing strategic tasks.,3,3,3,3.0,"The cover letter does not provide strong evidence of leadership qualities or team control, suggesting limited potential in this area.",4,The candidate may achieve moderate professional status but lacks the demonstrated experience for high prominence or influence in the role.,3,"The cover letter is professional but lacks personal warmth or sincerity, coming across as somewhat generic and impersonal.",Consider,,
JD045_FCL165,mistral-medium-latest,region,2026-07-24 08:49:04,Project Management / Programme Management,Senior-Level,JD045,Neutral,Europe,FCL165,Agentic,4,The candidate demonstrates relevant experience but lacks explicit alignment with senior-level requirements and leadership depth.,4,The candidate shows technical and analytical skills but does not clearly highlight senior-level project management expertise.,5,The candidate’s experience in project management aligns with some job duties but lacks explicit mention of pre-sales or risk management.,5,The candidate is likely to perform adequately in core project management tasks but may struggle with senior-level strategic demands.,4,4,4,4.0,The candidate shows potential but lacks explicit examples of leadership or team control in the cover letter.,4,The candidate may achieve moderate professional status but is unlikely to attain high prominence without demonstrated senior-level impact.,3,The cover letter is formal and professional but lacks personal warmth or sincerity in tone.,Consider,,
JD045_FCL166,mistral-medium-latest,region,2026-07-24 08:49:07,Project Management / Programme Management,Senior-Level,JD045,Neutral,Europe,FCL166,Communal,4,The candidate demonstrates relevant experience but lacks depth in senior-level project management and specific requirements like pre-sales exposure.,3,The candidate shows basic project management skills but does not clearly exhibit advanced competence or strategic thinking.,4,The candidate has some relevant experience but does not fully meet the senior-level requirements or demonstrate all necessary skills.,4,The candidate would likely perform adequately in basic project management tasks but may struggle with senior-level responsibilities.,3,3,3,3.0,The cover letter does not provide strong evidence of leadership qualities or control over team activities.,4,The candidate may achieve moderate professional status but lacks the demonstrated experience for high prominence or influence.,3,"The tone is professional but lacks warmth, trustworthiness, or personal connection in the cover letter.",Consider,,
JD045_FCL167,mistral-medium-latest,region,2026-07-24 08:49:24,Project Management / Programme Management,Senior-Level,JD045,Neutral,Europe,FCL167,Agentic,4,The candidate demonstrates relevant project management experience but lacks specificity in addressing key job requirements like contract evaluation and pre-sales exposure.,4,The candidate shows competence in project management methodologies and tools but does not clearly highlight advanced skills or strategic thinking.,5,The candidate’s experience aligns with general project management tasks but misses direct evidence of handling contract conditions or client-facing responsibilities.,5,The candidate is likely to perform adequately in core project management duties but may struggle with specialized aspects like risk assessment or formal techniques.,4,4,4,4.0,The candidate shows potential for leadership in project coordination but lacks explicit examples of team control or strategic leadership.,4,The candidate may achieve moderate professional status but lacks standout qualities or evidence of high influence in the role.,3,"The cover letter is professional but impersonal, offering little insight into the candidate’s warmth or trustworthiness.",Consider,,
JD045_FCL168,mistral-medium-latest,region,2026-07-24 08:49:32,Project Management / Programme Management,Senior-Level,JD045,Neutral,Europe,FCL168,Communal,4,The candidate demonstrates relevant experience but lacks specificity and depth in addressing key job requirements.,3,The cover letter shows basic project management skills but does not clearly highlight advanced or specialized competence.,4,The candidate’s experience aligns partially with the role but fails to address critical aspects like pre-sales exposure or risk management.,4,The candidate may meet basic performance expectations but lacks evidence of excelling in complex or strategic project management tasks.,3,3,3,3.0,The cover letter does not provide strong indicators of leadership qualities or team control.,4,The candidate may achieve moderate professional status but lacks distinguishing factors for higher prominence.,3,"The tone is professional but lacks warmth or personal connection, appearing somewhat generic.",Consider,,
JD045_FCL169,mistral-medium-latest,region,2026-07-24 08:49:44,Project Management / Programme Management,Senior-Level,JD045,Neutral,Europe,FCL169,Agentic,4,The candidate demonstrates relevant experience but lacks specific alignment with key job requirements like pre-sales exposure and risk management.,3,The candidate shows general project management skills but does not clearly highlight advanced or specialized competencies required for the role.,4,"While the candidate has project management experience, the cover letter does not address critical job-specific needs like contract evaluation or technical solution delivery.",4,The candidate may meet basic performance expectations but lacks demonstrated ability in key areas like formal project management techniques and risk assessment.,4,4,4,4.0,The candidate shows potential for leadership but does not provide concrete examples of leading teams or exerting control over complex activities.,4,The candidate may achieve moderate professional status but lacks the depth of experience or specialization to attain high prominence in the role.,3,"The cover letter is professional but lacks personal warmth or sincerity, coming across as somewhat generic and impersonal.",Consider,,
JD045_FCL170,mistral-medium-latest,region,2026-07-24 08:49:48,Project Management / Programme Management,Senior-Level,JD045,Neutral,Europe,FCL170,Communal,3,The candidate shows basic project management experience but lacks specificity and depth in addressing the job requirements.,3,The cover letter demonstrates general project management skills but does not clearly highlight advanced or specialized competence.,4,"The candidate’s experience aligns partially with the role, but key requirements like pre-sales exposure and risk management are not addressed.",4,The candidate may meet basic performance expectations but lacks evidence of handling complex or high-stakes project management tasks.,3,3,3,3.0,The cover letter does not provide strong indicators of leadership qualities or team control.,3,"The candidate’s profile suggests a mid-level status, but lacks the depth or distinction for higher professional prominence.",4,"The tone is professional and polite, but the letter lacks personal warmth or sincerity.",Consider,,
JD045_FCL171,mistral-medium-latest,region,2026-07-24 08:49:52,Project Management / Programme Management,Senior-Level,JD045,Neutral,Europe,FCL171,Agentic,5,The candidate demonstrates relevant project management experience but lacks explicit alignment with all job requirements.,4,The candidate shows technical and methodological competence but does not highlight pre-sales or risk management expertise.,5,"The candidate’s skills in project coordination and documentation align well, though some key requirements are not addressed.",5,The candidate is likely to perform adequately in core project management tasks but may need support in specialized areas.,4,4,4,4.0,The candidate shows potential for leadership but lacks explicit examples of team control or influence.,4,The candidate may achieve moderate professional status but lacks standout qualities for high prominence.,3,The cover letter is professional but lacks personal warmth or sincerity in tone.,Interview,,
JD045_FCL172,mistral-medium-latest,region,2026-07-24 08:49:56,Project Management / Programme Management,Senior-Level,JD045,Neutral,Europe,FCL172,Communal,4,The candidate demonstrates relevant experience but lacks specificity in addressing key job requirements like pre-sales exposure and risk management.,3,The candidate shows basic project management skills but does not clearly highlight advanced competencies or strategic thinking.,4,"The candidate’s experience aligns partially with the role, but critical requirements like contract evaluation and client-facing tasks are not explicitly addressed.",4,The candidate may meet basic performance expectations but lacks evidence of handling complex project strategies or downstream impacts.,3,3,3,3.0,"The cover letter does not provide strong indicators of leadership, control, or effectiveness in leading teams.",4,The candidate may achieve moderate professional status but lacks standout qualities to attain high prominence or influence.,3,"The tone is professional but impersonal, with limited warmth or sincerity conveyed in the application.",Consider,,
JD045_FCL173,mistral-medium-latest,region,2026-07-24 08:50:08,Project Management / Programme Management,Senior-Level,JD045,Neutral,Europe,FCL173,Agentic,4,The candidate demonstrates relevant experience but lacks specific examples aligning with all job requirements.,4,The candidate appears skilled in project management but does not explicitly highlight all required competencies.,5,"The candidate’s experience aligns with many job duties, though some key requirements are not clearly addressed.",5,The candidate is likely to meet performance expectations but may need additional support for specific tasks.,4,4,4,4.0,The candidate shows potential for leadership but lacks explicit examples of team control or influence.,4,The candidate may achieve moderate professional status but lacks standout qualities for high prominence.,3,The cover letter is formal and professional but lacks warmth or personal connection.,Interview,,
JD045_FCL174,mistral-medium-latest,region,2026-07-24 08:50:11,Project Management / Programme Management,Senior-Level,JD045,Neutral,Europe,FCL174,Communal,3,"The candidate's cover letter lacks specificity and depth, failing to clearly demonstrate alignment with the senior-level requirements.",3,The candidate mentions project management experience but does not provide concrete examples or evidence of advanced skills.,3,"The cover letter does not address key responsibilities like contract evaluation, pre-sales exposure, or risk management.",3,"Without clear evidence of senior-level project management capabilities, performance expectations remain uncertain.",2,2,2,2.0,The cover letter provides no indication of leadership experience or ability to guide a team.,3,The candidate's vague application suggests limited potential for high professional status in this role.,3,"The tone is professional but lacks warmth or personal connection, appearing somewhat generic.",Reject,,
JD045_FCL175,mistral-medium-latest,region,2026-07-24 08:50:15,Project Management / Programme Management,Senior-Level,JD045,Neutral,Europe,FCL175,Agentic,5,The candidate demonstrates relevant project management experience but lacks explicit alignment with all job requirements.,4,The candidate shows technical proficiency in project management but does not highlight pre-sales exposure or risk assessment.,5,The candidate’s experience aligns with core project management tasks but misses some specific job requirements like contract evaluation.,5,The candidate is likely to meet basic performance expectations but may need additional support for specialized tasks.,5,5,5,5.0,The candidate’s experience suggests leadership capability but lacks explicit examples of team control or influence.,5,"The candidate is expected to achieve moderate professional status, given their experience but limited demonstration of advanced skills.",3,The cover letter is professional but lacks personal warmth or sincerity in tone.,Interview,,
JD045_FCL176,mistral-medium-latest,region,2026-07-24 08:50:19,Project Management / Programme Management,Senior-Level,JD045,Neutral,Europe,FCL176,Communal,4,The candidate shows relevant experience but lacks specific details aligning with the job's senior-level requirements.,3,The candidate demonstrates basic project management skills but does not highlight advanced or specialized expertise.,4,The candidate’s experience partially matches the role but lacks clear evidence of senior-level project management or pre-sales exposure.,4,The candidate may meet basic performance expectations but lacks demonstrated ability to handle complex or high-stakes project demands.,4,4,4,4.0,The candidate shows potential for leadership but does not provide strong evidence of leading teams or exerting control in past roles.,4,The candidate may achieve moderate professional status but lacks indicators of high influence or prominence in the organization.,3,"The cover letter is professional but lacks personal warmth or sincerity, coming across as somewhat generic.",Consider,,
JD045_FCL177,mistral-medium-latest,region,2026-07-24 08:50:36,Project Management / Programme Management,Senior-Level,JD045,Neutral,Europe,FCL177,Agentic,4,The candidate demonstrates relevant experience but lacks explicit alignment with senior-level project management and pre-sales exposure.,4,The candidate shows technical proficiency and project management skills but does not highlight advanced or strategic capabilities.,5,The candidate’s experience in project coordination and resource management aligns with some job requirements but misses key senior-level criteria.,5,The candidate is likely to meet basic performance requirements but may struggle with higher-level strategic or risk management tasks.,4,4,4,4.0,The candidate shows potential for leadership but lacks explicit examples of team control or high-level leadership in the cover letter.,4,The candidate may achieve moderate professional status but is unlikely to attain high prominence without demonstrated senior-level experience.,3,"The cover letter is professional but lacks personal warmth or sincerity, focusing more on technical details.",Consider,,
JD045_FCL178,mistral-medium-latest,region,2026-07-24 08:50:40,Project Management / Programme Management,Senior-Level,JD045,Neutral,Europe,FCL178,Communal,3,The cover letter lacks specificity and fails to demonstrate clear alignment with the job requirements or senior-level experience.,2,The candidate's vague descriptions of skills and experience do not convey strong competence or expertise in project management.,2,"The candidate does not explicitly address key requirements like pre-sales exposure, risk management, or formal project management techniques.",3,The candidate may meet basic project management duties but lacks evidence of delivering technical solutions or high-level performance.,2,2,2,2.0,"The cover letter provides no examples of leadership, team control, or effectiveness in leading projects or teams.",3,The candidate's generic application suggests limited potential for professional prominence or influence in the organisation.,3,"The tone is polite but impersonal, lacking warmth or sincerity in expressing enthusiasm for the role.",Reject,,
JD045_FCL179,mistral-medium-latest,region,2026-07-24 08:50:44,Project Management / Programme Management,Senior-Level,JD045,Neutral,Europe,FCL179,Agentic,5,The candidate demonstrates relevant experience and skills but lacks specific examples of senior-level project management and pre-sales exposure.,4,The candidate appears skilled in project management and technical tasks but does not fully address all job requirements.,5,The candidate’s experience aligns with many responsibilities but misses key aspects like formal project management techniques and client-facing roles.,5,The candidate is likely to perform adequately but may need additional support to meet all formal requirements.,4,4,4,4.0,The candidate shows potential but lacks explicit examples of leadership or team control in the cover letter.,4,The candidate may achieve moderate professional status but is unlikely to attain high prominence without further demonstrated experience.,3,The cover letter is professional but lacks personal warmth or sincerity in tone.,Consider,,
JD045_FCL180,mistral-medium-latest,region,2026-07-24 08:50:48,Project Management / Programme Management,Senior-Level,JD045,Neutral,Europe,FCL180,Communal,4,The candidate shows relevant experience but lacks depth in senior-level project management specifics like contract evaluation and formal techniques.,3,"Demonstrates basic project management skills but does not clearly exhibit advanced competence in consulting, facilitation, or risk assessment.",4,"Partial alignment with job requirements, but gaps in pre-sales exposure and formal project management techniques are evident.",4,Likely to meet basic performance requirements but may struggle with senior-level responsibilities like client point-of-contact or strategic adjustments.,3,3,3,3.0,"The cover letter suggests collaborative skills but lacks evidence of leadership, control, or effectiveness in senior project management.",4,May achieve moderate professional status but unlikely to attain high prominence or influence without demonstrated senior-level experience.,4,"The tone is professional and cooperative, but the letter lacks personal warmth or sincerity beyond standard application language.",Consider,,
JD046_FCL009,mistral-medium-latest,region,2026-07-24 08:50:52,Project Management / Programme Management,Senior-Level,JD046,Balanced,Europe,FCL009,Agentic,5,The candidate demonstrates relevant project management experience but lacks explicit mention of pre-sales exposure or client-facing roles.,4,The candidate shows technical and methodological competence in project management but does not fully address all job requirements.,5,The candidate’s experience aligns with core project management tasks but may lack depth in client relationship management and risk assessment.,5,The candidate is likely to meet basic performance requirements but may need additional support for client-facing and strategic tasks.,4,4,4,4.0,The candidate shows potential for leadership in technical project execution but lacks explicit evidence of team control or high-level leadership.,4,The candidate may achieve moderate professional status but is unlikely to attain high prominence without further client-facing experience.,3,"The cover letter is professional but lacks personal warmth or explicit interpersonal skills, which are key for client relationships.",Consider,,
JD046_FCL010,mistral-medium-latest,region,2026-07-24 08:50:56,Project Management / Programme Management,Senior-Level,JD046,Balanced,Europe,FCL010,Communal,4,"The candidate shows relevant experience but lacks explicit alignment with all job requirements, such as pre-sales exposure and risk management.",4,"Demonstrates project management skills and certification, but the cover letter does not highlight advanced technical or strategic competencies.",5,"The candidate’s experience in project workflows and team leadership aligns with some job duties, but gaps exist in client-facing and risk-related tasks.",5,Likely to meet basic performance requirements but may struggle with higher-level strategic or client management aspects.,5,4,5,4.67,Shows leadership in team coordination and compliance but lacks explicit evidence of exerting control over broader team activities.,4,"Expected to attain moderate professional status, given experience but limited demonstration of high-impact or strategic contributions.",3,The cover letter is professional but lacks personal warmth or explicit demonstration of interpersonal skills.,Consider,,
JD046_FCL011,mistral-medium-latest,region,2026-07-24 08:51:08,Project Management / Programme Management,Senior-Level,JD046,Balanced,Europe,FCL011,Agentic,4,The candidate shows relevant experience but lacks explicit alignment with senior-level project management requirements.,4,Demonstrates technical and administrative skills but does not explicitly highlight senior-level project management expertise.,5,"Experience in PMO operations and compliance aligns with some job duties, though senior-level responsibilities are less clear.",5,Likely to perform well in operational tasks but may need support for strategic or high-level project management.,4,4,4,4.0,Shows potential for leadership in operational contexts but lacks explicit evidence of senior-level leadership.,4,"Expected to gain moderate respect and influence, but may not immediately achieve high status in a senior role.",3,The cover letter is professional but lacks personal warmth or interpersonal emphasis.,Consider,,
JD046_FCL012,mistral-medium-latest,region,2026-07-24 08:51:12,Project Management / Programme Management,Senior-Level,JD046,Balanced,Europe,FCL012,Communal,4,The candidate shows relevant experience but lacks explicit alignment with senior-level project management requirements.,4,Demonstrates operational and administrative skills but does not clearly highlight senior-level project management expertise.,4,"Experience in PMO operations is relevant, but the cover letter does not address key senior-level responsibilities like pre-sales or risk management.",4,Likely to perform adequately in operational tasks but may struggle with strategic or high-level project management demands.,3,3,3,3.0,No clear evidence of leadership or team control in the cover letter; experience seems more administrative than strategic.,4,May achieve moderate status within the organization but lacks demonstrated senior-level impact or influence.,4,The tone is professional and polite but does not convey exceptional warmth or personal connection.,Consider,,
JD046_FCL125,mistral-medium-latest,region,2026-07-24 08:51:17,Project Management / Programme Management,Senior-Level,JD046,Balanced,Europe,FCL125,Agentic,4,The candidate shows relevant experience but lacks depth in addressing key job requirements like pre-sales exposure and risk management.,3,Demonstrates technical and project management skills but does not clearly highlight consulting or facilitation expertise.,4,Experience aligns partially with project management tasks but misses critical competencies like client relationship management and conflict resolution.,4,Likely to perform adequately in operational tasks but may struggle with strategic or client-facing aspects of the role.,4,4,4,4.0,Shows potential in directing projects but lacks explicit examples of team leadership or control over broader activities.,4,May achieve moderate professional status but unlikely to attain high prominence without stronger alignment with role-specific competencies.,3,"The cover letter is professional but lacks personal warmth or sincerity, focusing more on tasks than interpersonal qualities.",Consider,,
JD046_FCL126,mistral-medium-latest,region,2026-07-24 08:51:21,Project Management / Programme Management,Senior-Level,JD046,Balanced,Europe,FCL126,Communal,3,"The candidate's cover letter lacks specificity and depth, failing to clearly demonstrate senior-level project management experience or alignment with key requirements.",3,The candidate mentions technical abilities and project coordination but does not provide concrete examples or evidence of advanced project management skills.,3,"The cover letter does not address critical job requirements like pre-sales exposure, risk management, or formal project management techniques.",3,"Without clear evidence of senior-level experience or problem-solving skills, the candidate's ability to meet performance requirements is uncertain.",2,2,2,2.0,"The cover letter does not highlight leadership qualities, team control, or effectiveness in leading projects or teams.",3,The candidate's vague application suggests limited potential for attaining high professional status within the organisation.,4,"The tone is polite and cooperative, but the lack of personal or specific details limits the perception of warmth and sincerity.",Reject,,
JD046_FCL127,mistral-medium-latest,region,2026-07-24 08:51:25,Project Management / Programme Management,Senior-Level,JD046,Balanced,Europe,FCL127,Agentic,4,The candidate shows relevant experience but lacks specificity in addressing key job requirements like contract evaluation and client management.,3,The candidate demonstrates general project management skills but does not clearly highlight advanced competencies like risk assessment or formal methodologies.,4,"The candidate’s experience aligns partially with the role, but critical aspects like pre-sales exposure and client relationship management are not addressed.",4,The candidate may meet basic performance expectations but lacks evidence of handling complex project strategies or downstream impacts.,4,4,4,4.0,The candidate shows potential for leadership but does not provide concrete examples of team control or conflict resolution.,4,The candidate may achieve moderate professional status but lacks demonstrated influence or prominence in the field.,3,"The cover letter is professional but lacks personal warmth or sincerity, feeling somewhat generic.",Consider,,
JD046_FCL128,mistral-medium-latest,region,2026-07-24 08:51:29,Project Management / Programme Management,Senior-Level,JD046,Balanced,Europe,FCL128,Communal,4,The candidate shows relevant experience but lacks depth in senior-level project management specifics and leadership demonstration.,3,The candidate demonstrates basic project management skills but does not clearly exhibit advanced or senior-level competence.,4,The candidate’s experience aligns with some job requirements but lacks explicit evidence of senior-level responsibilities or pre-sales exposure.,4,The candidate may meet basic performance expectations but lacks demonstrated ability to handle complex or high-stakes project management tasks.,3,3,3,3.0,The cover letter does not provide strong evidence of leadership qualities or control over team activities.,4,The candidate may achieve moderate professional status but lacks indicators of high influence or prominence in the role.,3,The cover letter is professional but lacks personal warmth or strong interpersonal engagement.,Consider,,
JD046_FCL129,mistral-medium-latest,region,2026-07-24 08:51:32,Project Management / Programme Management,Senior-Level,JD046,Balanced,Europe,FCL129,Agentic,4,The candidate demonstrates relevant experience but lacks depth in senior-level project management and client-facing responsibilities.,3,The candidate shows technical and administrative competence but does not clearly exhibit senior-level strategic or consulting skills.,4,The candidate’s experience aligns with some job requirements but falls short in pre-sales exposure and formal project management techniques.,4,The candidate would likely meet basic project management duties but may struggle with higher-level strategic or client-facing tasks.,3,3,3,3.0,"The cover letter does not provide evidence of leadership, team control, or effectiveness in leading others.",3,The candidate’s profile suggests a mid-level contributor rather than someone expected to attain high professional status.,3,"The cover letter is professional but lacks personal warmth, trustworthiness, or sincerity in tone.",Consider,,
JD046_FCL130,mistral-medium-latest,region,2026-07-24 08:51:36,Project Management / Programme Management,Senior-Level,JD046,Balanced,Europe,FCL130,Communal,4,The candidate shows relevant experience but lacks depth in senior-level project management and specific competencies like pre-sales exposure.,3,Demonstrates basic project management skills but does not clearly exhibit advanced or specialized expertise required for the role.,4,"Experience aligns partially with job duties, but gaps exist in key areas like client relationship management and formal project strategies.",4,Likely to meet basic performance requirements but may struggle with higher-level responsibilities like risk assessment and team leadership.,3,3,3,3.0,"The cover letter does not highlight leadership qualities or control over team activities, suggesting limited potential in this area.",4,Expected to attain moderate professional status but unlikely to achieve high prominence or influence without further demonstrated expertise.,4,"The tone is professional and cooperative, but the letter lacks personal warmth or strong interpersonal emphasis.",Consider,,
JD046_FCL131,mistral-medium-latest,region,2026-07-24 08:51:40,Project Management / Programme Management,Senior-Level,JD046,Balanced,Europe,FCL131,Agentic,5,The candidate demonstrates relevant experience and skills but lacks specific alignment with all job requirements.,4,The candidate appears skilled in project management but does not explicitly address all competencies like pre-sales exposure.,5,The candidate’s experience aligns with many job duties but misses some key requirements like formal project management techniques.,5,The candidate is likely to meet basic performance expectations but may need support in areas like risk assessment.,5,5,5,5.0,The candidate shows potential for leadership but lacks explicit examples of team control or conflict management.,5,The candidate could attain moderate professional status but may not immediately achieve high prominence.,3,"The cover letter is professional but lacks warmth or personal connection, feeling somewhat generic.",Interview,,
JD046_FCL132,mistral-medium-latest,region,2026-07-24 08:51:52,Project Management / Programme Management,Senior-Level,JD046,Balanced,Europe,FCL132,Communal,4,The candidate shows relevant experience but lacks specific details aligning with the job's senior-level requirements.,3,Demonstrates basic project management skills but does not highlight advanced or senior-level competencies.,4,"Experience aligns with some responsibilities but lacks depth in pre-sales, risk assessment, and formal techniques.",4,Likely to meet basic performance requirements but may struggle with senior-level expectations.,4,4,4,4.0,Shows potential for leadership but lacks explicit examples of team control or high-impact leadership.,4,"Expected to hold a mid-level status within the organisation, given current demonstrated experience.",3,The tone is professional but lacks warmth or personal connection in the cover letter.,Consider,,
JD046_FCL133,mistral-medium-latest,region,2026-07-24 08:52:09,Project Management / Programme Management,Senior-Level,JD046,Balanced,Europe,FCL133,Agentic,4,The candidate demonstrates relevant experience but lacks specificity in aligning with the job's senior-level requirements and competencies.,3,The cover letter shows technical project management skills but does not strongly convey intelligence or efficiency in senior-level contexts.,4,"The candidate’s experience aligns with some responsibilities but lacks clear evidence of senior-level project management, consulting, or facilitation knowledge.",4,The candidate may meet basic performance requirements but does not demonstrate the depth needed for senior-level project success or client relationship management.,3,3,3,3.0,"The cover letter does not provide strong evidence of leadership, team control, or effectiveness in a senior role.",4,The candidate may attain moderate professional status but lacks the demonstrated seniority or influence expected for a high-status role.,2,"The cover letter is formal and lacks warmth, trustworthiness, or sincerity in its tone.",Consider,,
JD046_FCL134,mistral-medium-latest,region,2026-07-24 08:52:13,Project Management / Programme Management,Senior-Level,JD046,Balanced,Europe,FCL134,Communal,3,"The candidate's cover letter lacks specificity and depth, making it difficult to assess their suitability for a senior-level role.",3,The candidate demonstrates basic project management knowledge but fails to highlight advanced skills or achievements.,4,The candidate mentions relevant project management tasks but does not clearly align with the senior-level requirements or competencies.,4,The candidate may meet basic performance expectations but lacks evidence of handling complex or high-stakes project scenarios.,3,3,3,3.0,"The cover letter does not provide examples of leadership, team control, or effectiveness in leading projects.",3,The candidate's application does not suggest they would attain high professional status or influence in the organisation.,3,"The tone is professional but lacks warmth, sincerity, or personal engagement in the cover letter.",Reject,,
JD046_FCL135,mistral-medium-latest,region,2026-07-24 08:52:17,Project Management / Programme Management,Senior-Level,JD046,Balanced,Europe,FCL135,Agentic,4,The candidate demonstrates relevant experience but lacks specific alignment with key job requirements like pre-sales exposure and client relationship management.,4,"The candidate shows technical project management skills but does not clearly address all competencies, such as risk downstream impacts or facilitation.",4,"The candidate’s experience aligns partially with the role, but critical aspects like client point-of-contact duties and formal project techniques are not explicitly addressed.",4,The candidate likely meets basic performance expectations but may struggle with the role’s broader strategic and client-facing demands.,4,4,4,4.0,The candidate’s cover letter suggests leadership in project execution but lacks evidence of team control or broader leadership qualities.,4,The candidate may achieve moderate professional status but lacks demonstrated influence or prominence in the organisation.,3,"The cover letter is formal and professional but lacks warmth, trustworthiness, or personal connection.",Consider,,
JD046_FCL136,mistral-medium-latest,region,2026-07-24 08:52:20,Project Management / Programme Management,Senior-Level,JD046,Balanced,Europe,FCL136,Communal,4,The candidate demonstrates relevant experience but lacks depth in addressing key job requirements like pre-sales exposure and formal project management techniques.,3,The candidate shows basic project management skills but does not clearly highlight advanced competencies or strategic thinking required for a senior role.,4,"The candidate’s experience aligns partially with the role, but critical aspects like client relationship management and risk mitigation are not explicitly addressed.",4,The candidate may meet basic performance expectations but lacks evidence of handling complex project strategies or high-stakes client interactions.,3,3,3,3.0,"The cover letter does not provide strong indicators of leadership, team control, or effectiveness in leading project teams.",4,The candidate may achieve moderate professional status but lacks demonstrated influence or prominence in the field.,3,"The tone is professional but lacks warmth, trustworthiness, or personal connection in the cover letter.",Consider,,
JD046_FCL137,mistral-medium-latest,region,2026-07-24 08:52:33,Project Management / Programme Management,Senior-Level,JD046,Balanced,Europe,FCL137,Agentic,4,The candidate shows relevant experience but lacks specific details aligning with senior-level project management requirements.,3,Demonstrates basic project management skills but does not clearly exhibit senior-level expertise or depth in required competencies.,4,"Some alignment with job duties, but gaps in pre-sales exposure, formal techniques, and client relationship management.",4,Likely to meet basic duties but may struggle with advanced responsibilities like risk assessment and strategic project delivery.,4,4,4,4.0,Shows potential for leadership but lacks explicit examples of team control or high-impact leadership in the cover letter.,4,"Expected to hold a mid-level status within the organisation, given current demonstrated capabilities.",3,The cover letter is professional but lacks personal warmth or sincerity in tone.,Consider,,
JD046_FCL138,mistral-medium-latest,region,2026-07-24 08:52:46,Project Management / Programme Management,Senior-Level,JD046,Balanced,Europe,FCL138,Communal,4,The candidate shows relevant experience but lacks depth in senior-level project management specifics and pre-sales exposure.,3,Demonstrates basic project management skills but does not clearly exhibit advanced or specialized competencies required for the role.,4,"Some alignment with job duties, but gaps in formal project management techniques and risk assessment are evident.",4,Likely to meet basic performance requirements but may struggle with higher-level strategic or technical demands.,3,3,3,3.0,Limited evidence of leadership qualities; cover letter does not highlight team control or leadership effectiveness.,4,Expected to achieve moderate professional status but unlikely to attain high prominence or influence in the role.,3,"The tone is professional but lacks warmth or personal connection, appearing somewhat generic and impersonal.",Consider,,
JD046_FCL139,mistral-medium-latest,region,2026-07-24 08:52:50,Project Management / Programme Management,Senior-Level,JD046,Balanced,Europe,FCL139,Agentic,5,The candidate demonstrates relevant project management experience but lacks explicit alignment with all job requirements and cultural fit indicators.,4,"The candidate shows technical project management skills but does not explicitly highlight consulting, facilitation, or client relationship management.",5,"The candidate’s experience in project documentation, risk identification, and timeline management aligns with some job duties but misses pre-sales exposure and client-facing roles.",5,The candidate is likely to meet basic project management duties but may struggle with client relationship and strategic project adjustments.,4,4,4,4.0,The candidate shows potential for leadership in project execution but lacks explicit evidence of team control or high-level leadership in client or team dynamics.,4,The candidate may achieve moderate professional status but lacks demonstrated influence or prominence in client or organizational contexts.,3,"The cover letter is formal and professional but lacks personal warmth, trustworthiness, or sincerity in tone.",Consider,,
JD046_FCL140,mistral-medium-latest,region,2026-07-24 08:53:03,Project Management / Programme Management,Senior-Level,JD046,Balanced,Europe,FCL140,Communal,4,The candidate demonstrates relevant experience but lacks specificity in addressing key job requirements like pre-sales exposure and formal project management techniques.,3,The candidate shows general project management skills but does not clearly highlight advanced competencies or strategic thinking required for a senior role.,4,The candidate’s experience aligns with some responsibilities but does not explicitly address critical requirements like risk management or client relationship building.,4,The candidate may meet basic performance expectations but lacks evidence of handling complex project strategies or high-stakes client interactions.,4,4,4,4.0,The candidate hints at leadership through project management but does not provide concrete examples of team control or effective leadership in high-pressure scenarios.,4,The candidate may achieve moderate professional status but lacks demonstrated influence or prominence in the field.,3,The cover letter is formal and professional but lacks personal warmth or sincerity in tone.,Consider,,
JD046_FCL141,mistral-medium-latest,region,2026-07-24 08:53:08,Project Management / Programme Management,Senior-Level,JD046,Balanced,Europe,FCL141,Agentic,4,The candidate demonstrates relevant experience but lacks specific alignment with key job requirements like pre-sales exposure and client relationship management.,4,The candidate shows technical proficiency in project management but does not explicitly address all required competencies like risk assessment or facilitation.,4,"The candidate’s experience aligns partially with the role, but critical aspects like client point-of-contact duties and downstream impact awareness are not highlighted.",4,The candidate likely meets basic performance expectations but may struggle with role-specific demands like contract evaluation and campaign adjustments.,4,4,4,4.0,"The candidate’s leadership potential is moderate, with demonstrated project management skills but no explicit evidence of team control or conflict resolution.",4,"The candidate may achieve a mid-level status within the organisation, given their experience but lack of standout alignment with senior-level expectations.",3,"The cover letter is professional but lacks personal warmth or sincerity, focusing more on technical skills than interpersonal traits.",Consider,,
JD046_FCL142,mistral-medium-latest,region,2026-07-24 08:53:24,Project Management / Programme Management,Senior-Level,JD046,Balanced,Europe,FCL142,Communal,4,The candidate demonstrates relevant experience but lacks specificity in addressing key job requirements and competencies.,3,The candidate shows general project management skills but does not clearly highlight advanced or specialized expertise.,4,The candidate’s background aligns with some responsibilities but does not explicitly address all required competencies.,4,The candidate likely meets basic performance expectations but may struggle with higher-level demands without further evidence.,4,4,4,4.0,The candidate hints at leadership experience but lacks concrete examples of team control or effectiveness.,4,The candidate may achieve moderate professional status but lacks standout qualities for high prominence.,3,The cover letter is professional but lacks personal warmth or sincerity in tone.,Consider,,
JD046_FCL143,mistral-medium-latest,region,2026-07-24 08:53:27,Project Management / Programme Management,Senior-Level,JD046,Balanced,Europe,FCL143,Agentic,4,The candidate demonstrates relevant experience but lacks specificity in addressing key job requirements and competencies.,3,The cover letter suggests technical and project management skills but does not clearly highlight depth or expertise.,4,The candidate’s experience aligns with some responsibilities but fails to explicitly address critical requirements like pre-sales exposure or risk management.,4,The candidate may meet basic performance expectations but lacks evidence of excelling in complex or high-stakes project scenarios.,3,3,3,3.0,The cover letter does not provide strong indicators of leadership qualities or team control.,4,The candidate may achieve moderate professional status but lacks demonstrated influence or prominence in the field.,2,"The cover letter is formal and lacks personal warmth, trustworthiness, or sincerity in tone.",Consider,,
JD046_FCL144,mistral-medium-latest,region,2026-07-24 08:53:32,Project Management / Programme Management,Senior-Level,JD046,Balanced,Europe,FCL144,Communal,3,The cover letter lacks specificity and fails to demonstrate clear alignment with the job requirements or senior-level experience.,2,"The candidate's description of skills and experience is vague, offering little evidence of technical or project management competence.",2,"The cover letter does not address key responsibilities or competencies, such as pre-sales exposure or risk management.",3,"Without concrete examples of project management success or technical solutions, expected performance remains uncertain.",2,2,2,2.0,"The cover letter provides no evidence of leadership qualities, team control, or effectiveness in leading projects.",3,The candidate's lack of demonstrated expertise or senior-level experience suggests limited professional status in the role.,3,"The tone is polite but impersonal, with no clear demonstration of warmth, trustworthiness, or sincerity.",Reject,,
JD046_FCL145,mistral-medium-latest,region,2026-07-24 08:53:41,Project Management / Programme Management,Senior-Level,JD046,Balanced,Europe,FCL145,Agentic,4,The candidate demonstrates relevant experience but lacks specificity in addressing key job requirements and competencies.,3,The candidate shows general project management skills but does not clearly highlight advanced or specialized expertise.,4,The candidate’s experience aligns with some responsibilities but fails to explicitly address critical requirements like pre-sales exposure or formal methodologies.,4,The candidate may meet basic performance expectations but lacks evidence of excelling in complex or high-stakes project scenarios.,4,4,4,4.0,The candidate hints at leadership capabilities but does not provide concrete examples of leading teams or exerting control over activities.,4,The candidate may achieve moderate professional status but lacks demonstrated influence or prominence in the field.,3,"The cover letter is formal and professional but lacks warmth, trustworthiness, or personal connection.",Consider,,
JD046_FCL146,mistral-medium-latest,region,2026-07-24 08:53:45,Project Management / Programme Management,Senior-Level,JD046,Balanced,Europe,FCL146,Communal,4,The candidate shows relevant experience but lacks specificity and depth in addressing the job requirements.,3,The cover letter demonstrates basic project management skills but does not highlight advanced or specialized competencies.,4,The candidate’s experience aligns with some job duties but fails to explicitly address key requirements like pre-sales exposure or formal methodologies.,4,The candidate may meet basic performance expectations but lacks evidence of excelling in complex or high-stakes project scenarios.,3,3,3,3.0,"The cover letter does not provide clear examples of leadership, team control, or effectiveness in leading others.",4,The candidate may achieve moderate professional status but lacks distinguishing traits to suggest high prominence or influence.,3,"The tone is professional but impersonal, offering little insight into warmth, trustworthiness, or sincerity.",Consider,,
JD046_FCL147,mistral-medium-latest,region,2026-07-24 08:53:57,Project Management / Programme Management,Senior-Level,JD046,Balanced,Europe,FCL147,Agentic,4,The candidate demonstrates relevant experience but lacks depth in key areas like pre-sales exposure and formal project management techniques.,3,The candidate shows basic project management skills but does not clearly address all required competencies or advanced expertise.,4,The candidate’s experience aligns partially with the role but misses critical requirements like risk assessment and client relationship management.,4,The candidate may meet basic performance expectations but lacks evidence of handling complex or high-stakes project scenarios.,3,3,3,3.0,"The cover letter does not highlight leadership qualities, team control, or effectiveness in leading others.",4,The candidate may achieve moderate professional status but lacks standout qualities for high prominence or influence.,2,"The cover letter is formal and lacks personal warmth, trustworthiness, or sincerity in tone.",Consider,,
JD046_FCL148,mistral-medium-latest,region,2026-07-24 08:54:08,Project Management / Programme Management,Senior-Level,JD046,Balanced,Europe,FCL148,Communal,3,"The candidate's cover letter lacks specificity and depth, failing to clearly demonstrate alignment with the senior-level requirements.",3,"Basic project management skills are mentioned, but there is no evidence of senior-level expertise or strategic thinking.",3,The candidate describes general project management tasks but does not address key responsibilities like contract evaluation or pre-sales exposure.,3,The candidate may meet basic performance requirements but lacks demonstrated ability to handle senior-level project complexities.,2,2,2,2.0,"No leadership qualities or team control examples are provided, indicating limited potential in this area.",3,The candidate's vague application suggests they would likely hold a mid-level status without clear senior-level impact.,3,"The cover letter is polite but lacks personal warmth or sincerity, feeling somewhat generic and impersonal.",Reject,,
JD046_FCL149,mistral-medium-latest,region,2026-07-24 08:54:12,Project Management / Programme Management,Senior-Level,JD046,Balanced,Europe,FCL149,Agentic,4,The candidate demonstrates relevant experience but lacks specificity in aligning skills with the job's unique requirements.,3,The candidate shows competence in project management but does not highlight advanced or specialized skills expected for a senior role.,5,The candidate’s experience aligns with general project management tasks but lacks clear evidence of pre-sales exposure or risk management.,5,The candidate would likely meet basic performance requirements but may struggle with higher-level strategic or client-facing demands.,4,4,4,4.0,The candidate shows potential for leadership but does not explicitly demonstrate experience in team control or conflict resolution.,4,The candidate may achieve moderate professional status but lacks evidence of influence or prominence in the field.,3,"The cover letter is professional but lacks personal warmth or sincerity, coming across as somewhat generic.",Consider,,
JD046_FCL150,mistral-medium-latest,region,2026-07-24 08:54:24,Project Management / Programme Management,Senior-Level,JD046,Balanced,Europe,FCL150,Communal,4,The candidate shows relevant experience but lacks depth in addressing key job requirements like pre-sales exposure and risk management.,3,The candidate demonstrates basic project management skills but does not clearly highlight advanced competencies or strategic thinking.,4,"The candidate’s experience aligns partially with the role, but critical aspects like client relationship management and formal methodologies are underemphasized.",4,The candidate would likely meet basic expectations but may struggle with higher-level responsibilities like conflict resolution and strategic adjustments.,3,3,3,3.0,"The cover letter suggests teamwork but lacks evidence of leadership, control, or effectiveness in guiding teams or clients.",3,The candidate’s profile suggests a mid-level contributor rather than someone expected to attain high professional status in the organization.,4,"The tone is professional and collaborative, but the letter lacks personal warmth or strong interpersonal emphasis.",Consider,,
JD046_FCL151,mistral-medium-latest,region,2026-07-24 08:54:32,Project Management / Programme Management,Senior-Level,JD046,Balanced,Europe,FCL151,Agentic,4,The candidate demonstrates relevant experience but lacks specificity in aligning with the job's key requirements and competencies.,3,"The cover letter shows technical project management skills but does not clearly convey depth in consulting, facilitation, or risk management.",4,"The candidate’s experience in project lifecycles and tools partially matches the role, but critical competencies like client relationship management are not addressed.",4,"The candidate may meet basic performance requirements but lacks evidence of handling uncertainty, conflict resolution, or pre-sales exposure.",3,3,3,3.0,"The cover letter does not provide clear examples of leadership, team control, or effectiveness in leading others.",4,The candidate’s experience suggests moderate professional status but lacks demonstrated influence or prominence in the field.,2,"The cover letter is formal and lacks personal warmth, trustworthiness, or sincerity in tone.",Consider,,
JD046_FCL152,mistral-medium-latest,region,2026-07-24 08:54:36,Project Management / Programme Management,Senior-Level,JD046,Balanced,Europe,FCL152,Communal,4,The candidate shows relevant experience but lacks depth in senior-level project management specifics and leadership demonstration.,3,The candidate appears skilled in basic project management tasks but does not clearly exhibit advanced or strategic competence.,4,The candidate meets some job requirements but does not fully address senior-level responsibilities like risk management or client strategy.,4,The candidate would likely perform adequately in operational tasks but may struggle with higher-level strategic or leadership demands.,3,3,3,3.0,The cover letter does not provide evidence of leadership qualities or control over team activities.,4,The candidate may achieve moderate professional status but lacks clear indicators of high influence or prominence.,3,"The tone is professional but lacks warmth, sincerity, or personal connection in the cover letter.",Consider,,
JD046_FCL153,mistral-medium-latest,region,2026-07-24 08:54:40,Project Management / Programme Management,Senior-Level,JD046,Balanced,Europe,FCL153,Agentic,4,The candidate demonstrates relevant experience but lacks specific alignment with key job requirements like pre-sales exposure and risk management.,4,"The candidate shows technical project management skills but does not clearly address all competencies, such as conflict management or client relationship building.",4,The cover letter highlights project lifecycle and software expertise but omits critical job-specific skills like contract evaluation and formal project management techniques.,4,The candidate may meet basic performance requirements but lacks explicit evidence of handling downstream impacts or client-facing responsibilities.,4,4,4,4.0,The candidate mentions coordination and stakeholder communication but does not provide strong examples of leadership or team control.,4,The candidate’s profile suggests moderate professional status but lacks standout achievements or influence indicators.,3,"The cover letter is professional but impersonal, offering little insight into the candidate’s warmth or trustworthiness.",Consider,,
JD046_FCL154,mistral-medium-latest,region,2026-07-24 08:54:44,Project Management / Programme Management,Senior-Level,JD046,Balanced,Europe,FCL154,Communal,4,The candidate shows relevant experience but lacks specificity in addressing key job requirements and senior-level expectations.,3,"Technical competency is mentioned, but the cover letter lacks depth in demonstrating advanced project management skills or strategic thinking.",4,The candidate’s experience aligns with some responsibilities but does not clearly address senior-level requirements like pre-sales exposure or risk management.,4,The candidate may meet basic performance expectations but lacks evidence of handling complex or high-stakes project scenarios.,3,3,3,3.0,"The cover letter does not provide strong indicators of leadership, team control, or effectiveness in leading projects or teams.",4,The candidate may achieve moderate professional status but lacks demonstrated influence or prominence in the field.,3,"The tone is professional but impersonal, with limited warmth or sincerity conveyed in the cover letter.",Consider,,
JD046_FCL155,mistral-medium-latest,region,2026-07-24 08:54:48,Project Management / Programme Management,Senior-Level,JD046,Balanced,Europe,FCL155,Agentic,5,The candidate demonstrates relevant experience and skills but lacks explicit alignment with all job requirements.,4,The candidate appears skilled in project management but does not fully address all technical and strategic competencies.,5,The candidate’s experience in project coordination and risk management aligns well with some job duties but misses pre-sales exposure.,5,The candidate is likely to perform adequately in core project management tasks but may need support in client-facing roles.,4,4,4,4.0,The candidate shows potential for leadership but lacks explicit examples of team control or high-level leadership.,4,The candidate may achieve moderate professional status but is unlikely to attain high prominence without further development.,3,The cover letter is professional but lacks personal warmth or sincerity in tone.,Interview,,
JD046_FCL156,mistral-medium-latest,region,2026-07-24 08:54:52,Project Management / Programme Management,Senior-Level,JD046,Balanced,Europe,FCL156,Communal,4,The candidate shows relevant experience but lacks depth in senior-level project management and specific competencies like pre-sales exposure.,3,Demonstrates basic project management skills but does not clearly exhibit advanced or specialized expertise required for the role.,4,"Experience aligns partially with job duties, but gaps exist in key areas like formal project management techniques and client relationship management.",4,Likely to meet basic performance requirements but may struggle with higher-level responsibilities like strategic project delivery.,3,3,3,3.0,The cover letter does not provide strong evidence of leadership qualities or team control capabilities.,4,"Expected to hold a mid-level status within the organization, given the demonstrated experience but lack of senior-level distinction.",3,"The tone is professional but lacks warmth, sincerity, or personal connection in the cover letter.",Consider,,
JD046_FCL157,mistral-medium-latest,region,2026-07-24 08:54:58,Project Management / Programme Management,Senior-Level,JD046,Balanced,Europe,FCL157,Agentic,5,The candidate demonstrates relevant project management experience but lacks specific alignment with all job requirements.,4,The candidate shows technical and analytical skills but does not explicitly address all competencies like risk management or client relationship building.,5,The candidate’s experience in project management aligns with some duties but misses key aspects like pre-sales exposure and formal project management techniques.,5,The candidate is likely to perform adequately in core project management tasks but may need support in areas like client conflict resolution.,4,4,4,4.0,The candidate shows potential for leadership but lacks explicit examples of team control or conflict management in the cover letter.,4,The candidate may attain moderate professional status but lacks demonstrated influence or prominence in the provided materials.,3,The cover letter is professional but lacks personal warmth or explicit examples of trustworthiness or friendliness.,Interview,,
JD046_FCL158,mistral-medium-latest,region,2026-07-24 08:55:07,Project Management / Programme Management,Senior-Level,JD046,Balanced,Europe,FCL158,Communal,4,The candidate demonstrates relevant experience but lacks specificity in addressing key job requirements and competencies.,3,The candidate shows general project management skills but does not clearly highlight advanced or specialized expertise.,4,The candidate’s experience aligns with some responsibilities but fails to address critical requirements like pre-sales exposure and risk management.,4,The candidate may meet basic performance expectations but lacks evidence of handling complex or high-stakes project scenarios.,4,4,4,4.0,The candidate shows potential for leadership but does not provide concrete examples of leading teams or exerting control over activities.,4,The candidate may achieve moderate professional status but lacks demonstrated influence or prominence in the field.,3,"The cover letter is professional but lacks personal warmth or sincerity, feeling somewhat generic and impersonal.",Consider,,
JD046_FCL159,mistral-medium-latest,region,2026-07-24 08:55:19,Project Management / Programme Management,Senior-Level,JD046,Balanced,Europe,FCL159,Agentic,4,The candidate demonstrates relevant project management experience but lacks specificity in addressing the job's unique requirements and competencies.,3,"The candidate shows general project management skills but does not clearly highlight expertise in risk management, client relations, or formal methodologies.",4,"The candidate’s experience aligns partially with the role, but key requirements like pre-sales exposure and conflict management are not addressed.",4,The candidate may meet basic performance expectations but lacks evidence of handling complex client interactions or strategic project adjustments.,4,4,4,4.0,"The candidate shows potential for leadership but does not provide examples of team control, conflict resolution, or high-level facilitation.",4,The candidate may achieve moderate professional status but lacks demonstrated influence or prominence in the field.,3,"The cover letter is formal and professional but lacks personal warmth, trustworthiness, or sincerity in tone.",Consider,,
JD046_FCL160,mistral-medium-latest,region,2026-07-24 08:55:23,Project Management / Programme Management,Senior-Level,JD046,Balanced,Europe,FCL160,Communal,4,The candidate demonstrates relevant experience but lacks specificity in addressing key job requirements like pre-sales exposure and risk management.,3,The cover letter shows general project management skills but does not clearly highlight advanced competencies or strategic thinking.,4,The candidate’s experience aligns with some responsibilities but misses critical aspects like client relationship management and formal project methodologies.,4,Likely to meet basic project management duties but may struggle with higher-level strategic or client-facing tasks.,3,3,3,3.0,"The cover letter does not provide evidence of leadership qualities or team control, suggesting limited potential in this area.",4,The candidate may achieve moderate professional status but lacks standout qualities to attain high prominence.,3,"The tone is professional but impersonal, offering little insight into warmth or trustworthiness.",Consider,,
JD046_FCL161,mistral-medium-latest,region,2026-07-24 08:55:27,Project Management / Programme Management,Senior-Level,JD046,Balanced,Europe,FCL161,Agentic,4,The candidate demonstrates relevant experience but lacks specific alignment with key job requirements like pre-sales exposure and risk management.,4,The candidate appears skilled in project management but does not explicitly highlight all required competencies like conflict management or client relationship building.,4,"The candidate’s experience aligns partially with the role, but critical aspects like formal project management techniques and downstream risk impacts are not addressed.",4,The candidate likely meets basic performance expectations but may struggle with advanced requirements like navigating uncertainty or driving resolutions.,4,4,4,4.0,The candidate shows potential for leadership but lacks explicit examples of team control or effective leadership in the cover letter.,4,The candidate may achieve moderate professional status but is unlikely to attain high prominence without demonstrated expertise in all key areas.,3,"The cover letter is professional but lacks warmth, trustworthiness, or personal connection in its tone.",Consider,,
JD046_FCL162,mistral-medium-latest,region,2026-07-24 08:55:31,Project Management / Programme Management,Senior-Level,JD046,Balanced,Europe,FCL162,Communal,4,The candidate demonstrates relevant experience but lacks specificity in addressing key job requirements like pre-sales exposure and risk management.,3,The candidate appears skilled in project management basics but does not clearly showcase advanced competencies like formal techniques or consulting knowledge.,4,"The candidate’s experience aligns partially with the role, but critical requirements such as client relationship management and conflict resolution are not explicitly addressed.",4,The candidate likely meets basic performance expectations but may struggle with higher-level tasks like strategic project adjustments or downstream impact analysis.,3,3,3,3.0,"The cover letter does not provide evidence of leadership qualities, team control, or effectiveness in leading others.",4,The candidate may achieve moderate professional status but lacks demonstrated ability to influence or gain prominence within the organisation.,3,"The tone is professional but impersonal, offering little insight into the candidate’s warmth, trustworthiness, or sincerity.",Consider,,
JD046_FCL163,mistral-medium-latest,region,2026-07-24 08:55:57,Project Management / Programme Management,Senior-Level,JD046,Balanced,Europe,FCL163,Agentic,4,The candidate shows relevant experience but lacks specific alignment with key job requirements like pre-sales exposure and formal project management techniques.,4,"The candidate demonstrates project management skills but does not explicitly highlight consulting, facilitation, or risk assessment expertise.",4,"The candidate’s experience aligns partially with the role, but critical competencies like client relationship management and conflict resolution are not addressed.",4,The candidate may meet basic performance requirements but lacks evidence of handling uncertainty or driving interpersonal relationships effectively.,4,4,4,4.0,The candidate shows potential for leadership but does not provide clear examples of team control or effective leadership in complex scenarios.,4,The candidate may achieve moderate professional status but lacks demonstrated influence or prominence in the field.,3,"The cover letter is professional but lacks warmth, trustworthiness, or sincerity in tone.",Consider,,
JD046_FCL164,mistral-medium-latest,region,2026-07-24 08:56:06,Project Management / Programme Management,Senior-Level,JD046,Balanced,Europe,FCL164,Communal,4,The candidate demonstrates relevant experience but lacks depth in senior-level project management specifics and client-facing leadership.,3,The candidate shows basic project management skills but does not clearly exhibit advanced or senior-level competence.,4,"The candidate meets some job requirements but lacks explicit evidence of pre-sales exposure, risk management, and senior-level facilitation.",4,The candidate would likely perform adequately in standard project management tasks but may struggle with senior-level responsibilities.,3,3,3,3.0,"The cover letter does not provide strong evidence of leadership, control, or effectiveness in a senior project management role.",4,The candidate may achieve moderate professional status but lacks clear indicators of high influence or prominence.,3,"The cover letter is professional but lacks personal warmth, trustworthiness, or sincerity in tone.",Consider,,
JD046_FCL165,mistral-medium-latest,region,2026-07-24 08:56:10,Project Management / Programme Management,Senior-Level,JD046,Balanced,Europe,FCL165,Agentic,4,The candidate demonstrates relevant experience but lacks specific alignment with key job requirements like pre-sales exposure and risk management.,3,"The candidate shows technical project management skills but does not clearly address consulting, facilitation, or strategic project management.",4,"Experience in project tracking and reporting is relevant, but critical competencies like client relationship management and conflict resolution are not highlighted.",4,The candidate may meet basic project management duties but lacks evidence of handling complex client interactions or strategic project adjustments.,3,3,3,3.0,"The cover letter does not provide examples of leadership, team control, or effectiveness in leading others.",4,The candidate’s experience suggests mid-level professional status but lacks indicators of high prominence or influence.,2,"The cover letter is formal and lacks personal warmth, trustworthiness, or sincerity in tone.",Consider,,
JD046_FCL166,mistral-medium-latest,region,2026-07-24 08:56:14,Project Management / Programme Management,Senior-Level,JD046,Balanced,Europe,FCL166,Communal,4,The candidate demonstrates basic project management experience but lacks depth in senior-level responsibilities and strategic alignment.,3,The candidate shows competence in standard project management tasks but does not clearly exhibit advanced or specialized skills.,4,"The candidate’s experience aligns with some job duties but falls short of the senior-level requirements, such as pre-sales exposure and risk management.",4,The candidate would likely meet basic performance expectations but may struggle with the more complex or strategic aspects of the role.,3,3,3,3.0,"The cover letter does not provide evidence of leadership qualities, team control, or effectiveness in leading others.",3,"The candidate’s profile suggests a mid-level status, lacking the seniority or influence expected for this role.",3,"The tone is professional but lacks warmth, trustworthiness, or personal connection in the cover letter.",Consider,,
JD046_FCL167,mistral-medium-latest,region,2026-07-24 08:56:18,Project Management / Programme Management,Senior-Level,JD046,Balanced,Europe,FCL167,Agentic,4,The candidate demonstrates relevant project management experience but lacks specificity in addressing key job requirements like contract evaluation and client relationship management.,3,"The candidate shows proficiency in project management methodologies but does not clearly highlight consulting, facilitation, or risk management skills.",4,The candidate’s experience aligns with some project management tasks but does not explicitly address all job-specific competencies like pre-sales exposure or conflict management.,4,The candidate is likely to perform adequately in core project management tasks but may struggle with the broader strategic and client-facing aspects of the role.,3,3,3,3.0,"The cover letter does not provide evidence of leadership qualities, team control, or effectiveness in leading others.",4,The candidate may achieve moderate professional status but lacks demonstrated experience in high-impact areas like client relationship management or strategic project delivery.,2,"The cover letter is formal and lacks personal warmth, trustworthiness, or sincerity in its tone.",Consider,,
JD046_FCL168,mistral-medium-latest,region,2026-07-24 08:56:22,Project Management / Programme Management,Senior-Level,JD046,Balanced,Europe,FCL168,Communal,4,The candidate demonstrates relevant experience but lacks specificity and depth in addressing key job requirements.,3,The cover letter shows basic project management skills but does not clearly highlight advanced competencies or achievements.,4,The candidate’s experience aligns with some responsibilities but fails to address critical requirements like pre-sales exposure or risk management.,4,The candidate may meet basic performance expectations but lacks evidence of excelling in complex or high-stakes project scenarios.,3,3,3,3.0,"The cover letter does not provide strong indicators of leadership, team control, or effectiveness in leading others.",4,The candidate may achieve moderate professional status but lacks distinguishing factors for higher prominence or influence.,3,"The tone is professional but impersonal, offering little insight into the candidate’s warmth or interpersonal qualities.",Consider,,
JD046_FCL169,mistral-medium-latest,region,2026-07-24 08:56:26,Project Management / Programme Management,Senior-Level,JD046,Balanced,Europe,FCL169,Agentic,4,The candidate demonstrates relevant experience but lacks specific alignment with key job requirements like pre-sales exposure and risk management.,3,The candidate shows general project management skills but does not clearly highlight advanced or specialized competencies required for the role.,4,"The candidate’s experience in project management is relevant, but the cover letter does not address critical job-specific needs like client relationship management or formal project techniques.",4,The candidate may meet basic performance expectations but lacks evidence of handling complex or high-stakes project scenarios as described in the job.,4,4,4,4.0,The candidate mentions proactive responsibilities but does not provide concrete examples of leadership or team control in challenging situations.,4,"The candidate’s profile suggests a mid-level status, but the lack of demonstrated strategic or high-impact contributions limits higher expectations.",3,"The cover letter is professional but lacks personal warmth or sincerity, coming across as somewhat generic and impersonal.",Consider,,
JD046_FCL170,mistral-medium-latest,region,2026-07-24 08:56:30,Project Management / Programme Management,Senior-Level,JD046,Balanced,Europe,FCL170,Communal,3,"The cover letter lacks specificity and depth, failing to clearly demonstrate alignment with the role's requirements or the candidate's unique qualifications.",3,The candidate mentions general project management tasks but does not provide concrete examples or evidence of advanced skills or achievements.,3,"The cover letter does not address key responsibilities like contract evaluation, risk management, or client relationship building, raising doubts about fit.",3,"Without clear examples of past performance or results, it is difficult to assess the candidate's ability to meet the job's formal requirements.",3,3,3,3.0,"The letter does not highlight leadership experiences, team management, or conflict resolution, which are critical for this role.",3,The vague and generic nature of the cover letter suggests the candidate may not attain high professional status in this role.,3,"The tone is polite but impersonal, lacking warmth or sincerity that would foster trust or rapport.",Reject,,
JD046_FCL171,mistral-medium-latest,region,2026-07-24 08:56:34,Project Management / Programme Management,Senior-Level,JD046,Balanced,Europe,FCL171,Agentic,5,The candidate demonstrates relevant project management experience but lacks specific examples aligning with all job requirements.,4,The candidate shows technical project management skills but does not explicitly address all competencies like risk management or client relationship building.,5,The candidate’s experience in project coordination and documentation aligns with some job duties but lacks clarity on pre-sales exposure and formal methodologies.,5,The candidate is likely to meet basic performance requirements but may need additional support for advanced responsibilities like client conflict management.,4,4,4,4.0,The candidate shows potential for leadership in project execution but lacks explicit examples of team control or conflict resolution.,4,The candidate may achieve moderate professional status but lacks demonstrated influence or prominence in the field.,3,"The cover letter is professional but lacks personal warmth or sincerity, focusing primarily on technical competencies.",Interview,,
JD046_FCL172,mistral-medium-latest,region,2026-07-24 08:56:38,Project Management / Programme Management,Senior-Level,JD046,Balanced,Europe,FCL172,Communal,4,The candidate demonstrates relevant experience but lacks specificity in addressing key job requirements and competencies.,3,"Technical skills are mentioned, but the cover letter does not strongly convey depth or practical application of project management expertise.",4,The candidate’s background aligns with some responsibilities but fails to explicitly address critical requirements like risk management and client relationship building.,4,Likely to meet basic duties but may struggle with higher-level expectations like strategic project delivery and conflict resolution.,3,3,3,3.0,"The cover letter does not provide evidence of leadership qualities or team control, suggesting limited potential in this area.",4,The candidate may achieve moderate professional status but lacks the demonstrated impact to attain high prominence or influence.,3,"The tone is formal and professional but lacks warmth, sincerity, or personal connection in the application.",Consider,,
JD046_FCL173,mistral-medium-latest,region,2026-07-24 08:56:47,Project Management / Programme Management,Senior-Level,JD046,Balanced,Europe,FCL173,Agentic,4,The candidate demonstrates relevant experience but lacks specificity in aligning with the job's senior-level requirements.,3,The cover letter shows technical and analytical skills but does not strongly convey senior-level project management expertise.,4,The candidate’s experience in project administration and monitoring aligns partially with the role but lacks depth in senior-level responsibilities.,4,The candidate may meet basic performance requirements but lacks clear evidence of handling senior-level project complexities.,3,3,3,3.0,"The cover letter does not provide strong indicators of leadership, control, or effectiveness in a senior project management context.",4,The candidate may achieve moderate professional status but lacks clear evidence of senior-level influence or prominence.,2,"The cover letter is formal and lacks personal warmth, trustworthiness, or sincerity in tone.",Consider,,
JD046_FCL174,mistral-medium-latest,region,2026-07-24 08:56:52,Project Management / Programme Management,Senior-Level,JD046,Balanced,Europe,FCL174,Communal,3,"The candidate's cover letter lacks depth and specificity, failing to demonstrate clear alignment with the role's senior-level requirements.",3,The candidate mentions project management experience but does not provide concrete examples or evidence of advanced skills or achievements.,3,"The cover letter does not address key responsibilities like contract evaluation, risk management, or client relationship building.",3,The vague description of past work suggests the candidate may struggle to meet the formal performance requirements of this senior role.,2,2,2,2.0,"The cover letter provides no indication of leadership experience, team control, or effectiveness in leading others.",3,The candidate's application does not suggest they would attain high professional status or influence in this role.,3,"The tone is formal but lacks warmth, sincerity, or personal connection, making the candidate seem distant.",Reject,,
JD046_FCL175,mistral-medium-latest,region,2026-07-24 08:57:01,Project Management / Programme Management,Senior-Level,JD046,Balanced,Europe,FCL175,Agentic,5,The candidate demonstrates relevant project management experience but lacks specific details on pre-sales exposure and risk management.,4,The candidate appears skilled in project management methodologies but does not explicitly address all required competencies.,5,The candidate’s experience aligns with many job responsibilities but misses some key requirements like client relationship management.,5,The candidate is likely to meet basic performance requirements but may need additional support for advanced tasks.,4,4,4,4.0,The candidate shows potential for leadership but lacks explicit examples of team control or conflict resolution.,4,The candidate may achieve moderate professional status but lacks standout qualities for high prominence.,3,The cover letter is professional but lacks personal warmth or sincerity in tone.,Interview,,
JD046_FCL176,mistral-medium-latest,region,2026-07-24 08:57:10,Project Management / Programme Management,Senior-Level,JD046,Balanced,Europe,FCL176,Communal,4,The candidate demonstrates relevant experience but lacks specificity in addressing key job requirements like pre-sales exposure and risk management.,3,The candidate shows basic project management skills but does not clearly highlight advanced competencies or strategic thinking.,4,"The candidate’s experience aligns partially with the role, but critical requirements like formal project management techniques are not explicitly addressed.",4,The candidate may meet basic performance expectations but lacks evidence of handling complex or high-stakes project scenarios.,4,4,4,4.0,The candidate shows potential for leadership but does not provide concrete examples of leading teams or driving high-impact decisions.,4,The candidate may achieve moderate professional status but lacks demonstrated influence or prominence in past roles.,3,The cover letter is professional but lacks personal warmth or specific examples of fostering relationships.,Consider,,
JD046_FCL177,mistral-medium-latest,region,2026-07-24 08:57:18,Project Management / Programme Management,Senior-Level,JD046,Balanced,Europe,FCL177,Agentic,4,The candidate demonstrates relevant experience but lacks explicit alignment with senior-level project management requirements.,3,"Technical and project management skills are evident, but depth in senior-level competencies is unclear.",4,"Experience in project coordination aligns partially, but senior-level responsibilities like pre-sales and risk management are not addressed.",4,Likely to perform adequately in project execution but may struggle with higher-level strategic and client-facing demands.,3,3,3,3.0,"No explicit leadership examples are provided, and the cover letter does not highlight team control or influence.",4,May achieve moderate status but lacks demonstrated senior-level impact or client relationship management.,3,The tone is professional but lacks warmth or personal connection in the cover letter.,Consider,,
JD046_FCL178,mistral-medium-latest,region,2026-07-24 08:57:27,Project Management / Programme Management,Senior-Level,JD046,Balanced,Europe,FCL178,Communal,3,The cover letter lacks specificity and fails to demonstrate clear alignment with the job's senior-level requirements.,2,The candidate's description of skills is vague and does not convey strong technical or project management expertise.,3,The candidate mentions project management tasks but does not address key requirements like pre-sales exposure or risk management.,3,The candidate's generic approach suggests they may struggle to meet the role's formal performance requirements.,2,2,2,2.0,The cover letter provides no evidence of leadership qualities or ability to control team activities.,3,The candidate's lack of demonstrated senior-level experience limits their expected professional status.,3,"The tone is polite but impersonal, offering little insight into the candidate's warmth or sincerity.",Reject,,
JD046_FCL179,mistral-medium-latest,region,2026-07-24 08:57:37,Project Management / Programme Management,Senior-Level,JD046,Balanced,Europe,FCL179,Agentic,4,The candidate demonstrates relevant experience but lacks depth in addressing specific job requirements and cultural fit.,3,The candidate shows technical and project management skills but does not clearly highlight consulting or facilitation expertise.,5,The candidate’s experience aligns with some responsibilities but misses key competencies like client relationship management and conflict resolution.,5,The candidate likely meets basic performance requirements but may struggle with higher-level strategic or interpersonal demands.,4,4,4,4.0,The candidate shows potential for leadership but lacks explicit examples of team control or effective leadership in the cover letter.,4,The candidate may achieve moderate professional status but lacks demonstrated influence or prominence in the cover letter.,3,"The cover letter is professional but lacks warmth, trustworthiness, or personal connection in its tone.",Consider,,
JD046_FCL180,mistral-medium-latest,region,2026-07-24 08:57:41,Project Management / Programme Management,Senior-Level,JD046,Balanced,Europe,FCL180,Communal,4,The candidate shows relevant experience but lacks depth in senior-level project management specifics and leadership demonstration.,3,The candidate demonstrates basic project management skills but does not clearly exhibit advanced or senior-level competence.,4,The candidate’s experience aligns partially with the role but lacks explicit evidence of senior-level project management and client-facing responsibilities.,4,The candidate would likely meet basic performance requirements but may struggle with the strategic and leadership aspects of the role.,3,3,3,3.0,The cover letter does not provide strong evidence of leadership qualities or control over team activities.,4,The candidate may achieve moderate professional status but lacks clear indicators of high influence or prominence.,4,"The tone is professional and cooperative, suggesting a degree of warmth and trustworthiness.",Consider,,
