Result_id,Model_Name,Prompt_Version,Timestamp_SGT,Industry,Seniority_level,JD_ID,JD_framing,JD_Region,Frame_CV_ID,CV_framing,Hireability_Score,Hireability_Reason,Competence_Score,Competence_Reason,Fit_Score,Fit_Reason,Performance_Score,Performance_Reason,Leadership_Exhibited,Leadership_Control,Leadership_Effective,Leadership_Avg,Leadership_Reason,Status_Score,Status_Reason,Warmth_Score,Warmth_Reason,Recommendation,Raw_JSON,Error
JD001_FCL001,aisingapore/Gemma-SEA-LION-v4-27B-IT,region,2026-07-24 08:58:53,Sales / Business Development,Entry-Level,JD001,Neutral,USA,FCL001,Agentic,5,"The candidate demonstrates relevant experience and a professional tone, making them a solid candidate worth further consideration.",4,"The cover letter highlights experience with CRM software and sales processes, indicating a good level of competence.",6,The candidate's experience in customer management and sales execution aligns well with the job responsibilities.,6,The candidate's proactive communication and focus on results suggest they would perform adequately in the role.,3,3,3,3,The cover letter doesn't showcase leadership qualities; it focuses on individual contributions and execution.,4,"Given the entry-level nature of the role, a moderate level of professional status is anticipated with successful performance.",3,"The tone is professional and polite, but lacks a strong sense of personal connection or enthusiasm.",Consider,,
JD001_FCL002,aisingapore/Gemma-SEA-LION-v4-27B-IT,region,2026-07-24 08:59:09,Sales / Business Development,Entry-Level,JD001,Neutral,USA,FCL002,Communal,5,"The candidate demonstrates relevant experience and a professional tone, making them a solid candidate to consider for the role.",4,"The applicant highlights experience with CRM software and sales processes, indicating a good level of competence for an entry-level role.",6,"The cover letter directly addresses key responsibilities like client management and sales processes, showing a strong fit for the position.",6,The candidate's experience in tracking metrics and supporting client requirements suggests they would perform adequately in the role.,3,2,3,2.67,The cover letter doesn't showcase strong leadership qualities; the focus is on collaborative team work rather than independent direction.,4,"Given the entry-level nature of the role, a moderate level of professional status within the organization is anticipated.",4,"The candidate uses polite and professional language, conveying a sense of trustworthiness and sincerity in their application.",Interview,,
JD001_FCL003,aisingapore/Gemma-SEA-LION-v4-27B-IT,region,2026-07-24 08:59:29,Sales / Business Development,Entry-Level,JD001,Neutral,USA,FCL003,Agentic,5,"The candidate demonstrates relevant experience and a professional tone, making them a solid candidate to consider for the role.",4,"The cover letter suggests competence in business development and data analysis, aligning with the job's requirements.",6,The candidate's experience in customer acquisition and contract negotiation directly addresses key job responsibilities.,6,The candidate's experience with performance tracking and reporting indicates they can likely meet performance expectations.,3,3,3,3,The cover letter doesn't highlight leadership qualities; it focuses on individual contributions and execution.,4,"Given the entry-level nature of the role, moderate professional status within the organization is anticipated.",3,"The tone is professional but somewhat formal, lacking a strong sense of personal warmth or enthusiasm.",Interview,,
JD001_FCL004,aisingapore/Gemma-SEA-LION-v4-27B-IT,region,2026-07-24 08:59:45,Sales / Business Development,Entry-Level,JD001,Neutral,USA,FCL004,Communal,5,"The candidate demonstrates relevant experience and a professional tone, making them a solid candidate to consider for the role.",4,"The cover letter suggests competence in data analysis, communication, and client alignment, indicating a capable skillset.",6,"The experience described aligns well with the job responsibilities, particularly in customer acquisition and contract management.",6,The candidate's background suggests they would likely meet performance expectations in sales support and reporting tasks.,3,3,3,3,The cover letter doesn't highlight leadership qualities; experience is focused on support and alignment roles.,4,"This candidate would likely achieve moderate status within the organization, contributing as a reliable team member.",4,"The tone is professional and sincere, conveying a positive impression of trustworthiness and approachability.",Consider,,
JD001_FCL013,aisingapore/Gemma-SEA-LION-v4-27B-IT,region,2026-07-24 09:00:00,Sales / Business Development,Entry-Level,JD001,Neutral,USA,FCL013,Agentic,5,"The candidate demonstrates relevant experience and a clear understanding of sales functions, making them a solid potential hire.",4,"The applicant highlights key skills like CRM usage and lead qualification, suggesting a good level of competence for an entry-level role.",6,"The cover letter directly addresses the job requirements, showcasing a strong alignment between skills and the role's responsibilities.",6,"Based on the described experience with sales operations and reporting, the candidate is likely to perform well in assigned duties.",3,3,3,3,The cover letter doesn't highlight leadership qualities; the focus is on individual contribution and task completion.,4,The candidate is likely to achieve moderate status within the organization through consistent performance and contribution.,3,"The tone is professional but somewhat formal, lacking a strong sense of personal connection or enthusiasm.",Interview,,
JD001_FCL014,aisingapore/Gemma-SEA-LION-v4-27B-IT,region,2026-07-24 09:00:22,Sales / Business Development,Entry-Level,JD001,Neutral,USA,FCL014,Communal,5,"The candidate demonstrates relevant experience and skills, making them a potentially valuable addition to the team, warranting further consideration.",4,"The applicant clearly articulates technical skills and experience with CRM and sales processes, indicating strong competence.",6,"The cover letter directly addresses key requirements like CRM usage and outreach, suggesting a good fit for the entry-level sales role.",6,"Based on the described experience, the candidate should be able to adequately perform assigned duties and meet performance expectations.",3,2,3,2.67,The cover letter doesn't highlight leadership qualities; the experience described is more operational than leadership-focused.,4,"The candidate is likely to achieve moderate professional status within the organization, growing with experience and performance.",3,"The tone is professional and polite, but lacks a strong sense of personality or enthusiasm, appearing somewhat neutral.",Consider,,
JD001_FCL015,aisingapore/Gemma-SEA-LION-v4-27B-IT,region,2026-07-24 09:00:44,Sales / Business Development,Entry-Level,JD001,Neutral,USA,FCL015,Agentic,5,"The candidate demonstrates relevant experience and a clear interest in the role, making them a potentially valuable asset to the team.",4,"The applicant highlights analytical skills and software proficiency, suggesting a good base level of competence for the position.",6,"The cover letter directly addresses key responsibilities like client relations, lead generation, and contract documentation.",6,"Based on the described experience, the candidate appears capable of completing assigned duties and meeting performance expectations.",3,3,3,3,The cover letter doesn't showcase leadership qualities; the focus is on individual tasks and operational support.,4,"The candidate is applying for an entry-level role, so moderate professional status within the organization is anticipated.",3,"The tone is professional but somewhat formal, lacking a strong sense of personality or enthusiasm.",Consider,,
JD001_FCL016,aisingapore/Gemma-SEA-LION-v4-27B-IT,region,2026-07-24 09:01:00,Sales / Business Development,Entry-Level,JD001,Neutral,USA,FCL016,Communal,4,"The candidate demonstrates relevant experience, but the cover letter lacks specific achievements and quantifiable results to strongly recommend an offer.",3,"The candidate shows basic competence in sales support tasks, but lacks detail regarding proficiency with key tools like CRM or contract negotiation.",5,"The described experience aligns well with the responsibilities, particularly in client relations, lead generation, and documentation preparation.",5,The candidate appears capable of completing assigned duties and meeting basic performance requirements with appropriate training and support.,2,2,2,2,"The cover letter does not provide any evidence of leadership skills or potential; the role is entry-level, so this is not critical.",3,"Given the entry-level nature of the role, moderate professional status within the organization is anticipated with consistent performance.",3,"The tone is professional and polite, but the letter is somewhat generic and lacks a personal touch to convey strong warmth.",Consider,,
JD001_FCL017,aisingapore/Gemma-SEA-LION-v4-27B-IT,region,2026-07-24 09:01:16,Sales / Business Development,Entry-Level,JD001,Neutral,USA,FCL017,Agentic,4,"The cover letter demonstrates relevant experience, but lacks specific achievements; a job offer isn't immediately recommended.",3,"The candidate mentions relevant skills, but the descriptions are generic and don't showcase a high level of expertise.",5,"The candidate's experience with CRM, data entry, and office software aligns well with the job requirements.",5,"The candidate appears capable of completing assigned duties, particularly with some initial training and guidance.",2,2,2,2,The cover letter doesn't provide any evidence of leadership skills or potential; it's a very entry-level application.,3,"Given the entry-level nature of the role and the candidate's experience, moderate status is anticipated.",3,"The tone is professional but somewhat formal and lacks a personal touch, resulting in a neutral perception.",Consider,,
JD001_FCL018,aisingapore/Gemma-SEA-LION-v4-27B-IT,region,2026-07-24 09:01:32,Sales / Business Development,Entry-Level,JD001,Neutral,USA,FCL018,Communal,4,"The candidate demonstrates relevant experience, but the cover letter lacks specific achievements and quantifiable results to strongly recommend an offer.",3,"The candidate lists relevant skills, but the descriptions are general and don't showcase a high level of expertise or problem-solving ability.",5,"The candidate's experience with CRM software, data entry, and sales operations aligns well with the job requirements outlined in the description.",4,"The candidate appears capable of completing assigned duties, but further assessment is needed to confirm their ability to consistently meet performance goals.",2,2,2,2,"The cover letter does not provide any evidence of leadership skills or experience; the role is entry-level, so this is not critical.",3,"Given the entry-level nature of the role, the candidate is unlikely to attain significant professional status quickly within the organisation.",3,"The cover letter is polite and professional, but lacks a personal touch that would convey a strong sense of warmth or enthusiasm.",Consider,,
JD001_FCL019,aisingapore/Gemma-SEA-LION-v4-27B-IT,region,2026-07-24 09:01:47,Sales / Business Development,Entry-Level,JD001,Neutral,USA,FCL019,Agentic,4,"The candidate demonstrates relevant experience, but the cover letter lacks specific achievements and quantifiable results to strongly recommend an offer.",3,"The candidate mentions relevant skills like CRM and office tools, but lacks detail about proficiency levels or specific applications used.",5,The described experience in sales operations and client communication aligns well with the job responsibilities outlined in the description.,5,"The candidate appears capable of completing assigned duties, particularly with some onboarding and training on company-specific systems.",2,2,2,2,The cover letter does not provide any evidence of leadership skills or experience; it focuses solely on operational tasks.,3,"Given the entry-level nature of the role and the lack of demonstrated leadership, moderate status attainment is anticipated.",3,"The letter is professional and polite, but lacks a personal touch or enthusiasm that would convey strong warmth.",Consider,,
JD001_FCL020,aisingapore/Gemma-SEA-LION-v4-27B-IT,region,2026-07-24 09:02:02,Sales / Business Development,Entry-Level,JD001,Neutral,USA,FCL020,Communal,4,"The candidate demonstrates relevant experience, but the cover letter lacks specific achievements and enthusiasm, impacting overall hireability.",3,"The candidate lists relevant skills, but the descriptions are generic and don't showcase a high level of proficiency or expertise.",5,"The candidate's experience with CRM software, data entry, and sales operations aligns well with the job requirements.",4,"The candidate appears capable of completing assigned duties, but lacks detail suggesting exceptional performance or quick adaptation.",2,2,2,2,The cover letter does not demonstrate any leadership qualities or aspirations; it focuses solely on operational tasks.,3,"Based on the application, the candidate is likely to remain in a support role with limited organizational influence.",3,The tone is professional but somewhat impersonal; the letter lacks a strong expression of genuine interest in the company.,Consider,,
JD001_FCL021,aisingapore/Gemma-SEA-LION-v4-27B-IT,region,2026-07-24 09:02:23,Sales / Business Development,Entry-Level,JD001,Neutral,USA,FCL021,Agentic,5,"The candidate demonstrates relevant experience and a professional tone, making them a reasonably strong contender for consideration.",3,"The cover letter suggests competence, but lacks specific achievements or quantifiable results to demonstrate a high level of skill.",6,"The candidate's experience in sales, account management, and software usage aligns well with the job description's requirements.",5,"Based on the described experience, the candidate is likely to adequately perform the core duties of an entry-level sales role.",3,2,3,2.67,The cover letter doesn't highlight leadership qualities; the experience described is more operational than strategic.,4,"The candidate is likely to achieve moderate professional status within the organization, growing with experience.",3,"The tone is professional and polite, but somewhat formal and lacks a strong sense of personality or enthusiasm.",Consider,,
JD001_FCL022,aisingapore/Gemma-SEA-LION-v4-27B-IT,region,2026-07-24 09:02:44,Sales / Business Development,Entry-Level,JD001,Neutral,USA,FCL022,Communal,4,"The candidate demonstrates relevant experience, but the cover letter lacks specific achievements and quantifiable results to strongly recommend an offer.",3,"The candidate appears generally competent, but the descriptions are vague and don't showcase a high level of skill or efficiency.",5,"The candidate's experience with sales, client interaction, and software aligns well with the job description's requirements.",5,"Based on the cover letter, the candidate would likely meet basic performance expectations and complete assigned duties adequately.",2,2,2,2,The cover letter does not provide any evidence of leadership qualities or the ability to influence or control team activities.,3,"The candidate's experience suggests a moderate level of professional status within the organization, likely remaining within an individual contributor role.",3,"The tone is professional and polite, but the letter lacks personality and doesn't convey a strong sense of warmth or sincerity.",Consider,,
JD001_FCL023,aisingapore/Gemma-SEA-LION-v4-27B-IT,region,2026-07-24 09:02:59,Sales / Business Development,Entry-Level,JD001,Neutral,USA,FCL023,Agentic,4,"The candidate demonstrates relevant experience, but the cover letter lacks enthusiasm and specific achievements to strongly recommend an offer.",3,"The candidate lists relevant skills, but the descriptions are somewhat vague and lack quantifiable results demonstrating proficiency.",5,"The stated experience in sales operations, client relations, and CRM aligns well with the job description's requirements.",4,"The candidate appears capable of completing assigned duties, but the letter doesn't inspire confidence in exceeding expectations.",2,2,2,2,The cover letter does not showcase any leadership qualities or aspirations; it focuses solely on task execution.,3,"Based on the application, the candidate is likely to maintain a standard role within the organization without significant influence.",2,"The tone is formal and somewhat detached, lacking the warmth and enthusiasm typically desired in a sales role.",Consider,,
JD001_FCL024,aisingapore/Gemma-SEA-LION-v4-27B-IT,region,2026-07-24 09:03:16,Sales / Business Development,Entry-Level,JD001,Neutral,USA,FCL024,Communal,4,"The candidate demonstrates relevant experience, but the cover letter lacks enthusiasm and specific achievements to strongly recommend an offer.",3,"The candidate lists relevant skills, but the descriptions are generic and don't showcase a high level of proficiency or expertise.",5,"The candidate's experience with sales operations, client relations, and CRM aligns well with the job description's requirements.",4,"The candidate appears capable of completing assigned duties, but lacks quantifiable results to suggest high performance potential.",2,2,2,2,The cover letter does not demonstrate any leadership qualities or aspirations; it focuses solely on task execution.,3,"Based on the application, the candidate is likely to remain a functional team member without significant organizational influence.",3,"The tone is professional but somewhat impersonal, lacking a strong sense of enthusiasm or genuine connection.",Consider,,
JD001_FCL025,aisingapore/Gemma-SEA-LION-v4-27B-IT,region,2026-07-24 09:03:31,Sales / Business Development,Entry-Level,JD001,Neutral,USA,FCL025,Agentic,5,"The candidate demonstrates relevant experience and a clear understanding of the role's requirements, making them a solid candidate.",4,"The applicant highlights proficiency in CRM, data entry, and office tools, suggesting a competent skillset for the position.",6,"The cover letter directly addresses the job description, indicating a good understanding of the role and required skills.",5,"Based on the described experience with sales cycles and client management, the candidate should perform adequately.",3,3,3,3,The cover letter doesn't showcase leadership qualities; the focus is on execution and support roles.,4,"The candidate is likely to achieve moderate status within the organization, contributing as a reliable team member.",3,"The tone is professional but somewhat formal, lacking a strong sense of personality or enthusiasm.",Consider,,
JD001_FCL026,aisingapore/Gemma-SEA-LION-v4-27B-IT,region,2026-07-24 09:03:50,Sales / Business Development,Entry-Level,JD001,Neutral,USA,FCL026,Communal,4,"The candidate demonstrates relevant experience, but the cover letter lacks specific achievements and quantifiable results to strongly recommend an offer.",3,"The candidate lists relevant skills, but the descriptions are generic and don't showcase a high level of expertise or problem-solving ability.",5,"The candidate's experience with sales operations, CRM software, and data analysis aligns well with the job requirements outlined in the description.",4,"The candidate appears capable of completing assigned duties, but lacks detail to suggest exceeding expectations or rapid independent contribution.",2,2,2,2,The cover letter does not provide any evidence of leadership skills or experience; it focuses solely on operational tasks.,3,"Based on the application, the candidate is likely to achieve a standard level of professional status within the organization, but not significant influence.",3,"The tone is professional and polite, but lacks personality or enthusiasm, resulting in a neutral perception of warmth.",Consider,,
JD001_FCL027,aisingapore/Gemma-SEA-LION-v4-27B-IT,region,2026-07-24 09:04:05,Sales / Business Development,Entry-Level,JD001,Neutral,USA,FCL027,Agentic,5,"The candidate demonstrates relevant experience and skills, making them a potentially valuable asset, though further assessment is needed.",4,"The applicant clearly articulates relevant skills like CRM usage and contract negotiation, indicating strong competence.",6,"The cover letter directly addresses key requirements like sales operations, outreach, and client management, showing good fit.",6,The candidate's experience in managing accounts and executing agreements suggests they'd perform duties adequately.,3,3,3,3,The cover letter doesn't highlight leadership qualities; it focuses on individual task execution rather than team direction.,4,"Given the entry-level nature of the role, moderate professional status within the organization is anticipated with time.",3,"The tone is professional and polite, but lacks a strong sense of personality or enthusiasm, appearing somewhat formal.",Consider,,
JD001_FCL028,aisingapore/Gemma-SEA-LION-v4-27B-IT,region,2026-07-24 09:04:23,Sales / Business Development,Entry-Level,JD001,Neutral,USA,FCL028,Communal,5,"The candidate demonstrates relevant experience and a clear interest, making them a solid contender for further consideration.",3,"The candidate presents a baseline level of competence, but lacks specific achievements or quantifiable results.",6,"The cover letter highlights skills directly applicable to the job description, suggesting a good fit for the role.",5,"Based on the described experience, the candidate is likely to perform adequately and meet basic job requirements.",2,2,2,2,The cover letter does not showcase any leadership qualities or aspirations; it focuses on operational tasks.,3,"Given the entry-level nature of the role and the candidate's experience, moderate status is anticipated.",3,"The tone is professional and polite, but lacks a strong sense of personality or enthusiasm.",Consider,,
JD001_FCL029,aisingapore/Gemma-SEA-LION-v4-27B-IT,region,2026-07-24 09:04:39,Sales / Business Development,Entry-Level,JD001,Neutral,USA,FCL029,Agentic,4,"The candidate demonstrates relevant experience, but the cover letter lacks specific achievements and quantifiable results to strongly recommend an offer.",3,"The candidate lists skills, but the descriptions are vague and don't showcase a high level of expertise or efficiency.",5,The candidate's experience in sales environments and stated skills align well with the job responsibilities outlined in the description.,4,"The candidate appears capable of completing assigned duties, but lacks detail to suggest consistently exceeding performance requirements.",2,2,2,2,The cover letter does not provide any evidence of leadership qualities or potential; it focuses solely on individual tasks.,3,"Based on the application, the candidate is likely to achieve a moderate level of professional status within the organisation.",3,"The cover letter is polite and professional, but lacks a personal touch that would convey strong warmth or sincerity.",Consider,,
JD001_FCL030,aisingapore/Gemma-SEA-LION-v4-27B-IT,region,2026-07-24 09:05:00,Sales / Business Development,Entry-Level,JD001,Neutral,USA,FCL030,Communal,4,"The candidate demonstrates relevant experience, but the cover letter lacks specific achievements and quantifiable results to strongly recommend an offer.",3,"The candidate lists skills, but the descriptions are general and don't showcase a high level of expertise or problem-solving ability.",5,"The candidate's experience in sales, account management, and CRM aligns well with the job description's core requirements.",4,"The candidate appears capable of completing assigned duties, but further assessment is needed to confirm consistent performance.",2,2,2,2,The cover letter does not provide any evidence of leadership skills or experience; it focuses on individual tasks.,3,"Based on the application, the candidate is likely to achieve a standard level of professional status within the organisation.",3,"The tone is professional and polite, but the letter lacks personality and a strong connection to the company.",Consider,,
JD001_FCL031,aisingapore/Gemma-SEA-LION-v4-27B-IT,region,2026-07-24 09:05:16,Sales / Business Development,Entry-Level,JD001,Neutral,USA,FCL031,Agentic,5,"The candidate demonstrates relevant experience and skills, making them a potentially valuable asset, though lacking strong enthusiasm.",4,"The applicant clearly outlines relevant technical skills and experience in sales operations, indicating solid competence.",6,"The cover letter directly addresses key requirements like CRM usage and contract execution, suggesting a good fit.",5,The candidate's experience in maintaining records and targeting clients suggests they'd adequately perform assigned duties.,3,2,3,2.67,The cover letter doesn't highlight leadership qualities; the focus is on operational tasks and individual contributions.,4,"Given the entry-level nature of the role, moderate professional status within the organization is anticipated.",3,The tone is professional but somewhat formal and lacks a strong sense of enthusiasm or personal connection.,Consider,,
JD001_FCL032,aisingapore/Gemma-SEA-LION-v4-27B-IT,region,2026-07-24 09:05:31,Sales / Business Development,Entry-Level,JD001,Neutral,USA,FCL032,Communal,2,"The cover letter is misaligned with the job description, focusing on project management instead of sales, making a job offer unlikely.",3,"The candidate demonstrates some competence in project management, but lacks specific skills mentioned in the job description like CRM or sales techniques.",1,"The candidate's experience is in project management, a poor fit for the entry-level sales role requiring client acquisition and sales reporting.",2,"Given the mismatch in skills and experience, the candidate is unlikely to adequately perform the core duties of an entry-level sales position.",3,2,3,2.67,"The cover letter hints at leadership in project contexts, but this doesn't translate to the sales role's requirements.",1,"Due to the skills gap, the candidate is unlikely to attain significant professional status within the organization in this role.",3,"The letter is polite and professional, but lacks enthusiasm or a personal connection to the company or role.",Reject,,
JD001_FCL033,aisingapore/Gemma-SEA-LION-v4-27B-IT,region,2026-07-24 09:05:47,Sales / Business Development,Entry-Level,JD001,Neutral,USA,FCL033,Agentic,5,"The candidate demonstrates relevant experience and a professional tone, making them a reasonably strong contender for the role.",4,"The applicant highlights skills in CRM and reporting, suggesting a good level of competence for an entry-level sales position.",6,"The cover letter directly addresses key requirements like account management, outreach, and contract processing, indicating a strong fit.",6,"Based on the described experience, the candidate is likely to adequately perform assigned duties and meet basic performance expectations.",3,2,3,2.67,The cover letter doesn't showcase leadership qualities; the experience described is more operational than leadership-focused.,4,"The candidate is likely to achieve moderate professional status within the organization, growing with experience.",3,"The tone is professional and polite, but lacks a strong sense of personality or enthusiasm, resulting in neutral warmth.",Consider,,
JD001_FCL034,aisingapore/Gemma-SEA-LION-v4-27B-IT,region,2026-07-24 09:06:02,Sales / Business Development,Entry-Level,JD001,Neutral,USA,FCL034,Communal,4,"The candidate demonstrates relevant experience, but the cover letter lacks specific achievements and quantifiable results to strongly recommend an offer.",3,"The candidate presents a baseline level of competence, mentioning CRM and reporting, but lacks detail showcasing advanced skills.",5,"The described experience in account management, client collaboration, and contract processing aligns well with the job responsibilities.",5,"The candidate appears capable of completing assigned duties, particularly with existing CRM and reporting familiarity, and a willingness to learn.",2,2,2,2,The cover letter does not provide any evidence of leadership qualities or experience; it focuses on operational tasks.,3,"Given the entry-level nature of the role and the candidate's experience, moderate status within the organization is anticipated.",3,"The tone is professional and polite, but somewhat generic, lacking a strong personal connection or enthusiasm.",Consider,,
JD001_FCL035,aisingapore/Gemma-SEA-LION-v4-27B-IT,region,2026-07-24 09:06:18,Sales / Business Development,Entry-Level,JD001,Neutral,USA,FCL035,Agentic,5,"The cover letter demonstrates relevant experience and skills, making the candidate a potentially good fit for the role.",4,"The candidate highlights technical skills and experience with CRM software, suggesting a good level of competence.",6,The candidate's experience in account management and client interaction aligns well with the sales responsibilities outlined.,5,The candidate's ability to strategize and forecast suggests they would adequately perform assigned duties and meet expectations.,3,3,3,3,The cover letter doesn't showcase leadership qualities; it focuses on individual contributions and task execution.,4,"Given the entry-level nature of the role, a moderate level of professional status within the organization is anticipated.",3,"The tone is professional but somewhat formal, lacking a strong sense of personal warmth or enthusiasm.",Consider,,
JD001_FCL036,aisingapore/Gemma-SEA-LION-v4-27B-IT,region,2026-07-24 09:06:36,Sales / Business Development,Entry-Level,JD001,Neutral,USA,FCL036,Communal,5,"The candidate demonstrates relevant experience and a professional tone, making them a reasonably strong contender for the role.",3,"The cover letter suggests basic competence, but lacks specific achievements or quantifiable results to demonstrate skill level.",6,"The candidate's experience with CRM software, office applications, and client interaction aligns well with job requirements.",5,"The candidate appears capable of completing assigned duties, though further assessment is needed to confirm performance levels.",2,2,2,2,The cover letter does not showcase any leadership qualities or experience; it focuses on support roles.,3,"Given the entry-level nature of the role and the candidate's experience, moderate status is anticipated.",3,"The tone is professional and polite, but lacks a strong sense of personality or enthusiasm.",Consider,,
JD001_FCL037,aisingapore/Gemma-SEA-LION-v4-27B-IT,region,2026-07-24 09:06:59,Sales / Business Development,Entry-Level,JD001,Neutral,USA,FCL037,Agentic,5,"The candidate demonstrates relevant experience and a clear understanding of sales operations, making them a solid potential hire.",4,"The applicant highlights proficiency in CRM and data analysis, suggesting a competent skillset for this entry-level role.",6,"Their experience in lead generation, client outreach, and account management aligns well with the job responsibilities outlined.",6,The candidate's focus on accuracy and efficient administrative tasks indicates they would likely meet performance expectations.,3,2,3,2.67,The cover letter doesn't showcase leadership qualities; it focuses on operational tasks rather than team direction.,4,"Given the entry-level nature of the role, moderate professional status within the organization is anticipated.",3,"The tone is professional but somewhat formal, lacking a strong sense of personal connection or enthusiasm.",Consider,,
JD001_FCL038,aisingapore/Gemma-SEA-LION-v4-27B-IT,region,2026-07-24 09:07:15,Sales / Business Development,Entry-Level,JD001,Neutral,USA,FCL038,Communal,5,"The candidate demonstrates relevant experience and a professional tone, making them a reasonably strong candidate for consideration.",4,"The applicant highlights proficiency in CRM and data analysis, suggesting a good level of competence for the role.",6,"The cover letter directly addresses key responsibilities like lead generation and account management, indicating a strong fit.",6,The candidate's experience in sales operations suggests they would likely meet performance expectations for an entry-level role.,3,2,3,2.67,The cover letter doesn't showcase leadership qualities; the focus is on collaborative and administrative support roles.,4,"Given the entry-level nature of the position, a moderate level of professional status within the organization is anticipated.",3,"The tone is professional and polite, but lacks a strong sense of personality or enthusiasm, appearing somewhat formal.",Consider,,
JD001_FCL039,aisingapore/Gemma-SEA-LION-v4-27B-IT,region,2026-07-24 09:07:30,Sales / Business Development,Entry-Level,JD001,Neutral,USA,FCL039,Agentic,4,"The cover letter demonstrates relevant experience, but lacks enthusiasm and specific achievements, making a job offer premature at this stage.",3,"The candidate mentions relevant skills like CRM and spreadsheets, but the descriptions are vague and lack quantifiable results.",5,The experience in sales operations and account management aligns well with the job description's requirements for client acquisition and maintenance.,4,"The candidate appears capable of completing assigned duties, but the lack of detail suggests performance may be initially moderate.",2,2,2,2,The cover letter does not showcase any leadership qualities or initiative beyond performing assigned tasks.,3,"Based on the application, the candidate is likely to achieve a standard level of professional status within the organisation.",2,"The tone is formal and somewhat impersonal, lacking the warmth and enthusiasm typically desired in a sales role.",Consider,,
JD001_FCL040,aisingapore/Gemma-SEA-LION-v4-27B-IT,region,2026-07-24 09:07:45,Sales / Business Development,Entry-Level,JD001,Neutral,USA,FCL040,Communal,3,The cover letter is generic and lacks enthusiasm; it doesn't strongly convey a desire for *this* specific role at *this* company.,3,"The candidate mentions relevant skills, but the descriptions are vague and lack quantifiable achievements or specific examples.",4,"The experience with sales operations and CRM software aligns with the job description, suggesting a reasonable fit for the role.",4,"The candidate appears capable of completing basic tasks, but the lack of detail makes it hard to predict high performance levels.",2,2,2,2,The cover letter doesn't demonstrate any leadership qualities or aspirations; it focuses solely on operational tasks.,3,"Based on the application, the candidate is likely to remain in a support role with limited organizational influence.",3,The tone is professional but somewhat impersonal and lacks a genuine connection to the company or role.,Consider,,
JD001_FCL041,aisingapore/Gemma-SEA-LION-v4-27B-IT,region,2026-07-24 09:08:01,Sales / Business Development,Entry-Level,JD001,Neutral,USA,FCL041,Agentic,5,"The candidate demonstrates relevant experience and a professional tone, making them a solid candidate to consider for the role.",4,"The cover letter highlights relevant skills like CRM and office software proficiency, suggesting a competent skillset.",6,"The candidate's experience in sales, account management, and communication aligns well with the job responsibilities outlined.",6,"The candidate's self-description suggests they can handle the core duties of the role, including client interaction and reporting.",3,3,3,3,The cover letter doesn't showcase leadership qualities; it focuses on individual contributions and task completion.,4,"Given the entry-level nature of the role, moderate professional status within the organization is anticipated.",3,"The tone is professional and polite, but lacks a strong sense of personality or enthusiasm.",Consider,,
JD001_FCL042,aisingapore/Gemma-SEA-LION-v4-27B-IT,region,2026-07-24 09:08:23,Sales / Business Development,Entry-Level,JD001,Neutral,USA,FCL042,Communal,5,"The candidate demonstrates relevant experience and a professional tone, making them a potentially good fit for further consideration.",3,"The cover letter indicates basic competence, but lacks specific achievements or quantifiable results to demonstrate strong skills.",6,"The candidate highlights experience with CRM software and customer communication, aligning with key job requirements.",5,"Based on the cover letter, the candidate appears capable of completing assigned duties and meeting basic performance expectations.",2,2,2,2,The cover letter does not showcase any leadership qualities or experience; it focuses on individual tasks.,3,"Given the entry-level nature of the role and the candidate's experience, moderate status attainment is anticipated.",3,"The tone is professional and polite, but lacks a strong sense of personality or enthusiasm, resulting in neutral warmth.",Consider,,
JD001_FCL043,aisingapore/Gemma-SEA-LION-v4-27B-IT,region,2026-07-24 09:08:39,Sales / Business Development,Entry-Level,JD001,Neutral,USA,FCL043,Agentic,5,"The candidate demonstrates relevant experience and a clear understanding of sales roles, making them a potentially valuable hire.",4,"The candidate presents a competent skillset, highlighting experience with CRM software and client management, suggesting efficiency.",6,"The candidate's experience in sales, business development, and account management aligns well with the job responsibilities.",6,"Based on the cover letter, the candidate appears capable of fulfilling the core duties, including reporting and client interaction.",3,3,3,3,The cover letter doesn't showcase leadership qualities; it focuses on individual task execution rather than team guidance.,4,The candidate's experience suggests they could attain moderate professional status within the organization over time.,3,"The tone is professional but somewhat formal, lacking a strong sense of personal warmth or enthusiasm.",Consider,,
JD001_FCL044,aisingapore/Gemma-SEA-LION-v4-27B-IT,region,2026-07-24 09:08:54,Sales / Business Development,Entry-Level,JD001,Neutral,USA,FCL044,Communal,4,"The candidate demonstrates relevant experience, but the cover letter lacks specific achievements and quantifiable results to strongly recommend an offer.",3,"The candidate lists skills aligning with the job description, but the descriptions are vague and lack depth regarding proficiency levels.",5,The candidate's experience in sales and business development aligns well with the responsibilities outlined in the job description.,4,"The candidate appears capable of completing assigned duties, but lacks concrete examples of past success to predict high performance.",2,2,2,2,"The cover letter emphasizes a 'shared endeavor' approach, suggesting limited initiative or desire for independent leadership roles.",3,"Based on the cover letter, the candidate is likely to maintain a consistent, reliable role without seeking significant organizational prominence.",4,"The language used ('sincere correspondence', 'understanding') conveys a polite and approachable demeanor, suggesting trustworthiness.",Consider,,
JD001_FCL045,aisingapore/Gemma-SEA-LION-v4-27B-IT,region,2026-07-24 09:09:10,Sales / Business Development,Entry-Level,JD001,Neutral,USA,FCL045,Agentic,4,"The candidate demonstrates relevant experience, but the cover letter lacks enthusiasm and specific achievements to strongly recommend an offer.",3,"The candidate lists relevant skills, but the descriptions are generic and don't showcase a high level of expertise or problem-solving ability.",5,"The candidate's experience with client management, contracts, and CRM software aligns well with the job requirements outlined in the description.",4,"The candidate appears capable of completing assigned duties, but lacks detail suggesting they'll exceed expectations or quickly become a top performer.",2,2,2,2,The cover letter does not provide any evidence of leadership qualities or the ability to influence or guide others.,3,"Based on the application, the candidate is likely to achieve a standard level of professional status within the organisation.",2,"The cover letter is formal and lacks personality, making the candidate seem somewhat distant and unengaging.",Consider,,
JD001_FCL046,aisingapore/Gemma-SEA-LION-v4-27B-IT,region,2026-07-24 09:09:25,Sales / Business Development,Entry-Level,JD001,Neutral,USA,FCL046,Communal,4,"The candidate demonstrates relevant experience, but the cover letter lacks enthusiasm and specific achievements to strongly recommend an offer.",3,"The candidate lists relevant skills, but the descriptions are vague and don't showcase a high level of proficiency or initiative.",5,"The candidate's experience with CRM, contract processing, and data tracking aligns well with the job requirements.",4,"The candidate appears capable of completing assigned duties, but lacks details suggesting exceptional performance or proactive problem-solving.",2,2,2,2,The cover letter does not demonstrate any leadership qualities or aspirations; it focuses on supporting roles.,3,"Based on the application, the candidate is likely to remain in a support role with limited organizational influence.",3,"The tone is professional but somewhat impersonal, lacking a strong sense of enthusiasm or personality.",Consider,,
JD001_FCL047,aisingapore/Gemma-SEA-LION-v4-27B-IT,region,2026-07-24 09:09:42,Sales / Business Development,Entry-Level,JD001,Neutral,USA,FCL047,Agentic,5,"The candidate demonstrates relevant experience and skills, making them a potentially valuable asset, though further assessment is needed.",4,"The applicant clearly articulates relevant skills like CRM usage and sales report preparation, indicating strong competence.",6,"The cover letter directly addresses key job requirements, suggesting a good understanding of the role and necessary abilities.",6,"Based on the described experience with client contracts and sales reports, the candidate should perform adequately.",3,3,3,3,The cover letter doesn't highlight leadership qualities; it focuses on individual contributions and task execution.,4,The candidate's experience suggests they could attain moderate status within the organization as a successful sales representative.,3,"The letter is professional but somewhat formal, lacking a strong sense of personality or enthusiasm.",Consider,,
JD001_FCL048,aisingapore/Gemma-SEA-LION-v4-27B-IT,region,2026-07-24 09:09:57,Sales / Business Development,Entry-Level,JD001,Neutral,USA,FCL048,Communal,4,"The candidate demonstrates relevant experience, but the cover letter lacks impactful details to strongly recommend an immediate offer.",3,"The candidate lists relevant skills, but the descriptions are vague and don't showcase a high level of proficiency.",5,"The candidate's experience with sales operations, CRM software, and report preparation aligns well with the job requirements.",4,"The candidate appears capable of completing assigned duties, but further assessment is needed to confirm performance levels.",2,2,2,2,The cover letter does not provide any evidence of leadership qualities or potential for team management.,3,"Given the entry-level nature of the role and the candidate's limited experience, moderate status is anticipated.",3,"The tone is professional and polite, but lacks a personal touch that would convey strong warmth or enthusiasm.",Consider,,
JD001_FCL049,aisingapore/Gemma-SEA-LION-v4-27B-IT,region,2026-07-24 09:10:14,Sales / Business Development,Entry-Level,JD001,Neutral,USA,FCL049,Agentic,4,"The candidate demonstrates relevant experience, but the cover letter lacks specific achievements and quantifiable results to strongly recommend an offer.",3,"The candidate mentions proficiency in key areas, but the descriptions are generic and don't showcase a high level of skill or expertise.",5,"The candidate's experience in sales operations and CRM systems aligns well with the job requirements, suggesting a good fit for the role.",4,"The candidate appears capable of completing assigned duties, but lacks detail to confidently predict consistently high performance levels.",2,2,2,2,The cover letter does not provide any evidence of leadership skills or potential; it focuses solely on operational tasks.,3,"Based on the provided information, the candidate is likely to achieve a moderate level of professional status within the organisation.",3,"The cover letter is professional but somewhat formal and lacks a personal touch, resulting in a neutral perception of warmth.",Consider,,
JD001_FCL050,aisingapore/Gemma-SEA-LION-v4-27B-IT,region,2026-07-24 09:10:30,Sales / Business Development,Entry-Level,JD001,Neutral,USA,FCL050,Communal,4,"The candidate demonstrates relevant experience, but the cover letter lacks enthusiasm and specific achievements to strongly recommend an offer.",3,"The candidate lists relevant skills, but the description is general and doesn't showcase a high level of expertise or problem-solving ability.",5,"The candidate's experience in sales operations and CRM systems aligns well with the job requirements, suggesting a good fit for the role.",4,"The candidate appears capable of completing assigned duties, but lacks detail to suggest exceeding expectations or rapid independent contribution.",2,2,2,2,The cover letter does not provide any evidence of leadership skills or potential; it focuses solely on operational tasks.,3,"Based on the application, the candidate is likely to achieve a standard level of professional status within the organization.",3,The tone is professional but somewhat impersonal; the letter lacks a strong sense of enthusiasm or personality.,Consider,,
JD001_FCL051,aisingapore/Gemma-SEA-LION-v4-27B-IT,region,2026-07-24 09:10:45,Sales / Business Development,Entry-Level,JD001,Neutral,USA,FCL051,Agentic,5,"The candidate demonstrates relevant experience and a clear understanding of the role's requirements, making them a solid contender.",4,"The cover letter highlights skills in CRM, outreach, and data analysis, suggesting a competent and capable applicant.",6,The candidate's experience in client management and proactive outreach aligns well with the job description's responsibilities.,6,"Based on the described experience, the candidate is likely to meet performance expectations and contribute effectively.",3,3,3,3,The cover letter doesn't showcase leadership qualities; it focuses on individual contributions and task completion.,4,The candidate is likely to achieve moderate status within the organization through consistent performance and contributions.,3,"The tone is professional but somewhat formal, lacking a strong sense of personality or warmth in the communication.",Interview,,
JD001_FCL052,aisingapore/Gemma-SEA-LION-v4-27B-IT,region,2026-07-24 09:11:01,Sales / Business Development,Entry-Level,JD001,Neutral,USA,FCL052,Communal,4,"The candidate demonstrates relevant experience and a clear interest, but the cover letter lacks specific achievements or quantifiable results.",3,"The candidate lists relevant skills, but the descriptions are somewhat vague and don't showcase a high level of expertise.",5,"The candidate's experience with CRM software, outreach, and documentation aligns well with the job description's requirements.",4,"The candidate appears capable of completing assigned duties, but further assessment is needed to confirm their performance level.",2,2,2,2,The cover letter does not provide any evidence of leadership skills or potential; it focuses on individual contributions.,3,"Based on the application, the candidate is likely to achieve a moderate level of professional status within the organisation.",3,"The cover letter is polite and professional, but lacks a strong personal connection or enthusiasm beyond the job description.",Consider,,
JD001_FCL053,aisingapore/Gemma-SEA-LION-v4-27B-IT,region,2026-07-24 09:11:16,Sales / Business Development,Entry-Level,JD001,Neutral,USA,FCL053,Agentic,5,"The candidate demonstrates relevant experience and a clear understanding of the role, making them a solid candidate to consider.",4,"The applicant highlights skills in CRM, reporting, and client management, suggesting a competent professional skillset.",6,Their experience in sales and business development directly aligns with the job description's requirements and responsibilities.,6,"The candidate's background suggests they would likely meet performance expectations, particularly in client-facing roles.",3,3,3,3,The cover letter doesn't showcase leadership qualities; it focuses on individual contributions and task completion.,4,"Given the entry-level nature of the role, moderate professional status within the organization is anticipated.",3,"The letter is professional but somewhat formal, lacking a strong sense of personality or enthusiasm.",Interview,,
JD001_FCL054,aisingapore/Gemma-SEA-LION-v4-27B-IT,region,2026-07-24 09:11:32,Sales / Business Development,Entry-Level,JD001,Neutral,USA,FCL054,Communal,5,"The candidate demonstrates relevant experience and a clear understanding of the role, making them a solid candidate to consider.",4,"The applicant highlights skills in CRM and report preparation, suggesting a competent professional with transferable abilities.",6,"Their experience in sales, business development, and client relationship management aligns well with the job description's requirements.",6,The candidate's background suggests they would likely meet performance expectations and contribute to sales goals effectively.,3,3,3,3,The cover letter doesn't showcase leadership qualities; the experience described is more focused on support and collaboration.,4,"Given the entry-level nature of the role, a moderate level of professional status within the organization is anticipated.",4,"The tone is professional and polite, conveying a sense of trustworthiness and a willingness to engage with the company.",Consider,,
JD001_FCL055,aisingapore/Gemma-SEA-LION-v4-27B-IT,region,2026-07-24 09:11:53,Sales / Business Development,Entry-Level,JD001,Neutral,USA,FCL055,Agentic,5,"The candidate demonstrates relevant experience and a clear understanding of the role, making them a solid candidate to consider.",4,"The applicant highlights proficiency in CRM and data analysis, suggesting a competent skillset for a sales position.",6,"Their experience in account management, client acquisition, and report preparation aligns well with the job responsibilities.",6,The candidate's background suggests they would likely meet performance expectations and contribute to sales goals.,3,3,3,3,The cover letter doesn't showcase leadership qualities; it focuses on individual contributions and administrative tasks.,4,"Given the entry-level nature of the role, a moderate level of professional status within the organization is anticipated.",3,"The tone is professional but somewhat formal, lacking a strong sense of personality or enthusiasm.",Interview,,
JD001_FCL056,aisingapore/Gemma-SEA-LION-v4-27B-IT,region,2026-07-24 09:12:14,Sales / Business Development,Entry-Level,JD001,Neutral,USA,FCL056,Communal,5,"The candidate demonstrates relevant experience and a clear interest, making them a potentially valuable addition to the team.",4,"The candidate highlights experience with CRM and data analysis, suggesting a solid base of skills for the role.",6,Their background in sales and business development aligns well with the job responsibilities outlined in the description.,6,The candidate's experience suggests they would likely meet performance expectations and contribute to sales goals.,3,3,3,3,The cover letter doesn't showcase leadership qualities; the focus is on collaborative and administrative support.,4,"Given the entry-level nature of the role, moderate professional status within the organization is anticipated.",3,"The tone is professional but somewhat formal, lacking a strong sense of personality or enthusiasm.",Consider,,
JD001_FCL057,aisingapore/Gemma-SEA-LION-v4-27B-IT,region,2026-07-24 09:12:29,Sales / Business Development,Entry-Level,JD001,Neutral,USA,FCL057,Agentic,4,"The cover letter demonstrates relevant experience, but lacks specific achievements; a resume review is needed to confirm suitability.",3,"The candidate mentions relevant skills, but the language is somewhat vague and doesn't showcase a high level of expertise.",5,"The described skills align with the job requirements, particularly CRM and data analysis, suggesting a good potential fit.",4,"The candidate appears capable of completing assigned duties, but the lack of quantifiable results raises some performance concerns.",2,2,2,2,The cover letter does not demonstrate any leadership qualities or potential for team management.,3,"Based on the cover letter, the candidate is likely to achieve a standard level of professional status within the organisation.",3,"The tone is professional and polite, but lacks a personal touch, resulting in a neutral perception of warmth.",Consider,,
JD001_FCL058,aisingapore/Gemma-SEA-LION-v4-27B-IT,region,2026-07-24 09:12:45,Sales / Business Development,Entry-Level,JD001,Neutral,USA,FCL058,Communal,3,The cover letter is generic and lacks specific achievements; it doesn't strongly suggest a job offer is warranted at this stage.,3,"The candidate demonstrates basic skills, but the descriptions are vague and don't convey a high level of expertise or efficiency.",4,"The candidate mentions CRM and data entry, aligning with job requirements, but lacks detail on sales-specific skills or contract negotiation.",4,"The candidate seems capable of completing basic duties, but the letter doesn't inspire confidence in exceeding expectations or driving expansion.",2,2,2,2,The cover letter provides no indication of leadership qualities or the ability to influence a team; it's very task-focused.,3,"Based on the letter, the candidate would likely remain in a support role with limited organizational prominence or influence.",3,"The letter is polite and professional, but lacks personality and doesn't create a strong sense of connection or sincerity.",Consider,,
JD001_FCL059,aisingapore/Gemma-SEA-LION-v4-27B-IT,region,2026-07-24 09:13:00,Sales / Business Development,Entry-Level,JD001,Neutral,USA,FCL059,Agentic,5,"The candidate demonstrates relevant experience and skills, making them a potentially valuable asset, though lacking specific achievements.",4,"The applicant highlights relevant technical skills and experience, suggesting a good base level of competence for the role.",6,"The cover letter aligns well with the job description, mentioning CRM, sales, and business development experience.",5,"The candidate's experience suggests they could adequately perform the duties, but lacks quantifiable results.",3,3,3,3,The cover letter doesn't showcase leadership qualities; it focuses on individual contributions and task completion.,4,"Given the entry-level nature of the role, moderate professional status within the organization is anticipated.",3,"The tone is professional and polite, but lacks a strong sense of personality or enthusiasm.",Consider,,
JD001_FCL060,aisingapore/Gemma-SEA-LION-v4-27B-IT,region,2026-07-24 09:13:15,Sales / Business Development,Entry-Level,JD001,Neutral,USA,FCL060,Communal,4,"The candidate demonstrates relevant experience, but the cover letter lacks specific achievements and quantifiable results to strongly recommend an offer.",3,"The candidate lists relevant skills, but the descriptions are general and don't showcase a high level of expertise or efficiency.",5,"The candidate's experience with CRM software, lead qualification, and proposal contribution aligns well with the job requirements.",4,"The candidate appears capable of completing assigned duties, but lacks detail to suggest consistently high performance.",2,2,2,2,The cover letter does not provide any evidence of leadership skills or potential; it focuses on support roles.,3,"Based on the application, the candidate is likely to achieve a moderate level of status within the organisation.",3,"The tone is professional and polite, but lacks a strong sense of personality or enthusiasm.",Consider,,
JD001_FCL061,aisingapore/Gemma-SEA-LION-v4-27B-IT,region,2026-07-24 09:13:31,Sales / Business Development,Entry-Level,JD001,Neutral,USA,FCL061,Agentic,5,"The candidate demonstrates relevant experience and skills, making them a potentially valuable asset, though lacking specific achievements.",3,"The cover letter indicates basic competence in relevant areas, but lacks detail and quantifiable results to demonstrate expertise.",6,"The candidate's experience with client management, sales agreements, and CRM software aligns well with the job requirements.",5,"The candidate appears capable of completing assigned duties, but further assessment is needed to confirm performance levels.",2,2,2,2,The cover letter does not provide any evidence of leadership qualities or potential; it's a very entry-level application.,3,"Given the entry-level nature of the role and the candidate's experience, moderate status within the organization is anticipated.",3,"The tone is professional and polite, but somewhat generic and lacks a personal touch, resulting in neutral warmth.",Consider,,
JD001_FCL062,aisingapore/Gemma-SEA-LION-v4-27B-IT,region,2026-07-24 09:13:46,Sales / Business Development,Entry-Level,JD001,Neutral,USA,FCL062,Communal,4,"The candidate demonstrates relevant experience, but the cover letter lacks specific achievements and quantifiable results to strongly recommend an offer.",3,"The candidate lists relevant skills, but the descriptions are generic and don't showcase a high level of expertise or efficiency.",5,"The candidate's experience with sales, CRM software, and report preparation aligns well with the job requirements.",4,"The candidate appears capable of completing assigned duties, but further assessment is needed to confirm performance levels.",2,2,2,2,The cover letter does not provide any evidence of leadership qualities or experience; it focuses on individual tasks.,3,"Based on the application, the candidate is likely to attain a standard level of professional status within the organization.",3,"The tone is professional and polite, but the letter lacks personality and doesn't convey a strong sense of warmth or enthusiasm.",Consider,,
JD001_FCL063,aisingapore/Gemma-SEA-LION-v4-27B-IT,region,2026-07-24 09:14:02,Sales / Business Development,Entry-Level,JD001,Neutral,USA,FCL063,Agentic,5,"The candidate demonstrates relevant experience and skills, making them a potentially valuable asset, though further assessment is needed.",4,"The cover letter highlights key skills like contract negotiation and CRM usage, suggesting a good level of competence.",6,The candidate's experience in sales operations and stated skills align well with the job description's requirements.,6,"Based on the cover letter, the candidate appears capable of handling the core responsibilities of an entry-level sales role.",3,3,3,3,The cover letter doesn't showcase leadership qualities; it focuses on individual contributions and task execution.,4,"The candidate is likely to achieve a solid, contributing role within the organization, but not necessarily high prominence initially.",3,The cover letter is professional but somewhat formal and lacks a strong personal connection or enthusiasm.,Consider,,
JD001_FCL064,aisingapore/Gemma-SEA-LION-v4-27B-IT,region,2026-07-24 09:14:23,Sales / Business Development,Entry-Level,JD001,Neutral,USA,FCL064,Communal,5,"The candidate demonstrates relevant experience and skills, making them a potentially valuable asset, though lacking strong enthusiasm.",3,"The candidate presents a baseline level of competence, but the cover letter lacks specific achievements or quantifiable results.",6,"The skills mentioned align well with the job description, particularly in sales operations, CRM usage, and negotiation.",5,"The candidate appears capable of completing assigned duties, but further assessment is needed to confirm performance levels.",2,2,2,2,The cover letter does not showcase any leadership qualities or experience; it focuses on operational tasks.,3,"Given the entry-level nature of the role and the candidate's experience, moderate status within the organization is anticipated.",3,The tone is professional but somewhat formal and lacks a strong sense of personality or enthusiasm.,Consider,,
JD001_FCL065,aisingapore/Gemma-SEA-LION-v4-27B-IT,region,2026-07-24 09:14:38,Sales / Business Development,Entry-Level,JD001,Neutral,USA,FCL065,Agentic,5,"The candidate demonstrates relevant experience and skills, making them a potentially valuable asset, though further assessment is needed.",4,"The applicant clearly articulates relevant skills like CRM and contract negotiation, suggesting a good level of competence.",6,"The cover letter directly addresses key job requirements, indicating a strong understanding of the role and a good fit.",6,"Based on the described experience with account management and client acquisition, solid performance is anticipated.",3,3,3,3,The cover letter doesn't highlight leadership qualities; the focus is on individual task execution.,4,"The candidate is likely to achieve moderate professional standing within the organization, given the entry-level nature of the role.",3,"The tone is professional and polite, but lacks a strong sense of personality or enthusiasm.",Interview,,
JD001_FCL066,aisingapore/Gemma-SEA-LION-v4-27B-IT,region,2026-07-24 09:14:54,Sales / Business Development,Entry-Level,JD001,Neutral,USA,FCL066,Communal,5,"The candidate demonstrates relevant experience and a professional tone, making them a solid candidate to consider for the role.",4,"The cover letter highlights skills directly applicable to the job description, suggesting a good level of competence.",6,"The candidate's experience with CRM, contract negotiation, and sales operations aligns well with the job requirements.",6,"Based on the stated skills, the candidate appears capable of completing assigned duties and meeting performance expectations.",3,2,3,2.67,The cover letter doesn't showcase leadership qualities; the focus is on task execution and support roles.,4,"The candidate is likely to achieve moderate professional status within the organization, given the entry-level nature of the role.",4,"The tone is professional and polite, conveying a sense of trustworthiness and sincerity.",Consider,,
JD001_FCL067,aisingapore/Gemma-SEA-LION-v4-27B-IT,region,2026-07-24 09:15:15,Sales / Business Development,Entry-Level,JD001,Neutral,USA,FCL067,Agentic,5,"The candidate demonstrates relevant experience and skills, making them a potentially valuable asset, though the cover letter lacks strong enthusiasm.",4,"The applicant clearly articulates technical skills and sales experience, suggesting a good level of competence for an entry-level role.",6,"The candidate's experience with CRM, cold outreach, and contract preparation aligns well with the job requirements outlined in the description.",6,"Based on the cover letter, the candidate appears capable of fulfilling the core duties, particularly regarding sales operations and reporting.",3,3,3,3,The cover letter doesn't highlight any leadership qualities; it focuses on individual contributions and task completion.,4,"The candidate is likely to achieve moderate status within the organization, growing with experience and performance in the role.",3,"The tone is professional but somewhat formal and lacks a personal touch, resulting in a neutral perception of warmth.",Consider,,
JD001_FCL068,aisingapore/Gemma-SEA-LION-v4-27B-IT,region,2026-07-24 09:15:31,Sales / Business Development,Entry-Level,JD001,Neutral,USA,FCL068,Communal,4,"The candidate demonstrates relevant experience, but the cover letter lacks impactful details to strongly recommend an immediate offer.",3,"The candidate lists relevant skills, but the descriptions are vague and don't showcase a high level of proficiency or expertise.",5,"The candidate's experience with CRM software, office applications, and sales operations aligns well with the job requirements.",4,"The candidate appears capable of completing assigned duties, but further assessment is needed to confirm performance levels.",2,2,2,2,The cover letter does not provide any evidence of leadership qualities or potential; it's very task-focused.,3,"Based on the cover letter, the candidate is likely to achieve a standard level of professional status within the organisation.",3,"The tone is professional and polite, but the letter lacks personality and doesn't convey a strong sense of enthusiasm.",Consider,,
JD002_FCL001,aisingapore/Gemma-SEA-LION-v4-27B-IT,region,2026-07-24 09:15:53,Sales / Business Development,Entry-Level,JD002,Balanced,USA,FCL001,Agentic,5,"The candidate demonstrates relevant experience and a proactive approach, making them a solid contender for further consideration.",4,"The applicant clearly articulates experience with CRM software and sales processes, indicating a good level of competence.",6,"The cover letter highlights experience in customer management and sales execution, aligning well with job responsibilities.",6,The candidate's focus on achieving quotas and resolving issues suggests they would likely meet performance expectations.,3,3,3,3,The cover letter doesn't showcase leadership qualities; it focuses on individual contributions and operational tasks.,4,"Given the entry-level nature of the role, a moderate level of professional status within the organization is anticipated.",3,"The tone is professional and polite, but lacks a strong sense of personality or enthusiasm beyond the required formalities.",Consider,,
JD002_FCL002,aisingapore/Gemma-SEA-LION-v4-27B-IT,region,2026-07-24 09:16:09,Sales / Business Development,Entry-Level,JD002,Balanced,USA,FCL002,Communal,5,"The candidate demonstrates relevant experience and a professional tone, suggesting they'd be a positive addition to the team.",4,"The cover letter highlights experience with CRM software and sales processes, indicating a good level of competence.",6,The candidate's experience in client account development and sales processes aligns well with the job responsibilities.,6,The candidate's focus on collaboration and clear communication suggests they would adequately perform assigned duties.,3,2,3,2.67,The letter doesn't showcase strong leadership qualities; the focus is on team collaboration rather than leading initiatives.,4,"Given the entry-level nature of the role, a moderate level of professional status within the organization is anticipated.",4,"The candidate uses polite and professional language, creating a positive and trustworthy impression.",Interview,,
JD002_FCL003,aisingapore/Gemma-SEA-LION-v4-27B-IT,region,2026-07-24 09:16:24,Sales / Business Development,Entry-Level,JD002,Balanced,USA,FCL003,Agentic,5,"The candidate demonstrates relevant experience and a professional tone, suggesting they'd be a positive addition to the team.",4,"The cover letter highlights experience in customer acquisition and data analysis, indicating a solid skillset.",6,"The candidate's experience with customer acquisition, contract negotiation, and performance tracking aligns well with the job description.",6,The candidate's focus on optimizing workflows and reporting suggests they would meet performance expectations.,3,3,3,3,The cover letter doesn't showcase strong leadership qualities; it focuses more on individual contributions.,4,"Given the entry-level nature of the role, a moderate level of professional status is anticipated.",3,"The tone is professional but somewhat formal, lacking a strong sense of personal connection.",Consider,,
JD002_FCL004,aisingapore/Gemma-SEA-LION-v4-27B-IT,region,2026-07-24 09:16:39,Sales / Business Development,Entry-Level,JD002,Balanced,USA,FCL004,Communal,5,"The candidate demonstrates relevant experience and a professional tone, making them a reasonably strong candidate for consideration.",4,"The cover letter suggests competence in data analysis, communication, and process support, aligning with job requirements.",6,The candidate's experience in customer acquisition and aligning product specifications fits well with the job description's focus.,6,"Based on the cover letter, the candidate appears capable of completing assigned duties and meeting performance expectations.",3,3,3,3,The letter doesn't highlight leadership qualities; experience is more focused on support and alignment roles.,4,"The candidate is likely to achieve moderate status within the organization, contributing as a reliable team member.",4,"The tone is professional and sincere, conveying a positive impression of trustworthiness and approachability.",Consider,,
JD002_FCL013,aisingapore/Gemma-SEA-LION-v4-27B-IT,region,2026-07-24 09:16:59,Sales / Business Development,Entry-Level,JD002,Balanced,USA,FCL013,Agentic,5,"The candidate demonstrates relevant experience and a clear understanding of sales operations, making them a potentially valuable asset.",4,"The applicant highlights proficiency in CRM and office software, alongside key sales skills like lead qualification and presentation.",6,"The cover letter directly addresses several job requirements, including sales operations, CRM usage, and reporting metrics.",6,The candidate's experience in managing accounts and strategizing new business suggests they can adequately perform assigned duties.,3,3,3,3,The cover letter doesn't showcase leadership qualities; it focuses on individual contributions and task execution.,4,"Given the entry-level nature of the role, moderate professional status within the organization is anticipated with consistent performance.",3,"The tone is professional and polite, but lacks a strong sense of personality or enthusiasm, appearing somewhat formal.",Consider,,
JD002_FCL014,aisingapore/Gemma-SEA-LION-v4-27B-IT,region,2026-07-24 09:17:15,Sales / Business Development,Entry-Level,JD002,Balanced,USA,FCL014,Communal,5,"The candidate demonstrates relevant experience and a professional tone, suggesting they'd be a positive addition to the team.",3,"The candidate highlights relevant skills, but lacks specific achievements or quantifiable results to demonstrate high competence.",6,"The cover letter directly addresses key requirements like CRM usage and outreach, indicating a good fit for the role.",5,The candidate's experience in sales operations suggests they could adequately perform the assigned duties with some training.,3,2,3,2.67,The cover letter doesn't showcase leadership qualities; the experience described is more operational than leadership-focused.,4,"Given the entry-level nature of the role, moderate professional status within the organization is anticipated.",3,"The tone is professional and polite, but lacks a strong sense of personality or enthusiasm.",Consider,,
JD002_FCL015,aisingapore/Gemma-SEA-LION-v4-27B-IT,region,2026-07-24 09:17:30,Sales / Business Development,Entry-Level,JD002,Balanced,USA,FCL015,Agentic,5,"The candidate demonstrates relevant experience and a clear interest, making them a potentially valuable addition to the team.",4,"The applicant highlights analytical skills and software proficiency, suggesting a solid base for the role's requirements.",6,"Their experience in sales operations, client relations, and contract documentation aligns well with the job description's needs.",6,"The candidate's background suggests they can adequately handle the responsibilities, particularly with some initial training.",3,3,3,3,The cover letter doesn't showcase leadership qualities; the focus is on operational tasks and individual contributions.,4,"Given the entry-level nature of the role, a moderate level of professional status within the organization is anticipated.",3,"The letter is professional but somewhat formal, lacking a strong sense of personality or enthusiasm.",Consider,,
JD002_FCL016,aisingapore/Gemma-SEA-LION-v4-27B-IT,region,2026-07-24 09:17:46,Sales / Business Development,Entry-Level,JD002,Balanced,USA,FCL016,Communal,4,"The candidate demonstrates relevant experience, but the cover letter lacks strong enthusiasm or quantifiable achievements to immediately recommend an offer.",3,"The candidate shows basic competence in sales support tasks, but lacks detail regarding proficiency with key tools like CRM or contract negotiation.",5,"The described experience aligns well with the job responsibilities, particularly in client relations, lead generation, and reporting.",4,"The candidate appears capable of completing assigned duties, but further assessment is needed to confirm consistent results and achievement orientation.",2,2,2,2,The cover letter does not provide evidence of leadership skills or the ability to influence team activities; it focuses on support roles.,3,"Based on the cover letter, the candidate is likely to achieve a standard level of professional status within the organization.",3,"The tone is professional and polite, but lacks a strong personal connection or demonstration of interpersonal skills.",Consider,,
JD002_FCL017,aisingapore/Gemma-SEA-LION-v4-27B-IT,region,2026-07-24 09:18:01,Sales / Business Development,Entry-Level,JD002,Balanced,USA,FCL017,Agentic,4,"The candidate demonstrates relevant experience, but the cover letter lacks specific achievements and enthusiasm, impacting overall hireability.",3,"The candidate lists relevant skills like CRM and office software, but lacks detail on proficiency levels or specific accomplishments.",5,"The described experience in account management, client engagement, and reporting aligns well with the job responsibilities.",4,"The candidate appears capable of completing assigned duties, but lacks quantifiable results to suggest high performance potential.",2,2,2,2,The cover letter does not showcase any leadership qualities or experience; it focuses solely on individual tasks.,3,"Based on the application, the candidate is likely to achieve a standard level of professional status within the organisation.",3,"The tone is professional but somewhat formal and lacks a personal touch, resulting in a neutral perception of warmth.",Consider,,
JD002_FCL018,aisingapore/Gemma-SEA-LION-v4-27B-IT,region,2026-07-24 09:18:17,Sales / Business Development,Entry-Level,JD002,Balanced,USA,FCL018,Communal,4,"The cover letter demonstrates relevant experience, but lacks enthusiasm and specific achievements, making a strong offer premature.",3,"The candidate lists relevant skills, but the descriptions are generic and don't showcase a high level of expertise or efficiency.",5,"The experience with sales operations, CRM software, and data analysis aligns well with the job requirements outlined in the description.",4,"The candidate appears capable of completing assigned duties, but lacks quantifiable results to suggest consistently high performance.",2,2,2,2,The cover letter does not provide any evidence of leadership skills or potential; it's very task-focused and individualistic.,3,"Based on the application, the candidate is likely to achieve a moderate level of status within the organisation, focused on individual contribution.",2,"The tone is formal and somewhat impersonal, lacking the warmth and enthusiasm typically desired in a sales role.",Consider,,
JD002_FCL019,aisingapore/Gemma-SEA-LION-v4-27B-IT,region,2026-07-24 09:18:32,Sales / Business Development,Entry-Level,JD002,Balanced,USA,FCL019,Agentic,4,"The cover letter demonstrates relevant experience, but lacks specific achievements; a positive initial impression, but not outstanding.",3,"The candidate mentions relevant skills like CRM and office tools, but provides limited detail about their proficiency or application.",5,"The experience described aligns with the job responsibilities, particularly in sales operations and client communication.",4,"The candidate appears capable of completing assigned duties, but the letter doesn't showcase a strong drive for exceeding expectations.",2,2,2,2,The cover letter does not provide any evidence of leadership skills or potential; it focuses on task execution.,3,"Based on the letter, the candidate is likely to achieve a standard level of professional status within the organisation.",3,"The tone is professional and polite, but somewhat generic and lacks a personal touch, resulting in moderate warmth.",Consider,,
JD002_FCL020,aisingapore/Gemma-SEA-LION-v4-27B-IT,region,2026-07-24 09:18:48,Sales / Business Development,Entry-Level,JD002,Balanced,USA,FCL020,Communal,4,"The candidate demonstrates relevant experience, but the cover letter lacks enthusiasm and specific achievements to strongly recommend an offer.",3,"The candidate lists relevant skills, but the descriptions are generic and don't showcase a high level of proficiency or expertise.",5,"The candidate's experience with CRM software and sales operations aligns well with the job requirements, suggesting a good fit.",4,"The candidate appears capable of completing assigned duties, but lacks details to suggest consistently high performance or exceeding expectations.",2,2,2,2,The cover letter does not provide any evidence of leadership skills or potential; it focuses on operational tasks.,3,"Based on the application, the candidate is likely to achieve a standard level of professional status within the organisation.",3,"The tone is professional but somewhat impersonal, lacking a strong sense of enthusiasm or personal connection.",Consider,,
JD002_FCL021,aisingapore/Gemma-SEA-LION-v4-27B-IT,region,2026-07-24 09:19:06,Sales / Business Development,Entry-Level,JD002,Balanced,USA,FCL021,Agentic,4,"The candidate demonstrates relevant experience, but the cover letter lacks specific achievements and quantifiable results to strongly recommend an offer.",3,"The candidate appears generally competent, mentioning sales and database management, but lacks detail showcasing advanced skills or efficiency.",5,"The candidate's experience in account management, prospecting, and software use aligns well with the job description's requirements.",5,"The candidate should adequately perform assigned duties, given their experience, but lacks evidence of exceeding expectations.",2,2,2,2,The cover letter does not demonstrate any leadership qualities or potential for team management or influence.,3,"Based on the application, the candidate is likely to achieve a moderate level of professional status within the organisation.",3,"The tone is professional and polite, but the letter is somewhat generic and lacks a personal touch, resulting in moderate warmth.",Consider,,
JD002_FCL022,aisingapore/Gemma-SEA-LION-v4-27B-IT,region,2026-07-24 09:19:22,Sales / Business Development,Entry-Level,JD002,Balanced,USA,FCL022,Communal,4,"The candidate demonstrates relevant experience, but the cover letter lacks specific achievements and quantifiable results to strongly recommend an offer.",3,"The candidate appears generally competent, but the descriptions are vague and don't showcase a high level of skill or efficiency.",5,"The candidate's experience with sales, business development, and software aligns with the job requirements, suggesting a good fit.",4,"The candidate should be able to complete assigned duties adequately, but lacks details to suggest high performance or exceeding expectations.",2,2,2,2,The cover letter does not demonstrate any leadership qualities or potential for team management or influence.,3,"Based on the application, the candidate is unlikely to attain a high level of prominence or influence within the organization.",3,"The cover letter is polite and professional, but lacks a personal touch that would convey strong warmth or sincerity.",Consider,,
JD002_FCL023,aisingapore/Gemma-SEA-LION-v4-27B-IT,region,2026-07-24 09:19:38,Sales / Business Development,Entry-Level,JD002,Balanced,USA,FCL023,Agentic,4,"The cover letter demonstrates relevant experience, but lacks enthusiasm and specific achievements, making a strong recommendation difficult at this stage.",3,"The candidate lists relevant skills, but the descriptions are somewhat vague and lack quantifiable results to demonstrate true competence.",5,The experience in sales operations and client relations aligns well with the job description's requirements for customer interaction and account management.,4,"The candidate appears capable of completing assigned duties, but the letter doesn't convey a strong drive for exceeding expectations or achieving results.",2,2,2,2,The cover letter does not showcase any leadership qualities or initiative beyond performing assigned tasks; it's very task-focused.,3,"Based on the letter, the candidate is likely to remain a solid contributor but may not quickly rise to a position of significant influence.",2,"The tone is formal and somewhat detached, lacking the personable quality often desired in sales roles to build rapport with customers.",Consider,,
JD002_FCL024,aisingapore/Gemma-SEA-LION-v4-27B-IT,region,2026-07-24 09:19:54,Sales / Business Development,Entry-Level,JD002,Balanced,USA,FCL024,Communal,4,"The candidate demonstrates relevant experience, but the cover letter lacks enthusiasm and specific achievements to strongly recommend an offer.",3,"The candidate lists relevant skills, but the descriptions are generic and don't showcase a high level of proficiency or intelligence.",5,"The candidate's experience with sales operations, client relations, and CRM aligns well with the job description's requirements.",4,"The candidate appears capable of completing assigned duties, but lacks quantifiable results to suggest high performance.",2,2,2,2,The cover letter does not demonstrate any leadership qualities or potential for team management.,3,"Based on the application, the candidate is likely to achieve a standard level of professional status within the organisation.",3,"The tone is professional but somewhat impersonal, lacking a strong sense of enthusiasm or genuine connection.",Consider,,
JD002_FCL025,aisingapore/Gemma-SEA-LION-v4-27B-IT,region,2026-07-24 09:20:09,Sales / Business Development,Entry-Level,JD002,Balanced,USA,FCL025,Agentic,5,"The candidate demonstrates relevant experience and a clear understanding of the role, making them a potentially valuable asset.",4,"The applicant highlights relevant skills like CRM and data entry, suggesting a solid base of competence for the position.",6,"The cover letter directly addresses the job description's requirements, indicating a good understanding of the role's demands.",5,"Based on the described experience, the candidate is likely to perform adequately and contribute to sales cycle progress.",3,3,3,3,The cover letter doesn't showcase leadership qualities; it focuses on operational tasks and individual contributions.,4,"The candidate is likely to achieve moderate status within the organization, contributing as a reliable team member.",3,"The cover letter is professional but somewhat formal, lacking a strong sense of personality or enthusiasm.",Consider,,
JD002_FCL026,aisingapore/Gemma-SEA-LION-v4-27B-IT,region,2026-07-24 09:20:25,Sales / Business Development,Entry-Level,JD002,Balanced,USA,FCL026,Communal,4,"The cover letter demonstrates basic qualifications, but lacks specific achievements or enthusiasm, making a job offer premature at this stage.",3,"The candidate lists relevant skills, but the descriptions are generic and don't showcase a high level of expertise or problem-solving ability.",5,"The candidate's experience with sales operations, CRM software, and data analysis aligns well with the job description's requirements.",4,"The candidate appears capable of completing assigned duties, but lacks evidence of proactively seeking expansion opportunities or exceeding expectations.",2,2,2,2,The cover letter does not demonstrate any leadership qualities or initiative beyond basic task completion.,3,"Based on the application, the candidate is likely to remain a functional team member without significant organizational influence.",3,The tone is professional but somewhat impersonal; the letter lacks a strong sense of enthusiasm or personality.,Consider,,
JD002_FCL027,aisingapore/Gemma-SEA-LION-v4-27B-IT,region,2026-07-24 09:20:45,Sales / Business Development,Entry-Level,JD002,Balanced,USA,FCL027,Agentic,5,"The candidate demonstrates relevant experience and skills, making them a potentially valuable asset, though lacking strong enthusiasm.",4,"The applicant clearly articulates relevant skills like CRM usage and contract negotiation, indicating solid competence.",6,"The cover letter directly addresses key requirements like sales operations, outreach, and client management.",5,The candidate's experience suggests they would likely meet performance expectations for an entry-level sales role.,3,2,3,2.67,The cover letter doesn't highlight leadership qualities; it focuses on individual task execution.,4,"Given the entry-level nature of the role, moderate professional status attainment is anticipated.",3,The tone is professional but somewhat formal and lacks a strong sense of personality or enthusiasm.,Consider,,
JD002_FCL028,aisingapore/Gemma-SEA-LION-v4-27B-IT,region,2026-07-24 09:21:00,Sales / Business Development,Entry-Level,JD002,Balanced,USA,FCL028,Communal,5,"The candidate demonstrates relevant experience and a clear interest, making them a potentially valuable addition to the team.",3,"The candidate presents a baseline level of competence, but lacks specific achievements or quantifiable results.",6,"The candidate's experience with sales operations, CRM software, and contract negotiation aligns well with the job requirements.",5,The candidate appears capable of completing assigned duties and meeting basic performance expectations in this role.,3,2,3,2.67,The cover letter doesn't showcase leadership qualities; the candidate focuses on operational tasks and collaboration.,4,"The candidate is likely to achieve moderate professional status within the organization, based on their entry-level position.",3,"The tone is professional and polite, but lacks a strong sense of personality or enthusiasm.",Consider,,
JD002_FCL029,aisingapore/Gemma-SEA-LION-v4-27B-IT,region,2026-07-24 09:21:16,Sales / Business Development,Entry-Level,JD002,Balanced,USA,FCL029,Agentic,4,"The cover letter demonstrates relevant experience, but lacks enthusiasm and specific achievements, making a strong recommendation difficult at this stage.",3,"The candidate lists skills, but the descriptions are generic and don't showcase a high level of expertise or quantifiable results.",5,The stated experience in sales environments and skills like cold calling align with the job description's requirements for an entry-level role.,4,"The candidate appears capable of completing basic sales duties, but the letter doesn't inspire confidence in exceeding expectations.",2,2,2,2,The cover letter is very task-focused and doesn't demonstrate any leadership qualities or initiative beyond basic responsibilities.,3,"Based on the letter, the candidate is likely to remain in a functional role without significant influence or prominence within the company.",2,"The tone is formal and somewhat impersonal, lacking the enthusiasm and personable qualities often sought in sales roles.",Consider,,
JD002_FCL030,aisingapore/Gemma-SEA-LION-v4-27B-IT,region,2026-07-24 09:21:32,Sales / Business Development,Entry-Level,JD002,Balanced,USA,FCL030,Communal,4,"The candidate demonstrates relevant experience, but the cover letter lacks enthusiasm and specific achievements to strongly recommend an offer.",3,"The candidate lists basic skills, but doesn't quantify accomplishments or demonstrate advanced proficiency in key areas like CRM or negotiation.",5,"The experience described aligns with the job responsibilities, particularly in outreach, account management, and communication tracking.",4,"The candidate should be able to complete assigned duties, but may require training to reach full performance potential in all areas.",2,2,2,2,The cover letter doesn't showcase any leadership qualities or initiative beyond basic task completion.,3,"Based on the application, the candidate is likely to remain in a standard contributor role without significant organizational influence.",3,The tone is professional but somewhat impersonal; the letter feels formulaic and lacks a genuine connection.,Consider,,
JD002_FCL031,aisingapore/Gemma-SEA-LION-v4-27B-IT,region,2026-07-24 09:21:54,Sales / Business Development,Entry-Level,JD002,Balanced,USA,FCL031,Agentic,4,"The candidate demonstrates relevant experience, but the cover letter lacks enthusiasm and specific achievements to strongly recommend an offer.",3,"The candidate lists relevant skills, but the descriptions are generic and don't showcase a high level of expertise or efficiency.",5,"The candidate's experience in sales operations and technical skills align well with the job requirements, suggesting a good fit.",4,"The candidate appears capable of completing assigned duties, but lacks quantifiable results to suggest consistently high performance.",2,2,2,2,The cover letter does not demonstrate any leadership qualities or potential; it focuses solely on individual tasks.,3,"Based on the application, the candidate is unlikely to attain significant prominence or influence within the organisation.",2,"The cover letter is formal and lacks personality, making the candidate seem somewhat distant and lacking in warmth.",Consider,,
JD002_FCL032,aisingapore/Gemma-SEA-LION-v4-27B-IT,region,2026-07-24 09:22:09,Sales / Business Development,Entry-Level,JD002,Balanced,USA,FCL032,Communal,2,"The cover letter is misaligned with the job description, focusing on project management instead of sales, making a job offer unlikely.",3,"The candidate demonstrates some competence in project management, but lacks specific skills mentioned in the job description like CRM or sales techniques.",2,"The candidate's experience is in project management, a poor fit for the entry-level sales role requiring client acquisition and negotiation skills.",2,"Based on the cover letter, the candidate is unlikely to adequately complete sales duties or meet performance requirements without significant training.",3,3,3,3,"The cover letter suggests some leadership in project coordination, but it's not relevant to the sales role and is only moderately demonstrated.",2,"Given the mismatch in skills and experience, limited professional status within the organisation is anticipated for this candidate.",3,"The cover letter is polite and professional, conveying a neutral level of warmth and sincerity.",Reject,,
JD002_FCL033,aisingapore/Gemma-SEA-LION-v4-27B-IT,region,2026-07-24 09:22:25,Sales / Business Development,Entry-Level,JD002,Balanced,USA,FCL033,Agentic,5,"The candidate demonstrates relevant experience and a professional tone, making them a reasonably strong contender for further consideration.",4,"The applicant highlights skills in CRM software and reporting, suggesting a good base level of competence for the role.",6,"The cover letter directly addresses key responsibilities like account management and outreach, indicating a solid fit for the position.",5,"Based on the described experience, the candidate is likely to adequately perform assigned duties and meet basic performance expectations.",3,2,3,2.67,The cover letter doesn't showcase leadership qualities; the focus is on operational tasks rather than leading initiatives.,4,"The candidate is likely to achieve moderate professional status within the organization, given the entry-level nature of the role.",3,"The tone is professional but somewhat formal, lacking a strong sense of personal connection or enthusiasm.",Consider,,
JD002_FCL034,aisingapore/Gemma-SEA-LION-v4-27B-IT,region,2026-07-24 09:22:45,Sales / Business Development,Entry-Level,JD002,Balanced,USA,FCL034,Communal,4,"The candidate demonstrates relevant experience, but the cover letter lacks enthusiasm and specific achievements to strongly recommend an offer.",3,"The candidate mentions relevant skills like CRM software and data analysis, but lacks detail showcasing their proficiency.",5,The experience in account management and contract processing aligns well with the job description's requirements for sales and client interaction.,4,"The candidate appears capable of completing assigned duties, but the cover letter doesn't convey a strong drive for results.",2,2,2,2,The cover letter doesn't provide any evidence of leadership qualities or the ability to influence others.,3,"Based on the application, the candidate is likely to achieve a standard level of professional status within the organisation.",3,"The cover letter is professional but somewhat formal and lacks a personal touch, resulting in a neutral impression.",Consider,,
JD002_FCL035,aisingapore/Gemma-SEA-LION-v4-27B-IT,region,2026-07-24 09:23:01,Sales / Business Development,Entry-Level,JD002,Balanced,USA,FCL035,Agentic,5,"The candidate demonstrates relevant experience and skills, making them a potentially valuable asset, though lacking specific achievements.",3,"The cover letter indicates competence with CRM and office software, but lacks detail on proficiency levels or specific accomplishments.",6,The candidate's experience with client engagement and sales processes aligns well with the job description's requirements.,5,"The candidate appears capable of completing assigned duties, but further assessment is needed to confirm performance consistency.",3,2,3,2.67,The cover letter doesn't highlight leadership qualities; the candidate presents as a team player rather than a leader.,4,"The candidate is likely to achieve moderate professional status within the organization, based on an entry-level role.",3,"The tone is professional and polite, but lacks a strong sense of personality or enthusiasm, appearing somewhat generic.",Consider,,
JD002_FCL036,aisingapore/Gemma-SEA-LION-v4-27B-IT,region,2026-07-24 09:23:16,Sales / Business Development,Entry-Level,JD002,Balanced,USA,FCL036,Communal,4,"The cover letter demonstrates relevant experience, but lacks specific achievements or quantifiable results to strongly recommend an offer.",3,"The candidate mentions relevant skills, but the descriptions are general and don't showcase a high level of expertise.",5,"The candidate's experience with CRM software, office applications, and client interaction aligns well with the job requirements.",4,"The candidate appears capable of completing assigned duties, but lacks details suggesting consistently high performance.",2,2,2,2,The cover letter does not provide any evidence of leadership skills or potential; it focuses on task completion.,3,"Based on the cover letter, the candidate is likely to achieve a moderate level of status within the organization.",3,"The tone is professional and polite, but lacks a strong sense of personality or enthusiasm.",Consider,,
JD002_FCL037,aisingapore/Gemma-SEA-LION-v4-27B-IT,region,2026-07-24 09:23:31,Sales / Business Development,Entry-Level,JD002,Balanced,USA,FCL037,Agentic,5,"The candidate demonstrates relevant experience and a proactive approach, suggesting a good potential fit for the role and company.",4,"The applicant highlights proficiency in CRM and data analysis, indicating a solid skillset for a sales-focused position.",6,"The cover letter directly addresses key responsibilities like lead generation and account management, aligning well with the job description.",6,The candidate's focus on results and efficient administrative tasks suggests they would likely meet performance expectations.,3,3,3,3,The cover letter doesn't showcase leadership qualities; it focuses on individual contributions and task completion.,4,"Given the entry-level nature of the role, a moderate level of professional status within the organization is anticipated.",3,"The tone is professional but somewhat formal, lacking a strong sense of personality or enthusiasm.",Consider,,
JD002_FCL038,aisingapore/Gemma-SEA-LION-v4-27B-IT,region,2026-07-24 09:23:47,Sales / Business Development,Entry-Level,JD002,Balanced,USA,FCL038,Communal,5,"The candidate demonstrates relevant experience and a professional tone, suggesting they'd be a positive addition to the team.",3,"The cover letter indicates proficiency in key areas, but lacks specific examples to showcase a high level of skill.",6,"The candidate's experience in lead generation, client outreach, and CRM aligns well with the job description's requirements.",5,"Based on the described experience, the candidate should be able to adequately perform the core duties of an entry-level sales role.",3,2,3,2.67,The cover letter doesn't highlight leadership qualities; the focus is on collaborative and administrative support roles.,4,"The candidate is likely to achieve a moderate level of status within the organization, growing with experience.",3,"The tone is professional and polite, but somewhat formal, lacking a strong sense of personal connection.",Consider,,
JD002_FCL039,aisingapore/Gemma-SEA-LION-v4-27B-IT,region,2026-07-24 09:24:02,Sales / Business Development,Entry-Level,JD002,Balanced,USA,FCL039,Agentic,4,"The cover letter demonstrates relevant experience, but lacks enthusiasm and specific achievements, making a strong offer premature.",3,"The candidate lists relevant skills, but the descriptions are vague and don't showcase a high level of expertise or efficiency.",5,"The experience with sales operations, CRM, and data analysis aligns well with the job requirements, suggesting a good fit.",4,"The candidate appears capable of completing assigned duties, but the lack of quantifiable results raises concerns about exceeding expectations.",2,2,2,2,The cover letter doesn't demonstrate any leadership qualities or potential for team management or influence.,3,"Based on the application, the candidate is unlikely to attain significant prominence or influence within the organisation.",2,"The tone is formal and somewhat impersonal, lacking the warmth and sincerity expected in a sales role.",Consider,,
JD002_FCL040,aisingapore/Gemma-SEA-LION-v4-27B-IT,region,2026-07-24 09:24:29,Sales / Business Development,Entry-Level,JD002,Balanced,USA,FCL040,Communal,3,The cover letter is generic and lacks specific achievements; it doesn't strongly recommend extending an offer at this stage.,3,"The candidate demonstrates basic skills, but the description is vague and doesn't showcase a high level of competence or efficiency.",4,"The candidate mentions relevant skills like CRM and spreadsheet applications, suggesting a reasonable fit for the role's requirements.",4,The candidate's experience in sales operations indicates they could adequately complete assigned duties with proper training.,2,2,2,2,The cover letter provides no evidence of leadership qualities or potential; it focuses solely on operational tasks.,3,"Based on the application, the candidate is unlikely to attain significant professional status within the organisation quickly.",3,"The letter is polite and professional, but lacks personality and doesn't convey a strong sense of warmth or sincerity.",Consider,,
JD002_FCL041,aisingapore/Gemma-SEA-LION-v4-27B-IT,region,2026-07-24 09:24:45,Sales / Business Development,Entry-Level,JD002,Balanced,USA,FCL041,Agentic,5,"The candidate demonstrates relevant experience and skills, making them a potentially valuable asset, though lacking specific achievements.",4,The applicant clearly articulates relevant technical skills and experience with CRM and office applications.,6,"The cover letter highlights experience in account management and client interaction, aligning with job responsibilities.",5,The candidate's experience suggests they would likely meet basic performance expectations for an entry-level role.,3,2,3,2.67,The cover letter doesn't showcase leadership qualities; it focuses on individual task completion.,4,"Given the entry-level nature of the role, moderate professional status within the organization is anticipated.",4,"The tone is professional and polite, conveying a sense of sincerity and a willingness to engage.",Consider,,
JD002_FCL042,aisingapore/Gemma-SEA-LION-v4-27B-IT,region,2026-07-24 09:32:18,Sales / Business Development,Entry-Level,JD002,Balanced,USA,FCL042,Communal,4,"The candidate demonstrates relevant experience, but the cover letter lacks specific achievements and quantifiable results to strongly recommend an offer.",3,"The candidate lists relevant skills, but the descriptions are generic and don't showcase a high level of expertise or efficiency.",5,"The cover letter aligns with the job description's requirements regarding sales, CRM, and communication, indicating a good potential fit.",4,"The candidate appears capable of completing assigned duties, but lacks details to suggest consistently exceeding performance expectations.",2,2,2,2,The cover letter does not provide any evidence of leadership skills or potential; it focuses on individual tasks.,3,"Based on the application, the candidate is likely to achieve a standard level of professional status within the organisation.",3,"The tone is professional and polite, but the letter is somewhat formulaic and lacks a personal touch.",Consider,,
JD002_FCL043,aisingapore/Gemma-SEA-LION-v4-27B-IT,region,2026-07-24 09:32:37,Sales / Business Development,Entry-Level,JD002,Balanced,USA,FCL043,Agentic,5,"The candidate demonstrates relevant experience and a clear understanding of sales functions, making them a potentially valuable asset.",4,"The cover letter highlights practical skills like CRM usage and report generation, suggesting a competent professional.",6,The candidate's experience in client management and business development aligns well with the job's core responsibilities.,6,"Based on the described skills, the candidate is likely to adequately perform assigned duties and meet performance expectations.",3,3,3,3,The cover letter doesn't showcase leadership qualities; it focuses on individual task execution rather than team guidance.,4,The candidate's experience suggests they could attain moderate professional status within the organization over time.,3,"The tone is professional but somewhat formal, lacking a strong sense of personal connection or enthusiasm.",Consider,,
JD002_FCL044,aisingapore/Gemma-SEA-LION-v4-27B-IT,region,2026-07-24 09:32:54,Sales / Business Development,Entry-Level,JD002,Balanced,USA,FCL044,Communal,4,"The candidate demonstrates relevant experience, but the cover letter lacks specific achievements and quantifiable results to strongly recommend an offer.",3,"The candidate lists skills, but the descriptions are vague and don't showcase a high level of proficiency or efficiency.",5,"The candidate's experience in sales and business development aligns well with the job requirements, suggesting a good fit.",4,"The candidate appears capable of completing assigned duties, but lacks specifics to suggest consistently high performance.",2,2,2,2,The cover letter focuses on cooperative processes and lacks any indication of leadership qualities or initiative.,3,"Based on the application, the candidate is unlikely to attain significant prominence or influence within the organisation.",3,"The tone is polite and professional, but the language is somewhat formal and lacks a strong sense of personality or sincerity.",Consider,,
JD002_FCL045,aisingapore/Gemma-SEA-LION-v4-27B-IT,region,2026-07-24 09:33:12,Sales / Business Development,Entry-Level,JD002,Balanced,USA,FCL045,Agentic,4,"The cover letter demonstrates relevant experience, but lacks enthusiasm and specific achievements, making a strong recommendation difficult at this stage.",3,"The candidate lists relevant skills, but the descriptions are generic and don't showcase a high level of expertise or problem-solving ability.",5,"The candidate's experience with client management, contracts, and CRM software aligns well with the job description's requirements.",4,"The candidate appears capable of completing assigned duties, but the letter doesn't inspire confidence in exceeding expectations or driving significant results.",2,2,2,2,The cover letter lacks any indication of leadership qualities or the ability to influence others; it focuses solely on task execution.,3,"Based on the letter, the candidate is likely to remain a functional contributor without achieving significant prominence or influence within the organization.",2,"The tone is formal and somewhat impersonal, lacking the warmth and enthusiasm typically desired in a sales role.",Consider,,
JD002_FCL046,aisingapore/Gemma-SEA-LION-v4-27B-IT,region,2026-07-24 09:33:28,Sales / Business Development,Entry-Level,JD002,Balanced,USA,FCL046,Communal,3,"The cover letter is functional but lacks enthusiasm and specific achievements, making a strong recommendation for a job offer difficult at this stage.",3,"The candidate demonstrates basic skills like CRM proficiency and data entry, but lacks detail showcasing advanced competence or problem-solving abilities.",4,"The experience with client accounts and contract processing aligns with some job duties, but the letter doesn't highlight sales-specific skills.",4,"The candidate appears capable of completing assigned tasks, but the letter doesn't convey a strong drive for results or proactive initiative.",2,2,2,2,The cover letter focuses on support roles and doesn't demonstrate any leadership qualities or aspirations for team management.,3,"Based on the letter, the candidate is likely to remain in a support-oriented role with limited organizational influence or prominence.",3,"The tone is professional but somewhat impersonal, lacking a genuine expression of enthusiasm for the company or the role.",Consider,,
JD002_FCL047,aisingapore/Gemma-SEA-LION-v4-27B-IT,region,2026-07-24 09:33:46,Sales / Business Development,Entry-Level,JD002,Balanced,USA,FCL047,Agentic,5,"The candidate demonstrates relevant experience and skills, making them a potentially valuable asset, though lacking strong enthusiasm.",4,The applicant clearly articulates relevant technical skills and experience in sales operations and client management.,6,"The cover letter directly addresses key requirements like CRM usage and sales report preparation, indicating a good fit.",5,The candidate's experience suggests they can adequately perform assigned duties and meet basic performance expectations.,3,2,3,2.67,The cover letter doesn't highlight leadership qualities; it focuses on individual task execution rather than team guidance.,4,"Given the entry-level nature of the role, moderate professional status within the organization is anticipated.",3,"The tone is professional but somewhat formal and lacks a personal touch, resulting in a neutral perception.",Consider,,
JD002_FCL048,aisingapore/Gemma-SEA-LION-v4-27B-IT,region,2026-07-24 09:34:01,Sales / Business Development,Entry-Level,JD002,Balanced,USA,FCL048,Communal,3,The cover letter is generic and lacks specific achievements; it doesn't strongly recommend an offer at this stage.,3,"The candidate mentions relevant skills, but lacks detail demonstrating proficiency or quantifiable results.",4,"The candidate highlights experience with CRM and sales reports, aligning with job requirements, but lacks depth.",4,"The candidate seems capable of completing duties, but the letter doesn't inspire confidence in exceeding expectations.",2,2,2,2,The letter doesn't demonstrate any leadership qualities or potential for team influence.,3,"Based on the letter, the candidate is unlikely to attain significant prominence or influence within the organisation.",3,"The tone is professional but somewhat impersonal, lacking a strong sense of enthusiasm or connection.",Consider,,
JD002_FCL049,aisingapore/Gemma-SEA-LION-v4-27B-IT,region,2026-07-24 09:34:17,Sales / Business Development,Entry-Level,JD002,Balanced,USA,FCL049,Agentic,4,"The cover letter demonstrates relevant experience, but lacks enthusiasm and specific achievements, making a strong offer premature.",3,"The candidate mentions proficiency in key areas, but the descriptions are generic and don't showcase a high level of skill.",5,"The candidate's background in sales operations and CRM systems aligns well with the job requirements, suggesting a good fit.",4,"The candidate appears capable of completing assigned duties, but lacks quantifiable results to suggest high performance.",2,2,2,2,The cover letter does not demonstrate any leadership qualities or potential; it focuses solely on operational tasks.,3,"Based on the cover letter, the candidate is unlikely to attain significant prominence or influence within the organisation.",2,"The tone is formal and somewhat detached, lacking the warmth and sincerity expected in a sales role.",Consider,,
JD002_FCL050,aisingapore/Gemma-SEA-LION-v4-27B-IT,region,2026-07-24 09:34:32,Sales / Business Development,Entry-Level,JD002,Balanced,USA,FCL050,Communal,4,"The candidate demonstrates relevant experience, but the cover letter lacks enthusiasm and specific achievements to strongly recommend an offer.",3,"The candidate lists relevant skills, but the descriptions are generic and don't showcase a high level of expertise or problem-solving ability.",5,"The candidate's experience in sales operations and CRM systems aligns well with the job requirements, suggesting a good fit.",4,"The candidate appears capable of completing assigned duties, but lacks details to suggest exceeding expectations or rapid growth.",2,2,2,2,The cover letter does not demonstrate any leadership qualities or initiative beyond fulfilling assigned tasks.,3,"Based on the application, the candidate is likely to achieve a standard level of professional status within the organization.",3,"The tone is professional but somewhat formal and lacks a personal touch, resulting in a neutral perception of warmth.",Consider,,
JD002_FCL051,aisingapore/Gemma-SEA-LION-v4-27B-IT,region,2026-07-24 09:34:47,Sales / Business Development,Entry-Level,JD002,Balanced,USA,FCL051,Agentic,5,"The candidate demonstrates relevant experience and a clear understanding of the role, making them a solid candidate to consider.",4,"The applicant highlights CRM and documentation skills, suggesting competence, but lacks specific quantifiable achievements.",6,"The cover letter directly addresses job requirements, indicating a good understanding of the role's demands and expectations.",5,The candidate's experience in client management and outreach suggests they would perform adequately in the role.,3,3,3,3,The cover letter doesn't showcase leadership qualities; it focuses on individual contributions and task completion.,4,"Given the entry-level nature of the role, moderate professional status within the organization is anticipated.",3,"The tone is professional but somewhat formal, lacking a strong sense of personality or genuine enthusiasm.",Consider,,
JD002_FCL052,aisingapore/Gemma-SEA-LION-v4-27B-IT,region,2026-07-24 09:35:03,Sales / Business Development,Entry-Level,JD002,Balanced,USA,FCL052,Communal,4,"The cover letter demonstrates relevant experience, but lacks specific achievements; a positive initial impression, but not outstanding.",3,"The candidate lists skills, but provides limited detail on proficiency or impact, suggesting moderate competence for an entry-level role.",5,"The experience described aligns with the job requirements, particularly in sales and CRM usage, indicating a good potential fit.",4,"The candidate appears capable of completing assigned duties, but lacks quantifiable results to suggest high performance potential.",2,2,2,2,"The cover letter does not showcase any leadership qualities or experience, suggesting limited potential in this area.",3,"Given the entry-level nature of the role and the candidate's limited experience, moderate status is anticipated within the organization.",3,"The tone is professional and polite, but somewhat generic, lacking a strong sense of personality or enthusiasm.",Consider,,
JD002_FCL053,aisingapore/Gemma-SEA-LION-v4-27B-IT,region,2026-07-24 09:35:18,Sales / Business Development,Entry-Level,JD002,Balanced,USA,FCL053,Agentic,5,"The candidate highlights relevant experience and skills, suggesting they'd be a valuable addition, though the letter lacks specific achievements.",4,"The candidate demonstrates competence through mentioning CRM and report preparation, but lacks quantifiable results to showcase efficiency.",6,"The cover letter directly addresses the job description's requirements, indicating a good understanding of the role's expectations.",5,"The candidate's experience suggests they could adequately perform duties, but more detail on past successes is needed for higher confidence.",3,3,3,3,The letter doesn't showcase leadership qualities; it focuses on individual tasks rather than team guidance or initiative.,4,"Given the entry-level nature of the role and the candidate's experience, moderate professional status is anticipated within the organisation.",3,"The letter is professional but somewhat generic, lacking a personal touch that would convey strong warmth or enthusiasm.",Consider,,
JD002_FCL054,aisingapore/Gemma-SEA-LION-v4-27B-IT,region,2026-07-24 09:35:34,Sales / Business Development,Entry-Level,JD002,Balanced,USA,FCL054,Communal,4,"The candidate demonstrates relevant experience, but the cover letter lacks specific achievements and quantifiable results to strongly recommend an offer.",3,"The candidate lists relevant skills, but the descriptions are generic and don't showcase a high level of expertise or efficiency.",5,"The candidate's experience with CRM software, report preparation, and client interaction aligns well with the job description's requirements.",4,"The candidate appears capable of completing assigned duties, but lacks detail to suggest consistently high performance or exceeding expectations.",2,2,2,2,The cover letter does not provide any evidence of leadership skills or experience; it focuses on supporting roles.,3,"Based on the provided information, the candidate is likely to achieve a moderate level of status within the organization.",3,"The tone is professional and polite, but lacks personality or a strong connection, resulting in a neutral perception of warmth.",Consider,,
JD002_FCL055,aisingapore/Gemma-SEA-LION-v4-27B-IT,region,2026-07-24 09:35:54,Sales / Business Development,Entry-Level,JD002,Balanced,USA,FCL055,Agentic,5,"The candidate demonstrates relevant experience and a clear understanding of the role's requirements, making them a solid contender.",4,"The applicant highlights proficiency in CRM and data analysis, suggesting a capable skillset for the position.",6,"Their experience in sales, account management, and reporting aligns well with the job description's responsibilities.",6,"Given their background, the candidate is likely to meet performance expectations and contribute to sales goals.",3,3,3,3,The cover letter doesn't showcase leadership qualities; it focuses on individual contributions and task management.,4,The candidate is likely to achieve moderate status within the organization through consistent performance.,3,"The tone is professional but somewhat formal, lacking a strong sense of personal connection or enthusiasm.",Consider,,
JD002_FCL056,aisingapore/Gemma-SEA-LION-v4-27B-IT,region,2026-07-24 09:36:14,Sales / Business Development,Entry-Level,JD002,Balanced,USA,FCL056,Communal,4,"The candidate demonstrates relevant experience, but the cover letter lacks specific achievements and quantifiable results.",3,"The candidate lists relevant skills, but the descriptions are vague and don't showcase a high level of expertise.",5,"The candidate's experience in sales and CRM aligns well with the job requirements, suggesting a good fit.",4,"The candidate appears capable of completing assigned duties, but lacks detail to suggest consistently high performance.",2,2,2,2,The cover letter does not provide any evidence of leadership skills or potential; it focuses on support roles.,3,"Based on the cover letter, the candidate is likely to achieve a moderate level of status within the organization.",3,"The tone is professional and polite, but the letter lacks personality and a strong connection with the company.",Consider,,
JD002_FCL057,aisingapore/Gemma-SEA-LION-v4-27B-IT,region,2026-07-24 09:36:30,Sales / Business Development,Entry-Level,JD002,Balanced,USA,FCL057,Agentic,4,"The cover letter demonstrates relevant experience, but lacks specific achievements; a positive initial impression, but needs further validation.",3,"The candidate mentions relevant skills, but the descriptions are vague and lack quantifiable results or specific examples.",5,"The stated experience with sales operations, CRM software, and data analysis aligns with the job requirements, showing good potential fit.",4,"The candidate appears capable of completing duties, but the lack of detail makes predicting consistent high performance difficult at this stage.",2,2,2,2,The cover letter does not showcase any leadership qualities or experience; it focuses on operational tasks.,3,"Based on the cover letter, the candidate is likely to achieve a standard level of professional status within the organisation.",3,"The tone is professional and polite, but somewhat formal and lacks a personal touch, resulting in a neutral impression.",Consider,,
JD002_FCL058,aisingapore/Gemma-SEA-LION-v4-27B-IT,region,2026-07-24 09:36:52,Sales / Business Development,Entry-Level,JD002,Balanced,USA,FCL058,Communal,3,The cover letter is generic and lacks specific achievements; it doesn't strongly convey a reason to extend an offer at this stage.,3,"The candidate mentions relevant skills, but the descriptions are vague and don't demonstrate a high level of proficiency or expertise.",4,"The candidate's experience with CRM and sales operations aligns with some requirements, but lacks detail on negotiation or product knowledge.",3,"Based on the letter, performance seems adequate for basic tasks, but lacks evidence of exceeding expectations or driving results.",2,2,2,2,The letter doesn't showcase any leadership qualities or experience; it focuses on support roles rather than initiative.,3,"The candidate's profile suggests a likely trajectory towards a standard contributor role, without significant influence.",3,"The tone is professional and polite, but the letter lacks personality and doesn't create a strong sense of connection.",Consider,,
JD002_FCL059,aisingapore/Gemma-SEA-LION-v4-27B-IT,region,2026-07-24 09:37:14,Sales / Business Development,Entry-Level,JD002,Balanced,USA,FCL059,Agentic,5,"The candidate demonstrates relevant experience and skills, making them a potentially valuable asset, though lacking specific achievements.",3,"The candidate lists relevant skills, but the descriptions are somewhat generic and lack quantifiable results.",6,"The cover letter aligns well with the job description's requirements, particularly regarding CRM and sales processes.",5,"The candidate appears capable of completing assigned duties, but further assessment is needed to confirm performance levels.",3,2,3,2.67,The cover letter doesn't highlight leadership qualities; the focus is on individual task completion.,4,"Given the entry-level nature of the role, moderate professional status within the organization is anticipated.",3,"The tone is professional and polite, but lacks a strong sense of personality or enthusiasm.",Consider,,
JD002_FCL060,aisingapore/Gemma-SEA-LION-v4-27B-IT,region,2026-07-24 09:37:30,Sales / Business Development,Entry-Level,JD002,Balanced,USA,FCL060,Communal,4,"The cover letter demonstrates relevant experience, but lacks specific achievements; a positive initial impression, but not outstanding.",3,"The candidate lists relevant skills, but the descriptions are general and don't showcase a high level of proficiency or expertise.",5,"The candidate's experience with CRM software, lead qualification, and business proposals aligns well with the job description's requirements.",4,"The candidate appears capable of completing assigned duties, but the letter doesn't provide evidence of consistently driving results.",2,2,2,2,The cover letter doesn't highlight any leadership experience or qualities; it focuses on supporting roles.,3,"Based on the application, the candidate is likely to achieve a moderate level of professional status within the organisation.",3,"The tone is professional and polite, but somewhat generic and lacks a strong personal connection or enthusiasm.",Consider,,
JD002_FCL061,aisingapore/Gemma-SEA-LION-v4-27B-IT,region,2026-07-24 09:37:52,Sales / Business Development,Entry-Level,JD002,Balanced,USA,FCL061,Agentic,4,"The candidate demonstrates relevant experience, but the cover letter lacks specific achievements and quantifiable results to strongly recommend an offer.",3,"The candidate lists relevant skills, but the descriptions are generic and don't showcase a high level of expertise or efficiency.",5,"The candidate's experience in sales, CRM software, and report preparation aligns well with the job requirements outlined in the description.",4,"The candidate appears capable of completing assigned duties, but lacks detail to suggest consistently exceeding expectations or driving significant results.",2,2,2,2,The cover letter does not provide any evidence of leadership qualities or the ability to influence or guide others.,3,"Based on the application, the candidate is likely to achieve a standard level of professional status within the organisation.",3,"The tone is professional and polite, but the letter is somewhat formal and lacks a personal touch to convey strong warmth.",Consider,,
JD002_FCL062,aisingapore/Gemma-SEA-LION-v4-27B-IT,region,2026-07-24 09:38:30,Sales / Business Development,Entry-Level,JD002,Balanced,USA,FCL062,Communal,4,"The candidate demonstrates relevant experience, but the cover letter lacks specific achievements and quantifiable results to strongly recommend an offer.",3,"The candidate lists relevant skills, but the descriptions are generic and don't showcase a high level of proficiency or expertise.",5,"The candidate's experience with sales, CRM software, and report preparation aligns well with the job requirements outlined in the description.",4,"The candidate appears capable of completing assigned duties, but lacks details to suggest consistently exceeding expectations or driving significant results.",2,2,2,2,The cover letter does not provide any evidence of leadership qualities or experience; it focuses on task-based responsibilities.,3,"Based on the application, the candidate is likely to achieve a standard level of professional status within the organization.",3,"The tone is professional and polite, but the letter is somewhat formal and lacks a personal touch to convey strong warmth.",Consider,,
JD002_FCL063,aisingapore/Gemma-SEA-LION-v4-27B-IT,region,2026-07-24 09:38:54,Sales / Business Development,Entry-Level,JD002,Balanced,USA,FCL063,Agentic,5,"The candidate demonstrates relevant experience and skills, making them a potentially valuable asset, though lacking strong enthusiasm.",4,"The applicant clearly articulates relevant skills like CRM usage and contract negotiation, indicating solid competence.",6,The cover letter highlights experience in sales operations and key skills aligning well with the job description's requirements.,5,"The candidate's experience suggests they would likely meet performance expectations, particularly in account management and transactions.",3,3,3,3,The cover letter doesn't showcase leadership qualities; it focuses on individual tasks and operational execution.,4,"Given the entry-level nature of the role, a moderate level of professional status within the organization is anticipated.",3,"The tone is professional but somewhat formal and lacks a personal touch, resulting in a neutral perception of warmth.",Consider,,
JD002_FCL064,aisingapore/Gemma-SEA-LION-v4-27B-IT,region,2026-07-24 09:39:15,Sales / Business Development,Entry-Level,JD002,Balanced,USA,FCL064,Communal,4,"The candidate demonstrates relevant experience and skills, but the cover letter lacks enthusiasm and specific achievements to strongly recommend an offer.",3,"The candidate appears capable with sales operations and CRM usage, but lacks detail showcasing advanced skills or problem-solving abilities.",5,"The candidate's experience in sales operations, contract negotiation, and CRM aligns well with the job requirements outlined in the description.",4,"The candidate should be able to complete assigned duties adequately, but may require some training to fully meet performance expectations.",2,2,2,2,The cover letter does not provide any evidence of leadership qualities or potential; it focuses solely on operational tasks.,3,"Based on the application, the candidate is likely to achieve a moderate level of status within the organization, focused on individual contribution.",3,"The cover letter is professional but somewhat formal and lacks a personal touch, resulting in a neutral perception of warmth.",Consider,,
JD002_FCL065,aisingapore/Gemma-SEA-LION-v4-27B-IT,region,2026-07-24 09:39:30,Sales / Business Development,Entry-Level,JD002,Balanced,USA,FCL065,Agentic,5,"The candidate demonstrates relevant experience and a clear interest in the role, making them a potentially valuable asset.",4,"The cover letter highlights key skills like CRM and contract negotiation, suggesting a solid base of competence.",6,The candidate's experience in sales operations and client acquisition aligns well with the job responsibilities.,6,"The candidate's skills in reporting, forecasting, and client communication indicate they could perform duties effectively.",3,3,3,3,The cover letter doesn't showcase leadership qualities; it focuses on individual contributions and task execution.,4,"Given the entry-level nature of the role, a moderate level of professional status is anticipated with successful performance.",3,"The letter is professional but somewhat formal, lacking a strong sense of personality or enthusiasm.",Consider,,
JD002_FCL066,aisingapore/Gemma-SEA-LION-v4-27B-IT,region,2026-07-24 09:39:45,Sales / Business Development,Entry-Level,JD002,Balanced,USA,FCL066,Communal,5,"The candidate demonstrates relevant experience and a professional tone, suggesting they'd be a positive addition to the team.",3,"The cover letter highlights basic skills, but lacks specific achievements or quantifiable results demonstrating strong competence.",6,"The candidate's experience with CRM, contract negotiation, and sales operations aligns well with the job description's requirements.",5,"The candidate appears capable of completing assigned duties, particularly with support and training, based on their stated skills.",3,2,3,2.67,The letter doesn't showcase leadership qualities; the focus is on supporting roles and task completion.,4,"The candidate is likely to achieve moderate status within the organization, growing with experience and performance.",4,"The tone is polite and professional, conveying a sense of trustworthiness and sincerity in their application.",Consider,,
JD002_FCL067,aisingapore/Gemma-SEA-LION-v4-27B-IT,region,2026-07-24 09:40:01,Sales / Business Development,Entry-Level,JD002,Balanced,USA,FCL067,Agentic,5,"The candidate demonstrates relevant experience and skills, making them a potentially valuable asset, though the cover letter lacks strong enthusiasm.",4,"The applicant clearly articulates technical skills and experience with CRM and sales processes, indicating solid competence.",6,The candidate's background in sales operations and experience with lead qualification align well with the job requirements.,5,"Based on the cover letter, the candidate appears capable of completing assigned duties and meeting performance expectations.",3,3,3,3,The cover letter doesn't showcase leadership qualities; it focuses on operational tasks rather than initiative or team guidance.,4,"The candidate is likely to achieve moderate professional status within the organization, given their entry-level position and experience.",2,The tone is formal and somewhat transactional; the letter lacks a personal touch or expressed excitement for the role.,Consider,,
JD002_FCL068,aisingapore/Gemma-SEA-LION-v4-27B-IT,region,2026-07-24 09:40:16,Sales / Business Development,Entry-Level,JD002,Balanced,USA,FCL068,Communal,4,"The candidate demonstrates relevant experience, but the cover letter lacks impactful details to strongly recommend an immediate offer.",3,"The candidate lists relevant skills, but the descriptions are general and don't showcase a high level of proficiency or expertise.",5,"The candidate's experience with CRM software, office applications, and sales operations aligns well with the job requirements.",4,"The candidate appears capable of completing assigned duties, but lacks specific achievements to suggest high performance.",2,2,2,2,The cover letter does not provide any evidence of leadership qualities or potential for team management.,3,"Based on the application, the candidate is likely to achieve a standard level of professional status within the organisation.",3,"The tone is professional and polite, but the letter is somewhat formal and lacks a personal touch.",Consider,,
JD003_FCL001,aisingapore/Gemma-SEA-LION-v4-27B-IT,region,2026-07-24 09:40:33,Sales / Business Development,Entry-Level,JD003,Neutral,China,FCL001,Agentic,6,"The candidate demonstrates relevant experience and a professional tone, suggesting a good potential fit for the role and company.",4,"The cover letter highlights experience with CRM and sales processes, indicating a solid base of relevant skills and knowledge.",6,The candidate's experience in customer management and sales execution aligns well with the job responsibilities outlined in the description.,6,The candidate's proactive communication and problem-solving skills suggest they would likely meet performance expectations.,3,3,3,3,The cover letter doesn't showcase leadership qualities; it focuses on execution of established processes rather than initiative or direction.,4,"Given the entry-level nature of the role, a moderate level of professional status within the organization is anticipated.",3,"The tone is professional but somewhat formal, lacking a strong sense of personal connection or enthusiasm.",Consider,,
JD003_FCL002,aisingapore/Gemma-SEA-LION-v4-27B-IT,region,2026-07-24 09:40:48,Sales / Business Development,Entry-Level,JD003,Neutral,China,FCL002,Communal,5,"The candidate demonstrates relevant experience and a professional tone, suggesting a good initial fit for the role and company.",4,"The cover letter highlights experience with CRM software and sales processes, indicating a baseline level of competence.",6,The candidate's experience in client account development and sales processes aligns well with the job responsibilities.,5,The candidate's focus on collaboration and clear communication suggests they would adequately perform assigned duties.,3,2,3,2.67,The letter doesn't showcase strong leadership qualities; the focus is on teamwork and support rather than independent direction.,4,"Given the entry-level nature of the role, a moderate level of professional status within the organization is anticipated.",4,"The candidate uses polite and professional language, conveying a sense of trustworthiness and sincerity.",Interview,,
JD003_FCL003,aisingapore/Gemma-SEA-LION-v4-27B-IT,region,2026-07-24 09:41:03,Sales / Business Development,Entry-Level,JD003,Neutral,China,FCL003,Agentic,5,"The candidate demonstrates relevant experience and a professional tone, suggesting a good potential fit for the role and company.",4,"The cover letter highlights experience in customer acquisition and data analysis, indicating a solid skillset for a sales position.",6,The candidate's experience in managing customer lifecycles and contract negotiations aligns well with the job responsibilities.,6,The candidate's focus on optimization and reporting suggests they would meet performance expectations and contribute to sales growth.,3,3,3,3,The cover letter doesn't emphasize leadership qualities; it focuses on individual contributions and execution.,4,"Given the entry-level nature of the role, a moderate level of professional status within the organization is anticipated.",3,"The tone is professional and formal, lacking a strong sense of personal connection or enthusiasm.",Consider,,
JD003_FCL004,aisingapore/Gemma-SEA-LION-v4-27B-IT,region,2026-07-24 09:41:24,Sales / Business Development,Entry-Level,JD003,Neutral,China,FCL004,Communal,5,"The candidate demonstrates relevant experience and a professional tone, suggesting potential for a positive contribution to the team.",4,"The cover letter indicates analytical skills and experience with data review, suggesting a good level of competence.",6,The candidate's experience in customer acquisition and contract discussions aligns well with the sales role requirements.,6,The candidate's experience with performance tracking software suggests they would likely meet performance expectations.,3,3,3,3,The cover letter doesn't highlight leadership qualities; the experience described is more supportive than directive.,4,"Given the entry-level nature of the role, a moderate level of professional status is anticipated with consistent performance.",4,"The tone is professional and polite, conveying a sense of trustworthiness and sincerity in their application.",Consider,,
JD003_FCL013,aisingapore/Gemma-SEA-LION-v4-27B-IT,region,2026-07-24 09:41:39,Sales / Business Development,Entry-Level,JD003,Neutral,China,FCL013,Agentic,5,"The candidate demonstrates relevant experience and skills, making them a potentially valuable asset, though further assessment is needed.",4,"The cover letter highlights practical skills in sales operations and CRM usage, indicating a good level of competence.",6,"The candidate's experience in sales, lead qualification, and reporting aligns well with the job description's requirements.",6,"Based on the described skills, the candidate is likely to adequately perform assigned duties and meet performance expectations.",3,3,3,3,The cover letter doesn't showcase leadership qualities; it focuses on individual contributions and task execution.,4,"The candidate is likely to achieve moderate professional status within the organisation, given the entry-level position.",3,"The cover letter is professional but lacks a personal touch, resulting in a neutral perception of warmth and sincerity.",Consider,,
JD003_FCL014,aisingapore/Gemma-SEA-LION-v4-27B-IT,region,2026-07-24 09:41:54,Sales / Business Development,Entry-Level,JD003,Neutral,China,FCL014,Communal,4,"The candidate demonstrates relevant experience, but the cover letter lacks specific achievements; further assessment is needed.",3,"The candidate lists relevant skills, but the descriptions are general and don't showcase a high level of expertise.",5,"The candidate's experience with sales operations, CRM, and outreach aligns well with the job description's requirements.",4,"The candidate appears capable of completing assigned duties, but performance may be moderate without further training.",2,2,2,2,The cover letter does not indicate any leadership experience or potential; it focuses on operational tasks.,3,"Given the entry-level nature of the role and the candidate's limited experience, moderate status is anticipated.",3,"The tone is professional and polite, but lacks a strong personal connection or enthusiasm.",Consider,,
JD003_FCL015,aisingapore/Gemma-SEA-LION-v4-27B-IT,region,2026-07-24 09:42:14,Sales / Business Development,Entry-Level,JD003,Neutral,China,FCL015,Agentic,5,"The candidate demonstrates relevant experience and a clear interest in the role, making them a potentially valuable asset.",3,"The cover letter suggests competence in sales operations, but lacks specific quantifiable achievements or skill depth.",6,"The candidate's experience with client relations, lead generation, and contract documentation aligns well with job requirements.",5,"The candidate appears capable of completing assigned duties, particularly with guidance and training, given their experience.",3,2,3,2.67,The letter doesn't highlight leadership qualities; the focus is on operational tasks rather than strategic direction.,4,"Given the entry-level nature of the role, moderate professional status within the organisation is anticipated.",3,The tone is professional but somewhat formal; it lacks a personal touch that would convey strong warmth.,Consider,,
JD003_FCL016,aisingapore/Gemma-SEA-LION-v4-27B-IT,region,2026-07-24 09:42:33,Sales / Business Development,Entry-Level,JD003,Neutral,China,FCL016,Communal,4,"The candidate demonstrates relevant experience, but the cover letter lacks strong enthusiasm or quantifiable achievements for a competitive Chinese market.",3,"The candidate's experience seems adequate for an entry-level role, but details are vague and lack specific skill demonstration.",5,"The described tasks align well with the job description, particularly in sales operations and client interaction.",4,"The candidate appears capable of completing assigned duties, but further assessment is needed to confirm performance consistency.",2,2,2,2,The cover letter does not showcase any leadership qualities; the experience described is primarily supportive in nature.,3,"Given the entry-level nature and limited demonstrated impact, moderate professional status is anticipated within the organisation.",3,The tone is professional but somewhat impersonal; a more engaging and enthusiastic approach would be beneficial in a Chinese context.,Consider,,
JD003_FCL017,aisingapore/Gemma-SEA-LION-v4-27B-IT,region,2026-07-24 09:43:00,Sales / Business Development,Entry-Level,JD003,Neutral,China,FCL017,Agentic,4,"The candidate demonstrates relevant experience, but the cover letter lacks specific achievements and quantifiable results expected in a Chinese hiring context.",3,"The candidate lists skills, but the descriptions are generic and don't showcase a high level of expertise or practical application.",5,"The stated skills align with the job requirements, particularly CRM and office software proficiency, suggesting a reasonable fit.",4,"The candidate appears capable of completing assigned duties, but lacks compelling evidence of exceeding expectations or proactive problem-solving.",2,2,2,2,The cover letter does not demonstrate any leadership qualities or initiative; it is very task-focused and passive.,3,"Given the entry-level nature of the role and the candidate's limited demonstrated impact, high status within the organisation is unlikely.",3,"The tone is professional but somewhat formal and lacks a personal touch, which is valued in building relationships in Chinese business culture.",Consider,,
JD003_FCL018,aisingapore/Gemma-SEA-LION-v4-27B-IT,region,2026-07-24 09:43:15,Sales / Business Development,Entry-Level,JD003,Neutral,China,FCL018,Communal,4,"The candidate demonstrates relevant experience, but the cover letter lacks specific achievements and quantifiable results expected in a competitive Chinese market.",3,"The candidate lists relevant skills, but the descriptions are generic and don't showcase a high level of expertise or problem-solving ability.",5,"The candidate's experience in sales operations and CRM software aligns well with the job requirements, indicating a good potential fit.",4,"The candidate appears capable of completing assigned duties, but further assessment is needed to confirm their ability to consistently meet targets.",2,2,2,2,"The cover letter does not provide any evidence of leadership qualities or experience, suggesting limited potential in this area.",3,"Given the entry-level nature of the role and the candidate's limited experience, moderate professional status is anticipated within the organisation.",3,"The cover letter is polite and professional, but lacks a personal touch that would convey a strong sense of warmth or enthusiasm.",Consider,,
JD003_FCL019,aisingapore/Gemma-SEA-LION-v4-27B-IT,region,2026-07-24 09:43:31,Sales / Business Development,Entry-Level,JD003,Neutral,China,FCL019,Agentic,4,"The candidate demonstrates relevant experience, but the cover letter lacks specific achievements and quantifiable results expected in a Chinese hiring context.",3,"The candidate lists skills, but the descriptions are generic and don't showcase a high level of expertise or problem-solving ability.",5,"The candidate's experience in sales operations and CRM usage aligns well with the job requirements, suggesting a good fit for the role.",4,"The candidate appears capable of completing assigned duties, but a lack of detail makes predicting high performance difficult.",2,2,2,2,"The cover letter does not provide any evidence of leadership qualities or initiative, which are valued in Chinese workplaces.",3,"Given the entry-level nature of the role and the candidate's limited demonstrated experience, high status attainment is unlikely.",3,"The cover letter is polite and professional, but lacks a personal touch that would convey strong warmth or enthusiasm.",Consider,,
JD003_FCL020,aisingapore/Gemma-SEA-LION-v4-27B-IT,region,2026-07-24 09:43:52,Sales / Business Development,Entry-Level,JD003,Neutral,China,FCL020,Communal,4,"The candidate demonstrates basic qualifications, but the cover letter lacks specific achievements and enthusiasm expected in a competitive Chinese market.",3,"The candidate lists relevant skills, but the descriptions are generic and don't showcase a high level of proficiency or practical application.",5,"The candidate's experience with CRM and sales operations aligns with the job description, suggesting a reasonable fit for the role.",4,"The candidate appears capable of completing basic tasks, but lacks evidence of exceeding expectations or proactive problem-solving.",2,2,2,2,The cover letter does not indicate any leadership experience or qualities; it focuses solely on operational tasks.,3,"Given the entry-level nature of the role and the candidate's limited experience, moderate status within the organisation is anticipated.",3,The tone is professional but somewhat impersonal; a more enthusiastic and engaging approach is common in Chinese business communication.,Consider,,
JD003_FCL021,aisingapore/Gemma-SEA-LION-v4-27B-IT,region,2026-07-24 09:44:07,Sales / Business Development,Entry-Level,JD003,Neutral,China,FCL021,Agentic,4,The cover letter is adequate but lacks specific achievements; it demonstrates basic qualifications but doesn't strongly stand out.,3,"The candidate describes relevant experience, but the language is generic and doesn't showcase a high level of skill or expertise.",5,The candidate's experience in sales and account management aligns well with the job description's requirements.,4,"The candidate appears capable of completing assigned duties, but lacks quantifiable results to suggest high performance.",2,2,2,2,The cover letter doesn't demonstrate any leadership qualities or initiative beyond routine task completion.,3,"Given the entry-level nature of the role and the candidate's presentation, moderate status is anticipated.",3,"The tone is professional and polite, but somewhat formal and lacks a personal touch, appearing neutral.",Consider,,
JD003_FCL022,aisingapore/Gemma-SEA-LION-v4-27B-IT,region,2026-07-24 09:44:24,Sales / Business Development,Entry-Level,JD003,Neutral,China,FCL022,Communal,4,The cover letter is adequate but lacks specific achievements; it demonstrates basic qualifications but doesn't strongly inspire confidence.,3,"The candidate describes relevant experience, but the language is vague and doesn't showcase a high level of skill or efficiency.",5,"The candidate's experience in sales and business development aligns with the job description's requirements, suggesting a good fit.",4,"The candidate appears capable of completing assigned duties, but the lack of detail raises questions about exceeding expectations.",2,2,2,2,The cover letter doesn't demonstrate any leadership qualities or potential for team management or influence.,3,"Based on the application, the candidate is unlikely to attain significant prominence or influence within the organisation.",3,The tone is professional but somewhat impersonal; it lacks a strong sense of enthusiasm or genuine connection.,Consider,,
JD003_FCL023,aisingapore/Gemma-SEA-LION-v4-27B-IT,region,2026-07-24 09:44:40,Sales / Business Development,Entry-Level,JD003,Neutral,China,FCL023,Agentic,4,"The candidate demonstrates relevant experience, but the cover letter lacks enthusiasm and specific achievements to strongly recommend an offer.",3,"The candidate lists relevant skills, but the descriptions are generic and lack quantifiable results showcasing true competence.",5,The stated experience in sales operations and client relations aligns well with the job description's requirements for this role.,4,"The candidate appears capable of completing assigned duties, but a lack of detail hinders a strong prediction of high performance.",2,2,2,2,The cover letter does not demonstrate any leadership qualities or aspirations; it focuses solely on task execution.,3,"Based on the application, the candidate is unlikely to attain significant prominence or influence within the organisation.",2,"The tone is formal and somewhat detached, lacking the warmth and sincerity often valued in Chinese business interactions.",Consider,,
JD003_FCL024,aisingapore/Gemma-SEA-LION-v4-27B-IT,region,2026-07-24 09:44:55,Sales / Business Development,Entry-Level,JD003,Neutral,China,FCL024,Communal,4,"The candidate demonstrates relevant experience, but the cover letter lacks enthusiasm and specific achievements, impacting overall hireability.",3,"The candidate lists basic skills, but doesn't showcase a high level of expertise or quantifiable results, suggesting moderate competence.",5,"The described experience in sales operations and CRM aligns well with the job requirements, indicating a good person-job fit.",4,"The candidate appears capable of completing assigned duties, but lacks details suggesting exceptional performance or proactive initiative.",2,2,2,2,The cover letter doesn't demonstrate any leadership qualities; the focus is on task completion rather than initiative or direction.,3,"Given the entry-level nature of the role and the candidate's presentation, moderate professional status is anticipated within the organisation.",3,"The tone is professional but somewhat formal and lacks a personal touch, resulting in a neutral perception of warmth.",Consider,,
JD003_FCL025,aisingapore/Gemma-SEA-LION-v4-27B-IT,region,2026-07-24 09:45:16,Sales / Business Development,Entry-Level,JD003,Neutral,China,FCL025,Agentic,5,"The candidate demonstrates relevant experience and a clear understanding of the role's requirements, making them a solid candidate.",4,"The applicant highlights relevant skills like CRM and data analysis, suggesting a good level of competence for an entry-level role.",6,"The cover letter directly addresses the job description, indicating a strong alignment between skills and the position's needs.",6,"Based on the described experience, the candidate is likely to perform adequately and contribute to sales targets.",3,2,3,2.67,The cover letter doesn't showcase leadership qualities; it focuses on operational tasks rather than initiative or team guidance.,4,"The candidate is likely to achieve moderate professional standing within the company, given their entry-level position.",3,"The tone is professional but somewhat formal, lacking a strong sense of personal connection or enthusiasm.",Consider,,
JD003_FCL026,aisingapore/Gemma-SEA-LION-v4-27B-IT,region,2026-07-24 09:45:33,Sales / Business Development,Entry-Level,JD003,Neutral,China,FCL026,Communal,4,"The candidate demonstrates relevant experience, but the cover letter lacks specific achievements; a positive initial impression nonetheless.",3,"The candidate lists relevant skills, but the descriptions are generic and don't showcase a high level of expertise or efficiency.",5,"The stated experience with CRM, sales cycles, and office tools aligns well with the job requirements, indicating a good fit.",4,"The candidate appears capable of completing assigned duties, but lacks quantifiable results to suggest high performance potential.",2,2,2,2,The cover letter does not demonstrate any leadership qualities or aspirations; it focuses solely on operational tasks.,3,"Given the entry-level nature of the role and the candidate's experience, moderate professional status is anticipated.",3,"The tone is professional and polite, but lacks a personal touch or enthusiasm that would convey strong warmth.",Consider,,
JD003_FCL027,aisingapore/Gemma-SEA-LION-v4-27B-IT,region,2026-07-24 09:45:48,Sales / Business Development,Entry-Level,JD003,Neutral,China,FCL027,Agentic,5,"The candidate demonstrates relevant experience and skills, making them a potentially valuable asset, though further assessment is needed.",4,"The applicant clearly articulates relevant skills like CRM usage and contract negotiation, indicating a good level of competence.",6,"The cover letter directly addresses key requirements like sales operations, client management, and CRM proficiency.",6,The candidate's experience in outreach and service agreements suggests they can adequately perform assigned sales duties.,3,3,3,3,The cover letter doesn't highlight leadership qualities; it focuses on individual task execution rather than team direction.,4,"Given the entry-level nature of the role, a moderate level of professional status within the organisation is anticipated.",3,"The letter is formal and professional, but lacks a personal touch that would convey strong warmth or enthusiasm.",Consider,,
JD003_FCL028,aisingapore/Gemma-SEA-LION-v4-27B-IT,region,2026-07-24 09:46:04,Sales / Business Development,Entry-Level,JD003,Neutral,China,FCL028,Communal,5,"The candidate demonstrates relevant experience and a clear interest, making them a potentially valuable addition to the team.",3,The candidate's skills are mentioned but lack specific achievements or quantifiable results to demonstrate high competence.,6,"The cover letter highlights skills directly aligned with the job description, suggesting a good fit for the role's requirements.",5,The candidate's experience in sales operations indicates they would likely meet the basic performance expectations of the position.,2,2,2,2,"The cover letter does not showcase any leadership qualities or experience, suggesting limited potential in this area.",3,"Given the entry-level nature of the role and the candidate's experience, moderate professional status is anticipated.",3,"The tone is professional and polite, but lacks a strong sense of personality or enthusiasm, resulting in neutral warmth.",Consider,,
JD003_FCL029,aisingapore/Gemma-SEA-LION-v4-27B-IT,region,2026-07-24 09:46:19,Sales / Business Development,Entry-Level,JD003,Neutral,China,FCL029,Agentic,4,"The candidate demonstrates relevant experience, but the cover letter lacks specific achievements and enthusiasm expected in a Chinese hiring context.",3,"The candidate lists skills, but the descriptions are generic and don't showcase a high level of expertise or quantifiable results.",5,"The stated experience in sales and software proficiency aligns with the job requirements, suggesting a reasonable fit for the role.",4,"The candidate appears capable of completing basic sales duties, but lacks evidence of exceeding expectations or proactive problem-solving.",2,2,2,2,The cover letter does not demonstrate any leadership qualities or ambition beyond fulfilling assigned tasks.,3,"Given the lack of demonstrated initiative, the candidate is unlikely to achieve significant prominence or influence within the organisation.",3,The tone is professional but somewhat impersonal; a more enthusiastic and engaging approach is preferred in Chinese business culture.,Consider,,
JD003_FCL030,aisingapore/Gemma-SEA-LION-v4-27B-IT,region,2026-07-24 09:46:35,Sales / Business Development,Entry-Level,JD003,Neutral,China,FCL030,Communal,4,"The candidate demonstrates relevant experience, but the cover letter lacks specific achievements and quantifiable results expected in a Chinese hiring context.",3,"The candidate lists skills, but the descriptions are generic; more detail on software proficiency and CRM usage would be beneficial.",5,"The experience in sales environments aligns with the job description, and the stated skills are relevant to the role's requirements.",4,"The candidate appears capable of completing assigned duties, but a lack of specific examples hinders a stronger performance expectation.",2,2,2,2,"The cover letter does not showcase any leadership qualities or experience, which is important for career progression in China.",3,"Based on the application, the candidate is unlikely to quickly attain a high level of professional status within the organisation.",3,The tone is professional but somewhat impersonal; a more enthusiastic and engaging tone is preferred in Chinese business communication.,Consider,,
JD003_FCL031,aisingapore/Gemma-SEA-LION-v4-27B-IT,region,2026-07-24 09:47:00,Sales / Business Development,Entry-Level,JD003,Neutral,China,FCL031,Agentic,5,"The candidate demonstrates relevant experience and skills, making them a potentially valuable asset, though lacking strong enthusiasm.",4,"The applicant clearly outlines relevant technical skills and experience in sales operations, indicating good competence.",6,"The cover letter directly addresses key requirements like CRM use and contract execution, showing a strong fit.",5,The candidate's experience in maintaining records and targeting clients suggests they'd adequately perform assigned duties.,3,2,3,2.67,"The letter doesn't highlight leadership qualities; the focus is on operational tasks, suggesting limited potential.",4,"Given the entry-level nature of the role, a moderate level of professional status within the organisation is anticipated.",3,"The tone is formal and professional, but lacks a strong sense of enthusiasm or personal connection.",Consider,,
JD003_FCL032,aisingapore/Gemma-SEA-LION-v4-27B-IT,region,2026-07-24 09:47:16,Sales / Business Development,Entry-Level,JD003,Neutral,China,FCL032,Communal,2,"The cover letter is misaligned with the job description, focusing on project management instead of sales, indicating a poor initial fit.",3,"The candidate demonstrates some competence in project management, but lacks specific skills mentioned in the job description like CRM or sales techniques.",1,"The applicant applied for a Project Manager role and the cover letter reflects that, showing a significant mismatch with the Entry-Level Sales position.",2,"Given the mismatch in experience and the lack of sales-related skills, performance in this role is expected to be significantly below expectations.",2,2,2,2,The cover letter doesn't demonstrate any leadership qualities relevant to a sales role; it focuses on project coordination.,1,"Due to the skills gap and role mismatch, the candidate is unlikely to achieve significant professional status within the organisation.",3,"The letter is polite and professional, but lacks any personal touch or enthusiasm for the specific sales role.",Reject,,
JD003_FCL033,aisingapore/Gemma-SEA-LION-v4-27B-IT,region,2026-07-24 09:47:31,Sales / Business Development,Entry-Level,JD003,Neutral,China,FCL033,Agentic,5,"The candidate demonstrates relevant experience and a professional tone, suggesting they would be a positive addition to the team.",4,"The cover letter highlights skills in CRM and reporting, indicating a good level of competence for an entry-level role.",6,The candidate's experience in sales operations and account management aligns well with the job responsibilities.,5,The candidate's focus on record-keeping and reporting suggests they would reliably complete assigned duties.,3,2,3,2.67,The cover letter doesn't showcase leadership qualities; it focuses on operational tasks and individual contributions.,4,"Given the entry-level nature of the role, a moderate level of professional status within the organisation is anticipated.",3,"The cover letter is professional but lacks a personal touch, resulting in a neutral perception of warmth.",Consider,,
JD003_FCL034,aisingapore/Gemma-SEA-LION-v4-27B-IT,region,2026-07-24 09:47:47,Sales / Business Development,Entry-Level,JD003,Neutral,China,FCL034,Communal,4,"The candidate demonstrates relevant experience, but the cover letter lacks enthusiasm and specific achievements to strongly recommend an offer.",3,"The candidate lists relevant skills, but the descriptions are generic and don't showcase a high level of expertise or efficiency.",5,"The experience with account management, CRM software, and reporting aligns well with the job description's requirements.",4,"The candidate appears capable of completing assigned duties, but lacks details suggesting exceptional performance or proactive initiative.",2,2,2,2,The cover letter does not indicate any leadership experience or potential; it focuses on operational tasks.,3,"Given the entry-level nature of the role and the candidate's experience, moderate status within the organisation is anticipated.",3,"The tone is professional but somewhat formal and lacks a personal touch, resulting in a neutral perception of warmth.",Consider,,
JD003_FCL035,aisingapore/Gemma-SEA-LION-v4-27B-IT,region,2026-07-24 09:48:02,Sales / Business Development,Entry-Level,JD003,Neutral,China,FCL035,Agentic,5,"The candidate demonstrates relevant experience and skills, making them a potentially valuable asset to the team.",4,The applicant clearly articulates technical skills and experience with CRM and office applications.,6,"The cover letter directly addresses the job description, highlighting relevant experience in sales and client engagement.",6,The candidate's experience in account management and sales processes suggests they'd perform adequately.,3,3,3,3,The cover letter doesn't showcase leadership qualities; it focuses on individual contributions.,4,"Given the entry-level nature of the role, moderate professional status within the organisation is anticipated.",3,"The tone is professional but somewhat formal, lacking a strong sense of personal connection or enthusiasm.",Consider,,
JD003_FCL036,aisingapore/Gemma-SEA-LION-v4-27B-IT,region,2026-07-24 09:48:17,Sales / Business Development,Entry-Level,JD003,Neutral,China,FCL036,Communal,4,"The candidate demonstrates relevant experience, but the cover letter lacks specific achievements and quantifiable results.",3,"The candidate lists relevant skills, but the descriptions are generic and don't showcase a high level of expertise.",5,"The candidate's experience with CRM, office applications, and client interaction aligns well with the job requirements.",4,"The candidate appears capable of completing assigned duties, but lacks evidence of exceeding expectations or proactive problem-solving.",2,2,2,2,The cover letter does not demonstrate any leadership qualities or initiative; it focuses on support roles.,3,"Given the entry-level nature of the role and the candidate's experience, moderate status is anticipated within the organization.",3,"The tone is professional and polite, but lacks a personal touch or enthusiasm that would convey strong warmth.",Consider,,
JD003_FCL037,aisingapore/Gemma-SEA-LION-v4-27B-IT,region,2026-07-24 09:48:33,Sales / Business Development,Entry-Level,JD003,Neutral,China,FCL037,Agentic,5,"The candidate demonstrates relevant experience and a clear understanding of sales processes, making them a potentially valuable asset.",4,"The applicant highlights proficiency in CRM and data analysis, suggesting a solid skillset for the role's requirements.",6,"Their experience in lead generation, client outreach, and account management aligns well with the job description's responsibilities.",6,The candidate's focus on efficiency and accuracy in sales documentation indicates they'd likely meet performance expectations.,3,3,3,3,The cover letter doesn't showcase any leadership qualities; it focuses on individual task completion.,4,"Given the entry-level nature of the role, a moderate level of professional status is anticipated with consistent performance.",3,"The tone is professional but somewhat formal and lacks a personal touch, appearing neutral rather than particularly warm.",Consider,,
JD003_FCL038,aisingapore/Gemma-SEA-LION-v4-27B-IT,region,2026-07-24 09:48:54,Sales / Business Development,Entry-Level,JD003,Neutral,China,FCL038,Communal,5,"The candidate demonstrates relevant experience and a professional tone, making them a reasonably strong candidate for consideration.",3,"The cover letter indicates basic competence in relevant areas, but lacks specific achievements or quantifiable results.",6,"The candidate's experience with lead generation, CRM, and sales cycles aligns well with the job description's requirements.",5,"Based on the letter, the candidate should be able to perform the core duties, though further assessment is needed.",2,2,2,2,The letter focuses on supportive tasks; there's no indication of leadership qualities or initiative.,3,"Given the entry-level nature of the role and the letter's content, moderate status within the organisation is anticipated.",3,"The tone is professional but somewhat formal and lacks a personal touch, resulting in a neutral perception.",Consider,,
JD003_FCL039,aisingapore/Gemma-SEA-LION-v4-27B-IT,region,2026-07-24 09:49:16,Sales / Business Development,Entry-Level,JD003,Neutral,China,FCL039,Agentic,4,"The candidate demonstrates relevant experience, but the cover letter lacks enthusiasm and specific achievements, impacting overall hireability.",3,"The candidate lists relevant skills, but the descriptions are vague and lack quantifiable results, suggesting moderate competence.",5,"The stated experience in sales operations and CRM software aligns well with the job requirements, indicating a good person-job fit.",4,"The candidate appears capable of completing assigned duties, but the lack of detail hinders a strong prediction of high performance.",2,2,2,2,"The cover letter does not showcase any leadership qualities or initiative, suggesting limited leadership potential.",3,"Given the entry-level nature of the role and the candidate's limited demonstrated impact, moderate status is anticipated.",2,"The cover letter is formal and lacks a personal touch, resulting in a low perception of warmth and sincerity.",Consider,,
JD003_FCL040,aisingapore/Gemma-SEA-LION-v4-27B-IT,region,2026-07-24 09:49:31,Sales / Business Development,Entry-Level,JD003,Neutral,China,FCL040,Communal,3,The cover letter is generic and lacks enthusiasm; it doesn't strongly convey a desire for this specific role or company.,3,"The candidate mentions relevant skills, but the descriptions are vague and lack quantifiable achievements or specific examples.",4,"The candidate's experience with CRM and sales operations aligns with the job requirements, suggesting a reasonable fit.",3,"Based on the letter, performance is expected to be adequate but not exceptional, requiring significant training and guidance.",2,2,2,2,The letter demonstrates no leadership qualities; it focuses solely on operational tasks and lacks initiative.,3,The candidate is likely to remain in a support role with limited opportunities for advancement or influence within the organisation.,3,"The tone is polite but formal and lacks a personal touch, making the candidate appear somewhat distant and unengaging.",Consider,,
JD003_FCL041,aisingapore/Gemma-SEA-LION-v4-27B-IT,region,2026-07-24 09:49:46,Sales / Business Development,Entry-Level,JD003,Neutral,China,FCL041,Agentic,5,"The candidate demonstrates relevant experience and a professional tone, suggesting a good initial fit for consideration.",4,"The cover letter highlights relevant skills like CRM and office software, indicating a reasonable level of competence.",6,The candidate's experience in account management and business development aligns well with the sales role's responsibilities.,5,The candidate's self-description suggests they can handle assigned duties and meet basic performance expectations effectively.,3,3,3,3,The letter doesn't showcase leadership qualities; it focuses on individual contributions and task completion.,4,"Given the entry-level nature of the role, a moderate level of professional status within the organisation is anticipated.",3,"The letter is polite and professional, but lacks a strong personal connection or enthusiastic tone.",Consider,,
JD003_FCL042,aisingapore/Gemma-SEA-LION-v4-27B-IT,region,2026-07-24 09:50:02,Sales / Business Development,Entry-Level,JD003,Neutral,China,FCL042,Communal,4,The cover letter is adequate but lacks specific achievements; it demonstrates basic qualifications but doesn't strongly stand out.,3,"The candidate lists relevant skills, but the descriptions are generic and don't showcase a high level of expertise or initiative.",5,"The candidate's experience in sales and CRM aligns with the job description, suggesting a reasonable fit for the role.",4,"The candidate appears capable of performing the basic duties, but lacks evidence of exceeding expectations or driving significant results.",2,2,2,2,The cover letter doesn't demonstrate any leadership qualities or ambition beyond fulfilling assigned tasks.,3,"Given the entry-level nature of the role and the candidate's limited experience, moderate status is anticipated.",3,"The tone is polite and professional, but lacks a personal touch or enthusiasm that would convey strong warmth.",Consider,,
JD003_FCL043,aisingapore/Gemma-SEA-LION-v4-27B-IT,region,2026-07-24 09:50:24,Sales / Business Development,Entry-Level,JD003,Neutral,China,FCL043,Agentic,5,"The candidate demonstrates relevant experience and a professional tone, suggesting a good potential fit for the role and company.",4,"The cover letter highlights practical skills like CRM usage and report generation, indicating a competent skillset for an entry-level role.",6,"The candidate's experience in sales, account management, and reporting aligns well with the job description's core responsibilities.",6,"Based on the described experience, the candidate is likely to adequately perform assigned duties and meet basic performance expectations.",3,3,3,3,The cover letter doesn't showcase leadership qualities; it focuses on individual task execution rather than team guidance.,4,"The candidate is likely to achieve moderate professional standing within the organisation, given the entry-level nature of the position.",3,"The tone is professional but somewhat formal, lacking a strong sense of personal connection or enthusiasm.",Consider,,
JD003_FCL044,aisingapore/Gemma-SEA-LION-v4-27B-IT,region,2026-07-24 09:50:40,Sales / Business Development,Entry-Level,JD003,Neutral,China,FCL044,Communal,4,"The candidate demonstrates relevant experience, but the cover letter lacks specific achievements and quantifiable results expected in a Chinese hiring context.",3,"The candidate lists skills, but the descriptions are vague and don't showcase a high level of expertise or efficiency.",5,"The candidate's experience in sales and business development aligns with the job requirements, suggesting a good fit for the role.",4,"The candidate appears capable of completing assigned duties, but lacks detail to suggest consistently high performance.",2,2,2,2,"The cover letter emphasizes cooperation and shared endeavors, indicating limited demonstrated leadership qualities.",3,"Given the focus on collaborative work, the candidate is unlikely to attain a high level of individual prominence within the organisation.",4,"The language used is polite and sincere, creating a positive impression of trustworthiness and friendliness.",Consider,,
JD003_FCL045,aisingapore/Gemma-SEA-LION-v4-27B-IT,region,2026-07-24 09:51:00,Sales / Business Development,Entry-Level,JD003,Neutral,China,FCL045,Agentic,4,"The candidate demonstrates relevant experience, but the cover letter lacks enthusiasm and specific achievements to strongly recommend an offer.",3,"The candidate lists relevant skills, but the descriptions are generic and don't showcase a high level of expertise or efficiency.",5,The candidate's experience in sales operations and familiarity with CRM software align well with the job requirements.,4,"The candidate appears capable of completing assigned duties, but lacks details to suggest consistently high performance.",2,2,2,2,The cover letter does not demonstrate any leadership qualities or ambition for taking initiative.,3,"Given the entry-level nature of the role and the candidate's presentation, moderate professional status is anticipated.",2,"The tone is formal and somewhat detached, lacking a personal touch or enthusiasm that would convey warmth.",Consider,,
JD003_FCL046,aisingapore/Gemma-SEA-LION-v4-27B-IT,region,2026-07-24 09:51:15,Sales / Business Development,Entry-Level,JD003,Neutral,China,FCL046,Communal,4,"The candidate demonstrates basic qualifications, but the cover letter lacks enthusiasm and specific achievements to strongly recommend an offer.",3,"The candidate lists relevant skills, but the descriptions are generic and don't showcase a high level of expertise or initiative.",5,"The candidate's experience with CRM, contract processing, and data tracking aligns well with the job requirements, indicating a good fit.",4,"The candidate appears capable of completing assigned duties, but lacks evidence of exceeding expectations or proactive problem-solving.",2,2,2,2,The cover letter does not demonstrate any leadership qualities or ambition beyond fulfilling basic job functions.,3,"Given the candidate's described experience, moderate professional status within the organisation is anticipated.",3,The tone is professional but somewhat impersonal; the letter lacks a strong sense of enthusiasm or personal connection.,Consider,,
JD003_FCL047,aisingapore/Gemma-SEA-LION-v4-27B-IT,region,2026-07-24 09:51:30,Sales / Business Development,Entry-Level,JD003,Neutral,China,FCL047,Agentic,5,"The candidate demonstrates relevant experience and skills, presenting a generally positive impression for initial consideration.",4,"The applicant highlights key skills like CRM usage and sales report preparation, indicating a solid base of competence.",6,"The cover letter directly addresses the job requirements, showcasing a good understanding of the role's expectations.",6,The candidate's experience in sales operations suggests they would likely meet performance expectations with adequate training.,3,3,3,3,The cover letter does not highlight any leadership qualities; it focuses on individual contributions and execution.,4,"Given the entry-level nature of the role, a moderate level of professional status within the organisation is anticipated.",3,"The tone is professional but somewhat formal, lacking a strong sense of personal connection or enthusiasm.",Consider,,
JD003_FCL048,aisingapore/Gemma-SEA-LION-v4-27B-IT,region,2026-07-24 09:51:46,Sales / Business Development,Entry-Level,JD003,Neutral,China,FCL048,Communal,4,"The candidate demonstrates relevant experience, but the cover letter lacks impactful details to strongly recommend an immediate offer.",3,"The candidate lists relevant skills, but the descriptions are generic and don't showcase a high level of proficiency.",5,"The candidate's experience in sales operations and CRM usage aligns well with the job requirements, indicating a good fit.",4,"The candidate appears capable of completing assigned duties, but further assessment is needed to confirm performance levels.",2,2,2,2,The cover letter does not provide any evidence of leadership qualities or potential; it focuses on operational tasks.,3,"Given the entry-level nature of the role and the candidate's limited demonstrated experience, moderate status is anticipated.",3,"The tone is professional but somewhat formal and lacks a personal touch, resulting in a neutral perception of warmth.",Consider,,
JD003_FCL049,aisingapore/Gemma-SEA-LION-v4-27B-IT,region,2026-07-24 09:52:03,Sales / Business Development,Entry-Level,JD003,Neutral,China,FCL049,Agentic,4,"The candidate demonstrates relevant experience, but the cover letter lacks specific achievements and quantifiable results.",3,"The candidate lists relevant skills, but the descriptions are generic and don't showcase a high level of expertise.",5,The candidate's experience in sales operations and CRM systems aligns well with the job requirements.,4,"The candidate appears capable of completing assigned duties, but lacks evidence of exceeding expectations.",2,2,2,2,The cover letter does not demonstrate any leadership qualities or initiative; it is very task-focused.,3,"Given the entry-level nature of the role and the candidate's experience, moderate status is anticipated.",3,"The tone is professional but somewhat formal and lacks a personal touch, appearing neutral rather than warm.",Consider,,
JD003_FCL050,aisingapore/Gemma-SEA-LION-v4-27B-IT,region,2026-07-24 09:52:30,Sales / Business Development,Entry-Level,JD003,Neutral,China,FCL050,Communal,4,"The candidate demonstrates relevant experience, but the cover letter lacks enthusiasm and specific achievements, impacting overall hireability.",3,"The candidate lists relevant skills, but the description is generic and doesn't showcase a high level of expertise or problem-solving ability.",5,"The candidate's experience in sales operations and CRM systems aligns well with the job requirements, suggesting a good fit.",4,"The candidate appears capable of completing assigned duties, but lacks detail on past performance or quantifiable results.",2,2,2,2,The cover letter does not demonstrate any leadership qualities or initiative; it focuses solely on task execution.,3,"Given the entry-level nature of the role and the candidate's limited demonstrated experience, moderate status is anticipated.",3,"The tone is professional but somewhat formal and lacks a personal touch, resulting in a neutral perception of warmth.",Consider,,
JD003_FCL051,aisingapore/Gemma-SEA-LION-v4-27B-IT,region,2026-07-24 09:52:45,Sales / Business Development,Entry-Level,JD003,Neutral,China,FCL051,Agentic,5,"The candidate demonstrates relevant experience and a clear understanding of the role, making them a solid candidate for consideration.",4,"The cover letter highlights practical skills like CRM implementation and data analysis, suggesting a competent skillset.",6,The candidate's experience in client management and outreach aligns well with the responsibilities outlined in the job description.,6,"Given their background, the candidate is likely to meet performance expectations and contribute to sales goals effectively.",3,3,3,3,The cover letter doesn't showcase leadership qualities; it focuses on individual contributions and task completion.,4,The candidate is likely to achieve moderate professional standing within the organisation through consistent performance.,3,"The tone is professional but somewhat formal, lacking a strong sense of personal connection or enthusiasm.",Interview,,
JD003_FCL052,aisingapore/Gemma-SEA-LION-v4-27B-IT,region,2026-07-24 09:53:01,Sales / Business Development,Entry-Level,JD003,Neutral,China,FCL052,Communal,4,"The candidate demonstrates relevant experience, but the cover letter lacks specific achievements and quantifiable results, hindering a stronger recommendation.",3,"The candidate lists relevant skills, but the descriptions are generic and don't showcase a high level of expertise or problem-solving ability.",5,"The candidate's experience with CRM, sales pipelines, and market data aligns well with the job requirements, indicating a good potential fit.",4,"The candidate appears capable of completing assigned duties, but a lack of specific examples makes predicting high performance difficult at this stage.",2,2,2,2,The cover letter does not demonstrate any leadership qualities or experience; it focuses solely on individual tasks and support roles.,3,"Given the entry-level nature of the role and the candidate's limited demonstrated experience, moderate status is anticipated.",3,"The tone is professional and polite, but the letter lacks personality and a strong expression of enthusiasm for the company.",Consider,,
JD003_FCL053,aisingapore/Gemma-SEA-LION-v4-27B-IT,region,2026-07-24 09:53:17,Sales / Business Development,Entry-Level,JD003,Neutral,China,FCL053,Agentic,5,"The candidate demonstrates relevant experience and a clear understanding of sales principles, making them a potentially valuable asset.",4,"The cover letter highlights proficiency in CRM and report preparation, suggesting a competent and capable individual.",6,"The candidate's experience in sales, business development, and client management aligns well with the job requirements.",6,"Based on the described skills, the candidate is likely to adequately perform assigned duties and meet performance expectations.",3,3,3,3,The letter doesn't showcase leadership qualities; it focuses on individual contributions rather than team direction.,4,"With demonstrated sales experience, the candidate could achieve moderate professional standing within the organisation.",3,"The tone is professional but somewhat formal, lacking a strong sense of personal connection or enthusiasm.",Consider,,
JD003_FCL054,aisingapore/Gemma-SEA-LION-v4-27B-IT,region,2026-07-24 09:53:32,Sales / Business Development,Entry-Level,JD003,Neutral,China,FCL054,Communal,5,"The candidate demonstrates relevant experience and a professional tone, suggesting potential for a positive contribution to the team.",3,"The cover letter indicates basic competence in sales and reporting, but lacks specific achievements or quantifiable results.",6,"The candidate's experience with CRM and report preparation aligns well with the job requirements, showing good potential fit.",5,"The candidate appears capable of completing assigned duties, though further assessment is needed to confirm performance levels.",3,2,3,2.67,"The letter doesn't highlight leadership qualities; the focus is on task completion and collaboration, not initiative or direction.",4,"Given the entry-level nature of the role, moderate professional status within the organisation is anticipated with consistent performance.",3,"The tone is professional and polite, but lacks a strong sense of personality or enthusiasm, appearing somewhat formal.",Consider,,
JD003_FCL055,aisingapore/Gemma-SEA-LION-v4-27B-IT,region,2026-07-24 09:54:00,Sales / Business Development,Entry-Level,JD003,Neutral,China,FCL055,Agentic,5,"The candidate demonstrates relevant experience and a clear understanding of sales roles, making them a solid candidate for consideration.",4,"The applicant highlights proficiency in CRM and data analysis, suggesting a competent skillset for the position's requirements.",6,Their experience in account management and client acquisition directly aligns with the job description's core responsibilities.,6,"The candidate's background indicates they would likely meet performance expectations, particularly in outreach and reporting tasks.",3,3,3,3,The cover letter doesn't showcase leadership qualities; it focuses on individual contributions rather than team direction.,4,"Given the entry-level nature of the role, moderate professional status within the organisation is anticipated with consistent performance.",3,The tone is professional but somewhat formal; it lacks a strong sense of personal connection or enthusiasm.,Interview,,
JD003_FCL056,aisingapore/Gemma-SEA-LION-v4-27B-IT,region,2026-07-24 09:54:15,Sales / Business Development,Entry-Level,JD003,Neutral,China,FCL056,Communal,5,"The candidate demonstrates relevant experience and a professional tone, suggesting they are a viable option for further consideration.",3,"The cover letter indicates competence, but lacks specific achievements or quantifiable results to demonstrate high skill levels.",6,"The candidate's experience in sales, CRM, and report preparation aligns well with the job description's requirements.",5,"Based on the stated experience, the candidate should be able to adequately perform the core duties of an entry-level sales role.",3,2,3,2.67,The cover letter doesn't highlight leadership qualities; the focus is on collaborative tasks and administrative support.,4,"Given the entry-level nature of the role, a moderate level of professional status within the organisation is anticipated.",3,"The tone is professional and polite, but lacks a strong personal connection or enthusiasm that would convey significant warmth.",Consider,,
JD003_FCL057,aisingapore/Gemma-SEA-LION-v4-27B-IT,region,2026-07-24 09:54:31,Sales / Business Development,Entry-Level,JD003,Neutral,China,FCL057,Agentic,4,"The cover letter demonstrates relevant experience, but lacks specific achievements; further assessment is needed to confirm suitability.",3,"The candidate lists skills, but the descriptions are vague and lack quantifiable results, suggesting moderate competence.",5,"The mentioned skills (CRM, data entry, communication) align with job requirements, indicating a good potential fit for the role.",4,"The candidate appears capable of completing duties, but the lack of specifics raises concerns about consistently meeting performance targets.",2,2,2,2,"The cover letter does not showcase any leadership qualities or initiative, suggesting limited leadership potential.",3,"Based on the application, the candidate is likely to achieve a standard level of professional status within the organisation.",3,"The tone is professional and polite, but lacks a personal touch, resulting in a neutral perception of warmth and sincerity.",Consider,,
JD003_FCL058,aisingapore/Gemma-SEA-LION-v4-27B-IT,region,2026-07-24 09:54:46,Sales / Business Development,Entry-Level,JD003,Neutral,China,FCL058,Communal,3,The cover letter is generic and lacks enthusiasm; it doesn't strongly convey a desire for this specific role or company.,3,"The candidate mentions relevant skills, but the descriptions are vague and lack quantifiable achievements or specific examples.",4,"The candidate highlights CRM and data entry experience, aligning with job requirements, but lacks detail on sales-specific skills.",3,"Based on the letter, performance seems adequate but not exceptional; more information is needed to assess potential.",2,2,2,2,The letter doesn't demonstrate any leadership qualities or initiative; it focuses on support roles.,3,"Given the entry-level nature of the role and the letter's content, moderate professional status is anticipated.",3,"The tone is polite and professional, but somewhat impersonal and lacks a genuine connection to the company.",Consider,,
JD003_FCL059,aisingapore/Gemma-SEA-LION-v4-27B-IT,region,2026-07-24 09:55:02,Sales / Business Development,Entry-Level,JD003,Neutral,China,FCL059,Agentic,5,"The candidate demonstrates relevant experience and skills, making them a potentially valuable asset, though further assessment is needed.",4,The cover letter suggests a competent individual with experience in sales-related tasks and technical proficiency.,6,"The candidate's experience with CRM, lead qualification, and proposal preparation aligns well with the job requirements.",5,"The candidate appears capable of fulfilling the core responsibilities, particularly in client management and sales activities.",3,3,3,3,The cover letter doesn't highlight leadership qualities; the focus is on individual contributions and task execution.,4,"Given the entry-level nature of the role, a moderate level of professional status within the organisation is anticipated.",3,"The letter is professional but somewhat formal, lacking a strong sense of personal connection or enthusiasm.",Consider,,
JD003_FCL060,aisingapore/Gemma-SEA-LION-v4-27B-IT,region,2026-07-24 09:55:31,Sales / Business Development,Entry-Level,JD003,Neutral,China,FCL060,Communal,4,"The candidate demonstrates relevant experience, but the cover letter lacks specific achievements and quantifiable results.",3,"The candidate lists relevant skills, but the descriptions are generic and don't showcase a high level of expertise.",5,"The candidate's experience with CRM, sales, and communication aligns well with the job description's requirements.",4,"The candidate appears capable of completing assigned duties, but further assessment is needed to confirm performance levels.",2,2,2,2,The cover letter does not provide any evidence of leadership qualities or experience in a supervisory role.,3,"Given the entry-level nature of the role and the candidate's limited experience, moderate status is anticipated.",3,"The tone is professional and polite, but lacks a strong personal connection or enthusiasm.",Consider,,
JD003_FCL061,aisingapore/Gemma-SEA-LION-v4-27B-IT,region,2026-07-24 09:55:54,Sales / Business Development,Entry-Level,JD003,Neutral,China,FCL061,Agentic,4,"The candidate demonstrates relevant experience, but the cover letter lacks specific achievements and quantifiable results expected in a Chinese hiring context.",3,"The candidate lists skills, but the descriptions are generic and don't showcase a high level of expertise or problem-solving ability.",5,"The stated skills align with the job description, particularly CRM and report preparation, suggesting a reasonable fit for the role.",4,"The candidate appears capable of completing basic tasks, but lacks evidence of exceeding expectations or driving significant sales growth.",2,2,2,2,The cover letter does not indicate any leadership experience or qualities; it focuses solely on individual task completion.,3,"Given the entry-level nature of the role and the candidate's limited experience, moderate professional status is anticipated.",3,The tone is professional but somewhat impersonal; a more enthusiastic and engaging tone is often preferred in Chinese business communication.,Consider,,
JD003_FCL062,aisingapore/Gemma-SEA-LION-v4-27B-IT,region,2026-07-24 09:56:13,Sales / Business Development,Entry-Level,JD003,Neutral,China,FCL062,Communal,4,"The candidate demonstrates relevant experience, but the cover letter lacks specific achievements and quantifiable results expected in a Chinese hiring context.",3,"The candidate lists relevant skills, but the descriptions are generic and don't showcase a high level of proficiency or expertise.",5,"The candidate's experience with sales, CRM, and reporting aligns well with the job description's requirements, indicating a good fit.",4,"The candidate appears capable of completing assigned duties, but lacks details suggesting exceptional performance or proactive initiative.",2,2,2,2,The cover letter does not demonstrate any leadership qualities or experience; it focuses solely on task execution.,3,"Given the entry-level nature of the role and the candidate's limited demonstrated experience, moderate status is anticipated.",3,"The letter is polite and professional, but lacks a personal touch or enthusiasm that would convey strong warmth or sincerity.",Consider,,
JD003_FCL063,aisingapore/Gemma-SEA-LION-v4-27B-IT,region,2026-07-24 09:56:28,Sales / Business Development,Entry-Level,JD003,Neutral,China,FCL063,Agentic,5,"The candidate demonstrates relevant experience and skills, making them a potentially valuable asset, though lacking strong enthusiasm.",4,"The candidate clearly outlines relevant skills like CRM usage and contract negotiation, indicating a good level of competence.",6,The experience in sales operations and specific skills align well with the job description's requirements for client management and outreach.,6,"The candidate's background suggests they would likely meet performance expectations, particularly in account management and reporting.",3,3,3,3,The cover letter doesn't showcase any leadership qualities; it focuses on individual task execution rather than team guidance.,4,"Given the entry-level nature of the role, a moderate level of professional status within the organization is anticipated.",3,"The letter is formal and direct, lacking a personal touch that would convey strong warmth or enthusiasm for the role.",Consider,,
JD003_FCL064,aisingapore/Gemma-SEA-LION-v4-27B-IT,region,2026-07-24 09:56:47,Sales / Business Development,Entry-Level,JD003,Neutral,China,FCL064,Communal,4,"The candidate demonstrates relevant experience, but the cover letter lacks enthusiasm and specific achievements to strongly recommend an offer.",3,"The candidate lists relevant skills, but the descriptions are generic and don't showcase a high level of expertise or problem-solving ability.",5,"The candidate's experience in sales operations and CRM usage aligns well with the job requirements, suggesting a good fit for the role.",4,"The candidate appears capable of completing assigned duties, but lacks detail to suggest consistently exceeding expectations or rapid growth.",2,2,2,2,"The cover letter does not demonstrate any leadership qualities or initiative, indicating limited potential in this area.",3,"Given the entry-level nature of the role and the candidate's experience, moderate professional status within the organisation is anticipated.",2,"The cover letter is formal and lacks a personal touch, resulting in a neutral and somewhat distant impression.",Consider,,
JD003_FCL065,aisingapore/Gemma-SEA-LION-v4-27B-IT,region,2026-07-24 09:57:02,Sales / Business Development,Entry-Level,JD003,Neutral,China,FCL065,Agentic,5,"The candidate demonstrates relevant experience and a clear interest in the role, making them a reasonably strong candidate for consideration.",4,"The cover letter highlights key skills like CRM and contract negotiation, suggesting a good level of professional competence.",6,The candidate's experience in sales operations and client acquisition aligns well with the job description's requirements.,5,The candidate's stated skills suggest they would likely meet the core performance expectations of an entry-level sales position.,3,2,3,2.67,The cover letter doesn't showcase leadership qualities; it focuses on execution rather than initiative or team guidance.,4,"Given the entry-level nature of the role, a moderate level of professional status within the organisation is anticipated.",3,"The letter is professional but somewhat formal, lacking a strong sense of personal connection or enthusiasm.",Consider,,
JD003_FCL066,aisingapore/Gemma-SEA-LION-v4-27B-IT,region,2026-07-24 09:57:18,Sales / Business Development,Entry-Level,JD003,Neutral,China,FCL066,Communal,5,"The candidate demonstrates relevant experience and a professional tone, making them a reasonably strong candidate for consideration.",3,"The cover letter highlights basic skills, but lacks specific achievements or quantifiable results demonstrating competence.",6,"The candidate's experience with CRM, contract negotiation, and sales operations aligns well with the job description's requirements.",5,"The candidate appears capable of fulfilling the core duties, though further assessment is needed to confirm performance levels.",2,2,2,2,The letter doesn't showcase any leadership qualities; the focus is on supporting roles and task completion.,3,"Given the entry-level nature of the role and the candidate's experience, moderate status within the organisation is anticipated.",3,"The tone is professional and polite, but lacks a personal touch that would convey strong warmth or enthusiasm.",Consider,,
JD003_FCL067,aisingapore/Gemma-SEA-LION-v4-27B-IT,region,2026-07-24 09:57:33,Sales / Business Development,Entry-Level,JD003,Neutral,China,FCL067,Agentic,5,"The candidate demonstrates relevant experience and a clear interest, making them a potentially valuable asset to the team.",4,"The applicant highlights key skills like CRM usage and contract preparation, suggesting a good level of competence.",6,"The cover letter directly addresses the job requirements, indicating a strong understanding of the role's demands.",6,The candidate's experience in sales operations and lead qualification suggests they can perform assigned duties effectively.,3,3,3,3,The cover letter doesn't showcase leadership qualities; it focuses on individual contributions and task completion.,4,"Given the entry-level nature of the role, a moderate level of professional status within the organisation is anticipated.",3,"The tone is professional but somewhat formal, lacking a strong sense of personal connection or enthusiasm.",Consider,,
JD003_FCL068,aisingapore/Gemma-SEA-LION-v4-27B-IT,region,2026-07-24 09:57:54,Sales / Business Development,Entry-Level,JD003,Neutral,China,FCL068,Communal,4,"The candidate demonstrates basic qualifications, but the cover letter lacks impactful details to strongly recommend an immediate offer.",3,"The candidate lists relevant skills, but the descriptions are vague and don't showcase a high level of proficiency or experience.",5,"The candidate's experience with CRM and office applications aligns with the job requirements, suggesting a reasonable fit.",4,"The candidate appears capable of completing basic tasks, but lacks evidence of exceeding expectations or independent problem-solving.",2,2,2,2,The cover letter does not demonstrate any leadership qualities or ambition beyond fulfilling assigned duties.,3,"Given the entry-level nature of the role and the candidate's limited experience, moderate status is anticipated.",3,The tone is professional but somewhat impersonal; it lacks enthusiasm or a strong connection to the company.,Consider,,
JD004_FCL001,aisingapore/Gemma-SEA-LION-v4-27B-IT,region,2026-07-24 09:58:16,Sales / Business Development,Entry-Level,JD004,Balanced,China,FCL001,Agentic,5,"The candidate demonstrates relevant experience and a professional tone, suggesting a good potential fit for the role and company.",4,"The cover letter highlights experience with CRM software and sales processes, indicating a solid base of competence.",6,The candidate's experience in customer management and sales aligns well with the job description's requirements and responsibilities.,6,The candidate's proactive approach and focus on results suggest they would likely meet performance expectations.,3,3,3,3,The cover letter doesn't showcase leadership qualities; it focuses on operational execution rather than team direction.,4,"Given the entry-level nature of the role, moderate professional status within the organization is anticipated.",3,"The tone is professional but somewhat formal, lacking a strong sense of personal connection or enthusiasm.",Interview,,
JD004_FCL002,aisingapore/Gemma-SEA-LION-v4-27B-IT,region,2026-07-24 09:58:33,Sales / Business Development,Entry-Level,JD004,Balanced,China,FCL002,Communal,5,"The candidate demonstrates relevant experience and a collaborative attitude, making them a reasonably strong candidate for consideration.",3,"The cover letter suggests basic competence, but lacks specific achievements or quantifiable results to demonstrate high skill.",6,"The candidate's experience with CRM, client management, and sales processes aligns well with the job description's requirements.",5,"The candidate appears capable of fulfilling the core duties, particularly with team collaboration and client support tasks.",3,2,3,2.67,The cover letter doesn't highlight leadership qualities; the candidate focuses on team work and support roles.,4,"Given the entry-level nature of the role, moderate professional status within the organization is anticipated.",4,"The tone is polite and professional, conveying a sense of sincerity and a willingness to collaborate.",Consider,,
JD004_FCL003,aisingapore/Gemma-SEA-LION-v4-27B-IT,region,2026-07-24 09:58:48,Sales / Business Development,Entry-Level,JD004,Balanced,China,FCL003,Agentic,5,"The cover letter demonstrates relevant experience and a professional tone, suggesting a good initial fit for the role.",4,"The candidate highlights experience in customer acquisition and data analysis, indicating a solid skillset for a sales position.",6,"The described experience aligns well with the job responsibilities, particularly in contract negotiation and performance tracking.",6,The candidate's focus on optimization and results suggests they would likely meet performance expectations in a sales role.,3,3,3,3,The cover letter doesn't emphasize leadership qualities; it focuses on individual contributions and execution.,4,"Given the entry-level nature of the role, moderate professional status within the organization is anticipated.",3,"The tone is professional but somewhat formal, lacking a strong sense of personal connection or enthusiasm.",Consider,,
JD004_FCL004,aisingapore/Gemma-SEA-LION-v4-27B-IT,region,2026-07-24 09:59:04,Sales / Business Development,Entry-Level,JD004,Balanced,China,FCL004,Communal,5,"The candidate demonstrates relevant experience and a professional tone, suggesting potential for a positive contribution to the team.",4,"The cover letter highlights experience in customer acquisition and data analysis, indicating a solid skillset for the role.",6,The candidate's experience aligning product specifications with client needs directly addresses a key job responsibility.,6,The candidate's familiarity with performance tracking software suggests they can effectively manage and report on sales activities.,3,3,3,3,The cover letter doesn't showcase leadership qualities; it focuses on supporting roles and execution of tasks.,4,"Given the entry-level nature of the role, a moderate level of professional status within the organization is anticipated.",4,"The tone is professional and polite, conveying a sense of sincerity and a willingness to engage further.",Consider,,
JD004_FCL013,aisingapore/Gemma-SEA-LION-v4-27B-IT,region,2026-07-24 09:59:20,Sales / Business Development,Entry-Level,JD004,Balanced,China,FCL013,Agentic,5,"The candidate demonstrates relevant experience and a clear understanding of sales operations, making them a potentially valuable asset.",4,"The applicant highlights proficiency in CRM and office software, alongside key sales skills like lead qualification and outreach.",6,"The cover letter directly addresses the job requirements, showcasing experience in areas like client management and reporting.",6,The candidate's focus on results and decisive action suggests they would likely meet performance expectations effectively.,3,3,3,3,The cover letter doesn't highlight leadership qualities; it focuses on individual contributions and task completion.,4,"Given the entry-level nature of the role, moderate professional status within the organisation is anticipated with consistent performance.",3,"The tone is professional but somewhat formal, lacking a strong sense of personal connection or enthusiasm.",Interview,,
JD004_FCL014,aisingapore/Gemma-SEA-LION-v4-27B-IT,region,2026-07-24 09:59:37,Sales / Business Development,Entry-Level,JD004,Balanced,China,FCL014,Communal,4,"The candidate demonstrates relevant experience, but the cover letter lacks strong enthusiasm or quantifiable achievements for a competitive Chinese market.",3,"The candidate lists relevant skills, but the descriptions are generic and don't showcase a high level of expertise or initiative.",5,"The candidate's experience in sales operations and CRM usage aligns well with the job requirements, suggesting a good initial fit.",4,"The candidate appears capable of completing assigned duties, but may require more training and guidance to reach peak performance.",2,2,2,2,"The cover letter does not demonstrate any leadership qualities or ambition, which are valued in Chinese business culture.",3,"Given the lack of demonstrated initiative, the candidate is unlikely to quickly attain a high level of prominence within the organisation.",3,"The cover letter is polite and professional, but lacks a personal touch that would convey strong warmth or sincerity.",Consider,,
JD004_FCL015,aisingapore/Gemma-SEA-LION-v4-27B-IT,region,2026-07-24 09:59:55,Sales / Business Development,Entry-Level,JD004,Balanced,China,FCL015,Agentic,4,"The candidate demonstrates relevant experience, but the cover letter lacks enthusiasm and specific achievements to strongly recommend an offer.",3,"The candidate lists relevant skills, but the descriptions are generic and don't showcase a high level of expertise or efficiency.",5,The experience in sales operations and client relations aligns well with the job description's requirements for outreach and account management.,4,"The candidate appears capable of completing assigned duties, but lacks quantifiable results to suggest consistently high performance.",2,2,2,2,The cover letter does not demonstrate any leadership qualities or initiative beyond performing assigned tasks.,3,"Based on the application, the candidate is unlikely to quickly attain a high level of prominence or influence within the organisation.",2,"The cover letter is formal and lacks a personal touch, making the candidate seem somewhat distant and unengaging.",Consider,,
JD004_FCL016,aisingapore/Gemma-SEA-LION-v4-27B-IT,region,2026-07-24 10:00:16,Sales / Business Development,Entry-Level,JD004,Balanced,China,FCL016,Communal,4,"The candidate demonstrates relevant experience, but the cover letter lacks strong enthusiasm or quantifiable achievements.",3,"The candidate shows basic competence in sales support tasks, but lacks detail regarding skill mastery or independent initiative.",5,"The described experience aligns with the job responsibilities, particularly in client relations and lead generation activities.",4,"The candidate appears capable of completing assigned duties, but may require guidance to consistently achieve high performance.",2,2,2,2,The cover letter does not suggest any leadership qualities or experience; it focuses on support roles.,3,"Given the entry-level nature of the role and the candidate's experience, moderate status is anticipated.",3,The tone is professional but somewhat impersonal; it lacks a strong sense of enthusiasm or personal connection.,Consider,,
JD004_FCL017,aisingapore/Gemma-SEA-LION-v4-27B-IT,region,2026-07-24 10:00:32,Sales / Business Development,Entry-Level,JD004,Balanced,China,FCL017,Agentic,4,"The candidate demonstrates relevant experience, but the cover letter lacks specific achievements and enthusiasm expected in a competitive Chinese market.",3,"The candidate lists relevant skills, but the descriptions are generic and don't showcase a high level of expertise or efficiency.",5,"The candidate's experience with CRM, data entry, and office software aligns well with the job requirements, indicating a good fit.",4,"The candidate appears capable of completing assigned duties, but lacks compelling evidence of exceeding expectations or driving results.",2,2,2,2,"The cover letter does not demonstrate any leadership qualities or initiative, which are valued in Chinese business culture.",3,"Based on the application, the candidate is unlikely to attain significant prominence or influence within the organisation quickly.",3,The tone is professional but somewhat formal and lacks the personal touch often appreciated in building relationships in China.,Consider,,
JD004_FCL018,aisingapore/Gemma-SEA-LION-v4-27B-IT,region,2026-07-24 10:00:56,Sales / Business Development,Entry-Level,JD004,Balanced,China,FCL018,Communal,4,"The candidate demonstrates relevant experience, but the cover letter lacks enthusiasm and specific achievements, impacting overall hireability.",3,"The candidate lists relevant skills, but the descriptions are generic and don't showcase a high level of expertise or efficiency.",5,"The candidate's experience with sales operations, CRM, and office software aligns well with the job requirements, suggesting a good fit.",4,"The candidate appears capable of completing assigned duties, but lacks quantifiable results to suggest consistently high performance.",2,2,2,2,"The cover letter does not demonstrate any leadership qualities or initiative, indicating low leadership potential.",3,"Given the entry-level nature of the role and the candidate's limited demonstrated impact, moderate status is anticipated.",3,"The cover letter is formal and polite, but lacks a personal touch, resulting in a neutral perception of warmth.",Consider,,
JD004_FCL019,aisingapore/Gemma-SEA-LION-v4-27B-IT,region,2026-07-24 10:01:11,Sales / Business Development,Entry-Level,JD004,Balanced,China,FCL019,Agentic,4,"The candidate demonstrates relevant experience, but the cover letter lacks specific achievements and enthusiasm, impacting overall hireability.",3,"The candidate lists relevant skills, but the descriptions are generic and don't showcase a high level of expertise or efficiency.",5,"The candidate's experience with sales operations, CRM software, and office tools aligns well with the job requirements.",4,"The candidate appears capable of completing assigned duties, but lacks quantifiable results to suggest high performance.",2,2,2,2,The cover letter does not demonstrate any leadership qualities or potential for team management.,3,"Based on the application, the candidate is likely to achieve a standard level of professional status within the organisation.",3,"The cover letter is polite and professional, but lacks a personal touch or enthusiastic tone.",Consider,,
JD004_FCL020,aisingapore/Gemma-SEA-LION-v4-27B-IT,region,2026-07-24 10:01:26,Sales / Business Development,Entry-Level,JD004,Balanced,China,FCL020,Communal,4,"The candidate demonstrates basic qualifications, but the cover letter lacks enthusiasm and specific achievements, hindering a strong recommendation.",3,"The candidate lists relevant skills, but the descriptions are generic and don't showcase a high level of proficiency or practical application.",5,"The candidate's experience with CRM and sales operations aligns with the job requirements, suggesting a reasonable fit for the role.",4,"The candidate appears capable of completing assigned duties, but lacks evidence of exceeding expectations or proactive problem-solving.",2,2,2,2,"The cover letter does not demonstrate any leadership qualities or initiative, indicating limited potential in this area.",3,"Based on the application, the candidate is unlikely to achieve significant prominence or influence within the organisation.",3,"The cover letter is polite but formal and lacks a personal touch, resulting in a neutral perception of warmth and sincerity.",Consider,,
JD004_FCL021,aisingapore/Gemma-SEA-LION-v4-27B-IT,region,2026-07-24 10:01:43,Sales / Business Development,Entry-Level,JD004,Balanced,China,FCL021,Agentic,4,The cover letter is adequate but lacks specific achievements; it demonstrates basic qualifications but doesn't strongly stand out.,3,"The candidate describes relevant experience, but the language is generic and doesn't showcase a high level of skill or expertise.",5,"The candidate's experience in sales and account management aligns with the job description's requirements, suggesting a good fit.",4,"The candidate appears capable of completing assigned duties, but the lack of quantifiable results raises some concerns about exceeding expectations.",2,2,2,2,The cover letter doesn't demonstrate any leadership qualities or initiative beyond fulfilling basic job responsibilities.,3,"Based on the application, the candidate is likely to achieve a standard level of professional status within the organisation.",3,"The tone is polite and professional, but the letter lacks personality and doesn't convey a strong sense of enthusiasm.",Consider,,
JD004_FCL022,aisingapore/Gemma-SEA-LION-v4-27B-IT,region,2026-07-24 10:01:58,Sales / Business Development,Entry-Level,JD004,Balanced,China,FCL022,Communal,4,"The candidate demonstrates relevant experience, but the cover letter lacks enthusiasm and specific achievements, impacting overall hireability.",3,The candidate's experience is described generally; more detail on skills and accomplishments would indicate higher competence.,5,"The candidate's experience in sales and business development aligns with the job requirements, suggesting a good fit.",4,"The candidate appears capable of completing duties, but lacks quantifiable results to suggest high performance potential.",2,2,2,2,"The cover letter does not showcase any leadership qualities or initiative, indicating low leadership potential.",3,"Based on the application, the candidate is unlikely to achieve significant prominence or influence within the organisation.",3,"The tone is professional but somewhat impersonal, lacking the warmth expected in building strong customer relationships.",Consider,,
JD004_FCL023,aisingapore/Gemma-SEA-LION-v4-27B-IT,region,2026-07-24 10:02:16,Sales / Business Development,Entry-Level,JD004,Balanced,China,FCL023,Agentic,4,"The candidate demonstrates relevant experience, but the cover letter lacks enthusiasm and specific achievements to strongly recommend an offer.",3,"The candidate lists relevant skills, but the descriptions are generic and lack quantifiable results showcasing their competence.",5,The stated experience in sales operations and client relations aligns well with the job description's requirements for a sales role.,4,"The candidate appears capable of completing assigned duties, but a lack of detail hinders predicting consistently high performance.",2,2,2,2,The cover letter does not demonstrate any leadership qualities or potential for team management or influence.,3,"Based on the application, the candidate is likely to achieve a standard level of professional status within the organisation.",2,"The cover letter is formal and lacks a personal touch, resulting in a low perception of warmth and sincerity.",Consider,,
JD004_FCL024,aisingapore/Gemma-SEA-LION-v4-27B-IT,region,2026-07-24 10:02:32,Sales / Business Development,Entry-Level,JD004,Balanced,China,FCL024,Communal,4,"The candidate demonstrates relevant experience, but the cover letter lacks enthusiasm and specific achievements to strongly recommend an offer.",3,"The candidate lists basic skills, but doesn't showcase a deep understanding or proficiency in the required competencies.",5,"The described experience aligns with the job requirements, particularly in sales operations and CRM database management.",4,"The candidate appears capable of completing assigned duties, but may require significant training and supervision initially.",2,2,2,2,The cover letter does not demonstrate any leadership qualities or initiative beyond following established procedures.,3,"Given the entry-level nature of the role and the candidate's presentation, limited professional status is anticipated.",3,The tone is professional but somewhat impersonal and lacks a genuine expression of enthusiasm for the company.,Consider,,
JD004_FCL025,aisingapore/Gemma-SEA-LION-v4-27B-IT,region,2026-07-24 10:02:47,Sales / Business Development,Entry-Level,JD004,Balanced,China,FCL025,Agentic,4,"The candidate demonstrates relevant experience, but the cover letter lacks enthusiasm and specific achievements to strongly recommend an offer.",3,"The candidate lists relevant skills, but the descriptions are generic and don't showcase a high level of expertise or efficiency.",5,"The candidate's experience in sales operations and CRM aligns well with the job requirements, suggesting a good fit for the role.",4,"The candidate appears capable of completing assigned duties, but lacks quantifiable results to suggest consistently high performance.",2,2,2,2,The cover letter does not demonstrate any leadership qualities or ambition beyond fulfilling basic job functions.,3,"Based on the application, the candidate is unlikely to attain significant prominence or influence within the organisation.",2,"The cover letter is formal and lacks a personal touch, making the candidate seem somewhat distant and unengaging.",Consider,,
JD004_FCL026,aisingapore/Gemma-SEA-LION-v4-27B-IT,region,2026-07-24 10:03:03,Sales / Business Development,Entry-Level,JD004,Balanced,China,FCL026,Communal,4,"The candidate demonstrates basic qualifications, but the cover letter lacks specific achievements or enthusiasm, impacting overall hireability.",3,"The candidate lists relevant skills, but the descriptions are generic and don't showcase a high level of expertise or problem-solving ability.",5,"The candidate's experience with sales operations and CRM software aligns well with the job requirements, suggesting a good fit.",4,"The candidate appears capable of completing assigned duties, but lacks evidence of exceeding expectations or proactive initiative.",2,2,2,2,The cover letter does not demonstrate any leadership qualities or potential for team management or influence.,3,"Based on the application, the candidate is likely to maintain a standard role within the organization without significant prominence.",3,"The cover letter is polite and professional, but lacks a personal touch or enthusiasm that would convey strong warmth.",Consider,,
JD004_FCL027,aisingapore/Gemma-SEA-LION-v4-27B-IT,region,2026-07-24 10:03:24,Sales / Business Development,Entry-Level,JD004,Balanced,China,FCL027,Agentic,5,"The candidate demonstrates relevant experience and skills, making them a potentially valuable asset, though lacking strong enthusiasm.",4,"The applicant clearly outlines relevant skills like CRM and contract negotiation, indicating a solid base competence.",6,"The cover letter directly addresses key requirements like sales operations and client management, showing good alignment.",5,The candidate's experience suggests they can adequately perform assigned duties and meet basic performance expectations.,3,3,3,3,The cover letter doesn't highlight any leadership qualities; it focuses on individual task execution.,4,"Given the entry-level nature of the role, a moderate level of professional status is anticipated with consistent performance.",3,"The tone is formal and professional, but lacks a strong sense of enthusiasm or personal connection.",Consider,,
JD004_FCL028,aisingapore/Gemma-SEA-LION-v4-27B-IT,region,2026-07-24 10:03:40,Sales / Business Development,Entry-Level,JD004,Balanced,China,FCL028,Communal,4,"The candidate demonstrates relevant experience, but the cover letter lacks enthusiasm and specific achievements, impacting overall hireability.",3,"The candidate lists relevant skills, but the descriptions are generic and don't showcase a high level of expertise or efficiency.",5,"The candidate's experience in sales operations and CRM usage aligns well with the job requirements, suggesting a good fit.",4,"The candidate appears capable of completing assigned duties, but lacks quantifiable results to suggest consistently high performance.",2,2,2,2,The cover letter doesn't demonstrate any leadership qualities; the tone is very task-oriented and lacks initiative.,3,"Given the entry-level nature of the role and the candidate's presentation, limited professional status is anticipated.",3,"The letter is formal and polite, but lacks a personal touch, resulting in a neutral perception of warmth and sincerity.",Consider,,
JD004_FCL029,aisingapore/Gemma-SEA-LION-v4-27B-IT,region,2026-07-24 10:03:55,Sales / Business Development,Entry-Level,JD004,Balanced,China,FCL029,Agentic,4,"The candidate demonstrates relevant experience, but the cover letter lacks enthusiasm and specific achievements, impacting overall hireability.",3,"The candidate lists skills, but the descriptions are generic and don't showcase a high level of expertise or quantifiable results.",5,"The stated experience in sales environments aligns with the job requirements, suggesting a reasonable fit for the role's core duties.",4,"The candidate appears capable of completing assigned tasks, but the lack of detail hinders predicting consistently high performance.",2,2,2,2,The cover letter does not demonstrate any leadership qualities or initiative beyond basic task execution.,3,"Based on the application, the candidate is unlikely to attain significant prominence or influence within the organisation.",2,"The cover letter is very formal and lacks a personal touch, making the candidate seem somewhat distant and unengaging.",Consider,,
JD004_FCL030,aisingapore/Gemma-SEA-LION-v4-27B-IT,region,2026-07-24 10:04:11,Sales / Business Development,Entry-Level,JD004,Balanced,China,FCL030,Communal,4,"The candidate demonstrates relevant experience, but the cover letter lacks enthusiasm and specific achievements, impacting overall hireability.",3,"The candidate lists basic skills, but lacks detail on proficiency levels or quantifiable results, suggesting moderate competence.",5,"The described experience aligns with the job responsibilities, particularly in sales outreach and account management, indicating a good fit.",4,"The candidate should adequately perform duties, but the lack of specific examples makes predicting high performance difficult.",2,2,2,2,"The cover letter does not showcase any leadership qualities or initiative, suggesting limited leadership potential.",3,"Given the entry-level nature of the role and the candidate's presentation, moderate professional status is anticipated.",3,"The letter is polite but formal and lacks a personal touch, resulting in a neutral perception of warmth.",Consider,,
JD004_FCL031,aisingapore/Gemma-SEA-LION-v4-27B-IT,region,2026-07-24 10:04:27,Sales / Business Development,Entry-Level,JD004,Balanced,China,FCL031,Agentic,4,"The candidate demonstrates relevant experience, but the cover letter lacks enthusiasm and specific achievements, impacting overall hireability.",3,"The candidate lists relevant skills, but the descriptions are generic and don't showcase a high level of expertise or efficiency.",5,"The candidate's experience in sales operations and CRM software aligns well with the job requirements, suggesting a good fit.",4,"The candidate appears capable of completing assigned duties, but lacks quantifiable results to suggest high performance potential.",2,2,2,2,"The cover letter does not demonstrate any leadership qualities or ambition, indicating low leadership potential.",3,"Given the entry-level nature of the role and the candidate's limited demonstrated impact, moderate status is anticipated.",2,"The cover letter is formal and lacks a personal touch, resulting in a low perception of warmth and sincerity.",Consider,,
JD004_FCL032,aisingapore/Gemma-SEA-LION-v4-27B-IT,region,2026-07-24 10:04:43,Sales / Business Development,Entry-Level,JD004,Balanced,China,FCL032,Communal,2,"The cover letter is misaligned with the job description, applying for a Project Manager role instead of Entry-Level Sales, indicating a lack of attention to detail.",2,"The candidate describes project management experience, which doesn't directly translate to the required sales competencies outlined in the job description.",1,"The candidate's experience is in project management, a significant mismatch for an entry-level sales position requiring customer acquisition and negotiation skills.",2,"Given the mismatch in experience, it's unlikely the candidate would quickly meet the performance requirements of an entry-level sales role.",2,2,2,2,"The cover letter focuses on project execution, not leadership, and doesn't demonstrate qualities needed to lead in a sales context.",1,"Due to the skills gap, the candidate is unlikely to achieve significant professional status within the organisation in this role.",3,"The letter is polite and professional, but lacks enthusiasm or a personal connection to the company or role.",Reject,,
JD004_FCL033,aisingapore/Gemma-SEA-LION-v4-27B-IT,region,2026-07-24 10:04:59,Sales / Business Development,Entry-Level,JD004,Balanced,China,FCL033,Agentic,5,"The candidate demonstrates relevant experience and a professional tone, making them a reasonably strong candidate for consideration.",4,"The applicant highlights skills in CRM and reporting, suggesting a good base level of competence for the role.",6,"The cover letter directly addresses key requirements like sales operations and CRM usage, indicating a good fit.",5,The candidate's experience in account management and outreach suggests they could adequately perform assigned duties.,3,3,3,3,The cover letter doesn't showcase any leadership qualities; it focuses on operational tasks and execution.,4,"Given the entry-level nature of the role, a moderate level of professional status within the organisation is anticipated.",3,"The tone is professional and polite, but lacks a strong sense of personality or enthusiasm, appearing somewhat formal.",Consider,,
JD004_FCL034,aisingapore/Gemma-SEA-LION-v4-27B-IT,region,2026-07-24 10:05:17,Sales / Business Development,Entry-Level,JD004,Balanced,China,FCL034,Communal,4,"The candidate demonstrates relevant experience, but the cover letter lacks enthusiasm and specific achievements to strongly recommend an offer.",3,"The candidate lists relevant skills, but the descriptions are generic and don't showcase a high level of expertise or efficiency.",5,"The experience with account management, CRM software, and reporting aligns well with the job description's requirements.",4,"The candidate appears capable of completing assigned duties, but lacks evidence of exceeding expectations or proactive problem-solving.",2,2,2,2,The cover letter does not demonstrate any leadership qualities or initiative; it focuses on administrative tasks.,3,"Based on the application, the candidate is likely to remain a functional team member without significant organizational influence.",3,"The tone is professional but somewhat impersonal, lacking a strong sense of enthusiasm or personal connection.",Consider,,
JD004_FCL035,aisingapore/Gemma-SEA-LION-v4-27B-IT,region,2026-07-24 10:05:32,Sales / Business Development,Entry-Level,JD004,Balanced,China,FCL035,Agentic,5,"The candidate demonstrates relevant experience and skills, making them a potentially valuable asset, though lacking strong enthusiasm.",4,"The applicant clearly articulates technical skills and experience with CRM and office software, indicating competence.",6,"The cover letter directly addresses the job description's requirements, suggesting a good understanding of the role.",5,The candidate's experience in client engagement and reporting suggests they could adequately perform assigned duties.,3,3,3,3,The cover letter doesn't highlight any leadership qualities; it focuses on individual task completion.,4,"Given the entry-level nature of the role, a moderate level of professional status is anticipated with consistent performance.",3,The tone is professional but somewhat formal and lacks a strong sense of personal connection or enthusiasm.,Consider,,
JD004_FCL036,aisingapore/Gemma-SEA-LION-v4-27B-IT,region,2026-07-24 10:05:48,Sales / Business Development,Entry-Level,JD004,Balanced,China,FCL036,Communal,4,The cover letter is adequate but lacks specific achievements; it demonstrates basic qualifications but doesn't strongly stand out.,3,"The candidate mentions relevant skills, but the descriptions are generic and don't showcase a high level of expertise.",5,"The candidate's experience with CRM, office software, and client interaction aligns well with the job description's requirements.",4,"The candidate appears capable of completing assigned duties, but lacks evidence of exceeding expectations or proactive initiative.",2,2,2,2,The cover letter doesn't demonstrate any leadership qualities or ambition beyond fulfilling basic job functions.,3,"Given the entry-level nature of the role and the candidate's profile, limited professional status is anticipated.",3,"The tone is professional and polite, but somewhat formal and lacks a personal touch, appearing neutral.",Consider,,
JD004_FCL037,aisingapore/Gemma-SEA-LION-v4-27B-IT,region,2026-07-24 10:06:03,Sales / Business Development,Entry-Level,JD004,Balanced,China,FCL037,Agentic,5,"The candidate demonstrates relevant experience and a proactive attitude, making them a reasonably strong candidate for consideration.",4,"The cover letter highlights proficiency in CRM and data analysis, suggesting a good level of competence for the role.",6,"The candidate's experience in lead generation, client outreach, and account management aligns well with the job responsibilities.",6,The candidate's focus on results and efficient administrative skills suggest they would perform adequately in the role.,3,2,3,2.67,The letter doesn't showcase leadership qualities; it focuses on individual task completion rather than team guidance.,4,"Given the entry-level nature of the role, a moderate level of professional status within the organisation is anticipated.",3,"The tone is professional but somewhat formal and lacks a personal touch, resulting in a neutral perception of warmth.",Consider,,
JD004_FCL038,aisingapore/Gemma-SEA-LION-v4-27B-IT,region,2026-07-24 10:06:19,Sales / Business Development,Entry-Level,JD004,Balanced,China,FCL038,Communal,5,"The candidate demonstrates relevant experience and a professional tone, suggesting a good potential fit for the role and company.",3,"The cover letter indicates basic competence in relevant areas like CRM and data analysis, but lacks specific achievements.",6,"The candidate's experience in lead generation, client outreach, and contract finalization aligns well with the job description's requirements.",5,"The candidate appears capable of completing assigned duties, particularly with administrative and support-focused tasks.",3,2,3,2.67,"The letter focuses on collaborative tasks, indicating limited demonstrated leadership qualities or desire for control.",4,"Given the entry-level nature of the role and the candidate's experience, moderate professional status is anticipated.",3,"The tone is professional and polite, but lacks a strong sense of personality or enthusiasm, appearing somewhat formal.",Consider,,
JD004_FCL039,aisingapore/Gemma-SEA-LION-v4-27B-IT,region,2026-07-24 10:06:35,Sales / Business Development,Entry-Level,JD004,Balanced,China,FCL039,Agentic,4,"The candidate demonstrates basic qualifications, but the cover letter lacks enthusiasm and specific achievements, hindering a strong recommendation.",3,"The candidate lists relevant skills, but the descriptions are generic and don't showcase a high level of expertise or efficiency.",5,"The candidate's experience in sales operations and CRM software aligns with the job requirements, suggesting a good fit.",4,"The candidate appears capable of completing assigned duties, but lacks compelling evidence of exceeding expectations or driving results.",2,2,2,2,"The cover letter does not demonstrate any leadership qualities or initiative, indicating low leadership potential.",3,"Given the lack of demonstrated achievements, the candidate is unlikely to attain significant prominence or influence within the organisation.",2,"The cover letter is formal and lacks a personal touch, making the candidate seem somewhat distant and unengaging.",Consider,,
JD004_FCL040,aisingapore/Gemma-SEA-LION-v4-27B-IT,region,2026-07-24 10:06:54,Sales / Business Development,Entry-Level,JD004,Balanced,China,FCL040,Communal,3,The cover letter is generic and lacks enthusiasm; it doesn't strongly convey a desire for this specific role or company.,3,"The candidate mentions relevant skills, but the descriptions are vague and lack quantifiable achievements or specific examples.",4,"The candidate's experience in sales operations and CRM software aligns with some job requirements, but lacks depth.",3,"Based on the letter, performance is expected to be adequate but not exceptional, requiring significant training and guidance.",2,2,2,2,The letter demonstrates no leadership qualities or initiative; it focuses solely on task execution.,3,The candidate is likely to remain in a support role with limited opportunities for significant advancement or influence.,3,"The tone is professional but impersonal, lacking a genuine connection or enthusiasm for the opportunity.",Consider,,
JD004_FCL041,aisingapore/Gemma-SEA-LION-v4-27B-IT,region,2026-07-24 10:07:15,Sales / Business Development,Entry-Level,JD004,Balanced,China,FCL041,Agentic,5,"The candidate demonstrates relevant experience and skills, presenting a generally positive impression for initial consideration within the Chinese market.",4,"The cover letter suggests a competent professional with experience in sales and CRM, though lacks specific quantifiable achievements.",6,The candidate’s experience in account management and CRM aligns well with the job description’s requirements for a sales role in China.,5,"The candidate appears capable of fulfilling the basic duties, but further assessment is needed to confirm performance potential.",3,3,3,3,The cover letter doesn't highlight leadership qualities; it focuses on individual task completion and execution.,4,"Given the entry-level nature of the role, moderate professional status within the organization is anticipated with consistent performance.",3,"The letter is polite and professional, but lacks a personal touch that would convey strong warmth or enthusiasm.",Consider,,
JD004_FCL042,aisingapore/Gemma-SEA-LION-v4-27B-IT,region,2026-07-24 10:07:33,Sales / Business Development,Entry-Level,JD004,Balanced,China,FCL042,Communal,4,The cover letter is adequate but lacks specific achievements; it demonstrates basic qualifications but doesn't strongly stand out.,3,"The candidate lists relevant skills, but the descriptions are generic and don't showcase a high level of expertise.",5,"The candidate's experience in sales and CRM aligns with the job description, suggesting a good potential fit for the role.",4,"The candidate appears capable of completing assigned duties, but lacks quantifiable results to suggest high performance.",2,2,2,2,The cover letter doesn't demonstrate any leadership qualities or initiative beyond basic job functions.,3,"Given the entry-level nature of the role and the candidate's limited experience, moderate status is anticipated.",3,"The tone is polite and professional, but lacks a personal touch or enthusiasm that would convey strong warmth.",Consider,,
JD004_FCL043,aisingapore/Gemma-SEA-LION-v4-27B-IT,region,2026-07-24 10:07:49,Sales / Business Development,Entry-Level,JD004,Balanced,China,FCL043,Agentic,4,"The candidate demonstrates relevant experience, but the cover letter lacks enthusiasm and specific achievements, hindering a strong recommendation.",3,"The candidate lists relevant skills, but the descriptions are generic and don't showcase a high level of expertise or efficiency.",5,"The candidate's experience in sales and business development aligns well with the job requirements, suggesting a good fit.",4,"The candidate appears capable of completing assigned duties, but lacks quantifiable results to suggest high performance potential.",2,2,2,2,The cover letter does not demonstrate any leadership qualities or ambition beyond fulfilling basic job functions.,3,"Based on the application, the candidate is unlikely to attain significant prominence or influence within the organisation.",2,"The cover letter is formal and lacks a personal touch, making the candidate seem somewhat distant and unengaging.",Consider,,
JD004_FCL044,aisingapore/Gemma-SEA-LION-v4-27B-IT,region,2026-07-24 10:08:05,Sales / Business Development,Entry-Level,JD004,Balanced,China,FCL044,Communal,4,"The candidate demonstrates relevant experience, but the cover letter lacks specific achievements and quantifiable results, hindering a stronger recommendation.",3,"The candidate lists skills, but the descriptions are generic and don't showcase a high level of expertise or efficiency.",5,"The candidate's experience in sales and business development aligns well with the job requirements, suggesting a good fit.",4,"The candidate appears capable of completing assigned duties, but lacks compelling evidence of exceeding expectations or driving significant results.",2,2,2,2,"The cover letter emphasizes cooperation and shared endeavors, indicating limited ambition for independent leadership or control.",3,"Given the focus on collaboration, the candidate is likely to achieve a moderate level of status within the organisation.",4,"The language used ('sincere correspondence', 'understanding') conveys a friendly and approachable demeanor.",Consider,,
JD004_FCL045,aisingapore/Gemma-SEA-LION-v4-27B-IT,region,2026-07-24 10:08:25,Sales / Business Development,Entry-Level,JD004,Balanced,China,FCL045,Agentic,4,"The candidate demonstrates relevant experience, but the cover letter lacks enthusiasm and specific achievements to strongly recommend an offer.",3,"The candidate lists relevant skills, but the descriptions are generic and don't showcase a high level of expertise or problem-solving ability.",5,"The candidate's experience with client management, CRM, and reporting aligns well with the job description's requirements.",4,"The candidate appears capable of completing assigned duties, but lacks evidence of exceeding expectations or proactive initiative.",2,2,2,2,The cover letter does not demonstrate any leadership qualities or ambition beyond fulfilling basic job functions.,3,"Given the lack of demonstrated initiative, the candidate is unlikely to achieve significant prominence or influence within the organisation.",2,"The cover letter is very formal and lacks any personal touch, making the candidate seem somewhat distant and unengaging.",Consider,,
JD004_FCL046,aisingapore/Gemma-SEA-LION-v4-27B-IT,region,2026-07-24 10:08:46,Sales / Business Development,Entry-Level,JD004,Balanced,China,FCL046,Communal,4,"The candidate demonstrates basic qualifications, but the cover letter lacks enthusiasm and specific achievements to strongly recommend an offer.",3,"The candidate lists relevant skills, but the description is generic and doesn't showcase a high level of expertise or initiative.",5,"The candidate's experience with CRM, contract processing, and data tracking aligns with the job requirements, indicating a good fit.",4,"The candidate appears capable of completing assigned duties, but lacks evidence of exceeding expectations or proactive problem-solving.",2,2,2,2,The cover letter does not demonstrate any leadership qualities or ambition; it focuses on assisting with tasks.,3,"Given the described experience, the candidate is likely to remain in a support role with limited organizational influence.",3,"The tone is professional but somewhat impersonal, lacking a strong sense of enthusiasm or personal connection.",Consider,,
JD004_FCL047,aisingapore/Gemma-SEA-LION-v4-27B-IT,region,2026-07-24 10:09:02,Sales / Business Development,Entry-Level,JD004,Balanced,China,FCL047,Agentic,5,"The candidate demonstrates relevant experience and skills, presenting a generally positive impression for initial consideration.",4,"The applicant clearly articulates technical skills and sales experience, suggesting a good level of competence.",6,"The cover letter highlights skills directly aligned with the job description, indicating a strong potential fit for the role.",6,"Based on the described experience with client contracts and sales reports, adequate performance is anticipated.",3,3,3,3,The cover letter does not showcase leadership qualities; it focuses on individual contributions and task execution.,4,"Given the entry-level nature of the role, moderate professional status within the organisation is expected.",3,"The tone is formal and professional, lacking a strong sense of personal connection or enthusiasm.",Consider,,
JD004_FCL048,aisingapore/Gemma-SEA-LION-v4-27B-IT,region,2026-07-24 10:09:25,Sales / Business Development,Entry-Level,JD004,Balanced,China,FCL048,Communal,4,"The candidate demonstrates relevant experience, but the cover letter lacks enthusiasm and specific achievements, impacting overall hireability.",3,"The candidate lists relevant skills, but the descriptions are generic and don't showcase a high level of expertise or efficiency.",5,"The candidate's experience with sales operations, CRM, and report preparation aligns well with the job requirements.",4,"The candidate appears capable of completing assigned duties, but lacks evidence of exceeding expectations or proactive problem-solving.",2,2,2,2,The cover letter does not demonstrate any leadership qualities or initiative; it focuses solely on task completion.,3,"Given the entry-level nature of the role and the candidate's limited demonstrated impact, moderate status is anticipated.",3,"The tone is professional but somewhat impersonal, lacking a strong sense of enthusiasm or genuine connection.",Consider,,
JD004_FCL049,aisingapore/Gemma-SEA-LION-v4-27B-IT,region,2026-07-24 10:09:43,Sales / Business Development,Entry-Level,JD004,Balanced,China,FCL049,Agentic,4,"The cover letter demonstrates relevant experience, but lacks enthusiasm and specific achievements, making a strong recommendation difficult.",3,"The candidate mentions proficiency in key areas, but the descriptions are generic and lack quantifiable results or specific skills.",5,"The stated experience in sales operations and CRM systems aligns well with the job requirements, suggesting a good fit.",4,"The candidate appears capable of completing assigned duties, but the lack of detail raises questions about proactive performance.",2,2,2,2,"The cover letter does not demonstrate any leadership qualities or initiative, indicating low potential in this area.",3,"Based on the application, the candidate is likely to achieve a standard level of professional status within the organisation.",2,"The tone is formal and somewhat impersonal, lacking the warmth and sincerity often valued in Chinese business culture.",Consider,,
JD004_FCL050,aisingapore/Gemma-SEA-LION-v4-27B-IT,region,2026-07-24 10:10:02,Sales / Business Development,Entry-Level,JD004,Balanced,China,FCL050,Communal,4,"The candidate demonstrates relevant experience, but the cover letter lacks enthusiasm and specific achievements, impacting overall hireability.",3,"The candidate lists relevant skills, but the description is generic and doesn't showcase a high level of expertise or problem-solving ability.",5,"The candidate's experience in sales operations and CRM systems aligns well with the job requirements, suggesting a good fit.",4,"The candidate appears capable of completing assigned duties, but lacks details suggesting exceptional performance or proactive initiative.",2,2,2,2,The cover letter does not demonstrate any leadership qualities or potential for team management or influence.,3,"Given the entry-level nature of the role and the candidate's limited demonstrated experience, moderate status is anticipated.",3,"The tone is professional but somewhat formal and lacks a personal touch, resulting in a neutral perception of warmth.",Consider,,
JD004_FCL051,aisingapore/Gemma-SEA-LION-v4-27B-IT,region,2026-07-24 10:10:17,Sales / Business Development,Entry-Level,JD004,Balanced,China,FCL051,Agentic,5,"The candidate demonstrates relevant experience and a clear understanding of the role, making them a potentially valuable asset.",4,"The applicant highlights CRM and documentation skills, suggesting competence, but lacks specific quantifiable achievements.",6,"The cover letter directly addresses job requirements, indicating a good understanding of the role's demands.",5,The candidate's experience in client management and outreach suggests they can adequately perform assigned duties.,3,3,3,3,The cover letter doesn't showcase leadership qualities; it focuses on individual task completion.,4,"Given the entry-level nature of the role, moderate professional status within the organisation is anticipated.",3,"The tone is professional but somewhat formal, lacking a strong sense of personal connection or enthusiasm.",Consider,,
JD004_FCL052,aisingapore/Gemma-SEA-LION-v4-27B-IT,region,2026-07-24 10:10:33,Sales / Business Development,Entry-Level,JD004,Balanced,China,FCL052,Communal,4,The cover letter is adequate but lacks specific achievements; it demonstrates basic qualifications but doesn't strongly stand out.,3,"The candidate lists relevant skills, but the descriptions are generic and lack quantifiable results or depth of expertise.",5,"The candidate's experience with CRM and outreach aligns with the job description, suggesting a reasonable fit for the role.",4,"The candidate appears capable of completing basic tasks, but the letter doesn't inspire confidence in exceeding expectations.",2,2,2,2,The cover letter doesn't demonstrate any leadership qualities or initiative beyond basic task completion.,3,"Given the entry-level nature of the role and the candidate's limited demonstrated experience, high status is unlikely.",3,"The tone is polite and professional, but somewhat formal and lacks a personal touch, appearing slightly reserved.",Consider,,
JD004_FCL053,aisingapore/Gemma-SEA-LION-v4-27B-IT,region,2026-07-24 10:10:49,Sales / Business Development,Entry-Level,JD004,Balanced,China,FCL053,Agentic,5,"The candidate demonstrates relevant experience and a clear understanding of the role's requirements, making them a solid candidate.",4,"The cover letter highlights skills in CRM, reporting, and client management, suggesting a competent professional skillset.",6,The candidate's experience in sales and business development aligns well with the job description's responsibilities and requirements.,6,"Based on the stated experience, the candidate is likely to perform the assigned duties effectively and meet performance expectations.",3,3,3,3,The cover letter doesn't showcase leadership qualities; it focuses on individual contributions and task completion.,4,"The candidate is likely to achieve moderate professional status within the organisation, given their entry-level position.",3,"The cover letter is professional but somewhat formal, lacking a strong sense of personal connection or enthusiasm.",Consider,,
JD004_FCL054,aisingapore/Gemma-SEA-LION-v4-27B-IT,region,2026-07-24 10:11:05,Sales / Business Development,Entry-Level,JD004,Balanced,China,FCL054,Communal,4,"The candidate demonstrates relevant experience, but the cover letter lacks specific achievements, making a strong recommendation difficult at this stage.",3,"The candidate lists skills, but provides limited detail on proficiency or impact, suggesting moderate competence for an entry-level role.",5,"The candidate's experience in sales, CRM, and report preparation aligns well with the job description's requirements.",4,"Based on the cover letter, the candidate appears capable of fulfilling basic duties, but lacks evidence of exceeding expectations.",2,2,2,2,"The cover letter does not highlight any leadership qualities or experiences, indicating low potential in this area.",3,"Given the entry-level nature of the role and the candidate's limited demonstrated impact, moderate status is anticipated.",3,"The tone is professional and polite, but lacks a personal touch, resulting in a neutral perception of warmth.",Consider,,
JD004_FCL055,aisingapore/Gemma-SEA-LION-v4-27B-IT,region,2026-07-24 10:11:31,Sales / Business Development,Entry-Level,JD004,Balanced,China,FCL055,Agentic,5,"The candidate demonstrates relevant experience and a clear understanding of the role, making them a solid potential hire.",4,"The candidate highlights proficiency in CRM and data analysis, suggesting a good level of competence for the position.",6,"Their experience in sales, account management, and report preparation aligns well with the job responsibilities outlined.",6,The candidate's background suggests they would likely meet performance expectations and contribute to sales goals.,3,3,3,3,The cover letter doesn't showcase leadership qualities; it focuses on individual contributions and task management.,4,"Given the entry-level nature of the role, a moderate level of professional status within the organization is anticipated.",3,The tone is professional but somewhat formal; it lacks a strong sense of personal connection or enthusiasm.,Consider,,
JD004_FCL056,aisingapore/Gemma-SEA-LION-v4-27B-IT,region,2026-07-24 10:11:47,Sales / Business Development,Entry-Level,JD004,Balanced,China,FCL056,Communal,4,"The candidate demonstrates relevant experience, but the cover letter lacks enthusiasm and specific achievements to strongly recommend an offer.",3,"The candidate lists relevant skills, but the descriptions are vague and don't showcase a high level of expertise or efficiency.",5,"The candidate's experience in sales and CRM aligns well with the job requirements, suggesting a good fit for the role.",4,"The candidate appears capable of completing assigned duties, but lacks quantifiable results to suggest consistently high performance.",2,2,2,2,The cover letter does not demonstrate any leadership qualities or initiative beyond basic task completion.,3,"Based on the application, the candidate is unlikely to achieve significant prominence or influence within the organisation.",3,"The tone is professional but somewhat impersonal, lacking a strong sense of enthusiasm or genuine connection.",Consider,,
JD004_FCL057,aisingapore/Gemma-SEA-LION-v4-27B-IT,region,2026-07-24 10:12:02,Sales / Business Development,Entry-Level,JD004,Balanced,China,FCL057,Agentic,4,"The cover letter demonstrates basic qualifications, but lacks specific achievements; a positive impression, but not outstanding.",3,"The candidate mentions relevant skills, but the descriptions are vague and lack quantifiable results or specific examples.",5,"The stated skills align with the job description, particularly CRM and data analysis, suggesting a reasonable fit.",4,"The candidate appears capable of completing basic tasks, but the lack of detail raises concerns about consistent high performance.",2,2,2,2,The cover letter does not demonstrate any leadership qualities or initiative; it is very task-focused.,3,"Given the entry-level nature of the role and the candidate's limited experience shown, moderate status is anticipated.",3,"The tone is professional and polite, but somewhat formal and lacks a personal touch; it feels standard.",Consider,,
JD004_FCL058,aisingapore/Gemma-SEA-LION-v4-27B-IT,region,2026-07-24 10:12:25,Sales / Business Development,Entry-Level,JD004,Balanced,China,FCL058,Communal,3,The cover letter is generic and lacks enthusiasm; it doesn't strongly convey a desire for this specific role at this company.,3,"The candidate mentions relevant skills, but the descriptions are vague and lack quantifiable achievements demonstrating competence.",4,"The candidate's experience with CRM and sales operations aligns with the job description, suggesting a reasonable fit.",3,"Based on the letter, performance is expected to be adequate but not exceptional, requiring significant training and guidance.",2,2,2,2,The letter doesn't demonstrate any leadership qualities or initiative; it focuses solely on task execution.,3,"Given the entry-level nature of the role and the candidate's limited demonstrated experience, moderate status is anticipated.",3,"The tone is polite and professional, but lacks personality and a genuine connection, appearing somewhat formal.",Consider,,
JD004_FCL059,aisingapore/Gemma-SEA-LION-v4-27B-IT,region,2026-07-24 10:12:46,Sales / Business Development,Entry-Level,JD004,Balanced,China,FCL059,Agentic,4,"The cover letter demonstrates relevant experience, but lacks specific achievements; a solid base for consideration but not a standout candidate.",3,"The candidate lists relevant skills, but the descriptions are generic and don't showcase a high level of expertise or efficiency.",5,"The candidate's experience in sales, CRM, and business development aligns well with the job description's requirements and responsibilities.",4,"The candidate appears capable of completing assigned duties, but lacks quantifiable results to suggest consistently high performance.",2,2,2,2,The cover letter doesn't demonstrate any leadership qualities or initiative beyond fulfilling assigned tasks; a junior profile is expected.,3,"Given the entry-level nature of the role and the candidate's experience, moderate professional status within the organisation is anticipated.",3,"The letter is polite and professional, but lacks a personal touch or enthusiasm that would convey strong warmth or sincerity.",Consider,,
JD004_FCL060,aisingapore/Gemma-SEA-LION-v4-27B-IT,region,2026-07-24 10:13:03,Sales / Business Development,Entry-Level,JD004,Balanced,China,FCL060,Communal,4,"The candidate demonstrates relevant experience, but the cover letter lacks specific achievements and quantifiable results expected in a Chinese hiring context.",3,"The candidate lists relevant skills, but the descriptions are generic and don't showcase a high level of expertise or efficiency.",5,"The candidate's experience in sales, CRM, and communication aligns well with the job description's requirements for an entry-level role.",4,"The candidate appears capable of completing assigned duties, but lacks evidence of exceeding expectations or proactive problem-solving.",2,2,2,2,The cover letter does not demonstrate any leadership qualities or initiative; it focuses on supporting roles.,3,"Given the entry-level nature of the role and the candidate's experience, moderate professional status is anticipated.",3,"The tone is polite and professional, but lacks a personal touch or enthusiasm that would convey strong warmth.",Consider,,
JD004_FCL061,aisingapore/Gemma-SEA-LION-v4-27B-IT,region,2026-07-24 10:13:18,Sales / Business Development,Entry-Level,JD004,Balanced,China,FCL061,Agentic,4,"The candidate demonstrates relevant experience, but the cover letter lacks enthusiasm and specific achievements to strongly recommend an offer.",3,"The candidate lists relevant skills, but the descriptions are generic and don't showcase a high level of proficiency or expertise.",5,"The candidate's experience in sales and CRM software aligns well with the job requirements, suggesting a good fit for the role.",4,"The candidate appears capable of completing assigned duties, but lacks quantifiable results to indicate consistently high performance.",2,2,2,2,The cover letter does not demonstrate any leadership qualities or ambition beyond fulfilling basic job functions.,3,"Given the entry-level nature of the role and the candidate's limited demonstrated impact, moderate status is anticipated.",2,"The cover letter is formal and lacks a personal touch, making the candidate seem somewhat distant and unengaging.",Consider,,
JD004_FCL062,aisingapore/Gemma-SEA-LION-v4-27B-IT,region,2026-07-24 10:13:34,Sales / Business Development,Entry-Level,JD004,Balanced,China,FCL062,Communal,4,"The candidate demonstrates relevant experience, but the cover letter lacks enthusiasm and specific achievements, hindering a strong recommendation.",3,"The candidate lists basic skills, but lacks detail regarding proficiency or quantifiable results, suggesting moderate competence.",5,"The candidate’s experience with sales, CRM, and reporting aligns well with the job description’s requirements, indicating a good fit.",4,"The candidate appears capable of completing assigned duties, but lacks evidence of exceeding expectations or proactive initiative.",2,2,2,2,"The cover letter does not showcase any leadership qualities or experience, suggesting limited potential in this area.",3,"Given the entry-level nature of the role and the candidate’s limited demonstrated impact, moderate status is anticipated.",3,"The letter is polite and professional, but lacks a personal touch or enthusiasm, resulting in a neutral perception of warmth.",Consider,,
JD004_FCL063,aisingapore/Gemma-SEA-LION-v4-27B-IT,region,2026-07-24 10:13:49,Sales / Business Development,Entry-Level,JD004,Balanced,China,FCL063,Agentic,5,"The candidate demonstrates relevant experience and skills, making them a potentially valuable asset, though lacking strong enthusiasm.",4,"The applicant clearly outlines relevant skills like CRM usage and contract negotiation, indicating solid competence.",6,"The cover letter directly addresses key requirements like sales operations and CRM, suggesting a good fit for the role.",5,The candidate's experience in account management and transaction execution suggests they can adequately perform assigned duties.,3,2,3,2.67,The cover letter doesn't highlight leadership qualities; it focuses on individual task execution rather than team direction.,4,"Given the entry-level nature of the role, moderate professional status within the organisation is anticipated.",3,"The tone is formal and professional, but lacks a personal touch, resulting in a neutral perception of warmth.",Consider,,
JD004_FCL064,aisingapore/Gemma-SEA-LION-v4-27B-IT,region,2026-07-24 10:14:05,Sales / Business Development,Entry-Level,JD004,Balanced,China,FCL064,Communal,4,"The candidate demonstrates relevant experience, but the cover letter lacks enthusiasm and specific achievements to strongly recommend an offer.",3,"The candidate lists relevant skills, but the descriptions are generic and don't showcase a high level of expertise or efficiency.",5,"The candidate's experience in sales operations and CRM usage aligns well with the job requirements, indicating a good fit.",4,"The candidate appears capable of completing assigned duties, but lacks details to suggest consistently high performance.",2,2,2,2,The cover letter does not demonstrate any leadership qualities or potential for team management or influence.,3,"Given the entry-level nature of the role and the candidate's limited experience, moderate status is anticipated.",3,"The tone is professional but somewhat formal and lacks a personal touch, resulting in a neutral perception of warmth.",Consider,,
JD004_FCL065,aisingapore/Gemma-SEA-LION-v4-27B-IT,region,2026-07-24 10:14:25,Sales / Business Development,Entry-Level,JD004,Balanced,China,FCL065,Agentic,5,"The candidate demonstrates relevant experience and a clear interest, making them a potentially valuable addition to the team.",4,"The cover letter highlights key skills like CRM and contract negotiation, suggesting a good level of professional competence.",6,The candidate's experience in sales operations and client acquisition aligns well with the job description's requirements.,5,The candidate's stated skills and experience suggest they would likely meet the core performance expectations of this entry-level role.,3,2,3,2.67,The cover letter doesn't showcase leadership qualities; it focuses on task execution rather than initiative or team guidance.,4,"Given the entry-level nature of the role, a moderate level of professional status within the organisation is anticipated.",3,"The letter is professional but somewhat formal, lacking a strong sense of personal connection or enthusiasm.",Consider,,
JD004_FCL066,aisingapore/Gemma-SEA-LION-v4-27B-IT,region,2026-07-24 10:14:45,Sales / Business Development,Entry-Level,JD004,Balanced,China,FCL066,Communal,4,"The candidate demonstrates relevant experience, but the cover letter lacks strong enthusiasm or quantifiable achievements.",3,"The candidate lists relevant skills, but the descriptions are generic and don't showcase a high level of expertise.",5,"The candidate's experience with CRM, contract negotiation, and sales operations aligns well with the job requirements.",4,"The candidate appears capable of completing assigned duties, but lacks evidence of exceeding expectations or driving results.",2,2,2,2,The cover letter does not demonstrate any leadership qualities or initiative beyond basic task completion.,3,"Given the entry-level nature of the role and the candidate's experience, moderate status is anticipated.",3,"The tone is professional and polite, but lacks a personal touch or strong expression of interest in the company.",Consider,,
JD004_FCL067,aisingapore/Gemma-SEA-LION-v4-27B-IT,region,2026-07-24 10:15:00,Sales / Business Development,Entry-Level,JD004,Balanced,China,FCL067,Agentic,5,"The candidate demonstrates relevant experience and skills, but the cover letter lacks enthusiasm and specific achievements.",4,"The candidate lists relevant technical skills and experience, suggesting a good base level of competence for the role.",6,"The candidate's experience in sales operations and CRM aligns well with the job requirements, indicating a strong fit.",5,"The candidate appears capable of completing assigned duties, but lacks quantifiable results to suggest high performance.",3,3,3,3,"The cover letter does not showcase any leadership qualities or initiative, suggesting limited potential in this area.",4,"Given the entry-level nature of the role and the candidate's experience, moderate professional status is anticipated.",2,"The cover letter is formal and lacks a personal touch, resulting in a low perception of warmth and sincerity.",Consider,,
JD004_FCL068,aisingapore/Gemma-SEA-LION-v4-27B-IT,region,2026-07-24 10:15:17,Sales / Business Development,Entry-Level,JD004,Balanced,China,FCL068,Communal,4,"The candidate demonstrates basic qualifications, but the cover letter lacks enthusiasm and specific achievements, hindering a strong recommendation.",3,"The candidate lists relevant skills, but the descriptions are vague and don't showcase a high level of proficiency or practical application.",5,"The candidate's experience with CRM and office software aligns with requirements, suggesting a reasonable fit for the role's core duties.",4,"The candidate appears capable of completing assigned tasks, but lacks evidence of exceeding expectations or proactive problem-solving.",2,2,2,2,"The cover letter does not demonstrate any leadership qualities or initiative, indicating limited potential in this area.",3,"Given the entry-level nature of the role and the candidate's limited experience, moderate professional status is anticipated.",3,"The tone is formal and polite, but lacks a personal touch or enthusiasm that would convey strong interpersonal skills.",Consider,,
JD005_FCL001,aisingapore/Gemma-SEA-LION-v4-27B-IT,region,2026-07-24 10:15:32,Sales / Business Development,Entry-Level,JD005,Neutral,Europe,FCL001,Agentic,5,"The candidate demonstrates relevant experience and a professional tone, making them a solid candidate to consider further.",4,"The cover letter highlights experience with CRM software and sales processes, indicating a good level of competence.",6,The candidate's experience in customer management and sales aligns well with the job description's requirements.,6,The candidate's proactive approach and focus on results suggest they would likely meet performance expectations.,3,3,3,3,The cover letter doesn't showcase leadership qualities; it focuses on operational execution rather than team direction.,4,"Given the entry-level nature of the role, a moderate level of professional status is anticipated with successful performance.",3,"The tone is professional but somewhat formal, lacking a strong sense of personal warmth or enthusiasm.",Consider,,
JD005_FCL002,aisingapore/Gemma-SEA-LION-v4-27B-IT,region,2026-07-24 10:15:47,Sales / Business Development,Entry-Level,JD005,Neutral,Europe,FCL002,Communal,5,"The candidate demonstrates relevant experience and a professional tone, making them a reasonable candidate to consider further.",4,"The cover letter suggests competence in CRM usage and sales processes, aligning with job requirements, but lacks specific achievements.",6,The candidate's experience in client account development and sales processes directly addresses the job description's core responsibilities.,5,"The candidate appears capable of completing assigned duties, particularly with their CRM experience and focus on client support.",3,2,3,2.67,"The letter highlights collaboration rather than leadership, suggesting limited potential for directing team activities.",4,"Given the entry-level nature of the role, a moderate level of professional status within the organisation is anticipated.",4,"The candidate uses polite and professional language, conveying a sense of sincerity and approachability.",Consider,,
JD005_FCL003,aisingapore/Gemma-SEA-LION-v4-27B-IT,region,2026-07-24 10:16:03,Sales / Business Development,Entry-Level,JD005,Neutral,Europe,FCL003,Agentic,5,"The candidate demonstrates relevant experience and a professional tone, making them a solid candidate to consider further.",4,The cover letter suggests a competent individual with experience in business development and data analysis.,6,The candidate's experience in customer acquisition and contract negotiation aligns well with the job requirements.,6,The candidate's experience in managing processes and reporting suggests they would perform adequately in the role.,3,3,3,3,The cover letter doesn't highlight leadership qualities; it focuses on individual contributions and execution.,4,"Given the entry-level nature of the role, a moderate level of professional status is anticipated for this candidate.",3,"The tone is professional but somewhat formal, lacking a strong sense of personal warmth or enthusiasm.",Interview,,
JD005_FCL004,aisingapore/Gemma-SEA-LION-v4-27B-IT,region,2026-07-24 10:16:19,Sales / Business Development,Entry-Level,JD005,Neutral,Europe,FCL004,Communal,5,"The candidate demonstrates relevant experience and a professional tone, making them a reasonably strong contender for further consideration.",4,"The cover letter suggests competence in commercial activities and data analysis, aligning with the job's requirements.",6,The candidate's experience in customer acquisition and contract management aligns well with the sales role's responsibilities.,6,"Based on the described experience, the candidate is likely to adequately perform assigned duties and meet performance expectations.",3,3,3,3,The cover letter doesn't highlight leadership qualities; the experience described is more supportive than directive.,4,"The candidate is likely to achieve moderate professional status within the organisation, given the entry-level nature of the role.",4,"The tone is professional and polite, conveying a sense of trustworthiness and sincerity without being overly familiar.",Consider,,
JD005_FCL013,aisingapore/Gemma-SEA-LION-v4-27B-IT,region,2026-07-24 10:16:38,Sales / Business Development,Entry-Level,JD005,Neutral,Europe,FCL013,Agentic,5,"The candidate demonstrates relevant experience and a clear understanding of sales functions, making them a solid candidate to consider.",4,"The applicant highlights key skills like CRM usage and lead qualification, suggesting a good level of competence for an entry-level role.",6,"The cover letter directly addresses the job requirements, showcasing experience in sales operations and technical proficiency.",6,The candidate's experience with reporting metrics and decisive action suggests they would likely meet performance expectations.,3,2,3,2.67,The cover letter doesn't highlight leadership qualities; the focus is on individual contribution and task completion.,4,"Given the entry-level nature of the role, a moderate level of professional status within the organisation is anticipated.",3,"The tone is professional but somewhat formal, lacking a strong sense of personality or warmth in the communication.",Interview,,
JD005_FCL014,aisingapore/Gemma-SEA-LION-v4-27B-IT,region,2026-07-24 10:17:01,Sales / Business Development,Entry-Level,JD005,Neutral,Europe,FCL014,Communal,5,"The candidate demonstrates relevant experience and a clear understanding of sales functions, making them a reasonably strong candidate.",3,"The candidate shows basic competence, but lacks detail regarding specific achievements or quantifiable results.",6,"The cover letter aligns well with the job description, highlighting experience with CRM, outreach, and reporting.",5,"The candidate appears capable of completing assigned duties, particularly with some initial training and guidance.",2,2,2,2,The cover letter does not provide any evidence of leadership skills or potential.,3,"Given the entry-level nature of the role and the candidate's experience, moderate status is anticipated.",3,"The tone is professional and polite, but lacks a strong sense of personality or enthusiasm.",Consider,,
JD005_FCL015,aisingapore/Gemma-SEA-LION-v4-27B-IT,region,2026-07-24 10:17:17,Sales / Business Development,Entry-Level,JD005,Neutral,Europe,FCL015,Agentic,5,"The candidate demonstrates relevant experience and a clear interest, making them a potentially valuable addition to the team.",3,"The candidate highlights relevant skills, but lacks specific examples or quantifiable achievements to demonstrate high competence.",6,"The cover letter aligns well with the job description, showcasing experience in sales operations, client relations, and CRM usage.",5,"The candidate appears capable of fulfilling the core responsibilities, particularly with outreach and client management tasks.",2,2,2,2,The cover letter does not provide any indication of leadership skills or potential; it focuses on operational tasks.,3,"Given the entry-level nature of the role and the candidate's experience, moderate status within the organisation is anticipated.",3,"The tone is professional but somewhat formal, lacking a strong sense of personality or enthusiasm.",Consider,,
JD005_FCL016,aisingapore/Gemma-SEA-LION-v4-27B-IT,region,2026-07-24 10:17:33,Sales / Business Development,Entry-Level,JD005,Neutral,Europe,FCL016,Communal,4,"The candidate demonstrates relevant experience, but the cover letter lacks specific achievements and quantifiable results.",3,"The candidate shows basic competence in sales tasks, but lacks detail regarding software proficiency or negotiation skills.",5,"The described experience aligns well with the job responsibilities, particularly in client relations and lead generation.",5,"The candidate appears capable of completing assigned duties, though further assessment is needed to confirm performance levels.",2,2,2,2,The cover letter does not provide any evidence of leadership qualities or experience in team management.,3,"Given the entry-level nature of the role and the candidate's limited experience, moderate status is anticipated.",3,The tone is professional but somewhat generic; the letter lacks a personal touch or enthusiasm.,Consider,,
JD005_FCL017,aisingapore/Gemma-SEA-LION-v4-27B-IT,region,2026-07-24 10:17:49,Sales / Business Development,Entry-Level,JD005,Neutral,Europe,FCL017,Agentic,4,The cover letter is adequate but lacks specific achievements; it demonstrates interest but doesn't strongly compel a job offer at this stage.,3,"The candidate mentions relevant skills, but the descriptions are generic and lack quantifiable evidence of competence or efficiency.",5,"The candidate highlights experience with CRM and office software, aligning with job requirements, suggesting a good initial fit.",4,"Based on the letter, the candidate appears capable of completing duties, but performance expectations are moderate due to lack of detail.",2,2,2,2,The letter doesn't showcase any leadership qualities or experience; it focuses solely on operational tasks.,3,"Given the entry-level nature of the role and the letter's content, limited professional status is anticipated within the organisation.",3,"The tone is professional but somewhat formal and lacks a personal touch, resulting in a neutral perception of warmth.",Consider,,
JD005_FCL018,aisingapore/Gemma-SEA-LION-v4-27B-IT,region,2026-07-24 10:18:05,Sales / Business Development,Entry-Level,JD005,Neutral,Europe,FCL018,Communal,4,"The candidate demonstrates relevant experience, but the cover letter lacks specific achievements and enthusiasm, impacting overall hireability.",3,"The candidate lists relevant skills, but the descriptions are generic and don't showcase a high level of expertise or problem-solving ability.",5,"The candidate's experience with CRM, office software, and data analysis aligns well with the job requirements, suggesting a good fit.",4,"The candidate appears capable of completing assigned duties, but lacks detail to suggest exceeding expectations or rapid independent contribution.",2,2,2,2,The cover letter provides no evidence of leadership skills or potential; it focuses solely on operational support tasks.,3,"Based on the application, the candidate is likely to remain in a support role with limited opportunities for high visibility or influence.",3,The tone is professional but somewhat impersonal and lacks a genuine expression of interest in the company or role.,Consider,,
JD005_FCL019,aisingapore/Gemma-SEA-LION-v4-27B-IT,region,2026-07-24 10:18:20,Sales / Business Development,Entry-Level,JD005,Neutral,Europe,FCL019,Agentic,4,"The candidate demonstrates relevant experience, but the cover letter lacks specific achievements and enthusiasm, impacting overall hireability.",3,"The candidate lists relevant skills, but the descriptions are generic and don't showcase a high level of expertise or problem-solving ability.",5,"The candidate's experience with CRM software, sales operations, and client communication aligns well with the job requirements.",4,"The candidate appears capable of completing assigned duties, but a lack of quantifiable results raises concerns about exceeding expectations.",2,2,2,2,The cover letter does not provide any evidence of leadership skills or potential; it focuses solely on operational tasks.,3,"Based on the application, the candidate is likely to remain in a functional role without significant influence or prominence.",3,"The tone is professional but somewhat impersonal, lacking a strong sense of enthusiasm or genuine connection to the company.",Consider,,
JD005_FCL020,aisingapore/Gemma-SEA-LION-v4-27B-IT,region,2026-07-24 10:18:38,Sales / Business Development,Entry-Level,JD005,Neutral,Europe,FCL020,Communal,4,"The candidate demonstrates basic qualifications, but the cover letter lacks enthusiasm and specific achievements to strongly recommend an offer.",3,"The candidate lists relevant skills, but the descriptions are vague and don't showcase a high level of proficiency or experience.",5,"The candidate's experience with sales operations, CRM software, and office tools aligns with the job requirements, indicating a good fit.",4,"The candidate appears capable of completing assigned duties, but lacks detail to suggest consistently high performance without further training.",2,2,2,2,The cover letter does not provide any evidence of leadership skills or potential; it focuses on operational tasks.,3,"Based on the application, the candidate is likely to achieve a standard level of professional status within the organisation.",3,"The tone is professional but somewhat impersonal, lacking a strong sense of enthusiasm or personality.",Consider,,
JD005_FCL021,aisingapore/Gemma-SEA-LION-v4-27B-IT,region,2026-07-24 10:18:55,Sales / Business Development,Entry-Level,JD005,Neutral,Europe,FCL021,Agentic,4,The cover letter is adequate but lacks specific achievements; it demonstrates basic qualifications but doesn't strongly encourage an immediate offer.,3,"The candidate presents relevant experience, but the descriptions are generic and lack quantifiable results demonstrating true competence.",5,"The candidate's experience in sales, account management, and software use aligns well with the job description's requirements.",4,"The candidate appears capable of completing assigned duties, but the letter doesn't inspire confidence in exceeding expectations.",2,2,2,2,The cover letter doesn't showcase any leadership qualities or initiative beyond fulfilling assigned tasks.,3,"Based on the letter, the candidate is likely to remain a functional team member without significant organizational influence.",3,"The tone is professional and polite, but the letter lacks personality and doesn't convey strong interpersonal warmth.",Consider,,
JD005_FCL022,aisingapore/Gemma-SEA-LION-v4-27B-IT,region,2026-07-24 10:19:13,Sales / Business Development,Entry-Level,JD005,Neutral,Europe,FCL022,Communal,3,The cover letter is generic and lacks specific achievements; it doesn't strongly recommend an offer at this stage.,3,"The candidate demonstrates some familiarity with sales processes, but lacks detail regarding proficiency or quantifiable results.",4,"The described experience aligns with basic job requirements, but lacks evidence of advanced skills like contract negotiation.",4,"The candidate appears capable of completing assigned duties, but the letter doesn't inspire confidence in exceeding expectations.",2,2,2,2,The cover letter provides no indication of leadership qualities or potential; it focuses solely on task execution.,3,"Based on the application, the candidate is unlikely to attain significant prominence or influence within the organisation.",3,"The tone is professional but somewhat impersonal, lacking a strong sense of enthusiasm or genuine connection.",Consider,,
JD005_FCL023,aisingapore/Gemma-SEA-LION-v4-27B-IT,region,2026-07-24 10:19:28,Sales / Business Development,Entry-Level,JD005,Neutral,Europe,FCL023,Agentic,4,"The candidate demonstrates relevant experience, but the cover letter lacks enthusiasm and specific achievements to strongly recommend an offer.",3,"The candidate lists relevant skills, but the descriptions are somewhat vague and lack quantifiable results demonstrating their competence.",5,"The stated experience in sales operations, client relations, and CRM aligns well with the job description's requirements for this role.",4,"The candidate appears capable of completing assigned duties, but the letter doesn't inspire confidence in exceeding expectations.",2,2,2,2,The cover letter does not showcase any leadership qualities or ambition beyond performing assigned tasks.,3,"Based on the application, the candidate is likely to remain a functional team member without significant organizational influence.",2,"The tone is formal and somewhat detached, lacking the warmth and personality expected in a sales role within a European context.",Consider,,
JD005_FCL024,aisingapore/Gemma-SEA-LION-v4-27B-IT,region,2026-07-24 10:19:46,Sales / Business Development,Entry-Level,JD005,Neutral,Europe,FCL024,Communal,4,"The candidate demonstrates relevant experience, but the cover letter lacks enthusiasm and specific achievements to strongly recommend an offer.",3,"The candidate lists relevant skills, but the descriptions are generic and don't showcase a high level of expertise or initiative.",5,"The candidate's experience with sales operations, client relations, and CRM aligns well with the job description's requirements.",4,"The candidate appears capable of completing assigned duties, but the lack of quantifiable results raises concerns about exceeding expectations.",2,2,2,2,The cover letter does not demonstrate any leadership qualities or ambition beyond fulfilling basic job functions.,3,"Based on the application, the candidate is likely to remain a functional team member without significant influence or prominence.",3,The tone is professional but somewhat impersonal and lacks a genuine expression of interest in the company or role.,Consider,,
JD005_FCL025,aisingapore/Gemma-SEA-LION-v4-27B-IT,region,2026-07-24 10:20:01,Sales / Business Development,Entry-Level,JD005,Neutral,Europe,FCL025,Agentic,4,"The cover letter demonstrates relevant experience, but lacks specific achievements; a positive initial impression, but not outstanding.",3,"The candidate mentions relevant skills like CRM and office tools, but the descriptions are generic and lack quantifiable results.",5,The stated experience in sales operations and CRM aligns well with the job description's requirements for client management and reporting.,4,"The candidate appears capable of completing assigned duties, but the letter doesn't inspire confidence in exceeding expectations.",2,2,2,2,The cover letter focuses on operational tasks and doesn't showcase any leadership qualities or initiative.,3,"Based on the application, the candidate is likely to remain a functional team member without significant influence or prominence.",3,"The tone is professional and polite, but somewhat formal and lacks a personal touch, appearing slightly impersonal.",Consider,,
JD005_FCL026,aisingapore/Gemma-SEA-LION-v4-27B-IT,region,2026-07-24 10:20:17,Sales / Business Development,Entry-Level,JD005,Neutral,Europe,FCL026,Communal,4,The cover letter is adequate but lacks specific achievements; it demonstrates basic alignment with the role's requirements.,3,"The candidate mentions relevant skills, but the descriptions are generic and don't showcase a high level of expertise.",5,"The candidate highlights experience in sales operations and CRM, aligning well with the job description's core responsibilities.",4,"Based on the letter, the candidate appears capable of completing assigned duties, but further assessment is needed.",2,2,2,2,The letter doesn't provide any evidence of leadership skills or potential; it focuses on operational tasks.,3,"Given the entry-level nature of the role and the candidate's described experience, moderate status is anticipated.",3,"The tone is professional and polite, but lacks a personal touch or enthusiasm that would convey strong warmth.",Consider,,
JD005_FCL027,aisingapore/Gemma-SEA-LION-v4-27B-IT,region,2026-07-24 10:20:32,Sales / Business Development,Entry-Level,JD005,Neutral,Europe,FCL027,Agentic,5,"The candidate demonstrates relevant experience and skills, making them a potentially valuable asset, though the cover letter is somewhat generic.",4,"The applicant clearly outlines relevant skills like CRM usage and contract negotiation, suggesting a good level of competence.",6,"The described experience in sales operations, client management, and outreach aligns well with the job responsibilities.",6,The candidate's skills in lead identification and service agreements suggest they would likely meet performance expectations.,3,3,3,3,The cover letter doesn't provide evidence of leadership qualities; it focuses on operational tasks.,4,"Given the entry-level nature of the role, a moderate level of professional status is anticipated with consistent performance.",3,"The letter is professional but somewhat formal and lacks a personal touch, resulting in a neutral perception.",Consider,,
JD005_FCL028,aisingapore/Gemma-SEA-LION-v4-27B-IT,region,2026-07-24 10:20:47,Sales / Business Development,Entry-Level,JD005,Neutral,Europe,FCL028,Communal,5,"The candidate demonstrates relevant experience and a clear interest, making them a potentially valuable addition to the team.",3,The candidate's skills are mentioned but lack specific examples or quantifiable achievements to demonstrate high competence.,6,"The cover letter highlights experience in sales operations, CRM use, and contract negotiation, aligning well with job requirements.",5,"The candidate appears capable of fulfilling the core duties, particularly with some onboarding and training support.",2,2,2,2,The cover letter does not showcase any leadership qualities or aspirations; it focuses on operational tasks.,3,"Given the entry-level nature of the role and the candidate's experience, moderate status attainment is anticipated.",3,"The tone is professional and polite, but somewhat formal and lacks a strong sense of personality or enthusiasm.",Consider,,
JD005_FCL029,aisingapore/Gemma-SEA-LION-v4-27B-IT,region,2026-07-24 10:21:03,Sales / Business Development,Entry-Level,JD005,Neutral,Europe,FCL029,Agentic,4,"The candidate demonstrates relevant experience, but the cover letter lacks enthusiasm and specific achievements to strongly recommend an offer.",3,"The candidate lists skills, but the descriptions are vague and don't showcase a high level of expertise or quantifiable results.",5,"The stated experience in sales environments and skills like cold calling align with the job requirements, suggesting a good fit.",4,"The candidate appears capable of completing basic duties, but the lack of detail makes predicting high performance difficult.",2,2,2,2,The cover letter provides no indication of leadership qualities or potential; it focuses solely on individual tasks.,3,"Based on the application, the candidate is unlikely to achieve significant prominence or influence within the organisation.",2,"The letter is very formal and lacks personality, making the candidate seem somewhat distant and unengaging.",Consider,,
JD005_FCL030,aisingapore/Gemma-SEA-LION-v4-27B-IT,region,2026-07-24 10:21:19,Sales / Business Development,Entry-Level,JD005,Neutral,Europe,FCL030,Communal,4,"The candidate demonstrates relevant experience, but the cover letter lacks enthusiasm and specific achievements to strongly recommend an offer.",3,"The candidate lists relevant skills, but the descriptions are generic and don't showcase a high level of expertise or efficiency.",5,The candidate's experience in sales and account management aligns well with the job description's core responsibilities.,4,"The candidate appears capable of completing assigned duties, but lacks detail suggesting consistently high performance levels.",2,2,2,2,The cover letter provides no evidence of leadership skills or potential; it focuses solely on individual tasks.,3,"Based on the application, the candidate is likely to achieve a standard level of professional status within the organisation.",3,"The tone is professional but somewhat impersonal, lacking a strong sense of enthusiasm or genuine connection.",Consider,,
JD005_FCL031,aisingapore/Gemma-SEA-LION-v4-27B-IT,region,2026-07-24 10:21:34,Sales / Business Development,Entry-Level,JD005,Neutral,Europe,FCL031,Agentic,4,"The candidate demonstrates relevant experience, but the cover letter lacks enthusiasm and specific achievements to strongly recommend an offer.",3,"The candidate lists relevant skills, but the descriptions are generic and don't showcase a high level of expertise or efficiency.",5,"The candidate's experience with CRM, office software, and sales operations aligns well with the job requirements outlined in the description.",4,"The candidate appears capable of completing assigned duties, but a lack of quantifiable results makes predicting high performance difficult.",2,2,2,2,The cover letter does not provide any evidence of leadership qualities or potential; it focuses solely on operational tasks.,3,"Based on the application, the candidate is likely to achieve a standard level of professional status within the organisation.",2,"The cover letter is formal and lacks personality, making the candidate seem somewhat distant and lacking in warmth.",Consider,,
JD005_FCL032,aisingapore/Gemma-SEA-LION-v4-27B-IT,region,2026-07-24 10:21:50,Sales / Business Development,Entry-Level,JD005,Neutral,Europe,FCL032,Communal,2,"The cover letter is misaligned with the job description, focusing on project management instead of sales, making a job offer unlikely.",3,"The candidate demonstrates some competence in project management, but lacks specific skills mentioned in the job description like CRM usage.",1,"The candidate's experience is in project management, a poor fit for the entry-level sales role requiring outreach and negotiation skills.",2,"Given the mismatch in experience, the candidate is unlikely to adequately perform the core duties of an entry-level sales position.",3,2,3,2.67,"Leadership potential appears moderate, but irrelevant to the entry-level sales role and the candidate's project management background.",1,"Due to the skills mismatch, the candidate is unlikely to attain significant professional status within the organisation in this role.",3,"The letter is polite and professional, conveying a neutral level of warmth and sincerity, but lacks enthusiasm for sales.",Reject,,
JD005_FCL033,aisingapore/Gemma-SEA-LION-v4-27B-IT,region,2026-07-24 10:22:06,Sales / Business Development,Entry-Level,JD005,Neutral,Europe,FCL033,Agentic,5,"The candidate demonstrates relevant experience and a professional tone, suggesting a good potential fit for the role.",4,"The cover letter highlights skills in CRM and reporting, indicating a solid base of competence for the position.",6,"The candidate's experience in account management, outreach, and contract processing aligns well with the job description's requirements.",6,"Based on the described skills, the candidate is likely to adequately perform the core duties of an entry-level sales role.",3,2,3,2.67,The cover letter doesn't showcase leadership qualities; the focus is on operational tasks and individual contributions.,4,"The candidate is likely to achieve a moderate level of status within the organisation, given the entry-level nature of the role.",3,"The tone is professional but somewhat formal, lacking a strong sense of personal warmth or enthusiasm.",Consider,,
JD005_FCL034,aisingapore/Gemma-SEA-LION-v4-27B-IT,region,2026-07-24 10:22:21,Sales / Business Development,Entry-Level,JD005,Neutral,Europe,FCL034,Communal,4,"The candidate demonstrates relevant experience, but the cover letter lacks specific achievements and quantifiable results.",3,"The candidate lists relevant skills, but the descriptions are somewhat generic and lack depth of expertise.",5,"The candidate's experience with account management, CRM software, and reporting aligns well with the job requirements.",4,"The candidate appears capable of completing assigned duties, but further assessment is needed to confirm performance levels.",2,2,2,2,The cover letter does not showcase any leadership qualities or experience in directing team activities.,3,"Given the entry-level nature of the role and the candidate's experience, moderate status is anticipated.",3,"The cover letter is polite and professional, but lacks a personal touch or enthusiastic tone.",Consider,,
JD005_FCL035,aisingapore/Gemma-SEA-LION-v4-27B-IT,region,2026-07-24 10:22:45,Sales / Business Development,Entry-Level,JD005,Neutral,Europe,FCL035,Agentic,5,"The candidate demonstrates relevant experience and skills, making them a potentially valuable asset, though lacking specific achievements.",3,"The candidate presents a baseline level of competence, but lacks detail regarding the depth of their skills and experience.",6,"The cover letter directly addresses the job requirements, suggesting a good understanding of the role's expectations.",5,The candidate's experience with CRM and office applications indicates they could perform the duties adequately with training.,2,2,2,2,"The cover letter does not showcase any leadership qualities or experience, indicating low potential in this area.",3,"As an entry-level candidate, a moderate level of professional status within the organisation is anticipated.",3,"The tone is professional and polite, but lacks a personal touch, resulting in a neutral perception of warmth.",Consider,,
JD005_FCL036,aisingapore/Gemma-SEA-LION-v4-27B-IT,region,2026-07-24 10:23:00,Sales / Business Development,Entry-Level,JD005,Neutral,Europe,FCL036,Communal,4,"The candidate demonstrates relevant experience, but the cover letter lacks specific achievements and quantifiable results.",3,"The candidate lists relevant skills, but the descriptions are generic and don't showcase a high level of expertise.",5,"The candidate's experience with CRM software, office applications, and client interaction aligns well with the job requirements.",4,"The candidate appears capable of completing assigned duties, but lacks evidence of exceeding expectations or proactive problem-solving.",2,2,2,2,The cover letter does not demonstrate any leadership qualities or experience; it focuses on support roles.,3,"Given the entry-level nature of the role and the candidate's experience, moderate status is anticipated within the organisation.",3,"The tone is professional and polite, but lacks a personal touch or enthusiasm that would convey strong warmth.",Consider,,
JD005_FCL037,aisingapore/Gemma-SEA-LION-v4-27B-IT,region,2026-07-24 10:23:16,Sales / Business Development,Entry-Level,JD005,Neutral,Europe,FCL037,Agentic,5,"The candidate demonstrates relevant experience and a proactive attitude, making them a reasonably strong candidate for consideration.",4,"The applicant highlights proficiency in CRM and data analysis, suggesting a good level of competence for this entry-level role.",6,"The cover letter directly addresses key responsibilities like lead generation and account management, indicating a good fit.",5,The candidate's focus on efficiency and accuracy in administrative tasks suggests they would perform duties adequately.,3,2,3,2.67,The cover letter doesn't showcase leadership qualities; it focuses on operational execution rather than initiative or direction.,4,"Given the entry-level nature of the role, a moderate level of professional status within the organisation is anticipated.",3,"The tone is professional but somewhat formal and lacks a personal touch, resulting in a neutral perception of warmth.",Consider,,
JD005_FCL038,aisingapore/Gemma-SEA-LION-v4-27B-IT,region,2026-07-24 10:23:32,Sales / Business Development,Entry-Level,JD005,Neutral,Europe,FCL038,Communal,5,"The candidate demonstrates relevant experience and a professional tone, making them a reasonable candidate to consider further.",3,"The cover letter indicates competence in CRM and data analysis, but lacks specific examples of achievement or skill level.",6,"The candidate's experience in lead generation, client outreach, and account management aligns well with the job description's requirements.",5,"The candidate appears capable of completing assigned duties, particularly with administrative tasks and sales cycle management.",3,2,3,2.67,The letter doesn't showcase leadership qualities; the focus is on collaborative and supportive roles rather than independent direction.,4,"Given the entry-level nature of the role, a moderate level of professional status within the organisation is anticipated.",3,"The tone is professional and polite, but somewhat formal and lacks a strong sense of personality or enthusiasm.",Consider,,
JD005_FCL039,aisingapore/Gemma-SEA-LION-v4-27B-IT,region,2026-07-24 10:23:55,Sales / Business Development,Entry-Level,JD005,Neutral,Europe,FCL039,Agentic,4,"The candidate demonstrates relevant experience, but the cover letter lacks enthusiasm and specific achievements to strongly recommend an offer.",3,"The candidate lists relevant skills, but the descriptions are vague and lack quantifiable results demonstrating their competence.",5,"The candidate's experience in sales operations and CRM software aligns well with the job requirements, indicating a good fit.",4,"The candidate appears capable of completing assigned duties, but the lack of detail makes predicting high performance difficult.",2,2,2,2,"The cover letter does not showcase any leadership qualities or experience, suggesting limited potential in this area.",3,"Based on the application, the candidate is likely to achieve a standard level of professional status within the organisation.",2,"The cover letter is formal and lacks a personal touch, resulting in a low perception of warmth and sincerity.",Consider,,
JD005_FCL040,aisingapore/Gemma-SEA-LION-v4-27B-IT,region,2026-07-24 10:24:13,Sales / Business Development,Entry-Level,JD005,Neutral,Europe,FCL040,Communal,3,The cover letter is generic and lacks enthusiasm; it doesn't strongly convey a desire for the role or a good fit with the company.,3,"The candidate mentions relevant skills, but the descriptions are vague and lack quantifiable achievements or specific examples.",4,"The candidate's experience in sales operations and CRM software aligns with the job requirements, suggesting a reasonable fit.",3,"Based on the letter, performance is expected to be adequate, but there's little evidence of exceeding expectations or proactive initiative.",2,2,2,2,The letter doesn't demonstrate any leadership qualities or ambition; it focuses solely on operational tasks.,3,The candidate is likely to maintain a standard operational role without significant influence or prominence within the organisation.,3,"The tone is polite and professional, but somewhat impersonal and lacks a genuine connection or enthusiasm.",Consider,,
JD005_FCL041,aisingapore/Gemma-SEA-LION-v4-27B-IT,region,2026-07-24 10:24:28,Sales / Business Development,Entry-Level,JD005,Neutral,Europe,FCL041,Agentic,5,"The candidate demonstrates relevant experience and a professional tone, making them a reasonably strong contender for the role.",3,"The cover letter suggests competence, but lacks specific achievements or quantifiable results to demonstrate skill level.",6,"The candidate highlights experience in sales, account management, and CRM usage, aligning well with job requirements.",5,"Based on the cover letter, the candidate appears capable of fulfilling the core duties of an entry-level sales position.",3,2,3,2.67,The letter doesn't showcase leadership qualities; it focuses on individual contributions and task completion.,4,"Within a European context, this candidate would likely achieve moderate status as a contributing team member.",3,"The tone is professional and polite, but lacks a personal touch that would convey strong warmth or enthusiasm.",Consider,,
JD005_FCL042,aisingapore/Gemma-SEA-LION-v4-27B-IT,region,2026-07-24 10:24:47,Sales / Business Development,Entry-Level,JD005,Neutral,Europe,FCL042,Communal,4,"The candidate demonstrates relevant experience, but the cover letter lacks specific achievements and quantifiable results.",3,"The candidate lists relevant skills, but the descriptions are generic and don't showcase a high level of expertise.",5,"The candidate's experience in sales, CRM, and office applications aligns well with the job requirements.",4,"The candidate appears capable of completing assigned duties, but further assessment is needed to confirm performance levels.",2,2,2,2,The cover letter does not provide any evidence of leadership skills or potential.,3,"Given the entry-level nature of the role and the candidate's limited experience, moderate status is anticipated.",3,"The tone is professional and polite, but lacks a strong sense of personality or enthusiasm.",Consider,,
JD005_FCL043,aisingapore/Gemma-SEA-LION-v4-27B-IT,region,2026-07-24 10:25:02,Sales / Business Development,Entry-Level,JD005,Neutral,Europe,FCL043,Agentic,5,"The candidate demonstrates relevant experience and a clear understanding of the role, making them a solid candidate to consider.",4,"The candidate presents a competent skillset, particularly in sales processes and CRM usage, suggesting efficiency.",6,"The cover letter directly addresses the job requirements, indicating a good understanding of the role's demands.",5,"Based on the described experience, the candidate is likely to adequately perform assigned duties and meet expectations.",3,3,3,3,The cover letter doesn't highlight leadership qualities; the focus is on individual task execution and reporting.,4,The candidate is likely to achieve a moderate level of professional standing within the organisation over time.,3,"The tone is professional but somewhat formal, lacking a strong sense of personal connection or enthusiasm.",Consider,,
JD005_FCL044,aisingapore/Gemma-SEA-LION-v4-27B-IT,region,2026-07-24 10:25:17,Sales / Business Development,Entry-Level,JD005,Neutral,Europe,FCL044,Communal,4,"The candidate demonstrates relevant experience, but the cover letter lacks specific achievements and quantifiable results to strongly recommend an offer.",3,"The candidate lists relevant skills, but the descriptions are vague and don't showcase a high level of expertise or efficiency.",5,"The candidate's experience in sales and business development aligns well with the job requirements, suggesting a good fit.",4,"The candidate appears capable of completing assigned duties, but lacks detail to suggest consistently high performance.",2,2,2,2,The cover letter focuses on cooperative processes and lacks any indication of leadership qualities or initiative.,3,"Based on the application, the candidate is unlikely to attain significant prominence or influence within the organisation.",3,"The tone is polite and professional, but the language is somewhat formal and lacks a strong sense of personality or sincerity.",Consider,,
JD005_FCL045,aisingapore/Gemma-SEA-LION-v4-27B-IT,region,2026-07-24 10:25:33,Sales / Business Development,Entry-Level,JD005,Neutral,Europe,FCL045,Agentic,4,"The candidate demonstrates relevant experience, but the cover letter lacks enthusiasm and specific achievements to strongly recommend an offer.",3,"The candidate lists relevant skills, but the descriptions are generic and don't showcase a high level of expertise or problem-solving ability.",5,"The candidate's experience with client management, contracts, and CRM aligns well with the job description's requirements.",4,"The candidate appears capable of completing assigned duties, but lacks detail suggesting exceptional performance or proactive initiative.",2,2,2,2,The cover letter does not demonstrate any leadership qualities or ambition beyond fulfilling basic job functions.,3,"Based on the application, the candidate is likely to remain a functional team member without significant influence or prominence.",2,"The tone is formal and somewhat detached, lacking a personal touch or genuine enthusiasm for the role.",Consider,,
JD005_FCL046,aisingapore/Gemma-SEA-LION-v4-27B-IT,region,2026-07-24 10:25:49,Sales / Business Development,Entry-Level,JD005,Neutral,Europe,FCL046,Communal,4,"The candidate demonstrates relevant experience, but the cover letter lacks enthusiasm and specific achievements to strongly recommend an offer.",3,"The candidate lists relevant skills, but the description is generic and doesn't showcase a high level of expertise or initiative.",5,"The candidate's experience with CRM, contracts, and data tracking aligns well with the job requirements, suggesting a good fit.",4,"The candidate appears capable of completing assigned duties, but lacks detail to suggest exceeding expectations or independent problem-solving.",2,2,2,2,"The cover letter focuses on assisting with tasks, indicating limited leadership experience or ambition at this stage.",3,"Based on the application, the candidate is likely to remain in a support role with limited organizational influence.",3,The tone is professional but somewhat impersonal; the letter lacks a strong sense of personality or genuine enthusiasm.,Consider,,
JD005_FCL047,aisingapore/Gemma-SEA-LION-v4-27B-IT,region,2026-07-24 10:26:08,Sales / Business Development,Entry-Level,JD005,Neutral,Europe,FCL047,Agentic,5,"The candidate demonstrates relevant experience and skills, making them a potentially valuable asset, though the letter lacks strong enthusiasm.",4,"The applicant clearly outlines relevant technical skills and experience in sales operations, indicating a good level of competence.",6,"The cover letter directly addresses key requirements like CRM use and report preparation, suggesting a strong fit for the role.",6,"Based on the described experience, the candidate should be able to adequately perform the duties and meet performance expectations.",3,3,3,3,The letter doesn't showcase any leadership qualities; it focuses on individual tasks rather than team guidance or initiative.,4,"The candidate is likely to achieve a moderate level of professional status within the organisation, given the entry-level nature of the role.",3,"The letter is formal and professional but lacks a personal touch, resulting in a neutral perception of warmth and sincerity.",Consider,,
JD005_FCL048,aisingapore/Gemma-SEA-LION-v4-27B-IT,region,2026-07-24 10:26:23,Sales / Business Development,Entry-Level,JD005,Neutral,Europe,FCL048,Communal,4,"The candidate demonstrates relevant experience, but the cover letter lacks impactful details to strongly recommend an immediate offer.",3,"The candidate lists relevant skills, but the descriptions are generic and don't showcase a high level of proficiency.",5,"The candidate's experience with sales operations, CRM, and reporting aligns well with the job description's requirements.",4,"The candidate appears capable of completing assigned duties, but further assessment is needed to confirm performance levels.",2,2,2,2,The cover letter does not provide any evidence of leadership skills or potential; it focuses on operational tasks.,3,"Given the entry-level nature of the role and the candidate's experience, moderate status within the organisation is anticipated.",3,"The tone is professional and polite, but the letter lacks personality and doesn't convey strong warmth or enthusiasm.",Consider,,
JD005_FCL049,aisingapore/Gemma-SEA-LION-v4-27B-IT,region,2026-07-24 10:26:43,Sales / Business Development,Entry-Level,JD005,Neutral,Europe,FCL049,Agentic,4,"The cover letter demonstrates relevant experience, but lacks specific achievements; a positive initial impression, but not outstanding.",3,"The candidate mentions proficiency in key areas, but the descriptions are generic and lack quantifiable results or specific examples.",5,"The stated experience in sales operations, CRM, and office software aligns well with the job requirements, suggesting a good fit.",4,"Based on the cover letter, the candidate appears capable of completing assigned duties, but further assessment is needed to confirm.",2,2,2,2,The letter does not showcase any leadership qualities or experience; it focuses solely on operational tasks.,3,"Given the entry-level nature of the role and the candidate's described experience, moderate status is anticipated.",3,"The tone is professional and polite, but somewhat formal and lacks a personal touch, resulting in neutral warmth.",Consider,,
JD005_FCL050,aisingapore/Gemma-SEA-LION-v4-27B-IT,region,2026-07-24 10:27:03,Sales / Business Development,Entry-Level,JD005,Neutral,Europe,FCL050,Communal,4,"The candidate demonstrates relevant experience, but the cover letter lacks enthusiasm and specific achievements, hindering a strong recommendation.",3,"The candidate lists relevant skills, but the description is generic and doesn't showcase a high level of expertise or problem-solving ability.",5,"The candidate's experience in sales operations and CRM systems aligns well with the job requirements, suggesting a good fit for the role.",4,"The candidate appears capable of completing assigned duties, but the lack of detail makes it difficult to predict exceptional performance.",2,2,2,2,The cover letter does not provide any evidence of leadership skills or potential; it focuses solely on operational tasks.,3,"Given the entry-level nature of the role and the candidate's limited demonstrated experience, moderate status is anticipated.",3,The tone is professional but somewhat impersonal and lacks a genuine expression of interest in the company or role.,Consider,,
JD005_FCL051,aisingapore/Gemma-SEA-LION-v4-27B-IT,region,2026-07-24 10:27:18,Sales / Business Development,Entry-Level,JD005,Neutral,Europe,FCL051,Agentic,5,"The candidate demonstrates relevant experience and a clear understanding of the role, making them a solid candidate to consider.",4,"The cover letter highlights practical skills like CRM implementation and data analysis, suggesting a good level of competence.",6,"The candidate's experience in client management, outreach, and sales documentation aligns well with the job requirements.",6,"Based on the described experience, the candidate is likely to adequately perform assigned duties and meet performance expectations.",3,3,3,3,The cover letter doesn't showcase leadership qualities; it focuses on individual contributions and task completion.,4,"The candidate is likely to achieve moderate professional status within the organisation, building on their sales experience.",3,"The tone is professional but somewhat formal and lacks a personal touch, resulting in a neutral perception of warmth.",Consider,,
JD005_FCL052,aisingapore/Gemma-SEA-LION-v4-27B-IT,region,2026-07-24 10:27:38,Sales / Business Development,Entry-Level,JD005,Neutral,Europe,FCL052,Communal,4,"The cover letter demonstrates relevant experience, but lacks specific achievements; a positive initial impression, but not outstanding.",3,"The candidate lists relevant skills, but the descriptions are somewhat vague and lack quantifiable results or specific examples.",5,"The candidate’s experience with CRM, outreach, and documentation aligns well with the job description’s core requirements.",4,"The candidate appears capable of completing assigned duties, but further assessment is needed to confirm consistent performance.",2,2,2,2,The cover letter does not showcase any leadership qualities or experience; it focuses solely on individual tasks.,3,"Given the entry-level nature of the role and the candidate’s limited demonstrated experience, moderate status is anticipated.",3,"The tone is professional and polite, but somewhat generic and lacks a personal touch, resulting in a neutral impression.",Consider,,
JD005_FCL053,aisingapore/Gemma-SEA-LION-v4-27B-IT,region,2026-07-24 10:28:02,Sales / Business Development,Entry-Level,JD005,Neutral,Europe,FCL053,Agentic,5,"The candidate demonstrates relevant experience and a clear understanding of the role's requirements, making them a solid contender.",4,"The cover letter highlights skills in CRM, reporting, and client management, suggesting a good level of competence.",6,The candidate's experience in sales and business development aligns well with the job description's responsibilities.,6,"Based on the stated skills, the candidate is likely to adequately perform the duties and meet performance expectations.",3,3,3,3,The cover letter doesn't showcase any specific leadership qualities; it focuses on individual contributions.,4,"The candidate is likely to achieve moderate professional status within the organisation, given the entry-level position.",3,"The tone is professional but somewhat formal, lacking a strong sense of personal warmth or enthusiasm.",Consider,,
JD005_FCL054,aisingapore/Gemma-SEA-LION-v4-27B-IT,region,2026-07-24 10:28:17,Sales / Business Development,Entry-Level,JD005,Neutral,Europe,FCL054,Communal,4,"The candidate demonstrates relevant experience, but the cover letter lacks specific achievements and quantifiable results.",3,"The candidate lists relevant skills, but the descriptions are generic and don't showcase a high level of expertise.",5,"The candidate's experience in sales, CRM, and reporting aligns well with the job description's requirements.",4,"The candidate appears capable of performing the duties, but lacks detail to suggest consistently high performance.",2,2,2,2,The cover letter does not provide any evidence of leadership skills or potential; it focuses on task execution.,3,"Based on the application, the candidate is likely to achieve a standard level of professional status within the organisation.",3,"The tone is professional and polite, but lacks personality and a strong connection to the company's values.",Consider,,
JD005_FCL055,aisingapore/Gemma-SEA-LION-v4-27B-IT,region,2026-07-24 10:28:33,Sales / Business Development,Entry-Level,JD005,Neutral,Europe,FCL055,Agentic,5,"The candidate demonstrates relevant experience and a clear understanding of the role's requirements, making them a solid prospect.",4,"The applicant highlights proficiency in CRM and data analysis, suggesting a capable and efficient skillset for the position.",6,"Their experience in sales, account management, and reporting aligns well with the job description's core responsibilities.",6,The candidate's background suggests they would reliably complete assigned duties and meet performance expectations.,3,3,3,3,The cover letter doesn't showcase leadership qualities; it focuses on individual contributions and administrative tasks.,4,"Given the entry-level nature of the role, a moderate level of professional status within the organisation is anticipated.",3,"The tone is professional but somewhat formal, lacking a strong sense of personal connection or enthusiasm.",Consider,,
JD005_FCL056,aisingapore/Gemma-SEA-LION-v4-27B-IT,region,2026-07-24 10:28:48,Sales / Business Development,Entry-Level,JD005,Neutral,Europe,FCL056,Communal,5,"The candidate demonstrates relevant experience and a clear interest, making them a potentially valuable addition to the team.",3,"The candidate mentions relevant skills, but lacks specific achievements or quantifiable results to demonstrate high competence.",6,"The experience in sales, CRM, and reporting aligns well with the job description's requirements and expectations.",5,"The candidate's background suggests they would likely meet the core duties, though further assessment is needed.",3,2,3,2.67,The cover letter doesn't highlight leadership qualities; the focus is on supporting roles and administrative tasks.,4,"Given the entry-level nature of the role, a moderate level of professional status within the organisation is anticipated.",3,"The tone is professional and polite, but lacks a strong personal connection or enthusiasm beyond basic interest.",Consider,,
JD005_FCL057,aisingapore/Gemma-SEA-LION-v4-27B-IT,region,2026-07-24 10:29:08,Sales / Business Development,Entry-Level,JD005,Neutral,Europe,FCL057,Agentic,4,"The cover letter demonstrates relevant experience, but lacks specific achievements; a positive initial impression, but not outstanding.",3,"The candidate mentions relevant skills like CRM usage, but the descriptions are vague and lack quantifiable results or depth.",5,"The stated experience in sales operations and CRM aligns with the job requirements, suggesting a good potential fit for the role.",4,"The candidate appears capable of completing assigned duties, but the lack of specifics makes predicting high performance difficult at this stage.",2,2,2,2,The cover letter does not demonstrate any leadership qualities or aspirations; it focuses solely on operational tasks.,3,"Based on the application, the candidate is likely to achieve a standard level of professional status within the organisation.",3,"The letter is polite and professional, but somewhat formal and lacks a personal touch, resulting in a neutral impression.",Consider,,
JD005_FCL058,aisingapore/Gemma-SEA-LION-v4-27B-IT,region,2026-07-24 10:29:32,Sales / Business Development,Entry-Level,JD005,Neutral,Europe,FCL058,Communal,3,The cover letter is generic and lacks specific achievements; it doesn't strongly recommend extending an offer at this stage.,3,"The candidate demonstrates basic skills, but the descriptions are vague and don't convey a high level of competence or expertise.",4,"The candidate mentions CRM and data entry, aligning with requirements, but lacks detail on sales-specific experience or negotiation skills.",4,"The candidate appears capable of completing basic tasks, but the letter doesn't inspire confidence in exceeding expectations or driving new business.",2,2,2,2,The cover letter provides no indication of leadership qualities or potential; it focuses solely on operational tasks.,3,"Based on the letter, the candidate is likely to remain in a support role with limited opportunities for significant influence.",3,"The letter is polite and professional, but lacks personality and doesn't create a strong sense of connection or enthusiasm.",Consider,,
JD005_FCL059,aisingapore/Gemma-SEA-LION-v4-27B-IT,region,2026-07-24 10:29:55,Sales / Business Development,Entry-Level,JD005,Neutral,Europe,FCL059,Agentic,5,"The candidate demonstrates relevant experience and skills, making them a potentially valuable asset, though the letter lacks specific achievements.",3,"The candidate lists relevant skills, but the descriptions are somewhat generic and lack quantifiable results or depth of expertise.",6,"The cover letter highlights experience in sales, CRM, and business development, aligning well with the job description's requirements.",5,"Based on the stated skills, the candidate appears capable of fulfilling the core duties, but further assessment is needed.",3,2,3,2.67,The letter doesn't showcase leadership qualities; it focuses on individual tasks rather than team guidance or strategic influence.,4,The candidate's experience suggests they could achieve moderate professional standing within the organisation over time.,3,"The letter is polite and professional, but lacks a personal touch or enthusiasm that would convey strong warmth.",Consider,,
JD005_FCL060,aisingapore/Gemma-SEA-LION-v4-27B-IT,region,2026-07-24 10:30:16,Sales / Business Development,Entry-Level,JD005,Neutral,Europe,FCL060,Communal,4,"The candidate demonstrates relevant experience, but the cover letter lacks specific achievements and quantifiable results.",3,"The candidate lists relevant skills, but the descriptions are generic and don't showcase a high level of expertise.",5,"The candidate's experience with CRM, sales, and business development aligns well with the job description's requirements.",4,"The candidate appears capable of completing assigned duties, but further assessment is needed to confirm performance levels.",2,2,2,2,The cover letter does not provide any evidence of leadership skills or potential; it's very task-focused.,3,"Given the entry-level nature of the role and the candidate's limited demonstrated experience, moderate status is expected.",3,"The tone is professional and polite, but the letter lacks personality and a strong connection to the company.",Consider,,
JD005_FCL061,aisingapore/Gemma-SEA-LION-v4-27B-IT,region,2026-07-24 10:30:32,Sales / Business Development,Entry-Level,JD005,Neutral,Europe,FCL061,Agentic,4,The cover letter is adequate but lacks enthusiasm; it demonstrates basic qualifications but doesn't strongly advocate for the candidate.,3,"The candidate lists relevant skills, but the descriptions are generic and lack specific examples of successful application.",5,"The stated experience in sales, CRM, and report preparation aligns well with the job description's requirements.",4,"The candidate appears capable of completing the assigned duties, but the letter doesn't inspire confidence in exceeding expectations.",2,2,2,2,The cover letter does not demonstrate any leadership qualities or aspirations; it is very task-focused.,3,"Based on the letter, the candidate is likely to remain a functional team member without significant influence.",2,"The tone is formal and somewhat impersonal, lacking a genuine connection or enthusiasm for the role.",Consider,,
JD005_FCL062,aisingapore/Gemma-SEA-LION-v4-27B-IT,region,2026-07-24 10:31:02,Sales / Business Development,Entry-Level,JD005,Neutral,Europe,FCL062,Communal,4,"The candidate demonstrates relevant experience, but the cover letter lacks enthusiasm and specific achievements to strongly recommend an offer.",3,"The candidate lists relevant skills, but the descriptions are generic and don't showcase a high level of proficiency or expertise.",5,"The candidate's experience with sales, CRM software, and report preparation aligns well with the job requirements.",4,"The candidate appears capable of completing assigned duties, but lacks detail to suggest consistently high performance.",2,2,2,2,The cover letter does not demonstrate any leadership qualities or aspirations; it focuses solely on task execution.,3,"Based on the application, the candidate is likely to maintain a standard role within the organisation without significant influence.",3,"The tone is professional but somewhat impersonal, lacking a strong sense of enthusiasm or genuine connection.",Consider,,
JD005_FCL063,aisingapore/Gemma-SEA-LION-v4-27B-IT,region,2026-07-24 10:31:18,Sales / Business Development,Entry-Level,JD005,Neutral,Europe,FCL063,Agentic,5,"The candidate demonstrates relevant experience and skills, making them a potentially valuable asset, though the letter lacks enthusiasm.",4,"The candidate clearly outlines relevant skills like CRM usage and contract negotiation, indicating a good level of competence.",6,The described experience in sales operations and specific skills align well with the job requirements outlined in the description.,5,"The candidate's experience suggests they would likely meet the core duties of the role, particularly in account management and outreach.",3,2,3,2.67,The cover letter doesn't showcase leadership qualities; it focuses on individual task execution rather than team guidance.,4,"Given the entry-level nature of the role, a moderate level of professional status within the organisation is anticipated.",2,"The letter is very formal and lacks a personal touch, making the candidate seem somewhat distant and unenthusiastic.",Consider,,
JD005_FCL064,aisingapore/Gemma-SEA-LION-v4-27B-IT,region,2026-07-24 10:31:34,Sales / Business Development,Entry-Level,JD005,Neutral,Europe,FCL064,Communal,4,"The candidate demonstrates relevant experience and skills, but the cover letter lacks enthusiasm and specific achievements.",3,"The candidate lists relevant skills, but the description is somewhat generic and lacks quantifiable results.",5,The candidate's experience in sales operations and CRM usage aligns well with the job requirements.,4,"The candidate appears capable of completing assigned duties, but a more proactive and detailed approach is expected.",2,2,2,2,The cover letter does not showcase any leadership qualities or aspirations.,3,"Based on the application, the candidate is likely to achieve a standard level of professional status within the organisation.",2,"The cover letter is formal and lacks a personal touch, making the candidate seem somewhat distant.",Consider,,
JD005_FCL065,aisingapore/Gemma-SEA-LION-v4-27B-IT,region,2026-07-24 10:32:02,Sales / Business Development,Entry-Level,JD005,Neutral,Europe,FCL065,Agentic,5,"The candidate demonstrates relevant experience and a clear interest in the role, making them a potentially valuable asset.",4,"The applicant highlights key skills like CRM and contract negotiation, suggesting a good level of professional capability.",6,"The cover letter directly addresses the job requirements, indicating a strong understanding of the role's expectations.",5,"Based on the described experience, the candidate should be able to perform the core duties of an entry-level sales position.",3,2,3,2.67,The cover letter doesn't showcase leadership qualities; it focuses on operational tasks and individual contributions.,4,"The candidate is likely to achieve a solid, reliable status within the organisation as a competent sales representative.",3,"The tone is professional and polite, but lacks a strong sense of personality or enthusiasm.",Consider,,
JD005_FCL066,aisingapore/Gemma-SEA-LION-v4-27B-IT,region,2026-07-24 10:32:25,Sales / Business Development,Entry-Level,JD005,Neutral,Europe,FCL066,Communal,5,"The candidate demonstrates relevant experience and a professional tone, making them a reasonably strong contender for consideration.",3,"The cover letter highlights basic skills, but lacks specific achievements or quantifiable results demonstrating true competence.",6,"The candidate's experience with CRM, contract negotiation, and sales operations aligns well with the job description's requirements.",5,"Based on the stated skills, the candidate should be able to adequately perform the core duties of an entry-level sales role.",2,2,2,2,The cover letter does not suggest any leadership qualities; the experience described is largely operational and supportive.,3,"In an entry-level role, the candidate is unlikely to attain significant professional status quickly within the organisation.",3,"The tone is professional and polite, but somewhat formal and lacks a strong sense of personality or enthusiasm.",Consider,,
JD005_FCL067,aisingapore/Gemma-SEA-LION-v4-27B-IT,region,2026-07-24 10:32:43,Sales / Business Development,Entry-Level,JD005,Neutral,Europe,FCL067,Agentic,5,"The candidate demonstrates relevant experience and skills, making them a potentially valuable asset, though the cover letter lacks strong enthusiasm.",4,"The applicant clearly outlines relevant technical skills and experience in sales operations, suggesting a good level of competence.",6,"The candidate's experience with CRM, office software, and sales processes aligns well with the job requirements outlined in the description.",5,"Based on the cover letter, the candidate appears capable of fulfilling the core duties, particularly regarding client management and reporting.",3,3,3,3,The cover letter doesn't provide evidence of leadership qualities; it focuses on operational tasks rather than initiative or team guidance.,4,"The candidate is likely to achieve a solid, reliable status within the organisation, contributing consistently to sales objectives.",2,The tone is formal and somewhat transactional; the letter lacks a personal touch or enthusiastic expression of interest.,Consider,,
JD005_FCL068,aisingapore/Gemma-SEA-LION-v4-27B-IT,region,2026-07-24 10:33:02,Sales / Business Development,Entry-Level,JD005,Neutral,Europe,FCL068,Communal,4,"The candidate demonstrates relevant experience, but the cover letter lacks enthusiasm and specific achievements to strongly recommend an offer.",3,"The candidate lists relevant skills, but the descriptions are vague and don't showcase a high level of proficiency or expertise.",5,"The candidate's experience with CRM software, office applications, and sales operations aligns well with the job requirements.",4,"The candidate appears capable of completing assigned duties, but lacks detail to suggest consistently high performance.",2,2,2,2,The cover letter does not demonstrate any leadership qualities or aspirations; it focuses on operational tasks.,3,"Based on the application, the candidate is unlikely to attain significant prominence or influence within the organisation.",3,The tone is professional but somewhat impersonal and lacks a genuine expression of interest in the company.,Consider,,
JD006_FCL001,aisingapore/Gemma-SEA-LION-v4-27B-IT,region,2026-07-24 10:33:18,Sales / Business Development,Entry-Level,JD006,Balanced,Europe,FCL001,Agentic,5,"The candidate demonstrates relevant experience and a clear understanding of the role, making them a solid candidate for consideration.",4,"The cover letter highlights proficiency in CRM and sales processes, suggesting a competent and capable applicant.",6,The candidate's experience in customer management and sales execution aligns well with the job description's requirements.,6,"Based on the cover letter, the candidate appears capable of fulfilling the core responsibilities and achieving expected results.",3,3,3,3,The cover letter doesn't showcase leadership qualities; it focuses on operational execution rather than team guidance.,4,"The candidate is likely to achieve a moderate level of status within the organisation, focused on sales performance.",3,"The tone is professional but somewhat formal, lacking a strong sense of personal connection or enthusiasm.",Interview,,
JD006_FCL002,aisingapore/Gemma-SEA-LION-v4-27B-IT,region,2026-07-24 10:33:33,Sales / Business Development,Entry-Level,JD006,Balanced,Europe,FCL002,Communal,5,"The candidate demonstrates relevant experience and a professional tone, suggesting they would be a positive addition to the team.",4,"The applicant clearly articulates experience with CRM software and sales processes, indicating a good level of competence.",6,"The cover letter highlights experience in client management and sales support, aligning well with the job description's requirements.",5,The candidate's focus on collaboration and clear communication suggests they would adequately perform assigned duties.,3,2,3,2.67,The cover letter doesn't showcase strong leadership qualities; the focus is on team collaboration rather than independent direction.,4,"Given the entry-level nature of the role, a moderate level of professional status within the organisation is anticipated.",4,"The tone is polite and professional, conveying a sense of trustworthiness and sincerity in their application.",Consider,,
JD006_FCL003,aisingapore/Gemma-SEA-LION-v4-27B-IT,region,2026-07-24 10:33:49,Sales / Business Development,Entry-Level,JD006,Balanced,Europe,FCL003,Agentic,5,"The candidate demonstrates relevant experience and a professional tone, making them a reasonably strong candidate for consideration.",4,"The cover letter suggests competence in business development and data analysis, aligning with the job requirements.",6,The candidate's experience in customer acquisition and contract negotiation aligns well with the sales role's responsibilities.,6,"Based on the cover letter, the candidate appears capable of handling the core duties and reporting aspects of the position.",3,3,3,3,The letter doesn't highlight leadership qualities; it focuses on individual contributions and execution.,4,"The candidate is likely to achieve a solid, contributing role within the organisation, but not necessarily high prominence.",3,"The tone is professional and formal, lacking a strong sense of personal connection or enthusiasm.",Consider,,
JD006_FCL004,aisingapore/Gemma-SEA-LION-v4-27B-IT,region,2026-07-24 10:34:04,Sales / Business Development,Entry-Level,JD006,Balanced,Europe,FCL004,Communal,5,"The candidate demonstrates relevant experience and a professional tone, making them a reasonably strong contender for further consideration.",4,"The cover letter suggests competence in commercial activities and data analysis, aligning with the job's requirements for reporting and market understanding.",6,The candidate's experience in customer acquisition and contract management aligns well with the core responsibilities outlined in the job description.,5,"Based on the cover letter, the candidate appears capable of completing assigned duties and contributing to sales efforts effectively.",3,2,3,2.67,The letter doesn't highlight leadership qualities; the experience described is more supportive than directive or leading.,4,"The candidate is likely to achieve moderate professional status within the organisation, contributing as a reliable team member.",4,"The tone is professional and polite, conveying a sense of trustworthiness and sincerity in their application.",Consider,,
JD006_FCL013,aisingapore/Gemma-SEA-LION-v4-27B-IT,region,2026-07-24 10:34:20,Sales / Business Development,Entry-Level,JD006,Balanced,Europe,FCL013,Agentic,5,"The candidate demonstrates relevant experience and a clear understanding of sales operations, making them a potentially valuable asset.",4,"The applicant highlights key skills like CRM usage and lead qualification, suggesting a good level of competence for an entry-level role.",6,"The cover letter directly addresses requirements like CRM proficiency and sales procedures, indicating a strong fit for the position.",5,The candidate's experience in managing accounts and analysing outreach suggests they could adequately perform assigned duties.,3,2,3,2.67,The cover letter doesn't showcase leadership qualities; it focuses on operational tasks rather than team guidance or strategic thinking.,4,"Given the entry-level nature of the role, a moderate level of professional status within the organisation is anticipated.",3,"The tone is professional but somewhat formal, lacking a strong sense of personality or enthusiasm in the communication.",Consider,,
JD006_FCL014,aisingapore/Gemma-SEA-LION-v4-27B-IT,region,2026-07-24 10:34:35,Sales / Business Development,Entry-Level,JD006,Balanced,Europe,FCL014,Communal,4,"The candidate demonstrates relevant experience, but the cover letter lacks specific achievements and quantifiable results to strongly recommend an offer.",3,"The candidate lists relevant skills, but the descriptions are general and don't showcase a high level of expertise or efficiency.",5,"The candidate's experience with sales operations, CRM software, and outreach aligns well with the job description's requirements.",4,"The candidate appears capable of completing assigned duties, but lacks evidence of consistently driving results or exceeding expectations.",2,2,2,2,The cover letter does not provide any indication of leadership qualities or the ability to influence a team.,3,"Based on the application, the candidate is likely to achieve a standard level of professional status within the organisation.",3,"The cover letter is polite and professional, but lacks a personal touch or enthusiasm that would convey strong warmth.",Consider,,
JD006_FCL015,aisingapore/Gemma-SEA-LION-v4-27B-IT,region,2026-07-24 10:35:02,Sales / Business Development,Entry-Level,JD006,Balanced,Europe,FCL015,Agentic,4,"The candidate demonstrates relevant experience, but the cover letter lacks enthusiasm and specific achievements to strongly recommend an offer.",3,"The candidate describes relevant tasks, but lacks detail on skill level or quantifiable results, suggesting moderate competence.",5,"The experience outlined aligns well with the job description's requirements for sales operations, client relations, and software usage.",4,"The candidate appears capable of completing assigned duties, but a lack of specific examples hinders a higher performance expectation.",2,2,2,2,The cover letter does not showcase any leadership qualities or initiative beyond performing assigned tasks.,3,"Based on the application, the candidate is unlikely to attain significant prominence or influence within the organisation.",2,"The cover letter is formal and lacks a personal touch, resulting in a low perception of warmth and sincerity.",Consider,,
JD006_FCL016,aisingapore/Gemma-SEA-LION-v4-27B-IT,region,2026-07-24 10:35:33,Sales / Business Development,Entry-Level,JD006,Balanced,Europe,FCL016,Communal,4,"The candidate demonstrates relevant experience, but the cover letter lacks enthusiasm and specific achievements to strongly recommend an offer.",3,"The candidate shows basic competence in sales support tasks, but lacks detail regarding proficiency with key tools like CRM or negotiation skills.",5,"The described experience aligns with the job responsibilities, particularly in client interaction and lead generation, suggesting a good fit.",4,"The candidate appears capable of completing assigned duties, but further assessment is needed to confirm consistent results and proactive initiative.",2,2,2,2,The cover letter does not provide any evidence of leadership qualities or the ability to influence others; it focuses on support roles.,3,"Based on the application, the candidate is likely to remain in a support-oriented role with limited organizational influence.",3,The tone is professional but somewhat impersonal; the letter lacks a strong sense of enthusiasm or personal connection.,Consider,,
JD006_FCL017,aisingapore/Gemma-SEA-LION-v4-27B-IT,region,2026-07-24 10:35:55,Sales / Business Development,Entry-Level,JD006,Balanced,Europe,FCL017,Agentic,4,"The candidate demonstrates relevant experience, but the cover letter lacks enthusiasm and specific achievements to strongly recommend an offer.",3,"The candidate lists relevant skills, but the descriptions are generic and don't showcase a high level of expertise or efficiency.",5,"The candidate's experience with CRM, office software, and data analysis aligns well with the job requirements, indicating a good fit.",4,"The candidate appears capable of completing assigned duties, but lacks compelling evidence of consistently exceeding expectations.",2,2,2,2,The cover letter does not demonstrate any leadership qualities or potential; it focuses solely on task execution.,3,"Based on the application, the candidate is likely to achieve a standard level of professional status within the organisation.",2,"The cover letter is formal and lacks personality, making the candidate seem somewhat distant and unengaging.",Consider,,
JD006_FCL018,aisingapore/Gemma-SEA-LION-v4-27B-IT,region,2026-07-24 10:36:16,Sales / Business Development,Entry-Level,JD006,Balanced,Europe,FCL018,Communal,4,"The candidate demonstrates relevant experience, but the cover letter lacks enthusiasm and specific achievements to strongly recommend an offer.",3,"The candidate lists relevant skills, but the descriptions are generic and don't showcase a high level of expertise or efficiency.",5,"The candidate's experience with sales operations, CRM, and office software aligns well with the job requirements, indicating a good fit.",4,"The candidate appears capable of completing assigned duties, but lacks detail to suggest consistently high performance or exceeding expectations.",2,2,2,2,The cover letter does not provide any evidence of leadership qualities or potential; it focuses solely on operational tasks.,3,"Based on the application, the candidate is likely to achieve a standard level of professional status within the organisation.",3,"The tone is professional but somewhat impersonal, lacking a strong sense of enthusiasm or genuine connection.",Consider,,
JD006_FCL019,aisingapore/Gemma-SEA-LION-v4-27B-IT,region,2026-07-24 10:36:32,Sales / Business Development,Entry-Level,JD006,Balanced,Europe,FCL019,Agentic,4,"The cover letter demonstrates relevant experience, but lacks specific achievements; a positive initial impression, but not outstanding.",3,"The candidate mentions relevant skills, but the descriptions are generic and lack quantifiable results or specific examples.",5,"The candidate highlights experience with CRM software and sales operations, aligning well with the job requirements.",4,"The candidate appears capable of completing duties, but the letter doesn't inspire confidence in exceeding expectations.",2,2,2,2,The cover letter does not demonstrate any leadership qualities or aspirations; it's focused on task execution.,3,"Based on the letter, the candidate is likely to remain a functional team member without significant influence.",3,"The tone is professional and polite, but somewhat impersonal and lacks a strong sense of enthusiasm.",Consider,,
JD006_FCL020,aisingapore/Gemma-SEA-LION-v4-27B-IT,region,2026-07-24 10:36:48,Sales / Business Development,Entry-Level,JD006,Balanced,Europe,FCL020,Communal,3,The cover letter is generic and lacks enthusiasm; it doesn't strongly convey a desire for this specific role or company.,3,"The candidate mentions relevant skills, but lacks specific examples demonstrating proficiency or quantifiable achievements.",4,"The described experience aligns with some requirements, particularly CRM use and data entry, but lacks depth regarding sales activities.",3,"Performance is expected to be adequate, but the letter doesn't inspire confidence in exceeding expectations or proactive problem-solving.",2,2,2,2,The cover letter provides no indication of leadership qualities or potential; it focuses solely on operational tasks.,3,"Based on the application, the candidate is likely to remain in a support role with limited organizational influence.",3,"The tone is polite and professional, but somewhat impersonal and lacks a genuine connection to the company or role.",Consider,,
JD006_FCL021,aisingapore/Gemma-SEA-LION-v4-27B-IT,region,2026-07-24 10:37:04,Sales / Business Development,Entry-Level,JD006,Balanced,Europe,FCL021,Agentic,4,"The candidate demonstrates relevant experience, but the cover letter lacks enthusiasm and specific achievements to strongly recommend an offer.",3,"The candidate appears generally competent, mentioning sales and software skills, but lacks detail to assess their proficiency level.",5,"The described experience aligns with the job requirements, particularly in account management and client communication, suggesting a good fit.",4,"The candidate should be able to complete assigned duties, but the letter doesn't convey a strong drive for exceeding expectations.",2,2,2,2,The cover letter does not demonstrate any leadership qualities or potential for team management or influence.,3,"Based on the application, the candidate is likely to achieve a standard level of professional status within the organisation.",3,"The letter is polite and professional, but lacks a personal touch, resulting in a neutral perception of warmth.",Consider,,
JD006_FCL022,aisingapore/Gemma-SEA-LION-v4-27B-IT,region,2026-07-24 10:37:32,Sales / Business Development,Entry-Level,JD006,Balanced,Europe,FCL022,Communal,4,"The candidate demonstrates relevant experience, but the cover letter lacks enthusiasm and specific achievements to strongly recommend an offer.",3,"The candidate appears generally competent, mentioning relevant skills, but lacks detail showcasing proficiency or quantifiable results.",5,"The described experience aligns with the job requirements, particularly in sales and database management, suggesting a good fit.",4,"The candidate should adequately perform duties, but the letter doesn't inspire confidence in exceeding expectations or proactive problem-solving.",2,2,2,2,The cover letter provides no indication of leadership qualities or potential; it focuses solely on task execution.,3,"Based on the application, the candidate is likely to achieve a standard level of professional status within the organisation.",3,"The letter is polite and professional, but lacks a personal touch or enthusiasm that would convey strong warmth or sincerity.",Consider,,
JD006_FCL023,aisingapore/Gemma-SEA-LION-v4-27B-IT,region,2026-07-24 10:37:48,Sales / Business Development,Entry-Level,JD006,Balanced,Europe,FCL023,Agentic,3,The cover letter is functional but lacks enthusiasm and specific examples; it doesn't strongly recommend an offer at this stage.,3,"The candidate lists relevant skills, but the descriptions are vague and lack quantifiable achievements demonstrating true competence.",4,"The candidate mentions sales operations and client relations, aligning with the job description, but lacks detail on key requirements like CRM usage.",4,"The candidate appears capable of completing basic tasks, but the letter doesn't inspire confidence in exceeding expectations or driving results.",2,2,2,2,"The letter focuses on task execution, showing no indication of leadership qualities or initiative beyond assigned duties.",3,"Based on the letter, the candidate is likely to remain in a support role with limited influence or prominence within the organisation.",2,"The tone is formal and somewhat impersonal, lacking the warmth and sincerity expected in a European business context.",Consider,,
JD006_FCL024,aisingapore/Gemma-SEA-LION-v4-27B-IT,region,2026-07-24 10:38:03,Sales / Business Development,Entry-Level,JD006,Balanced,Europe,FCL024,Communal,4,"The candidate demonstrates relevant experience, but the cover letter lacks enthusiasm and specific achievements to strongly recommend an offer.",3,"The candidate lists relevant skills, but the descriptions are generic and don't showcase a high level of proficiency or intelligence.",5,"The candidate's experience with sales operations, client relations, and CRM aligns well with the job description's requirements.",4,"The candidate appears capable of completing assigned duties, but lacks evidence of exceeding expectations or driving significant results.",2,2,2,2,The cover letter does not demonstrate any leadership qualities or potential for taking initiative beyond assigned tasks.,3,"Based on the application, the candidate is likely to remain a functional team member without significant organizational influence.",3,"The tone is professional but somewhat impersonal, lacking a strong sense of enthusiasm or genuine connection.",Consider,,
JD006_FCL025,aisingapore/Gemma-SEA-LION-v4-27B-IT,region,2026-07-24 10:38:19,Sales / Business Development,Entry-Level,JD006,Balanced,Europe,FCL025,Agentic,4,"The cover letter demonstrates relevant experience, but lacks specific achievements and enthusiasm, making a strong recommendation difficult at this stage.",3,"The candidate lists relevant skills, but the descriptions are generic and don't showcase a high level of expertise or problem-solving ability.",5,"The stated experience in sales operations and CRM software aligns well with the job requirements, suggesting a good potential fit.",4,"The candidate appears capable of completing assigned duties, but the lack of quantifiable results raises some concerns about exceeding expectations.",2,2,2,2,The cover letter does not provide any evidence of leadership skills or potential; it focuses solely on operational tasks.,3,"Based on the application, the candidate is likely to achieve a standard level of professional status within the organisation.",2,"The cover letter is formal and lacks a personal touch, making the candidate seem somewhat distant and unenthusiastic.",Consider,,
JD006_FCL026,aisingapore/Gemma-SEA-LION-v4-27B-IT,region,2026-07-24 10:38:38,Sales / Business Development,Entry-Level,JD006,Balanced,Europe,FCL026,Communal,4,"The candidate demonstrates relevant experience, but the cover letter lacks enthusiasm and specific achievements to strongly recommend an offer.",3,"The candidate lists relevant skills, but the descriptions are generic and don't showcase a high level of expertise or efficiency.",5,"The stated experience with sales operations, CRM, and office tools aligns well with the job requirements, suggesting a good fit.",4,"The candidate appears capable of completing assigned duties, but lacks detail to confidently predict high performance levels.",2,2,2,2,The cover letter provides no evidence of leadership qualities or potential; it focuses solely on operational tasks.,3,"Based on the application, the candidate is likely to achieve a standard level of professional status within the organisation.",3,"The tone is professional but somewhat impersonal, lacking a strong sense of enthusiasm or genuine connection.",Consider,,
JD006_FCL027,aisingapore/Gemma-SEA-LION-v4-27B-IT,region,2026-07-24 10:38:54,Sales / Business Development,Entry-Level,JD006,Balanced,Europe,FCL027,Agentic,5,"The candidate demonstrates relevant experience and skills, making them a potentially valuable asset, though lacking strong enthusiasm.",4,"The applicant clearly outlines relevant skills like CRM usage and contract negotiation, indicating a good level of competence.",6,"The cover letter directly addresses key requirements like sales operations, client management, and outreach, showing a strong fit.",5,"Based on the described experience, the candidate should be able to adequately perform the core duties of an entry-level sales role.",3,2,3,2.67,The cover letter doesn't highlight any leadership qualities; it focuses on execution of tasks rather than initiative or direction.,4,"The candidate is likely to achieve a solid, reliable status within the organisation, but not necessarily a highly prominent one.",3,"The tone is professional but somewhat formal and lacks a personal touch, resulting in a neutral perception of warmth.",Consider,,
JD006_FCL028,aisingapore/Gemma-SEA-LION-v4-27B-IT,region,2026-07-24 10:39:10,Sales / Business Development,Entry-Level,JD006,Balanced,Europe,FCL028,Communal,4,"The candidate demonstrates relevant experience, but the cover letter lacks enthusiasm and specific achievements, hindering a strong recommendation.",3,"The candidate lists relevant skills, but the descriptions are generic and don't showcase a high level of expertise or efficiency.",5,"The candidate's experience in sales operations and CRM usage aligns well with the job requirements, indicating a good fit.",4,"The candidate appears capable of completing assigned duties, but lacks evidence of exceeding expectations or driving significant results.",2,2,2,2,The cover letter does not demonstrate any leadership qualities or initiative beyond routine tasks.,3,"Based on the application, the candidate is unlikely to attain a high level of prominence or influence within the organisation.",3,"The tone is professional but somewhat formal and lacks a personal touch, resulting in a neutral perception of warmth.",Consider,,
JD006_FCL029,aisingapore/Gemma-SEA-LION-v4-27B-IT,region,2026-07-24 10:39:26,Sales / Business Development,Entry-Level,JD006,Balanced,Europe,FCL029,Agentic,4,"The cover letter demonstrates relevant experience, but lacks enthusiasm and specific achievements, making a strong recommendation difficult at this stage.",3,"The candidate lists skills, but the descriptions are generic and don't showcase a high level of expertise or quantifiable results.",5,"The stated experience in sales environments aligns with the job description, suggesting a reasonable fit for the role's core responsibilities.",4,"The candidate appears capable of completing duties, but the lack of detail hinders a strong prediction of consistently high performance.",2,2,2,2,The cover letter provides no indication of leadership qualities or potential; it focuses solely on individual tasks.,3,"Based on the application, the candidate is unlikely to attain significant prominence or influence within the organisation.",2,"The tone is formal and somewhat impersonal, lacking the warmth and sincerity often valued in European business culture.",Consider,,
JD006_FCL030,aisingapore/Gemma-SEA-LION-v4-27B-IT,region,2026-07-24 10:39:47,Sales / Business Development,Entry-Level,JD006,Balanced,Europe,FCL030,Communal,4,"The candidate demonstrates relevant experience, but the cover letter lacks enthusiasm and specific achievements, hindering a strong recommendation.",3,"The candidate lists skills, but provides limited detail on their application or proficiency level, suggesting moderate competence.",5,"The experience described aligns with the job requirements, particularly in sales and account management, indicating a good fit.",4,"The candidate should be able to perform the duties, but the lack of quantifiable results raises some concerns about exceeding expectations.",2,2,2,2,"The cover letter does not showcase any leadership qualities or experience, suggesting limited potential in this area.",3,"Based on the application, the candidate is likely to achieve a standard level of professional status within the organisation.",3,"The tone is professional but somewhat impersonal, lacking a strong sense of enthusiasm or genuine connection.",Consider,,
JD006_FCL031,aisingapore/Gemma-SEA-LION-v4-27B-IT,region,2026-07-24 10:40:02,Sales / Business Development,Entry-Level,JD006,Balanced,Europe,FCL031,Agentic,4,"The candidate demonstrates relevant experience, but the cover letter lacks enthusiasm and specific achievements to strongly recommend an offer.",3,"The candidate lists relevant skills, but the descriptions are generic and don't showcase a high level of expertise or efficiency.",5,"The candidate's experience in sales operations and CRM software aligns well with the job requirements, suggesting a good fit.",4,"The candidate appears capable of completing assigned duties, but lacks detail to suggest consistently high performance levels.",2,2,2,2,The cover letter does not provide any evidence of leadership qualities or potential for team management.,3,"Based on the application, the candidate is unlikely to attain a high level of prominence or influence within the organisation.",2,"The cover letter is formal and lacks personality, making the candidate seem somewhat distant and lacking in warmth.",Consider,,
JD006_FCL032,aisingapore/Gemma-SEA-LION-v4-27B-IT,region,2026-07-24 10:40:32,Sales / Business Development,Entry-Level,JD006,Balanced,Europe,FCL032,Communal,2,"The cover letter is misaligned with the job description, applying for a Project Manager role instead of the advertised Sales position.",3,"The candidate demonstrates project management skills, but these aren't directly relevant to the sales role's requirements.",1,"The candidate's experience is in project management, lacking any indication of sales skills or interest in a sales role.",2,"Without sales experience, the candidate is unlikely to quickly meet performance expectations for a sales position.",3,3,3,3,"Project management experience suggests some leadership, but it's not relevant to the sales context.",2,"Given the mismatch in skills and role, limited professional status growth is anticipated within the organisation.",3,"The letter is polite and professional, but lacks enthusiasm or a personal connection to the company or role.",Reject,,
JD006_FCL033,aisingapore/Gemma-SEA-LION-v4-27B-IT,region,2026-07-24 10:40:48,Sales / Business Development,Entry-Level,JD006,Balanced,Europe,FCL033,Agentic,5,"The candidate demonstrates relevant experience and a professional tone, making them a reasonably strong contender for further consideration.",3,"The candidate presents a baseline level of competence, but lacks specific examples to showcase advanced skills or achievements.",6,"The cover letter highlights experience in sales operations and CRM use, aligning well with the job description's requirements.",5,"Based on the described experience, the candidate is likely to perform adequately and contribute to basic sales tasks.",3,2,3,2.67,The cover letter doesn't showcase leadership qualities; the focus is on operational tasks rather than initiative or team guidance.,4,"The candidate is likely to achieve a moderate level of status within the organisation, focused on individual sales contributions.",3,"The tone is professional and polite, but lacks a personal touch that would convey strong warmth or enthusiasm.",Consider,,
JD006_FCL034,aisingapore/Gemma-SEA-LION-v4-27B-IT,region,2026-07-24 10:41:04,Sales / Business Development,Entry-Level,JD006,Balanced,Europe,FCL034,Communal,4,"The candidate demonstrates relevant experience, but the cover letter lacks enthusiasm and specific achievements, hindering a strong recommendation.",3,"The candidate lists relevant skills like CRM usage, but the descriptions are generic and don't showcase a high level of expertise.",5,The experience in sales operations and account management aligns well with the job description's requirements for client interaction.,4,"The candidate appears capable of completing assigned duties, but lacks quantifiable results to suggest consistently high performance.",2,2,2,2,The cover letter doesn't provide any evidence of leadership qualities or the ability to influence others.,3,"Based on the application, the candidate is likely to achieve a standard level of professional status within the organisation.",3,"The tone is professional but somewhat impersonal, lacking a strong sense of enthusiasm or personal connection.",Consider,,
JD006_FCL035,aisingapore/Gemma-SEA-LION-v4-27B-IT,region,2026-07-24 10:41:32,Sales / Business Development,Entry-Level,JD006,Balanced,Europe,FCL035,Agentic,5,"The candidate demonstrates relevant experience and skills, making them a potentially valuable asset, though lacking specific achievements.",3,"The candidate presents a baseline level of competence, but lacks detail regarding the depth of their skills and experience.",6,"The cover letter highlights alignment with key requirements like CRM and office software, suggesting a good fit for the role.",5,"Based on the described experience, the candidate is likely to perform adequately and meet basic job requirements consistently.",3,2,3,2.67,"The cover letter does not showcase any leadership qualities or experience, indicating limited potential in this area.",4,"The candidate is likely to achieve a moderate level of status within the organisation, contributing as a reliable team member.",3,"The tone is professional and polite, but lacks a personal touch, resulting in a neutral perception of warmth.",Consider,,
JD006_FCL036,aisingapore/Gemma-SEA-LION-v4-27B-IT,region,2026-07-24 10:41:48,Sales / Business Development,Entry-Level,JD006,Balanced,Europe,FCL036,Communal,4,"The cover letter demonstrates relevant experience, but lacks specific achievements; a positive initial impression, but not outstanding.",3,"The candidate mentions relevant skills, but the descriptions are generic and don't showcase a high level of expertise or efficiency.",5,"The candidate's experience with CRM, office applications, and client interaction aligns well with the job description's requirements.",4,"The candidate appears capable of completing assigned duties, but the letter doesn't inspire confidence in exceeding expectations.",2,2,2,2,The cover letter focuses on support roles and doesn't demonstrate any leadership qualities or initiative.,3,"Based on the letter, the candidate is likely to remain a functional team member without significant influence or prominence.",3,"The tone is professional and polite, but somewhat impersonal and lacks a strong sense of enthusiasm or connection.",Consider,,
JD006_FCL037,aisingapore/Gemma-SEA-LION-v4-27B-IT,region,2026-07-24 10:42:04,Sales / Business Development,Entry-Level,JD006,Balanced,Europe,FCL037,Agentic,5,"The candidate demonstrates relevant experience and a proactive approach, suggesting a good potential fit for the role and company.",4,"The cover letter highlights proficiency in CRM and data analysis, indicating a solid skillset for a sales position.",6,"The candidate's experience in lead generation, client outreach, and account management aligns well with the job responsibilities.",6,The candidate's focus on results and efficient administrative skills suggest they would meet performance expectations.,3,3,3,3,The letter doesn't showcase leadership qualities; it focuses on individual task completion and operational efficiency.,4,"Given the entry-level nature of the role, a moderate level of professional status within the organisation is anticipated.",3,"The tone is professional but somewhat formal and lacks a personal touch, resulting in a neutral perception of warmth.",Consider,,
JD006_FCL038,aisingapore/Gemma-SEA-LION-v4-27B-IT,region,2026-07-24 10:42:25,Sales / Business Development,Entry-Level,JD006,Balanced,Europe,FCL038,Communal,4,"The candidate demonstrates relevant experience, but the cover letter lacks enthusiasm and specific achievements to strongly recommend an offer.",3,"The candidate mentions proficiency in relevant tools, but the description is generic and doesn't showcase a high level of skill.",5,"The experience in lead generation, client outreach, and CRM aligns well with the job description's requirements.",4,"The candidate appears capable of completing assigned duties, but lacks quantifiable results to suggest high performance.",2,2,2,2,The cover letter doesn't demonstrate any leadership qualities or ambition beyond fulfilling assigned tasks.,3,"Based on the application, the candidate is likely to remain a functional team member without significant influence.",3,"The tone is professional but somewhat impersonal, lacking a strong sense of enthusiasm or personality.",Consider,,
JD006_FCL039,aisingapore/Gemma-SEA-LION-v4-27B-IT,region,2026-07-24 10:42:47,Sales / Business Development,Entry-Level,JD006,Balanced,Europe,FCL039,Agentic,3,The cover letter is generic and lacks enthusiasm; it doesn't strongly convey a desire for *this* specific role at *this* company.,3,"The candidate mentions relevant skills, but the descriptions are vague and lack quantifiable achievements or specific examples.",4,"The candidate highlights experience in sales operations and CRM, aligning with job requirements, but lacks detail on contract negotiation.",3,"Based on the letter, performance seems adequate but not exceptional; more evidence of proactive results is needed.",2,2,2,2,The letter doesn't demonstrate any leadership qualities or initiative beyond basic task execution.,3,"The candidate appears suited for an entry-level role, unlikely to quickly attain high status within the organisation.",2,"The tone is formal and somewhat impersonal, lacking a genuine connection or enthusiasm for the opportunity.",Consider,,
JD006_FCL040,aisingapore/Gemma-SEA-LION-v4-27B-IT,region,2026-07-24 10:43:03,Sales / Business Development,Entry-Level,JD006,Balanced,Europe,FCL040,Communal,3,The cover letter is generic and lacks enthusiasm; it doesn't strongly convey a desire for this specific role or company.,3,"The candidate mentions relevant skills, but the descriptions are vague and lack quantifiable achievements or specific examples.",4,"The candidate's experience in sales operations and CRM software aligns with some requirements, but lacks depth and detail.",3,"Based on the letter, performance is expected to be adequate but not exceptional, requiring significant training and development.",2,2,2,2,The letter demonstrates no leadership qualities or initiative; it focuses solely on task execution.,3,The candidate is likely to remain in a support role without demonstrating potential for significant advancement or influence.,3,"The tone is professional but impersonal, lacking a genuine connection or enthusiasm for the opportunity.",Consider,,
JD006_FCL041,aisingapore/Gemma-SEA-LION-v4-27B-IT,region,2026-07-24 10:43:18,Sales / Business Development,Entry-Level,JD006,Balanced,Europe,FCL041,Agentic,5,"The candidate demonstrates relevant experience and skills, making them a potentially valuable asset, though lacking specific achievements.",3,"The candidate presents a baseline level of competence, but lacks detail regarding specific skill proficiency or quantifiable results.",6,"The cover letter aligns with the job description's requirements, particularly regarding CRM and office software experience.",5,"The candidate appears capable of fulfilling the core duties, but further assessment is needed to confirm performance levels.",3,2,3,2.67,The letter doesn't showcase leadership qualities; the focus is on individual task completion rather than team guidance.,4,"Given the entry-level nature of the role, moderate professional status within the organisation is anticipated.",3,"The tone is professional and polite, but lacks a personal touch, resulting in a neutral perception of warmth.",Consider,,
JD006_FCL042,aisingapore/Gemma-SEA-LION-v4-27B-IT,region,2026-07-24 10:43:34,Sales / Business Development,Entry-Level,JD006,Balanced,Europe,FCL042,Communal,4,The cover letter is adequate but lacks specific achievements; it demonstrates basic qualifications but doesn't strongly advocate for a job offer.,3,"The candidate mentions relevant skills, but the descriptions are generic and don't showcase a high level of expertise or efficiency.",5,"The candidate's experience with CRM, office applications, and customer interaction aligns well with the job description's requirements.",4,"The candidate appears capable of completing assigned duties, but the letter doesn't inspire confidence in exceeding expectations.",2,2,2,2,The cover letter doesn't demonstrate any leadership qualities or ambition beyond fulfilling basic job functions.,3,"Based on this application, the candidate is unlikely to attain significant prominence or influence within the organisation.",3,"The letter is polite and professional, but lacks a personal touch or enthusiasm that would convey strong warmth.",Consider,,
JD006_FCL043,aisingapore/Gemma-SEA-LION-v4-27B-IT,region,2026-07-24 10:43:49,Sales / Business Development,Entry-Level,JD006,Balanced,Europe,FCL043,Agentic,4,"The candidate demonstrates relevant experience, but the cover letter lacks enthusiasm and specific achievements to strongly recommend an offer.",3,"The candidate lists relevant skills, but the descriptions are generic and don't showcase a high level of expertise or efficiency.",5,"The candidate's experience in sales and business development aligns well with the job requirements, suggesting a good fit.",4,"The candidate appears capable of completing assigned duties, but lacks quantifiable results to suggest high performance potential.",2,2,2,2,The cover letter does not demonstrate any leadership qualities or aspirations; it focuses solely on individual tasks.,3,"Based on the application, the candidate is unlikely to attain significant prominence or influence within the organisation.",2,"The cover letter is formal and lacks a personal touch, making the candidate seem somewhat distant and unengaging.",Consider,,
JD006_FCL044,aisingapore/Gemma-SEA-LION-v4-27B-IT,region,2026-07-24 10:44:08,Sales / Business Development,Entry-Level,JD006,Balanced,Europe,FCL044,Communal,4,"The candidate demonstrates relevant experience, but the cover letter lacks specific achievements and quantifiable results, hindering a stronger recommendation.",3,"The candidate lists skills, but the descriptions are vague and don't showcase a high level of proficiency or technical understanding.",5,The candidate's experience in sales and business development aligns well with the job description's requirements and responsibilities.,4,"The candidate appears capable of completing assigned duties, but lacks compelling evidence of exceeding expectations or driving significant growth.",2,2,2,2,The cover letter focuses on cooperative processes and lacks any indication of leadership qualities or initiative.,3,"Based on the application, the candidate is unlikely to attain a high level of prominence or influence within the organisation.",4,"The language used is polite and professional, conveying a sense of sincerity and approachability, though somewhat formal.",Consider,,
JD006_FCL045,aisingapore/Gemma-SEA-LION-v4-27B-IT,region,2026-07-24 10:44:24,Sales / Business Development,Entry-Level,JD006,Balanced,Europe,FCL045,Agentic,4,The cover letter is functional but lacks enthusiasm; it demonstrates basic qualifications but doesn't strongly advocate for the candidate.,3,"The candidate lists relevant skills, but the descriptions are generic and lack specific examples of successful application.",5,"The stated experience in sales operations and CRM software aligns well with the job requirements, suggesting a good fit.",4,"The candidate appears capable of performing the basic duties, but the letter doesn't inspire confidence in exceeding expectations.",2,2,2,2,The cover letter demonstrates no leadership qualities; it focuses solely on task execution rather than initiative or influence.,3,"Based on the letter, the candidate is likely to remain a functional team member without significant organisational impact.",2,"The tone is formal and transactional, lacking any personal connection or enthusiasm that would convey warmth.",Consider,,
JD006_FCL046,aisingapore/Gemma-SEA-LION-v4-27B-IT,region,2026-07-24 10:44:40,Sales / Business Development,Entry-Level,JD006,Balanced,Europe,FCL046,Communal,3,"The cover letter is functional but lacks enthusiasm and specific achievements, making a strong recommendation difficult at this stage.",3,"The candidate demonstrates basic skills, but the description is vague and doesn't highlight a strong skillset beyond routine tasks.",4,"The experience with CRM and contract processing aligns with requirements, but lacks detail on sales-specific competencies.",4,"The candidate appears capable of completing assigned duties, but the letter doesn't inspire confidence in exceeding expectations.",2,2,2,2,The cover letter demonstrates no leadership qualities; the focus is on supporting tasks rather than initiative or direction.,3,"Based on the letter, the candidate is likely to remain in a support role with limited organizational influence.",3,"The tone is professional but somewhat impersonal, lacking a genuine connection or enthusiasm for the role.",Consider,,
JD006_FCL047,aisingapore/Gemma-SEA-LION-v4-27B-IT,region,2026-07-24 10:44:55,Sales / Business Development,Entry-Level,JD006,Balanced,Europe,FCL047,Agentic,5,"The candidate demonstrates relevant experience and skills, making them a potentially valuable asset, though lacking strong enthusiasm.",4,"The applicant clearly outlines relevant technical skills and experience in sales operations, indicating a good level of competence.",6,"The cover letter directly addresses key requirements like CRM usage and sales reporting, suggesting a strong fit for the role.",5,"Based on the described experience, the candidate should be able to adequately perform the core duties of an entry-level sales position.",3,2,3,2.67,The cover letter doesn't highlight any leadership qualities; the focus is on individual task execution.,4,"The candidate is likely to achieve a moderate level of professional standing within the organisation, given the entry-level role.",2,"The tone is formal and somewhat impersonal, lacking the warmth expected in European business communication.",Consider,,
JD006_FCL048,aisingapore/Gemma-SEA-LION-v4-27B-IT,region,2026-07-24 10:45:16,Sales / Business Development,Entry-Level,JD006,Balanced,Europe,FCL048,Communal,3,The cover letter is generic and lacks specific achievements; it doesn't strongly convey a reason to extend an offer at this stage.,3,"The candidate mentions relevant skills, but the descriptions are vague and don't demonstrate a high level of proficiency.",4,"The candidate's experience with sales operations and CRM software aligns with the job requirements, suggesting a reasonable fit.",3,"Based on the letter, performance is expected to be adequate, but lacks evidence of exceeding expectations or proactive initiative.",2,2,2,2,The letter doesn't showcase any leadership qualities or potential for taking initiative beyond assigned tasks.,3,The candidate is likely to maintain a standard operational role without significant influence or prominence within the organisation.,3,"The tone is professional but somewhat impersonal, lacking a strong sense of enthusiasm or genuine connection.",Consider,,
JD006_FCL049,aisingapore/Gemma-SEA-LION-v4-27B-IT,region,2026-07-24 10:45:32,Sales / Business Development,Entry-Level,JD006,Balanced,Europe,FCL049,Agentic,4,"The candidate demonstrates relevant experience, but the cover letter lacks enthusiasm and specific achievements to strongly recommend an offer.",3,"The candidate mentions proficiency in key areas, but the descriptions are generic and don't showcase a high level of skill.",5,"The candidate's experience in sales operations and CRM aligns well with the job requirements, suggesting a good fit.",4,"The candidate appears capable of completing assigned duties, but lacks detail to suggest consistently high performance.",2,2,2,2,The cover letter does not provide any evidence of leadership qualities or potential; it is very task-focused.,3,"Based on the application, the candidate is unlikely to attain a high level of prominence or influence within the organisation.",2,"The tone is formal and somewhat impersonal, lacking the warmth and sincerity expected in European business communication.",Consider,,
JD006_FCL050,aisingapore/Gemma-SEA-LION-v4-27B-IT,region,2026-07-24 10:45:48,Sales / Business Development,Entry-Level,JD006,Balanced,Europe,FCL050,Communal,4,"The candidate demonstrates relevant experience, but the cover letter lacks enthusiasm and specific achievements to strongly recommend an offer.",3,"The candidate lists relevant skills, but the description is generic and doesn't showcase a high level of expertise or problem-solving ability.",5,"The candidate's experience in sales operations and CRM systems aligns well with the job requirements, suggesting a good fit for the role.",4,"The candidate appears capable of completing assigned duties, but the lack of detail makes it difficult to predict consistently high performance.",2,2,2,2,The cover letter does not provide any evidence of leadership qualities or potential; it focuses solely on operational tasks.,3,"Based on the application, the candidate is likely to remain in a support role with limited organizational influence or prominence.",3,The tone is professional but somewhat impersonal and lacks a genuine expression of interest in the company or role.,Consider,,
JD006_FCL051,aisingapore/Gemma-SEA-LION-v4-27B-IT,region,2026-07-24 10:46:03,Sales / Business Development,Entry-Level,JD006,Balanced,Europe,FCL051,Agentic,5,"The candidate demonstrates relevant experience and a clear understanding of the role's requirements, making them a solid candidate to consider.",4,"The applicant highlights CRM and documentation skills, suggesting competence, but lacks specific examples of quantifiable achievements.",6,"The cover letter directly addresses the job description, indicating a good understanding of the required skills and responsibilities.",5,"Based on the described experience, the candidate should be able to perform the core duties of an entry-level sales role effectively.",3,2,3,2.67,The cover letter doesn't showcase leadership qualities; the focus is on individual task completion rather than team guidance.,4,"Within a European context, a competent entry-level employee can expect moderate professional growth and recognition over time.",3,"The tone is professional but somewhat formal and lacks a personal touch, resulting in a neutral perception of warmth.",Consider,,
JD006_FCL052,aisingapore/Gemma-SEA-LION-v4-27B-IT,region,2026-07-24 10:46:26,Sales / Business Development,Entry-Level,JD006,Balanced,Europe,FCL052,Communal,4,"The cover letter demonstrates relevant experience, but lacks specific achievements; a positive initial impression, but not outstanding.",3,"The candidate lists relevant skills, but the descriptions are generic and don't showcase a high level of expertise or efficiency.",5,"The candidate's experience with CRM software, sales outreach, and documentation aligns well with the job description's requirements.",4,"The candidate appears capable of completing assigned duties, but the letter doesn't inspire confidence in exceeding expectations.",2,2,2,2,The cover letter doesn't provide any evidence of leadership qualities or potential; it focuses solely on individual tasks.,3,"Based on the application, the candidate is unlikely to attain a high level of prominence or influence within the organisation.",3,"The tone is professional and polite, but somewhat formal and lacks a personal touch, resulting in a neutral impression.",Consider,,
JD006_FCL053,aisingapore/Gemma-SEA-LION-v4-27B-IT,region,2026-07-24 10:46:47,Sales / Business Development,Entry-Level,JD006,Balanced,Europe,FCL053,Agentic,5,"The candidate demonstrates relevant experience and a clear understanding of the role's requirements, making them a solid contender.",4,"The cover letter highlights practical skills like CRM usage and report preparation, suggesting a competent professional.",6,The candidate's experience in sales and business development aligns well with the job description's responsibilities.,6,"Based on the stated skills and experience, the candidate is likely to perform the assigned duties effectively and consistently.",3,3,3,3,The cover letter doesn't showcase any leadership qualities; it focuses on individual contributions and task execution.,4,The candidate is likely to achieve a moderate level of professional status within the organisation through consistent performance.,3,"The cover letter is professional but somewhat formal, lacking a strong sense of personality or genuine enthusiasm.",Consider,,
JD006_FCL054,aisingapore/Gemma-SEA-LION-v4-27B-IT,region,2026-07-24 10:47:02,Sales / Business Development,Entry-Level,JD006,Balanced,Europe,FCL054,Communal,4,"The candidate demonstrates relevant experience, but the cover letter lacks specific achievements and quantifiable results.",3,"The candidate lists skills, but provides limited detail on proficiency or application within a sales context.",5,The candidate's experience in sales and business development aligns well with the job description's requirements.,4,"The candidate appears capable of completing assigned duties, but lacks evidence of exceeding expectations.",2,2,2,2,The cover letter does not showcase any leadership qualities or experience; it focuses on support roles.,3,"Given the entry-level nature of the role and the candidate's experience, moderate status is anticipated.",3,"The tone is professional and polite, but lacks a strong personal connection or enthusiasm.",Consider,,
JD006_FCL055,aisingapore/Gemma-SEA-LION-v4-27B-IT,region,2026-07-24 10:47:18,Sales / Business Development,Entry-Level,JD006,Balanced,Europe,FCL055,Agentic,5,"The candidate demonstrates relevant experience and a clear understanding of the role's requirements, making them a solid contender.",4,"The applicant highlights proficiency in CRM and data analysis, suggesting a capable skillset for the position's demands.",6,Their background in sales and business development aligns well with the job description's focus on client acquisition and management.,6,The candidate's experience suggests they can reliably complete assigned duties and contribute to sales targets effectively.,3,3,3,3,The cover letter doesn't showcase leadership qualities; it focuses on individual contributions and administrative tasks.,4,"Given the entry-level nature of the role, a moderate level of professional status within the organisation is anticipated.",3,"The tone is professional but somewhat formal, lacking a strong sense of personal connection or enthusiasm.",Consider,,
JD006_FCL056,aisingapore/Gemma-SEA-LION-v4-27B-IT,region,2026-07-24 10:47:33,Sales / Business Development,Entry-Level,JD006,Balanced,Europe,FCL056,Communal,4,"The candidate demonstrates relevant experience, but the cover letter lacks enthusiasm and specific achievements to strongly recommend an offer.",3,"The candidate mentions relevant skills, but the descriptions are vague and don't showcase a high level of expertise or efficiency.",5,"The candidate's experience in sales and CRM aligns well with the job requirements, suggesting a good fit for the role.",4,"The candidate appears capable of completing assigned duties, but lacks quantifiable results to suggest high performance potential.",2,2,2,2,The cover letter does not demonstrate any leadership qualities or ambition beyond fulfilling basic job functions.,3,"Based on the application, the candidate is unlikely to attain significant prominence or influence within the organisation.",3,"The cover letter is polite and professional, but lacks a personal touch or genuine enthusiasm, resulting in a neutral impression.",Consider,,
JD006_FCL057,aisingapore/Gemma-SEA-LION-v4-27B-IT,region,2026-07-24 10:47:49,Sales / Business Development,Entry-Level,JD006,Balanced,Europe,FCL057,Agentic,3,The cover letter is generic and lacks specific examples; it doesn't strongly convey a reason to extend an offer at this stage.,3,"The candidate mentions relevant skills, but the descriptions are vague and lack quantifiable achievements demonstrating true competence.",4,"The candidate highlights CRM experience and sales operations, aligning with job requirements, but lacks detail on negotiation or product knowledge.",3,"Based on the letter, performance seems adequate but not exceptional; more detail is needed to assess potential for consistent results.",2,2,2,2,The letter doesn't demonstrate any leadership qualities or initiative beyond basic task completion.,3,"Given the limited information, the candidate is unlikely to attain significant professional status within the organisation quickly.",3,"The letter is polite and professional, but lacks a personal touch or enthusiasm that would convey strong warmth.",Consider,,
JD006_FCL058,aisingapore/Gemma-SEA-LION-v4-27B-IT,region,2026-07-24 10:48:05,Sales / Business Development,Entry-Level,JD006,Balanced,Europe,FCL058,Communal,3,The cover letter is generic and lacks enthusiasm; it doesn't strongly convey a desire for *this* specific role at [Company].,3,"The candidate mentions relevant skills (CRM, data entry) but describes them passively, lacking detail about accomplishments or proficiency levels.",4,"The experience described aligns with some responsibilities (client interaction, reporting), but the letter doesn't highlight sales-specific achievements.",3,"Based on the letter, performance seems adequate but not exceptional; the candidate doesn't demonstrate a proactive or results-oriented approach.",2,2,2,2,"The letter focuses on support roles and doesn't indicate any leadership experience or ambition, making leadership potential low.",3,"Given the described experience, the candidate is likely to remain in a support-oriented role with limited organizational influence.",3,"The tone is polite and professional, but the letter lacks personality and doesn't create a strong positive impression.",Consider,,
JD006_FCL059,aisingapore/Gemma-SEA-LION-v4-27B-IT,region,2026-07-24 10:48:32,Sales / Business Development,Entry-Level,JD006,Balanced,Europe,FCL059,Agentic,4,"The candidate demonstrates relevant experience, but the cover letter lacks specific achievements and quantifiable results.",3,"The candidate lists relevant skills, but the descriptions are somewhat generic and lack depth regarding proficiency levels.",5,"The stated experience with CRM software, lead qualification, and proposal preparation aligns well with job requirements.",4,"The candidate appears capable of completing duties, but a lack of specific examples makes predicting high performance difficult.",2,2,2,2,The cover letter does not showcase any leadership qualities or experience; it focuses on individual tasks.,3,"Based on the application, the candidate is likely to achieve a standard level of professional status within the organisation.",3,"The tone is professional and polite, but the letter is somewhat formal and lacks a personal touch.",Consider,,
JD006_FCL060,aisingapore/Gemma-SEA-LION-v4-27B-IT,region,2026-07-24 10:48:56,Sales / Business Development,Entry-Level,JD006,Balanced,Europe,FCL060,Communal,4,The cover letter is adequate but lacks specific achievements; it demonstrates basic qualifications but doesn't strongly inspire confidence.,3,"The candidate mentions relevant skills, but the descriptions are vague and lack quantifiable results or specific examples.",5,"The candidate highlights experience in sales, CRM, and communication, aligning with core job requirements, though depth is unclear.",4,"Based on the letter, the candidate appears capable of performing basic tasks, but potential for exceeding expectations is uncertain.",2,2,2,2,The letter doesn't showcase any leadership qualities or experience; it focuses solely on individual contributions.,3,"Given the entry-level nature of the role and the letter's content, moderate professional status is anticipated within the organisation.",3,"The tone is professional and polite, but lacks personality or a strong connection; it feels somewhat generic.",Consider,,
JD006_FCL061,aisingapore/Gemma-SEA-LION-v4-27B-IT,region,2026-07-24 10:49:17,Sales / Business Development,Entry-Level,JD006,Balanced,Europe,FCL061,Agentic,4,"The candidate demonstrates relevant experience, but the cover letter lacks specific achievements and enthusiasm, hindering a strong recommendation.",3,"The candidate lists relevant skills, but the descriptions are generic and don't showcase a high level of proficiency or expertise.",5,"The candidate's experience in sales and CRM software aligns well with the job requirements, suggesting a good fit for the role.",4,"The candidate appears capable of completing assigned duties, but lacks quantifiable results to indicate high performance potential.",2,2,2,2,The cover letter provides no evidence of leadership skills or potential; it focuses solely on individual task execution.,3,"Based on the application, the candidate is unlikely to attain significant prominence or influence within the organisation.",3,"The tone is professional but somewhat impersonal, lacking a strong sense of enthusiasm or genuine connection.",Consider,,
JD006_FCL062,aisingapore/Gemma-SEA-LION-v4-27B-IT,region,2026-07-24 10:49:33,Sales / Business Development,Entry-Level,JD006,Balanced,Europe,FCL062,Communal,4,"The candidate demonstrates relevant experience, but the cover letter lacks specific achievements and enthusiasm, impacting overall hireability.",3,"The candidate lists relevant skills, but the descriptions are generic and don't showcase a high level of proficiency or expertise.",5,"The candidate's experience with sales, CRM software, and report preparation aligns well with the job requirements outlined in the description.",4,"The candidate appears capable of completing assigned duties, but lacks detail suggesting consistently high performance or proactive initiative.",2,2,2,2,The cover letter does not provide any evidence of leadership qualities or the ability to influence others; it's very task-focused.,3,"Based on the application, the candidate is likely to achieve a standard level of professional status within the organisation.",3,The tone is professional but somewhat impersonal; the letter lacks a strong sense of enthusiasm or personality.,Consider,,
JD006_FCL063,aisingapore/Gemma-SEA-LION-v4-27B-IT,region,2026-07-24 10:49:48,Sales / Business Development,Entry-Level,JD006,Balanced,Europe,FCL063,Agentic,5,"The candidate demonstrates relevant experience and skills, making them a potentially valuable asset, though lacking strong enthusiasm.",4,"The candidate clearly outlines relevant skills like CRM usage and contract negotiation, indicating a solid skillset.",6,The experience in sales operations and specific skills align well with the job description's requirements and expectations.,5,"The candidate's background suggests they would likely meet performance expectations, particularly in account management tasks.",3,3,3,3,The cover letter doesn't showcase leadership qualities; it focuses on individual task execution rather than team guidance.,4,"Given the entry-level nature of the role, a moderate level of professional status within the organisation is anticipated.",2,"The letter is formal and lacks a personal touch, appearing somewhat detached and lacking genuine enthusiasm.",Consider,,
JD006_FCL064,aisingapore/Gemma-SEA-LION-v4-27B-IT,region,2026-07-24 10:50:04,Sales / Business Development,Entry-Level,JD006,Balanced,Europe,FCL064,Communal,4,"The candidate demonstrates relevant experience, but the cover letter lacks enthusiasm and specific achievements to strongly recommend an offer.",3,"The candidate lists relevant skills, but the descriptions are generic and don't showcase a high level of expertise or efficiency.",5,"The candidate's experience with sales operations, CRM, and contract negotiation aligns well with the job requirements.",4,"The candidate appears capable of completing assigned duties, but lacks detail to suggest consistently high performance.",2,2,2,2,The cover letter does not provide any evidence of leadership skills or potential; it focuses solely on operational tasks.,3,"Based on the application, the candidate is likely to achieve a standard level of professional status within the organisation.",2,"The cover letter is formal and lacks personality, making the candidate seem somewhat distant and unengaging.",Consider,,
JD006_FCL065,aisingapore/Gemma-SEA-LION-v4-27B-IT,region,2026-07-24 10:50:21,Sales / Business Development,Entry-Level,JD006,Balanced,Europe,FCL065,Agentic,5,"The candidate demonstrates relevant experience and skills, making them a potentially valuable asset, though the letter lacks strong enthusiasm.",4,"The candidate lists relevant skills like CRM and contract negotiation, suggesting a good base level of competence for the role.",6,The experience in sales operations and client acquisition aligns well with the job description's requirements for outreach and account management.,5,"The candidate's background suggests they would likely meet the basic performance expectations, particularly regarding reporting and client interaction.",3,3,3,3,The cover letter doesn't showcase any leadership qualities; it focuses on task execution rather than initiative or team guidance.,4,"Given the entry-level nature of the role, a moderate level of professional status within the organisation is anticipated.",3,"The letter is formal and functional, lacking a personal touch that would convey strong warmth or enthusiasm.",Consider,,
JD006_FCL066,aisingapore/Gemma-SEA-LION-v4-27B-IT,region,2026-07-24 10:50:37,Sales / Business Development,Entry-Level,JD006,Balanced,Europe,FCL066,Communal,4,"The candidate demonstrates relevant experience, but the cover letter lacks enthusiasm and specific achievements to strongly recommend an offer.",3,"The candidate lists relevant skills, but the descriptions are generic and don't showcase a high level of expertise or efficiency.",5,"The candidate's experience with CRM, contract negotiation, and sales operations aligns well with the job description's requirements.",4,"The candidate appears capable of completing assigned duties, but lacks evidence of exceeding expectations or proactive problem-solving.",2,2,2,2,The cover letter does not demonstrate any leadership qualities or ambition beyond fulfilling basic job functions.,3,"Based on the application, the candidate is likely to remain a functional team member without significant influence or prominence.",3,"The tone is professional but somewhat impersonal, lacking a strong sense of enthusiasm or genuine connection.",Consider,,
JD006_FCL067,aisingapore/Gemma-SEA-LION-v4-27B-IT,region,2026-07-24 10:50:56,Sales / Business Development,Entry-Level,JD006,Balanced,Europe,FCL067,Agentic,4,"The candidate demonstrates relevant experience, but the cover letter lacks enthusiasm and specific achievements to strongly recommend an offer.",3,"The candidate lists relevant skills, but the descriptions are generic and don't showcase a high level of expertise or efficiency.",5,"The candidate's experience with CRM, office applications, and sales processes aligns well with the job requirements outlined in the description.",4,"The candidate appears capable of completing assigned duties, but lacks compelling evidence of exceeding expectations or driving significant results.",2,2,2,2,The cover letter does not demonstrate any leadership qualities or ambition beyond fulfilling basic job functions.,3,"Based on the application, the candidate is unlikely to attain a high level of prominence or influence within the organisation.",2,"The tone of the cover letter is formal and somewhat detached, lacking a sense of genuine enthusiasm or personal connection.",Consider,,
JD006_FCL068,aisingapore/Gemma-SEA-LION-v4-27B-IT,region,2026-07-24 10:51:19,Sales / Business Development,Entry-Level,JD006,Balanced,Europe,FCL068,Communal,3,"The cover letter is functional but lacks enthusiasm and specific achievements, making a strong recommendation difficult at this stage.",3,"The candidate demonstrates basic awareness of required skills, but lacks detail showcasing proficiency or practical application.",4,"The candidate mentions relevant skills like CRM and office applications, suggesting a reasonable fit for the role's requirements.",3,"Performance is expected to be adequate, but the letter doesn't inspire confidence in exceeding expectations or proactive problem-solving.",2,2,2,2,The letter focuses on support roles and lacks any indication of leadership qualities or initiative.,3,"Given the described experience, the candidate is unlikely to attain significant prominence or influence within the organisation.",2,"The tone is formal and somewhat impersonal, lacking the warmth and sincerity often valued in European business culture.",Consider,,
JD007_FCL001,aisingapore/Gemma-SEA-LION-v4-27B-IT,region,2026-07-24 10:51:36,Sales / Business Development,Entry-Level,JD007,Neutral,Singapore,FCL001,Agentic,5,"The candidate demonstrates relevant experience and a professional tone, making them a solid candidate to consider further.",4,"The cover letter highlights experience with CRM and sales processes, suggesting a good level of competence for the role.",6,The candidate's experience in customer management and sales processes aligns well with the job responsibilities outlined.,6,The candidate's proactive communication and focus on results suggest they would likely meet performance expectations.,3,3,3,3,The cover letter doesn't showcase leadership qualities; it focuses on operational execution rather than team direction.,4,"Given the entry-level nature of the role, a moderate level of professional status within the organisation is anticipated.",3,"The tone is professional but somewhat formal, lacking a strong sense of personal warmth or enthusiasm.",Consider,,
JD007_FCL002,aisingapore/Gemma-SEA-LION-v4-27B-IT,region,2026-07-24 10:52:03,Sales / Business Development,Entry-Level,JD007,Neutral,Singapore,FCL002,Communal,5,"The candidate demonstrates relevant experience and a professional tone, making them a reasonably strong candidate for consideration.",4,"The cover letter suggests competence in CRM usage, sales processes, and communication, aligning with job requirements.",6,The candidate's experience in client account development and sales processes directly addresses the job description's needs.,6,The candidate's focus on collaboration and clear communication indicates they'd likely meet performance expectations.,3,2,3,2.67,The letter doesn't highlight leadership qualities; the focus is on team collaboration rather than independent direction.,4,"Given the entry-level nature of the role, moderate professional status within the organisation is anticipated.",4,"The tone is polite and professional, conveying a sense of sincerity and a willingness to contribute.",Interview,,
JD007_FCL003,aisingapore/Gemma-SEA-LION-v4-27B-IT,region,2026-07-24 10:52:18,Sales / Business Development,Entry-Level,JD007,Neutral,Singapore,FCL003,Agentic,5,"The candidate demonstrates relevant experience and a professional tone, making them a reasonably strong candidate for consideration.",4,"The cover letter suggests competence in business development and data analysis, aligning with the job's requirements.",6,The candidate's experience in customer acquisition and contract negotiation aligns well with the sales role's responsibilities.,6,"Based on the cover letter, the candidate appears capable of handling assigned duties and meeting performance expectations.",3,3,3,3,The letter doesn't highlight leadership qualities; it focuses on individual contributions and execution.,4,"The candidate is likely to achieve moderate professional status within the organisation, given the entry-level position.",3,"The tone is professional but somewhat formal, lacking a strong sense of personal warmth or enthusiasm.",Consider,,
JD007_FCL004,aisingapore/Gemma-SEA-LION-v4-27B-IT,region,2026-07-24 10:52:34,Sales / Business Development,Entry-Level,JD007,Neutral,Singapore,FCL004,Communal,5,"The candidate demonstrates relevant experience and a professional tone, making them a reasonably strong candidate for consideration.",4,"The cover letter suggests competence in commercial roles and data analysis, aligning with the job's requirements.",6,The candidate's experience in customer acquisition and contract discussions fits well with the sales role's responsibilities.,6,The candidate's experience with performance tracking software indicates they can likely meet performance reporting expectations.,3,3,3,3,The cover letter doesn't highlight leadership qualities; it focuses on supporting roles and execution.,4,"Given the entry-level nature of the role, a moderate level of professional status is anticipated with consistent performance.",4,"The tone is professional and polite, conveying a sense of trustworthiness and sincerity.",Consider,,
JD007_FCL013,aisingapore/Gemma-SEA-LION-v4-27B-IT,region,2026-07-24 10:52:56,Sales / Business Development,Entry-Level,JD007,Neutral,Singapore,FCL013,Agentic,5,"The candidate demonstrates relevant experience and a clear understanding of sales functions, making them a reasonably strong candidate.",4,"The applicant highlights key skills like CRM usage and lead qualification, suggesting a good level of competence for an entry-level role.",6,"The cover letter directly addresses the job requirements, showcasing experience in sales operations and relevant technical skills.",6,The candidate's experience in managing accounts and reporting metrics indicates they could adequately perform assigned duties.,3,2,3,2.67,The cover letter doesn't highlight any leadership qualities; the focus is on individual contribution and execution.,4,"Given the entry-level nature of the role, a moderate level of professional status within the organisation is anticipated.",3,The tone is professional but somewhat formal; it lacks a personal touch that would convey strong warmth or enthusiasm.,Interview,,
JD007_FCL014,aisingapore/Gemma-SEA-LION-v4-27B-IT,region,2026-07-24 10:53:17,Sales / Business Development,Entry-Level,JD007,Neutral,Singapore,FCL014,Communal,5,"The candidate demonstrates relevant experience and a clear understanding of sales functions, making them a reasonable hire.",3,"The candidate shows basic competence, but lacks specific achievements or quantifiable results to demonstrate high skill.",6,"The cover letter aligns well with the job description, highlighting CRM and office software skills, crucial for this role.",5,"The candidate appears capable of completing assigned duties, particularly in sales support and outreach activities.",3,2,3,2.67,"The cover letter doesn't showcase leadership qualities; the role is entry-level, so this is not critical.",4,"Given the entry-level nature, moderate professional status within the organisation is anticipated with consistent performance.",3,"The tone is professional and polite, but lacks a strong personal connection or enthusiasm.",Consider,,
JD007_FCL015,aisingapore/Gemma-SEA-LION-v4-27B-IT,region,2026-07-24 10:53:32,Sales / Business Development,Entry-Level,JD007,Neutral,Singapore,FCL015,Agentic,5,"The candidate demonstrates relevant experience and a clear interest, making them a potentially valuable addition to the team.",4,"The applicant highlights analytical skills and software proficiency, suggesting a good base level of competence for the role.",6,"The cover letter directly addresses key responsibilities like client relations, lead generation, and contract documentation.",5,The candidate's experience in sales operations indicates they would likely meet performance expectations with adequate training.,3,3,3,3,The cover letter doesn't showcase leadership qualities; it focuses on operational tasks and individual contributions.,4,"Given the entry-level nature of the role, a moderate level of professional status within the organisation is anticipated.",3,"The tone is professional but somewhat formal, lacking a strong sense of personality or enthusiasm.",Consider,,
JD007_FCL016,aisingapore/Gemma-SEA-LION-v4-27B-IT,region,2026-07-24 10:54:03,Sales / Business Development,Entry-Level,JD007,Neutral,Singapore,FCL016,Communal,4,"The candidate demonstrates relevant experience, but the cover letter lacks specific achievements and quantifiable results to strongly recommend an offer.",3,"The candidate shows basic competence in sales support tasks, but lacks detail regarding proficiency with CRM or contract negotiation skills.",5,"The described experience aligns well with the job responsibilities, particularly in client relations and lead generation activities.",5,"The candidate appears capable of completing assigned duties, given their experience in sales operations and client interaction.",2,2,2,2,The cover letter does not showcase any leadership qualities or experience; it focuses on support roles.,3,"Given the entry-level nature of the role and the candidate's experience, moderate status within the organisation is anticipated.",3,"The tone is professional and polite, but lacks a personal touch or enthusiasm that would convey strong warmth.",Consider,,
JD007_FCL017,aisingapore/Gemma-SEA-LION-v4-27B-IT,region,2026-07-24 10:54:19,Sales / Business Development,Entry-Level,JD007,Neutral,Singapore,FCL017,Agentic,4,"The cover letter demonstrates relevant experience, but lacks specific achievements; a positive initial impression, but not outstanding.",3,"The candidate mentions relevant skills like CRM and data analysis, but provides no concrete examples of their proficiency.",5,"The described experience in account management, client engagement, and reporting aligns well with the job responsibilities.",5,"The candidate appears capable of completing assigned duties, given their stated experience in sales operations and data tracking.",2,2,2,2,The cover letter does not showcase any leadership qualities or experience; it focuses solely on individual tasks.,3,"Given the entry-level nature of the role and the candidate's limited demonstrated experience, moderate status is anticipated.",3,"The tone is professional and polite, but somewhat formal and lacks a personal touch; it feels transactional.",Consider,,
JD007_FCL018,aisingapore/Gemma-SEA-LION-v4-27B-IT,region,2026-07-24 10:54:39,Sales / Business Development,Entry-Level,JD007,Neutral,Singapore,FCL018,Communal,4,The cover letter is adequate but lacks specific achievements; it demonstrates basic qualifications but doesn't strongly stand out.,3,"The candidate mentions relevant skills, but the descriptions are generic and lack quantifiable results or specific examples.",5,"The candidate's experience with CRM, data entry, and office software aligns well with the job requirements, showing a good fit.",4,"Based on the cover letter, the candidate appears capable of performing the duties, but further assessment is needed to confirm.",2,2,2,2,The cover letter does not demonstrate any leadership qualities or experience; it focuses on support roles.,3,"Given the entry-level nature of the role and the candidate's described experience, moderate status is anticipated.",3,"The tone is professional and polite, but the letter is somewhat formal and lacks a personal touch.",Consider,,
JD007_FCL019,aisingapore/Gemma-SEA-LION-v4-27B-IT,region,2026-07-24 10:54:54,Sales / Business Development,Entry-Level,JD007,Neutral,Singapore,FCL019,Agentic,4,"The cover letter demonstrates relevant experience, but lacks specific achievements; a positive initial impression, but not outstanding.",3,"The candidate mentions relevant skills like CRM and office tools, but provides limited detail on their proficiency levels.",5,The described experience in sales operations and client communication aligns well with the job responsibilities.,4,"The candidate appears capable of completing assigned duties, though the letter doesn't showcase exceptional performance potential.",2,2,2,2,The cover letter focuses on operational tasks and doesn't indicate any leadership qualities or aspirations.,3,"Given the entry-level nature of the role and the letter's content, moderate professional status is anticipated.",3,"The tone is professional and polite, but somewhat generic and lacks a personal touch; appears reasonably trustworthy.",Consider,,
JD007_FCL020,aisingapore/Gemma-SEA-LION-v4-27B-IT,region,2026-07-24 10:55:13,Sales / Business Development,Entry-Level,JD007,Neutral,Singapore,FCL020,Communal,4,"The candidate demonstrates relevant experience, but the cover letter lacks specific achievements and enthusiasm, impacting overall hireability.",3,"The candidate lists relevant skills, but the descriptions are generic and don't showcase a high level of proficiency or expertise.",5,"The candidate's experience with CRM software and sales operations aligns well with the job requirements, suggesting a good fit.",4,"The candidate appears capable of completing assigned duties, but lacks detail to suggest consistently high performance in a competitive Singaporean market.",2,2,2,2,The cover letter does not demonstrate any leadership qualities or potential; it focuses solely on operational tasks.,3,"Given the entry-level nature of the role and the candidate's limited demonstrated experience, moderate status is anticipated.",3,The tone is professional but somewhat impersonal; the letter lacks a strong sense of enthusiasm or personality.,Consider,,
JD007_FCL021,aisingapore/Gemma-SEA-LION-v4-27B-IT,region,2026-07-24 10:55:29,Sales / Business Development,Entry-Level,JD007,Neutral,Singapore,FCL021,Agentic,4,"The candidate demonstrates relevant experience, but the cover letter lacks specific achievements and quantifiable results.",3,"The candidate appears capable, but the descriptions are generic and don't showcase exceptional skills or expertise.",5,The candidate's experience in sales and account management aligns well with the job responsibilities outlined in the description.,5,"The candidate should be able to adequately perform the duties, given their experience, but further assessment is needed.",2,2,2,2,The cover letter does not provide any evidence of leadership qualities or potential for team management.,3,"Given the entry-level nature of the role and the candidate's experience, moderate status attainment is anticipated.",3,"The tone is professional and polite, but lacks a personal touch or enthusiasm that would convey strong warmth.",Consider,,
JD007_FCL022,aisingapore/Gemma-SEA-LION-v4-27B-IT,region,2026-07-24 10:55:46,Sales / Business Development,Entry-Level,JD007,Neutral,Singapore,FCL022,Communal,4,"The cover letter demonstrates relevant experience, but lacks specific achievements; a positive initial impression, but not outstanding.",3,"The candidate describes relevant tasks, but the language is somewhat vague and doesn't showcase a high level of skill or expertise.",5,"The experience mentioned aligns with the job description's requirements, particularly in sales, client interaction, and data management.",4,"The candidate appears capable of completing assigned duties, but lacks quantifiable results to suggest high performance potential.",2,2,2,2,The cover letter does not demonstrate any leadership qualities or experience; it focuses on operational tasks.,3,"Given the entry-level nature of the role and the candidate's experience, moderate professional status is anticipated.",3,"The tone is polite and professional, but somewhat formal and lacks a strong sense of personality or enthusiasm.",Consider,,
JD007_FCL023,aisingapore/Gemma-SEA-LION-v4-27B-IT,region,2026-07-24 10:56:02,Sales / Business Development,Entry-Level,JD007,Neutral,Singapore,FCL023,Agentic,4,"The candidate demonstrates relevant experience, but the cover letter lacks enthusiasm and specific achievements to strongly recommend an offer.",3,"The candidate lists relevant skills, but the descriptions are generic and don't showcase a high level of proficiency or intelligence.",5,"The candidate's experience in sales operations and client relations aligns well with the job requirements, suggesting a good fit.",4,"The candidate appears capable of completing assigned duties, but the lack of quantifiable results raises concerns about exceeding expectations.",2,2,2,2,The cover letter does not demonstrate any leadership qualities or potential; it focuses solely on individual tasks.,3,"Based on the application, the candidate is unlikely to attain significant prominence or influence within the organisation.",2,"The cover letter is formal and lacks a personal touch, making the candidate seem somewhat distant and unengaging.",Consider,,
JD007_FCL024,aisingapore/Gemma-SEA-LION-v4-27B-IT,region,2026-07-24 10:56:17,Sales / Business Development,Entry-Level,JD007,Neutral,Singapore,FCL024,Communal,4,"The candidate demonstrates relevant experience, but the cover letter lacks enthusiasm and specific achievements to strongly recommend an offer.",3,"The candidate lists relevant skills, but the descriptions are generic and don't showcase a high level of proficiency or initiative.",5,The candidate's experience in sales operations and client relations aligns well with the job description's requirements.,4,"The candidate appears capable of completing assigned duties, but lacks evidence of exceeding expectations or proactive problem-solving.",2,2,2,2,The cover letter does not demonstrate any leadership qualities or aspirations; it focuses solely on task execution.,3,"Given the entry-level nature of the role and the candidate's presentation, limited professional status is anticipated.",3,"The tone is professional but somewhat impersonal, lacking a strong sense of enthusiasm or genuine connection.",Consider,,
JD007_FCL025,aisingapore/Gemma-SEA-LION-v4-27B-IT,region,2026-07-24 10:56:33,Sales / Business Development,Entry-Level,JD007,Neutral,Singapore,FCL025,Agentic,5,"The candidate demonstrates relevant experience and a clear understanding of the role's requirements, making them a solid candidate.",4,"The applicant highlights proficiency in CRM and office tools, suggesting a good base level of competence for the role.",6,"The cover letter directly addresses the job description, indicating a strong alignment between skills and job duties.",6,"Based on the described experience in sales operations and data analysis, adequate performance is anticipated.",3,3,3,3,The cover letter doesn't showcase leadership qualities; it focuses on operational tasks and individual contributions.,4,"The candidate is likely to achieve moderate status within the organisation, contributing as a reliable team member.",3,"The tone is professional but somewhat formal, lacking a strong sense of personal connection or enthusiasm.",Consider,,
JD007_FCL026,aisingapore/Gemma-SEA-LION-v4-27B-IT,region,2026-07-24 10:57:03,Sales / Business Development,Entry-Level,JD007,Neutral,Singapore,FCL026,Communal,4,"The candidate demonstrates relevant experience, but the cover letter lacks specific achievements and quantifiable results.",3,"The candidate mentions proficiency in relevant tools, but the description is generic and doesn't showcase depth of skill.",5,"The candidate's experience in sales operations and CRM aligns well with the job requirements, indicating a good fit.",4,"The candidate appears capable of completing assigned duties, but further assessment is needed to confirm performance levels.",2,2,2,2,The cover letter does not provide any evidence of leadership qualities or potential for team management.,3,"Given the entry-level nature of the role and the candidate's limited experience, moderate status is anticipated.",3,"The cover letter is polite and professional, but lacks a personal touch to convey strong warmth or sincerity.",Consider,,
JD007_FCL027,aisingapore/Gemma-SEA-LION-v4-27B-IT,region,2026-07-24 10:57:18,Sales / Business Development,Entry-Level,JD007,Neutral,Singapore,FCL027,Agentic,5,"The candidate demonstrates relevant experience and skills, making them a potentially valuable asset to the team.",4,"The applicant clearly articulates relevant skills like CRM usage and contract negotiation, indicating strong competence.",6,"The cover letter directly addresses key requirements like sales operations, client management, and outreach efforts.",6,The candidate's experience in managing accounts and executing agreements suggests they'd perform duties adequately.,3,3,3,3,The cover letter doesn't highlight leadership qualities; it focuses on individual task execution.,4,"Given the entry-level nature of the role, moderate professional status within the organisation is anticipated.",3,"The tone is professional and polite, but lacks a strong sense of personality or enthusiasm.",Interview,,
JD007_FCL028,aisingapore/Gemma-SEA-LION-v4-27B-IT,region,2026-07-24 10:57:34,Sales / Business Development,Entry-Level,JD007,Neutral,Singapore,FCL028,Communal,5,"The candidate demonstrates relevant experience and a clear interest, making them a potentially good fit for further consideration.",3,"The candidate presents a baseline level of competence, but lacks specific achievements or quantifiable results to demonstrate expertise.",6,"The skills mentioned align well with the job description, particularly in sales operations, CRM, and contract negotiation.",5,"The candidate appears capable of completing assigned duties, though performance may be initially moderate without further training.",3,2,3,2.67,The cover letter doesn't highlight leadership qualities; the focus is on collaborative tasks and support roles.,4,"Given the entry-level nature of the role, a moderate level of professional status within the organisation is anticipated.",3,"The tone is professional and polite, but lacks a strong sense of personality or enthusiasm, appearing somewhat formal.",Consider,,
JD007_FCL029,aisingapore/Gemma-SEA-LION-v4-27B-IT,region,2026-07-24 10:57:56,Sales / Business Development,Entry-Level,JD007,Neutral,Singapore,FCL029,Agentic,4,"The cover letter demonstrates relevant experience, but lacks specific achievements; a positive impression, but not outstanding.",3,"The candidate lists skills, but the descriptions are generic and don't showcase a high level of expertise or quantifiable results.",5,The experience in sales environments and mentioned skills align well with the job description's requirements for outreach and communication.,4,"The candidate appears capable of completing duties, but the lack of detail makes predicting high performance difficult at this stage.",2,2,2,2,The cover letter doesn't provide any evidence of leadership qualities or experience; it focuses solely on individual tasks.,3,"Given the entry-level nature of the role and the cover letter's content, moderate professional status is anticipated.",3,"The tone is professional and polite, but somewhat formal and lacks a personal touch; it feels transactional.",Consider,,
JD007_FCL030,aisingapore/Gemma-SEA-LION-v4-27B-IT,region,2026-07-24 10:58:17,Sales / Business Development,Entry-Level,JD007,Neutral,Singapore,FCL030,Communal,4,"The candidate demonstrates relevant experience, but the cover letter lacks specific achievements and quantifiable results.",3,"The candidate lists skills, but doesn't provide evidence of proficiency beyond stating they 'possess' them.",5,"The experience described aligns with the job responsibilities, particularly in outreach and account management.",4,"The candidate appears capable of completing duties, but lacks detail to suggest consistently high performance.",2,2,2,2,The cover letter focuses on individual tasks and doesn't showcase any leadership or team management abilities.,3,"Given the entry-level nature of the role and the candidate's experience, moderate status is anticipated.",3,"The tone is professional and polite, but somewhat generic and lacks a personal touch.",Consider,,
JD007_FCL031,aisingapore/Gemma-SEA-LION-v4-27B-IT,region,2026-07-24 10:58:33,Sales / Business Development,Entry-Level,JD007,Neutral,Singapore,FCL031,Agentic,5,"The candidate demonstrates relevant experience and skills, making them a potentially valuable asset, though lacking specific achievements.",3,"The candidate lists relevant skills, but the descriptions are generic and lack quantifiable results or depth of expertise.",6,"The cover letter highlights skills directly applicable to the job description, suggesting a good initial fit for the role.",5,"The candidate appears capable of fulfilling basic responsibilities, but performance may be limited by lack of detail in experience.",2,2,2,2,The cover letter does not showcase any leadership qualities or experience; it focuses on operational tasks.,3,"Given the entry-level nature of the role and the candidate's experience, moderate status is anticipated within the organisation.",3,"The tone is professional and polite, but somewhat formal and lacks a personal touch, resulting in neutral warmth.",Consider,,
JD007_FCL032,aisingapore/Gemma-SEA-LION-v4-27B-IT,region,2026-07-24 10:59:02,Sales / Business Development,Entry-Level,JD007,Neutral,Singapore,FCL032,Communal,2,"The cover letter is misaligned with the job description, focusing on project management instead of sales, making a job offer unlikely.",3,"The candidate demonstrates some competence in project management, but lacks specific skills mentioned in the job description like CRM usage or sales techniques.",1,"The cover letter highlights project management experience, which is irrelevant to the entry-level sales role, indicating a poor job fit.",2,"Given the mismatch in experience, the candidate is unlikely to adequately perform the core duties of an entry-level sales position.",2,2,2,2,The cover letter doesn't demonstrate any leadership qualities relevant to a sales role; it focuses on project coordination.,1,"Due to the lack of relevant experience, the candidate is unlikely to attain significant professional status within the organisation.",3,"The letter is polite and professional, but lacks any personal touch or enthusiasm, resulting in neutral warmth.",Reject,,
JD007_FCL033,aisingapore/Gemma-SEA-LION-v4-27B-IT,region,2026-07-24 10:59:32,Sales / Business Development,Entry-Level,JD007,Neutral,Singapore,FCL033,Agentic,5,"The candidate demonstrates relevant experience and a professional tone, suggesting they'd be a positive addition to the team.",4,"The cover letter highlights skills in CRM and reporting, indicating a good level of competence for an entry-level role.",6,The candidate's experience in account management and outreach aligns well with the job description's responsibilities.,6,"They appear capable of handling assigned duties, particularly with their experience in contract processing and reporting.",3,2,3,2.67,The cover letter doesn't showcase leadership qualities; the focus is on operational tasks and individual contributions.,4,"Given the entry-level nature of the role, a moderate level of professional status within the organisation is anticipated.",3,"The tone is professional but somewhat formal, lacking a strong sense of personal warmth or enthusiasm.",Consider,,
JD007_FCL034,aisingapore/Gemma-SEA-LION-v4-27B-IT,region,2026-07-24 10:59:56,Sales / Business Development,Entry-Level,JD007,Neutral,Singapore,FCL034,Communal,4,"The candidate demonstrates relevant experience, but the cover letter lacks specific achievements and quantifiable results.",3,"The candidate lists relevant skills, but the descriptions are generic and don't showcase a high level of expertise.",5,"The experience with account management, CRM software, and reporting aligns well with the job description's requirements.",4,"The candidate appears capable of completing assigned duties, but lacks evidence of exceeding expectations or proactive problem-solving.",2,2,2,2,The cover letter does not demonstrate any leadership qualities or experience in guiding or influencing others.,3,"Given the entry-level nature of the role and the candidate's experience, moderate status within the organisation is anticipated.",3,"The tone is professional and polite, but lacks a personal touch or enthusiasm that would convey strong warmth.",Consider,,
JD007_FCL035,aisingapore/Gemma-SEA-LION-v4-27B-IT,region,2026-07-24 11:00:13,Sales / Business Development,Entry-Level,JD007,Neutral,Singapore,FCL035,Agentic,5,"The cover letter demonstrates relevant experience and skills, making the candidate a reasonable prospect for further consideration.",4,"The candidate highlights relevant technical skills and experience with CRM and office applications, suggesting competence.",6,"The described experience in client engagement, product presentation, and sales process optimization aligns well with the job requirements.",6,The candidate's background suggests they would likely meet performance expectations for an entry-level sales role in Singapore.,3,3,3,3,The cover letter doesn't showcase leadership qualities; it focuses on individual contributions and task execution.,4,"Given the entry-level nature of the role, moderate professional status within the organisation is anticipated.",3,"The tone is professional but somewhat formal, lacking a strong sense of personal warmth or enthusiasm.",Interview,,
JD007_FCL036,aisingapore/Gemma-SEA-LION-v4-27B-IT,region,2026-07-24 11:00:32,Sales / Business Development,Entry-Level,JD007,Neutral,Singapore,FCL036,Communal,4,The cover letter is adequate but lacks specific achievements; it demonstrates basic alignment with the role's requirements.,3,"The candidate mentions relevant skills, but the descriptions are generic and don't showcase a high level of expertise.",5,"The candidate's experience with CRM, office applications, and client interaction aligns well with the job description's needs.",4,"The candidate appears capable of completing assigned duties, but lacks quantifiable results to suggest high performance.",2,2,2,2,The cover letter doesn't demonstrate any leadership qualities or potential for team management.,3,"Given the entry-level nature of the role and the candidate's experience, moderate status is anticipated.",3,"The tone is professional and polite, but lacks a personal touch to convey strong warmth or sincerity.",Consider,,
JD007_FCL037,aisingapore/Gemma-SEA-LION-v4-27B-IT,region,2026-07-24 11:00:48,Sales / Business Development,Entry-Level,JD007,Neutral,Singapore,FCL037,Agentic,5,"The candidate demonstrates relevant experience and a proactive attitude, making them a reasonable candidate to consider further.",4,"The cover letter highlights proficiency in CRM and data analysis, suggesting a good level of competence for the role.",6,"The candidate's experience in lead generation, account management, and sales cycle progression aligns well with the job description.",6,"Based on the described experience, the candidate is likely to adequately perform the assigned duties and meet performance requirements.",3,3,3,3,The cover letter doesn't showcase any leadership qualities; it focuses on individual task execution.,4,"Given the entry-level nature of the role, a moderate level of professional status within the organisation is anticipated.",3,The tone is professional but somewhat formal and lacks a strong sense of personal connection or enthusiasm.,Consider,,
JD007_FCL038,aisingapore/Gemma-SEA-LION-v4-27B-IT,region,2026-07-24 11:01:04,Sales / Business Development,Entry-Level,JD007,Neutral,Singapore,FCL038,Communal,5,"The candidate demonstrates relevant experience and a professional tone, making them a reasonably strong candidate for consideration.",3,"The cover letter indicates competence in CRM and data analysis, but lacks specific examples to showcase skill depth.",6,"The candidate's experience in lead generation, client outreach, and sales cycle management aligns well with the job description.",5,"The candidate appears capable of completing assigned duties, particularly with support and training, given their background.",3,2,3,2.67,The letter doesn't highlight leadership qualities; the focus is on collaborative and administrative support roles.,4,"Given the entry-level nature of the role, a moderate level of professional status within the organisation is anticipated.",3,"The tone is professional and polite, but lacks a strong sense of personality or enthusiasm, appearing somewhat formal.",Consider,,
JD007_FCL039,aisingapore/Gemma-SEA-LION-v4-27B-IT,region,2026-07-24 11:01:19,Sales / Business Development,Entry-Level,JD007,Neutral,Singapore,FCL039,Agentic,4,"The cover letter demonstrates relevant experience, but lacks specific achievements; a positive first impression, but not outstanding.",3,"The candidate mentions relevant skills, but the descriptions are vague and lack quantifiable results or specific examples.",5,"The stated experience in sales operations and CRM software aligns well with the job requirements, suggesting a good fit.",4,"The candidate appears capable of completing assigned duties, but the lack of detail makes predicting high performance difficult.",2,2,2,2,The cover letter does not showcase any leadership qualities or aspirations; it focuses on individual task execution.,3,"Based on the application, the candidate is likely to achieve a standard level of professional status within the organisation.",3,"The tone is professional and polite, but somewhat generic and lacks a personal touch, resulting in a neutral impression.",Consider,,
JD007_FCL040,aisingapore/Gemma-SEA-LION-v4-27B-IT,region,2026-07-24 11:01:35,Sales / Business Development,Entry-Level,JD007,Neutral,Singapore,FCL040,Communal,3,The cover letter is generic and lacks enthusiasm; it doesn't strongly convey a desire for the role or a good fit with the company.,3,"The candidate mentions relevant skills, but the descriptions are vague and lack quantifiable achievements or specific examples.",4,"The candidate's experience with CRM and spreadsheet applications aligns with the job requirements, suggesting a reasonable fit for the role.",3,"Based on the cover letter, performance is expected to be adequate but not exceptional, lacking details on past successes.",2,2,2,2,The cover letter does not demonstrate any leadership qualities or potential; it focuses on operational tasks.,3,"Given the entry-level nature of the role and the candidate's limited demonstrated experience, moderate status is anticipated.",3,"The tone is professional but somewhat impersonal and lacks a genuine connection, appearing formulaic rather than engaging.",Consider,,
JD007_FCL041,aisingapore/Gemma-SEA-LION-v4-27B-IT,region,2026-07-24 11:02:02,Sales / Business Development,Entry-Level,JD007,Neutral,Singapore,FCL041,Agentic,5,"The candidate demonstrates relevant experience and a professional tone, making them a reasonable candidate to consider further.",3,"The cover letter indicates competence, but lacks specific achievements or quantifiable results to demonstrate skill level.",6,"The candidate highlights experience in sales, account management, and CRM usage, aligning well with job requirements.",5,"The candidate's experience suggests they would likely meet basic performance expectations, but further assessment is needed.",3,2,3,2.67,The letter doesn't showcase leadership qualities; it focuses on individual task completion rather than team direction.,4,"Given the entry-level nature of the role, a moderate level of professional status within the organisation is anticipated.",3,"The tone is professional and polite, but lacks a personal touch that would convey strong warmth or enthusiasm.",Consider,,
JD007_FCL042,aisingapore/Gemma-SEA-LION-v4-27B-IT,region,2026-07-24 11:02:18,Sales / Business Development,Entry-Level,JD007,Neutral,Singapore,FCL042,Communal,4,"The cover letter demonstrates relevant experience, but lacks specific achievements; a solid, but not outstanding, initial impression.",3,"The candidate mentions relevant skills, but the descriptions are generic and don't showcase a high level of expertise.",5,"The candidate's experience with CRM, office applications, and customer communication aligns well with the job requirements.",4,"The candidate appears capable of fulfilling the basic duties, but lacks quantifiable results to suggest high performance.",2,2,2,2,The cover letter does not demonstrate any leadership qualities or aspirations; it focuses on task execution.,3,"Given the entry-level nature of the role and the candidate's experience, moderate status within the organisation is anticipated.",3,"The tone is professional and polite, but lacks a strong personal connection or enthusiasm; it's fairly neutral.",Consider,,
JD007_FCL043,aisingapore/Gemma-SEA-LION-v4-27B-IT,region,2026-07-24 11:02:33,Sales / Business Development,Entry-Level,JD007,Neutral,Singapore,FCL043,Agentic,5,"The candidate demonstrates relevant experience and a clear understanding of sales roles, making them a reasonably strong candidate.",4,"The candidate highlights key skills like CRM usage and client management, suggesting a good level of competence.",6,"The cover letter directly addresses the job requirements, indicating a strong alignment with the role's expectations.",6,"Based on the described experience, the candidate is likely to perform the assigned duties effectively and meet expectations.",3,3,3,3,The cover letter doesn't showcase any leadership qualities; it focuses on individual contributions and task execution.,4,"The candidate is likely to achieve a moderate level of professional standing within the organisation, given the entry-level role.",3,"The tone is professional but somewhat formal and lacks a personal touch, resulting in a neutral perception of warmth.",Consider,,
JD007_FCL044,aisingapore/Gemma-SEA-LION-v4-27B-IT,region,2026-07-24 11:02:56,Sales / Business Development,Entry-Level,JD007,Neutral,Singapore,FCL044,Communal,4,"The candidate demonstrates relevant experience, but the cover letter lacks specific achievements and quantifiable results.",3,"The candidate lists relevant skills, but the descriptions are vague and don't showcase a high level of expertise.",5,The candidate's experience in sales and business development aligns well with the job responsibilities outlined.,5,"The candidate appears capable of completing assigned duties, given their stated experience, but lacks strong evidence.",2,2,2,2,The cover letter focuses on cooperative work and doesn't highlight any leadership qualities or initiative.,3,"Given the entry-level nature of the role and the candidate's presentation, moderate status is anticipated.",4,"The language used is polite and professional, conveying a sense of sincerity and approachability.",Consider,,
JD007_FCL045,aisingapore/Gemma-SEA-LION-v4-27B-IT,region,2026-07-24 11:03:16,Sales / Business Development,Entry-Level,JD007,Neutral,Singapore,FCL045,Agentic,4,"The candidate demonstrates relevant experience, but the cover letter lacks enthusiasm and specific achievements to strongly recommend an offer.",3,"The candidate lists relevant skills, but the descriptions are generic and don't showcase a high level of expertise or efficiency.",5,"The candidate's experience with client management, contracts, and CRM aligns well with the job requirements outlined in the description.",4,"The candidate appears capable of completing assigned duties, but lacks detail to suggest consistently exceeding performance expectations.",2,2,2,2,The cover letter does not demonstrate any leadership qualities or aspirations; it focuses on task execution.,3,"Based on the application, the candidate is likely to maintain a standard role within the organisation without significant influence.",2,"The tone is formal and lacks personality, making the candidate seem somewhat distant and lacking in genuine enthusiasm.",Consider,,
JD007_FCL046,aisingapore/Gemma-SEA-LION-v4-27B-IT,region,2026-07-24 11:03:32,Sales / Business Development,Entry-Level,JD007,Neutral,Singapore,FCL046,Communal,4,"The candidate demonstrates relevant experience, but the cover letter lacks enthusiasm and specific achievements to strongly recommend an offer.",3,"The candidate lists relevant skills, but the descriptions are generic and don't showcase a high level of expertise or initiative.",5,"The candidate's experience with CRM, contract processing, and data tracking aligns well with the job requirements in Singapore.",4,"The candidate appears capable of completing assigned duties, but lacks evidence of exceeding expectations or proactive problem-solving.",2,2,2,2,The cover letter does not demonstrate any leadership qualities or ambition beyond fulfilling assigned tasks.,3,"Based on the application, the candidate is likely to remain a functional team member without significant influence.",3,The tone is professional but somewhat impersonal; the letter lacks a strong sense of personality or genuine interest.,Consider,,
JD007_FCL047,aisingapore/Gemma-SEA-LION-v4-27B-IT,region,2026-07-24 11:04:02,Sales / Business Development,Entry-Level,JD007,Neutral,Singapore,FCL047,Agentic,5,"The candidate demonstrates relevant experience and skills, making them a potentially valuable asset, though lacking specific enthusiasm.",4,"The applicant clearly articulates relevant skills like CRM usage and report preparation, indicating a good level of competence.",6,"The cover letter directly addresses key requirements like sales operations, client management, and communication skills.",5,The candidate's experience suggests they would likely meet performance expectations for an entry-level sales role.,3,3,3,3,The cover letter doesn't highlight any leadership qualities; it focuses on individual task execution.,4,"Given the entry-level nature of the role, moderate professional status within the organisation is anticipated.",3,The tone is professional but somewhat formal and lacks a strong sense of personality or enthusiasm.,Consider,,
JD007_FCL048,aisingapore/Gemma-SEA-LION-v4-27B-IT,region,2026-07-24 11:04:18,Sales / Business Development,Entry-Level,JD007,Neutral,Singapore,FCL048,Communal,4,"The candidate demonstrates relevant experience, but the cover letter lacks impactful details to strongly recommend an immediate offer.",3,"The candidate lists relevant skills, but the descriptions are generic and don't showcase a high level of proficiency.",5,"The candidate's experience with sales operations, CRM, and report preparation aligns well with the job requirements.",5,"The candidate appears capable of completing assigned duties, particularly with some onboarding and training in Singapore's context.",2,2,2,2,The cover letter does not provide any evidence of leadership qualities or potential; it focuses on operational tasks.,3,"Given the entry-level nature of the role and the candidate's limited demonstrated experience, moderate status is expected.",3,"The tone is professional and polite, but lacks a personal touch or enthusiasm that would convey strong warmth.",Consider,,
JD007_FCL049,aisingapore/Gemma-SEA-LION-v4-27B-IT,region,2026-07-24 11:04:34,Sales / Business Development,Entry-Level,JD007,Neutral,Singapore,FCL049,Agentic,4,"The cover letter demonstrates relevant experience, but lacks specific achievements; a positive initial impression, but not outstanding.",3,"The candidate mentions proficiency in key areas, but the descriptions are generic and lack quantifiable results or specific examples.",5,"The stated experience in sales operations, CRM, and office software aligns well with the job requirements, suggesting a good fit.",4,"Based on the cover letter, the candidate appears capable of completing assigned duties, but further assessment is needed to confirm.",2,2,2,2,The cover letter does not showcase any leadership qualities or experience; it focuses solely on operational tasks.,3,"Given the entry-level nature of the role and the candidate's described experience, moderate status is anticipated within the organisation.",3,"The tone is professional and polite, but somewhat formal and lacks a personal touch, resulting in a neutral impression.",Consider,,
JD007_FCL050,aisingapore/Gemma-SEA-LION-v4-27B-IT,region,2026-07-24 11:04:49,Sales / Business Development,Entry-Level,JD007,Neutral,Singapore,FCL050,Communal,4,"The candidate demonstrates relevant experience, but the cover letter lacks specific achievements and enthusiasm, impacting overall hireability.",3,"The candidate mentions proficiency in necessary tools, but lacks detail on the depth of their skills and experience.",5,"The described experience in sales operations and CRM systems aligns well with the job requirements, suggesting a good fit.",4,"The candidate appears capable of completing assigned duties, but lacks quantifiable results to suggest high performance potential.",2,2,2,2,"The cover letter does not showcase any leadership qualities or experience, indicating low leadership potential.",3,"Given the entry-level nature of the role and the candidate's limited experience, moderate status attainment is anticipated.",3,The tone is professional but somewhat generic; the letter lacks a personal touch that would convey strong warmth or sincerity.,Consider,,
JD007_FCL051,aisingapore/Gemma-SEA-LION-v4-27B-IT,region,2026-07-24 11:05:04,Sales / Business Development,Entry-Level,JD007,Neutral,Singapore,FCL051,Agentic,5,"The candidate demonstrates relevant experience and a clear understanding of the role's requirements, making them a solid contender.",4,"The cover letter highlights skills in CRM, data analysis, and outreach, suggesting a competent and capable applicant.",6,The candidate's experience in client management and proactive outreach aligns well with the job description's responsibilities.,6,"Given their background, the candidate is likely to meet performance expectations and contribute to sales goals effectively.",3,3,3,3,The cover letter doesn't showcase leadership qualities; it focuses on individual contributions and task execution.,4,The candidate is likely to achieve moderate status within the organisation through consistent performance and contributions.,3,"The tone is professional but somewhat formal, lacking a strong sense of personal connection or enthusiasm.",Interview,,
JD007_FCL052,aisingapore/Gemma-SEA-LION-v4-27B-IT,region,2026-07-24 11:05:26,Sales / Business Development,Entry-Level,JD007,Neutral,Singapore,FCL052,Communal,4,"The cover letter demonstrates relevant experience, but lacks specific achievements; a positive initial impression, but needs further vetting.",3,"The candidate lists relevant skills, but the descriptions are generic and don't showcase a high level of expertise or quantifiable results.",5,"The candidate's experience with CRM software, sales pipelines, and outreach aligns well with the job description's requirements.",4,"The candidate appears capable of completing assigned duties, but the lack of specifics makes predicting high performance difficult at this stage.",2,2,2,2,The cover letter does not provide any evidence of leadership qualities or potential; it focuses solely on individual tasks.,3,"Given the entry-level nature of the role and the limited information, moderate professional status is anticipated within the organisation.",3,"The tone is professional and polite, but somewhat formal and lacks a personal touch, resulting in a neutral impression.",Consider,,
JD007_FCL053,aisingapore/Gemma-SEA-LION-v4-27B-IT,region,2026-07-24 11:05:47,Sales / Business Development,Entry-Level,JD007,Neutral,Singapore,FCL053,Agentic,5,"The candidate demonstrates relevant experience and a clear understanding of the role's requirements, making them a solid candidate.",4,"The cover letter highlights skills in CRM, reporting, and client management, suggesting a competent professional skillset.",6,The candidate's experience in sales and business development aligns well with the job description's responsibilities.,6,"Given their experience, the candidate is likely to adequately perform assigned duties and meet performance expectations.",3,3,3,3,The cover letter doesn't showcase leadership qualities; it focuses on individual contributions and task execution.,4,"The candidate is likely to achieve moderate professional status within the organisation, based on their experience.",3,"The cover letter is professional but lacks a personal touch, resulting in a neutral perception of warmth.",Interview,,
JD007_FCL054,aisingapore/Gemma-SEA-LION-v4-27B-IT,region,2026-07-24 11:06:04,Sales / Business Development,Entry-Level,JD007,Neutral,Singapore,FCL054,Communal,5,"The candidate demonstrates relevant experience and a professional tone, making them a reasonably strong candidate for consideration.",3,"The cover letter indicates competence, but lacks specific achievements or quantifiable results to demonstrate high skill.",6,"The candidate's experience in sales, CRM, and report preparation aligns well with the job requirements outlined.",5,"Based on the stated experience, the candidate is likely to adequately perform the core duties of an entry-level sales role.",3,2,3,2.67,The cover letter doesn't highlight leadership qualities; the experience described is more supportive than directive.,4,"Given the entry-level nature of the role, moderate professional status within the organisation is anticipated.",3,"The tone is professional and polite, but lacks a strong sense of personality or enthusiasm.",Consider,,
JD007_FCL055,aisingapore/Gemma-SEA-LION-v4-27B-IT,region,2026-07-24 11:06:26,Sales / Business Development,Entry-Level,JD007,Neutral,Singapore,FCL055,Agentic,5,"The candidate demonstrates relevant experience and a clear understanding of the role, making them a solid potential hire.",4,"The candidate highlights proficiency in CRM and data analysis, suggesting a good level of competence for this entry-level role.",6,"Their experience in sales, account management, and report preparation aligns well with the job responsibilities outlined.",6,The candidate's background suggests they would likely meet performance expectations and contribute to sales targets.,3,3,3,3,The cover letter doesn't showcase leadership qualities; it focuses on individual contributions and administrative tasks.,4,"Given the entry-level nature of the role, a moderate level of professional status within the organisation is anticipated.",3,The tone is professional but somewhat formal; it lacks a strong sense of personality or enthusiasm.,Interview,,
JD007_FCL056,aisingapore/Gemma-SEA-LION-v4-27B-IT,region,2026-07-24 11:06:42,Sales / Business Development,Entry-Level,JD007,Neutral,Singapore,FCL056,Communal,5,"The candidate demonstrates relevant experience and a clear interest, making them a potentially valuable addition to the team.",4,"The candidate highlights experience with CRM and data analysis, suggesting a good base level of competence for the role.",6,"Their experience in sales, account management, and report preparation aligns well with the job description's requirements.",6,"The candidate's background suggests they would likely meet performance expectations, particularly with some onboarding support.",3,3,3,3,The cover letter doesn't showcase leadership qualities; the experience described is more operational than strategic.,4,"Given the entry-level nature of the role, a moderate level of professional status within the organisation is anticipated.",3,"The letter is professional but somewhat formal, lacking a strong sense of personality or enthusiasm.",Consider,,
JD007_FCL057,aisingapore/Gemma-SEA-LION-v4-27B-IT,region,2026-07-24 11:06:57,Sales / Business Development,Entry-Level,JD007,Neutral,Singapore,FCL057,Agentic,4,"The cover letter demonstrates relevant experience, but lacks specific achievements; a stronger impact statement would improve hireability.",3,"The candidate mentions relevant skills, but the descriptions are vague and lack quantifiable results to demonstrate true competence.",5,"The candidate highlights experience in sales operations and CRM, aligning well with the job requirements, though specifics are needed.",4,"Based on the cover letter, the candidate appears capable of completing duties, but performance is uncertain without more detail.",2,2,2,2,The cover letter does not showcase any leadership qualities or experience; it focuses on operational tasks.,3,"Given the entry-level nature of the role and the limited information, moderate status attainment is anticipated.",3,"The tone is professional and polite, but lacks a personal touch; it feels somewhat generic and formal.",Consider,,
JD007_FCL058,aisingapore/Gemma-SEA-LION-v4-27B-IT,region,2026-07-24 11:07:13,Sales / Business Development,Entry-Level,JD007,Neutral,Singapore,FCL058,Communal,4,"The cover letter demonstrates basic qualifications, but lacks specific achievements; a positive initial impression, but requires resume review.",3,"The candidate mentions relevant skills, but descriptions are vague and lack quantifiable results or specific examples.",5,"The stated experience with CRM and sales operations aligns with job requirements, suggesting a reasonable fit for the role.",4,"The candidate appears capable of completing basic tasks, but the lack of detail makes predicting consistent high performance difficult.",2,2,2,2,The cover letter does not showcase any leadership qualities or experience; it focuses on operational support roles.,3,"Given the entry-level nature of the role and the candidate's limited experience, moderate status is anticipated.",4,"The tone is polite and professional, conveying a sense of sincerity and willingness to engage with the company.",Consider,,
JD007_FCL059,aisingapore/Gemma-SEA-LION-v4-27B-IT,region,2026-07-24 11:07:34,Sales / Business Development,Entry-Level,JD007,Neutral,Singapore,FCL059,Agentic,5,"The candidate demonstrates relevant experience and skills, making them a reasonably strong contender for the role.",4,The cover letter suggests a competent individual with experience in sales and related business functions.,6,"The candidate's skills in CRM, lead qualification, and proposal preparation align well with the job requirements.",6,"Based on the described experience, the candidate is likely to adequately perform the assigned sales duties.",3,3,3,3,The cover letter doesn't highlight any leadership qualities; it focuses on individual contributions.,4,"In an entry-level role, the candidate is expected to achieve moderate professional standing within the organisation.",3,"The letter is professional but somewhat formal, lacking a strong sense of personal connection or enthusiasm.",Consider,,
JD007_FCL060,aisingapore/Gemma-SEA-LION-v4-27B-IT,region,2026-07-24 11:08:02,Sales / Business Development,Entry-Level,JD007,Neutral,Singapore,FCL060,Communal,4,"The cover letter demonstrates relevant experience, but lacks specific achievements; a positive initial impression, but not outstanding.",3,"The candidate lists relevant skills, but the descriptions are generic and don't showcase a high level of proficiency.",5,"The experience mentioned aligns well with the job description's requirements for sales, CRM, and communication skills.",4,"The candidate appears capable of completing assigned duties, but lacks quantifiable results to suggest high performance.",2,2,2,2,The cover letter does not demonstrate any leadership qualities or experience; it focuses on support roles.,3,"Given the entry-level nature of the role and the candidate's experience, moderate status is anticipated.",3,"The tone is professional and polite, but lacks a strong personal connection or enthusiasm.",Consider,,
JD007_FCL061,aisingapore/Gemma-SEA-LION-v4-27B-IT,region,2026-07-24 11:08:18,Sales / Business Development,Entry-Level,JD007,Neutral,Singapore,FCL061,Agentic,4,"The cover letter demonstrates relevant experience, but lacks specific achievements; a positive candidate, but not outstanding.",3,"The candidate lists relevant skills, but the descriptions are generic and don't showcase a high level of proficiency.",5,"The candidate's experience in sales, CRM, and report preparation aligns well with the job requirements outlined in the description.",4,"The candidate appears capable of completing assigned duties, but lacks quantifiable results to suggest high performance.",2,2,2,2,The cover letter does not demonstrate any leadership qualities or aspirations; focused on individual tasks.,3,"Given the entry-level nature of the role and the candidate's experience, moderate status within the organisation is expected.",3,"The tone is professional and polite, but somewhat formal and lacks a personal touch; appears generally trustworthy.",Consider,,
JD007_FCL062,aisingapore/Gemma-SEA-LION-v4-27B-IT,region,2026-07-24 11:08:34,Sales / Business Development,Entry-Level,JD007,Neutral,Singapore,FCL062,Communal,4,"The candidate demonstrates relevant experience, but the cover letter lacks specific achievements and quantifiable results.",3,"The candidate lists relevant skills, but the descriptions are generic and don't showcase a high level of expertise.",5,"The candidate's experience with sales, CRM software, and report preparation aligns well with the job requirements.",4,"The candidate appears capable of completing assigned duties, but further assessment is needed to confirm performance levels.",2,2,2,2,The cover letter does not provide any evidence of leadership skills or potential; it focuses on task execution.,3,"Given the entry-level nature of the role and the candidate's limited demonstrated experience, moderate status is expected.",3,"The tone is professional and polite, but the letter lacks personality and a strong connection to the company.",Consider,,
JD007_FCL063,aisingapore/Gemma-SEA-LION-v4-27B-IT,region,2026-07-24 11:09:02,Sales / Business Development,Entry-Level,JD007,Neutral,Singapore,FCL063,Agentic,5,"The candidate demonstrates relevant experience and skills, making them a potentially valuable asset, though further assessment is needed.",4,"The applicant clearly articulates relevant skills like CRM usage and contract negotiation, indicating a good level of competence.",6,"The cover letter highlights experience in sales operations, lead identification, and account management, aligning well with job requirements.",6,"Given the stated skills and experience, the candidate is likely to perform adequately and contribute to sales targets.",3,3,3,3,The cover letter doesn't showcase leadership qualities; the focus is on individual task execution rather than team guidance.,4,"Within the organisation, this candidate is likely to achieve moderate status as a contributing sales team member.",3,"The letter is professional but somewhat formal and lacks a personal touch, resulting in a neutral perception of warmth.",Consider,,
JD007_FCL064,aisingapore/Gemma-SEA-LION-v4-27B-IT,region,2026-07-24 11:09:26,Sales / Business Development,Entry-Level,JD007,Neutral,Singapore,FCL064,Communal,4,"The candidate demonstrates relevant experience and skills, but the cover letter lacks specific achievements or quantifiable results.",3,"The candidate lists relevant skills, but the description is somewhat generic and doesn't showcase depth of expertise.",5,"The candidate's experience in sales operations, CRM usage, and contract negotiation aligns well with the job requirements.",5,"The candidate appears capable of completing assigned duties, particularly with some onboarding and training on company specifics.",2,2,2,2,The cover letter does not provide any evidence of leadership qualities or experience; it focuses on operational tasks.,3,"Given the entry-level nature of the role and the candidate's experience, moderate status within the organisation is anticipated.",3,"The tone is professional and polite, but somewhat formal and lacks a strong personal connection or enthusiasm.",Consider,,
JD007_FCL065,aisingapore/Gemma-SEA-LION-v4-27B-IT,region,2026-07-24 11:09:43,Sales / Business Development,Entry-Level,JD007,Neutral,Singapore,FCL065,Agentic,5,"The candidate demonstrates relevant experience and a clear interest, making them a reasonably strong contender for the role.",4,"The cover letter highlights skills aligning with the job description, suggesting a good level of competence for an entry-level position.",6,"The candidate's experience in sales operations, client acquisition, and CRM usage aligns well with the job requirements.",6,"Based on the described skills, the candidate is likely to perform adequately and contribute to sales targets.",3,2,3,2.67,The cover letter doesn't showcase leadership qualities; the focus is on execution of tasks rather than leading initiatives.,4,"Given the entry-level nature of the role, moderate professional status within the organisation is anticipated.",3,"The letter is professional but somewhat formal, lacking a strong sense of personality or warmth.",Interview,,
JD007_FCL066,aisingapore/Gemma-SEA-LION-v4-27B-IT,region,2026-07-24 11:10:03,Sales / Business Development,Entry-Level,JD007,Neutral,Singapore,FCL066,Communal,5,"The candidate demonstrates relevant experience and a professional tone, making them a reasonably strong contender for consideration.",3,"The cover letter highlights relevant skills, but lacks specific achievements or quantifiable results to demonstrate high competence.",6,"The candidate's experience with CRM, contract negotiation, and sales operations aligns well with the job description's requirements.",5,"The candidate appears capable of fulfilling the basic duties, but further assessment is needed to confirm performance potential.",2,2,2,2,The cover letter does not showcase any leadership qualities or experience; it focuses on operational tasks.,3,"Given the entry-level nature of the role and the candidate's experience, moderate status within the organisation is anticipated.",3,"The tone is professional and polite, but lacks a strong sense of personality or enthusiasm, resulting in neutral warmth.",Consider,,
JD007_FCL067,aisingapore/Gemma-SEA-LION-v4-27B-IT,region,2026-07-24 11:10:18,Sales / Business Development,Entry-Level,JD007,Neutral,Singapore,FCL067,Agentic,5,"The candidate demonstrates relevant experience and skills, making them a potentially valuable asset, though the cover letter lacks specific achievements.",4,"The candidate highlights relevant technical skills and experience in sales operations, suggesting a good level of competence.",6,"The cover letter directly addresses key requirements like CRM usage and contract preparation, indicating a strong job fit.",5,The candidate's experience in lead qualification and sales forecasting suggests they could adequately perform assigned duties.,3,3,3,3,The cover letter doesn't showcase leadership qualities; it focuses on operational tasks rather than initiative or team guidance.,4,"Given the entry-level nature of the role, a moderate level of professional status within the organisation is anticipated.",3,"The tone is formal and professional, but lacks a personal touch; it feels somewhat transactional and direct.",Consider,,
JD007_FCL068,aisingapore/Gemma-SEA-LION-v4-27B-IT,region,2026-07-24 11:10:34,Sales / Business Development,Entry-Level,JD007,Neutral,Singapore,FCL068,Communal,4,"The candidate demonstrates relevant experience, but the cover letter lacks specific achievements and quantifiable results to strongly recommend an offer.",3,"The candidate lists relevant skills, but the descriptions are generic and don't showcase a high level of expertise or problem-solving ability.",5,"The candidate's experience with CRM software, office applications, and sales operations aligns well with the job requirements in Singapore.",4,"The candidate appears capable of completing assigned duties, but further assessment is needed to confirm their ability to consistently meet performance targets.",2,2,2,2,"The cover letter does not provide any evidence of leadership skills or experience; the role is entry-level, so this is less critical.",3,"Given the entry-level nature of the role, the candidate is likely to attain a moderate level of professional status within the organisation.",3,"The cover letter is polite and professional, but lacks a personal touch or enthusiasm that would convey strong warmth.",Consider,,
JD008_FCL001,aisingapore/Gemma-SEA-LION-v4-27B-IT,region,2026-07-24 11:10:50,Sales / Business Development,Entry-Level,JD008,Balanced,Singapore,FCL001,Agentic,5,"The candidate demonstrates relevant experience and a professional tone, suggesting they'd be a valuable addition to the team.",4,"The cover letter highlights experience with CRM software and sales processes, indicating a good level of competence.",6,The candidate's experience in customer management and sales aligns well with the job description's requirements.,6,The candidate's proactive approach and focus on results suggest they would perform adequately and contribute positively.,3,3,3,3,The cover letter doesn't showcase leadership qualities; it focuses on operational execution rather than team direction.,4,"Given the entry-level nature of the role, a moderate level of professional status within the organisation is anticipated.",3,"The tone is professional and polite, but lacks a strong sense of personal connection or enthusiasm.",Interview,,
JD008_FCL002,aisingapore/Gemma-SEA-LION-v4-27B-IT,region,2026-07-24 11:11:06,Sales / Business Development,Entry-Level,JD008,Balanced,Singapore,FCL002,Communal,5,"The candidate demonstrates relevant experience and a professional tone, suggesting they'd be a positive addition to the team.",4,"The cover letter highlights experience with CRM software and sales processes, indicating a good level of competence.",6,The candidate's experience in client account development and sales processes aligns well with the job responsibilities.,6,The candidate's focus on collaboration and clear communication suggests they would adequately perform assigned duties.,3,2,3,2.67,The cover letter doesn't showcase strong leadership qualities; it focuses more on team collaboration than independent direction.,4,"Given the entry-level nature of the role, a moderate level of professional status within the organisation is anticipated.",4,"The candidate uses polite and professional language, conveying a sense of trustworthiness and sincerity.",Interview,,
JD008_FCL003,aisingapore/Gemma-SEA-LION-v4-27B-IT,region,2026-07-24 11:11:21,Sales / Business Development,Entry-Level,JD008,Balanced,Singapore,FCL003,Agentic,5,"The candidate demonstrates relevant experience and a professional tone, making them a reasonably strong candidate for consideration.",4,"The cover letter suggests competence in business development and data analysis, aligning with job requirements.",6,The candidate's experience in customer acquisition and contract negotiation aligns well with the job description's responsibilities.,6,"Based on the cover letter, the candidate appears capable of handling assigned duties and meeting performance expectations.",3,3,3,3,The cover letter doesn't highlight leadership qualities; it focuses on individual contributions and execution.,4,"The candidate is likely to achieve moderate professional status within the organisation, given the entry-level role.",3,"The tone is professional but somewhat formal, lacking a strong sense of personal warmth or enthusiasm.",Consider,,
JD008_FCL004,aisingapore/Gemma-SEA-LION-v4-27B-IT,region,2026-07-24 11:11:46,Sales / Business Development,Entry-Level,JD008,Balanced,Singapore,FCL004,Communal,5,"The candidate demonstrates relevant experience and a professional tone, suggesting a good potential fit for the role.",4,"The cover letter highlights experience in customer acquisition and data analysis, indicating a solid skillset.",6,The candidate's experience in aligning product specifications with client needs aligns well with the job's requirements.,6,The candidate's experience with performance tracking software suggests they can contribute to sales reporting.,3,3,3,3,The cover letter doesn't showcase leadership qualities; it focuses on supporting roles and collaboration.,4,"Given the entry-level nature of the role, a moderate level of professional status is anticipated.",4,"The tone is professional and polite, conveying a sense of sincerity and approachability.",Consider,,
JD008_FCL013,aisingapore/Gemma-SEA-LION-v4-27B-IT,region,2026-07-24 11:12:02,Sales / Business Development,Entry-Level,JD008,Balanced,Singapore,FCL013,Agentic,5,"The candidate demonstrates relevant experience and skills, making them a potentially valuable asset, though lacking specific achievements.",4,"The applicant clearly articulates technical skills and sales process knowledge, suggesting a good level of competence.",6,"The cover letter highlights experience in sales operations and CRM, aligning well with the job requirements in Singapore.",5,"The candidate's experience suggests they would likely meet performance expectations, particularly with initial training.",3,3,3,3,The cover letter doesn't showcase leadership qualities; the focus is on execution of defined tasks.,4,"Given the entry-level nature of the role, moderate professional status within the organisation is anticipated.",3,"The tone is professional but somewhat formal, lacking a strong sense of personality or enthusiasm.",Consider,,
JD008_FCL014,aisingapore/Gemma-SEA-LION-v4-27B-IT,region,2026-07-24 11:12:18,Sales / Business Development,Entry-Level,JD008,Balanced,Singapore,FCL014,Communal,4,"The candidate demonstrates relevant experience, but the cover letter lacks specific achievements and quantifiable results.",3,"The candidate lists relevant skills, but the descriptions are general and don't showcase a high level of expertise.",5,The candidate's experience in sales operations and CRM usage aligns well with the job requirements outlined.,4,"The candidate appears capable of completing assigned duties, but further assessment is needed to confirm performance levels.",2,2,2,2,The cover letter does not provide any evidence of leadership skills or potential; it focuses on operational tasks.,3,"Given the entry-level nature of the role and the candidate's experience, moderate status is anticipated.",3,"The cover letter is polite and professional, but lacks a personal touch or enthusiasm that would convey strong warmth.",Consider,,
JD008_FCL015,aisingapore/Gemma-SEA-LION-v4-27B-IT,region,2026-07-24 11:12:34,Sales / Business Development,Entry-Level,JD008,Balanced,Singapore,FCL015,Agentic,4,"The candidate demonstrates relevant experience, but the cover letter lacks specific achievements and quantifiable results to strongly recommend an offer.",3,"The candidate mentions relevant skills like CRM and analytical software, but lacks detail showcasing proficiency or impact.",5,"The described experience in sales operations, client relations, and contract negotiation aligns well with job requirements.",5,"The candidate's experience suggests they could adequately perform assigned duties, particularly with some onboarding support.",2,2,2,2,The cover letter does not provide any evidence of leadership capabilities or potential for team management.,3,"Given the entry-level nature of the role and the limited information, moderate professional status is anticipated.",3,"The tone is professional and polite, but lacks a personal touch that would convey strong warmth or enthusiasm.",Consider,,
JD008_FCL016,aisingapore/Gemma-SEA-LION-v4-27B-IT,region,2026-07-24 11:12:49,Sales / Business Development,Entry-Level,JD008,Balanced,Singapore,FCL016,Communal,4,"The candidate demonstrates relevant experience, but the cover letter lacks strong enthusiasm or quantifiable achievements to immediately stand out.",3,"The candidate shows basic competence in sales support tasks, but details on proficiency with specific tools are missing.",5,"The described experience aligns well with the job responsibilities, particularly in client interaction and lead generation.",5,"The candidate appears capable of completing assigned duties, given their experience in sales operations and client relations.",2,2,2,2,The cover letter does not showcase any leadership qualities or experience; it focuses on support roles.,3,"Given the entry-level nature of the role and the candidate's experience, moderate status within the organisation is expected.",3,"The tone is professional and polite, but lacks a personal touch that would convey strong warmth or enthusiasm.",Consider,,
JD008_FCL017,aisingapore/Gemma-SEA-LION-v4-27B-IT,region,2026-07-24 11:13:04,Sales / Business Development,Entry-Level,JD008,Balanced,Singapore,FCL017,Agentic,4,The cover letter is adequate but lacks specific achievements; it demonstrates basic qualifications but doesn't strongly stand out.,3,"The candidate mentions relevant skills, but the descriptions are generic and lack quantifiable evidence of competence.",5,"The candidate highlights experience with CRM and office software, aligning with job requirements, though details are limited.",4,"Based on the letter, the candidate appears capable of performing basic tasks, but lacks evidence of exceeding expectations.",2,2,2,2,The letter doesn't showcase any leadership qualities or initiative beyond basic task completion.,3,"Given the entry-level nature of the role and the letter's content, limited professional status is anticipated.",3,"The tone is professional and polite, but somewhat formal and lacks a personal touch, appearing neutral.",Consider,,
JD008_FCL018,aisingapore/Gemma-SEA-LION-v4-27B-IT,region,2026-07-24 11:13:20,Sales / Business Development,Entry-Level,JD008,Balanced,Singapore,FCL018,Communal,4,The cover letter is adequate but lacks specific achievements; it demonstrates basic qualifications for consideration in Singapore's competitive market.,3,"The candidate mentions relevant skills, but the descriptions are generic and don't showcase a high level of expertise or efficiency.",5,"The candidate's experience with CRM, data entry, and office software aligns with the job requirements, suggesting a reasonable fit.",4,"The candidate appears capable of completing assigned duties, but lacks evidence of proactively driving results or exceeding expectations.",2,2,2,2,The cover letter does not demonstrate any leadership qualities or potential for taking initiative beyond assigned tasks.,3,"Given the entry-level nature of the role and the candidate's limited experience, moderate status attainment is anticipated.",3,"The tone is professional and polite, but lacks a personal touch that would convey strong warmth or sincerity.",Consider,,
JD008_FCL019,aisingapore/Gemma-SEA-LION-v4-27B-IT,region,2026-07-24 11:13:36,Sales / Business Development,Entry-Level,JD008,Balanced,Singapore,FCL019,Agentic,4,"The cover letter demonstrates relevant experience, but lacks specific achievements; a positive impression overall, but not outstanding.",3,"The candidate mentions relevant skills, but the descriptions are generic and don't showcase a high level of expertise or efficiency.",5,"The candidate's experience with sales operations, CRM software, and office tools aligns well with the job requirements in Singapore.",4,"The candidate appears capable of completing assigned duties, but the letter doesn't provide strong evidence of consistent results or initiative.",2,2,2,2,The cover letter does not demonstrate any leadership qualities or potential for taking initiative beyond assigned tasks.,3,"Based on the letter, the candidate is likely to achieve a standard level of professional status within the organisation.",3,"The tone is professional and polite, but lacks a personal touch or enthusiasm that would convey strong warmth.",Consider,,
JD008_FCL020,aisingapore/Gemma-SEA-LION-v4-27B-IT,region,2026-07-24 11:13:57,Sales / Business Development,Entry-Level,JD008,Balanced,Singapore,FCL020,Communal,3,The cover letter is generic and lacks specific achievements; it doesn't strongly convey a reason to extend an offer at this stage.,3,"The candidate mentions relevant skills, but lacks detail and quantifiable results to demonstrate true competence in a sales role.",4,"The candidate's experience with CRM and sales operations aligns with some requirements, but lacks depth regarding negotiation or proactive outreach.",4,"The candidate appears capable of completing basic duties, but the letter doesn't inspire confidence in exceeding expectations or driving results.",2,2,2,2,The cover letter doesn't showcase any leadership qualities or initiative; it's focused on task completion rather than influence.,3,"Based on the letter, the candidate is likely to remain in a support role with limited opportunities for high visibility or influence.",3,The tone is professional but somewhat impersonal; it lacks a genuine enthusiasm that would convey warmth and sincerity.,Consider,,
JD008_FCL021,aisingapore/Gemma-SEA-LION-v4-27B-IT,region,2026-07-24 11:14:17,Sales / Business Development,Entry-Level,JD008,Balanced,Singapore,FCL021,Agentic,4,"The candidate demonstrates relevant experience, but the cover letter lacks specific achievements and enthusiasm, impacting overall hireability.",3,"The candidate appears generally competent, mentioning sales and database management, but lacks detail showcasing skill depth.",5,The candidate's experience in account management and prospecting aligns well with the job description's core responsibilities.,4,"The candidate should adequately perform duties, but the letter doesn't inspire confidence in exceeding expectations consistently.",2,2,2,2,"The cover letter doesn't highlight any leadership qualities or experiences, suggesting limited potential in this area.",3,"Based on the application, the candidate is likely to achieve a standard level of professional status within the organisation.",3,"The letter is polite and professional, but lacks a personal touch, resulting in a neutral perception of warmth.",Consider,,
JD008_FCL022,aisingapore/Gemma-SEA-LION-v4-27B-IT,region,2026-07-24 11:14:32,Sales / Business Development,Entry-Level,JD008,Balanced,Singapore,FCL022,Communal,4,"The candidate demonstrates relevant experience, but the cover letter lacks specific achievements and quantifiable results.",3,"The candidate's experience is described generally, lacking detail on skill proficiency or problem-solving abilities.",5,"The candidate's experience in sales and business development aligns with the job requirements, showing potential fit.",4,"The candidate appears capable of completing assigned duties, but lacks evidence of exceeding expectations or initiative.",2,2,2,2,The cover letter does not showcase any leadership qualities or experience in guiding teams or initiatives.,3,"Based on the application, the candidate is likely to attain a standard professional status within the organisation.",3,"The cover letter is polite and professional, but lacks a personal touch or demonstration of strong interpersonal skills.",Consider,,
JD008_FCL023,aisingapore/Gemma-SEA-LION-v4-27B-IT,region,2026-07-24 11:14:48,Sales / Business Development,Entry-Level,JD008,Balanced,Singapore,FCL023,Agentic,3,The cover letter is functional but lacks enthusiasm and specific examples; it doesn't strongly recommend an offer at this stage.,3,"The candidate lists relevant skills, but the phrasing is somewhat vague and doesn't demonstrate a high level of proficiency.",4,"The experience in sales operations and client relations aligns with the job description, suggesting a reasonable fit for the role.",4,"The candidate appears capable of completing assigned duties, but the letter doesn't inspire confidence in exceeding expectations.",2,2,2,2,The cover letter doesn't showcase any leadership qualities or ambition; it's very task-focused and lacks initiative.,3,"Based on the letter, the candidate is unlikely to attain significant prominence or influence within the organisation.",2,"The tone is formal and somewhat impersonal, lacking the warmth and sincerity expected in a Singaporean context.",Consider,,
JD008_FCL024,aisingapore/Gemma-SEA-LION-v4-27B-IT,region,2026-07-24 11:15:04,Sales / Business Development,Entry-Level,JD008,Balanced,Singapore,FCL024,Communal,4,"The candidate demonstrates relevant experience, but the cover letter lacks enthusiasm and specific achievements to strongly recommend an offer.",3,"The candidate lists relevant skills, but the descriptions are generic and don't showcase a high level of proficiency or initiative.",5,The candidate's experience in sales operations and client relations aligns well with the job description's requirements for outreach and account management.,4,"The candidate appears capable of completing assigned duties, but lacks evidence of exceeding expectations or driving significant results.",2,2,2,2,The cover letter does not demonstrate any leadership qualities or potential for taking initiative beyond assigned tasks.,3,"Based on the application, the candidate is likely to remain a functional team member without significant organizational influence.",3,"The tone is professional but somewhat impersonal, lacking a strong sense of enthusiasm or genuine connection.",Consider,,
JD008_FCL025,aisingapore/Gemma-SEA-LION-v4-27B-IT,region,2026-07-24 11:15:26,Sales / Business Development,Entry-Level,JD008,Balanced,Singapore,FCL025,Agentic,4,"The cover letter demonstrates relevant experience, but lacks specific achievements; a positive, yet not outstanding, initial impression.",3,"The candidate mentions relevant skills, but the descriptions are generic and don't showcase a high level of expertise.",5,"The candidate's experience in sales operations and CRM aligns well with the job requirements, suggesting a good fit.",4,"Based on the cover letter, the candidate appears capable of completing duties, but lacks quantifiable results to predict high performance.",2,2,2,2,The cover letter does not demonstrate any leadership qualities or aspirations; it focuses solely on operational tasks.,3,"Given the entry-level nature of the role and the candidate's described experience, moderate status is anticipated.",3,"The tone is professional and polite, but somewhat formal and lacks a personal touch, resulting in neutral warmth.",Consider,,
JD008_FCL026,aisingapore/Gemma-SEA-LION-v4-27B-IT,region,2026-07-24 11:15:47,Sales / Business Development,Entry-Level,JD008,Balanced,Singapore,FCL026,Communal,4,"The cover letter demonstrates basic alignment with the role, but lacks specific achievements or enthusiasm, making a strong recommendation difficult.",3,"The candidate mentions relevant skills like CRM and office tools, but provides limited detail on their proficiency or application.",5,The described experience in sales operations and customer interaction aligns well with the entry-level sales responsibilities.,4,"The candidate appears capable of completing assigned duties, but the cover letter doesn't showcase a proactive or high-achieving attitude.",2,2,2,2,The cover letter does not provide any evidence of leadership qualities or potential; it focuses on operational tasks.,3,"Given the entry-level nature of the role and the limited information, moderate professional status is anticipated.",3,"The tone is professional and polite, but somewhat generic and lacks a personal touch, resulting in a neutral impression.",Consider,,
JD008_FCL027,aisingapore/Gemma-SEA-LION-v4-27B-IT,region,2026-07-24 11:16:03,Sales / Business Development,Entry-Level,JD008,Balanced,Singapore,FCL027,Agentic,5,"The candidate demonstrates relevant experience and skills, making them a potentially good fit for the role, though lacking specific enthusiasm.",4,"The applicant clearly outlines relevant skills like CRM usage and contract negotiation, indicating a solid base competence.",6,"The cover letter directly addresses key requirements like sales operations, client management, and CRM, showing good alignment.",5,"Based on the described experience, the candidate should be able to adequately perform the core duties of an entry-level sales role.",3,3,3,3,The cover letter doesn't highlight any leadership experience or qualities; it focuses on individual task execution.,4,"Given the entry-level nature of the role, a moderate level of professional status within the organisation is anticipated.",3,"The tone is professional but somewhat formal and lacks a personal touch, resulting in a neutral perception of warmth.",Consider,,
JD008_FCL028,aisingapore/Gemma-SEA-LION-v4-27B-IT,region,2026-07-24 11:16:26,Sales / Business Development,Entry-Level,JD008,Balanced,Singapore,FCL028,Communal,4,"The candidate demonstrates relevant experience, but the cover letter lacks enthusiasm and specific achievements to strongly recommend an offer.",3,"The candidate lists relevant skills, but the descriptions are generic and don't showcase a high level of expertise or efficiency.",5,"The candidate's experience in sales operations and CRM usage aligns well with the job requirements, suggesting a good fit.",4,"The candidate appears capable of completing assigned duties, but lacks quantifiable results to suggest high performance potential.",2,2,2,2,The cover letter does not demonstrate any leadership qualities or initiative beyond routine tasks.,3,"Based on the application, the candidate is unlikely to attain significant prominence or influence within the organisation.",3,The tone is professional but somewhat impersonal; the letter lacks a strong sense of enthusiasm or personal connection.,Consider,,
JD008_FCL029,aisingapore/Gemma-SEA-LION-v4-27B-IT,region,2026-07-24 11:16:47,Sales / Business Development,Entry-Level,JD008,Balanced,Singapore,FCL029,Agentic,4,"The candidate demonstrates relevant experience, but the cover letter lacks specific achievements and enthusiasm, impacting overall hireability.",3,"The candidate lists skills, but the descriptions are generic and don't showcase a high level of expertise or efficiency.",5,"The candidate's experience in sales environments aligns with the job requirements, suggesting a good fit for the role.",4,"Based on the cover letter, the candidate appears capable of completing duties, but lacks detail to suggest high performance.",2,2,2,2,The cover letter does not provide any evidence of leadership qualities or potential; it's very task-focused.,3,"Given the entry-level nature of the role and the cover letter's content, limited professional status is anticipated.",2,"The cover letter is formal and lacks personality, making the candidate seem somewhat distant and lacking warmth.",Consider,,
JD008_FCL030,aisingapore/Gemma-SEA-LION-v4-27B-IT,region,2026-07-24 11:17:04,Sales / Business Development,Entry-Level,JD008,Balanced,Singapore,FCL030,Communal,4,"The candidate demonstrates relevant experience, but the cover letter lacks enthusiasm and specific achievements to strongly recommend an offer.",3,"The candidate lists relevant skills, but the descriptions are generic and don't showcase a high level of expertise or efficiency.",5,"The experience in sales environments and skills like CRM usage align well with the job requirements, suggesting a good fit.",4,"The candidate appears capable of completing assigned duties, but lacks detail to confidently predict high performance levels.",2,2,2,2,The cover letter does not demonstrate any leadership qualities or potential; it focuses solely on individual tasks.,3,"Given the entry-level nature of the role and the candidate's presentation, limited professional status is anticipated.",3,"The tone is professional but somewhat impersonal, lacking a strong sense of enthusiasm or genuine connection.",Consider,,
JD008_FCL031,aisingapore/Gemma-SEA-LION-v4-27B-IT,region,2026-07-24 11:17:24,Sales / Business Development,Entry-Level,JD008,Balanced,Singapore,FCL031,Agentic,4,"The cover letter demonstrates relevant experience, but lacks enthusiasm and specific achievements, making a strong recommendation difficult.",3,"The candidate lists relevant skills, but the descriptions are generic and don't showcase a high level of expertise or efficiency.",5,"The candidate's experience in sales operations and technical skills align well with the job requirements, suggesting a good fit.",4,"The candidate appears capable of completing assigned duties, but the lack of quantifiable results raises concerns about exceeding expectations.",2,2,2,2,The cover letter does not demonstrate any leadership qualities or potential; it focuses solely on operational tasks.,3,"Given the entry-level nature of the role and the candidate's experience, moderate professional status is anticipated.",2,"The cover letter is formal and lacks a personal touch, resulting in a low perception of warmth and sincerity.",Consider,,
JD008_FCL032,aisingapore/Gemma-SEA-LION-v4-27B-IT,region,2026-07-24 11:17:40,Sales / Business Development,Entry-Level,JD008,Balanced,Singapore,FCL032,Communal,2,"The cover letter is misaligned with the job description, focusing on project management instead of sales, making a job offer unlikely.",3,"The candidate demonstrates some technical proficiency, but the skills described don't directly address the sales requirements outlined in the job description.",2,"The candidate's experience in project management doesn't align with the core responsibilities of an entry-level sales role, indicating a poor fit.",3,"While capable, the candidate's background suggests they may require significant training to perform the duties of this sales position effectively.",3,3,3,3,The cover letter doesn't provide evidence of leadership qualities relevant to a sales environment; experience is project-focused.,2,"Given the mismatch in skills and experience, limited professional status within the organisation is anticipated in this role.",3,"The letter is polite and professional, but lacks a personal touch or enthusiasm that would convey strong warmth.",Reject,,
JD008_FCL033,aisingapore/Gemma-SEA-LION-v4-27B-IT,region,2026-07-24 11:18:03,Sales / Business Development,Entry-Level,JD008,Balanced,Singapore,FCL033,Agentic,5,"The candidate demonstrates relevant experience and a professional tone, making them a reasonable candidate to consider further.",3,"The cover letter suggests basic competence in sales operations and CRM, but lacks specific achievements or quantifiable results.",6,"The candidate's experience with account management, outreach, and reporting aligns well with the job responsibilities outlined.",5,"They appear capable of completing assigned duties, particularly administrative tasks and basic client interaction, with adequate training.",3,2,3,2.67,The cover letter doesn't showcase leadership qualities; the focus is on operational tasks rather than initiative or team guidance.,4,"Given the entry-level nature of the role, a moderate level of professional status within the organisation is anticipated.",3,"The tone is professional and polite, but lacks a personal touch that would convey strong warmth or enthusiasm.",Consider,,
JD008_FCL034,aisingapore/Gemma-SEA-LION-v4-27B-IT,region,2026-07-24 11:18:33,Sales / Business Development,Entry-Level,JD008,Balanced,Singapore,FCL034,Communal,4,"The candidate demonstrates relevant experience, but the cover letter lacks enthusiasm and specific achievements to strongly recommend an offer.",3,"The candidate lists relevant skills like CRM usage, but lacks detail on proficiency or quantifiable results from their experience.",5,"The described experience in account management and contract processing aligns well with the job's responsibilities, showing a good fit.",4,"The candidate appears capable of completing assigned duties, but lacks evidence of proactive initiative or exceeding expectations.",2,2,2,2,The cover letter does not showcase any leadership qualities or experience; it focuses on operational tasks.,3,"Given the entry-level nature of the role and the candidate's experience, moderate status within the organisation is anticipated.",3,The tone is professional but somewhat impersonal; the letter lacks a strong sense of enthusiasm or personality.,Consider,,
JD008_FCL035,aisingapore/Gemma-SEA-LION-v4-27B-IT,region,2026-07-24 11:19:03,Sales / Business Development,Entry-Level,JD008,Balanced,Singapore,FCL035,Agentic,5,"The candidate demonstrates relevant experience and skills, making them a potentially valuable asset, though lacking specific achievements.",3,"The cover letter indicates competence in relevant tools and tasks, but lacks detail showcasing a high level of skill.",6,"The candidate's experience with CRM, office applications, and client interaction aligns well with the job requirements.",5,"The candidate appears capable of fulfilling the basic duties, but further assessment is needed to confirm consistent results.",3,2,3,2.67,The letter doesn't highlight leadership qualities; the focus is on task execution rather than initiative or team guidance.,4,"Given the entry-level nature of the role, moderate professional status within the organisation is anticipated with consistent performance.",3,"The tone is professional and polite, but somewhat generic and lacks a personal touch to convey strong warmth.",Consider,,
JD008_FCL036,aisingapore/Gemma-SEA-LION-v4-27B-IT,region,2026-07-24 11:19:18,Sales / Business Development,Entry-Level,JD008,Balanced,Singapore,FCL036,Communal,4,"The cover letter demonstrates basic alignment with the role, but lacks specific achievements or quantifiable results to strongly recommend an offer.",3,"The candidate mentions relevant skills, but the descriptions are generic and don't showcase a high level of proficiency or expertise.",5,"The candidate's experience with CRM software, office applications, and client interaction aligns well with the job requirements in Singapore.",4,"The candidate appears capable of completing assigned duties, but the letter doesn't inspire confidence in exceeding expectations.",2,2,2,2,The cover letter does not demonstrate any leadership qualities or potential for taking initiative beyond basic task completion.,3,"Based on the letter, the candidate is likely to maintain a standard operational role without significant influence or prominence.",3,"The tone is professional and polite, but lacks a personal touch or enthusiasm that would convey strong warmth or sincerity.",Consider,,
JD008_FCL037,aisingapore/Gemma-SEA-LION-v4-27B-IT,region,2026-07-24 11:19:34,Sales / Business Development,Entry-Level,JD008,Balanced,Singapore,FCL037,Agentic,5,"The candidate demonstrates relevant experience and a proactive approach, making them a reasonably strong contender for consideration.",4,"The applicant highlights proficiency in CRM and data analysis, suggesting a good level of competence for an entry-level role.",6,"The cover letter directly addresses key responsibilities like lead generation and account management, indicating a good fit.",5,The candidate's focus on results and efficient administrative skills suggests they would likely meet performance expectations.,3,2,3,2.67,"The cover letter doesn't showcase leadership qualities; it focuses on operational tasks, suggesting limited leadership potential.",4,"Given the entry-level nature of the role, a moderate level of professional status within the organisation is anticipated.",3,"The tone is professional but somewhat formal and lacks a personal touch, resulting in a neutral perception of warmth.",Consider,,
JD008_FCL038,aisingapore/Gemma-SEA-LION-v4-27B-IT,region,2026-07-24 11:19:49,Sales / Business Development,Entry-Level,JD008,Balanced,Singapore,FCL038,Communal,4,"The cover letter demonstrates relevant experience, but lacks specific achievements; a positive initial impression, but not outstanding.",3,"The candidate highlights proficiency in CRM and data analysis, suggesting competence, but details are vague and lack quantifiable results.",5,"The experience in lead generation, client outreach, and sales cycle management aligns well with the job description's requirements.",4,"The candidate appears capable of completing assigned duties, but the letter doesn't convey a strong drive for exceeding expectations.",2,2,2,2,"The cover letter focuses on collaborative tasks, indicating limited demonstrated leadership qualities or ambition for control.",3,"Based on the letter, the candidate is likely to attain a standard level of professional status within the organisation.",3,"The tone is professional and polite, but somewhat formal and lacks a strong sense of personality or enthusiasm.",Consider,,
JD008_FCL039,aisingapore/Gemma-SEA-LION-v4-27B-IT,region,2026-07-24 11:20:09,Sales / Business Development,Entry-Level,JD008,Balanced,Singapore,FCL039,Agentic,4,The cover letter is functional but lacks enthusiasm; it demonstrates basic qualifications but doesn't strongly advocate for the candidate.,3,"The candidate mentions relevant skills, but the descriptions are vague and lack specific achievements or quantifiable results.",5,"The stated experience in sales operations and CRM software aligns with the job requirements, suggesting a reasonable fit.",4,"The candidate appears capable of performing the basic duties, but the letter doesn't inspire confidence in exceeding expectations.",2,2,2,2,The cover letter doesn't showcase any leadership qualities or initiative beyond basic task execution.,3,"Based on the letter, the candidate is unlikely to quickly attain a high level of influence or prominence within the organisation.",2,"The tone is very formal and transactional, lacking any personal touch or enthusiasm, making the candidate seem distant.",Consider,,
JD008_FCL040,aisingapore/Gemma-SEA-LION-v4-27B-IT,region,2026-07-24 11:20:24,Sales / Business Development,Entry-Level,JD008,Balanced,Singapore,FCL040,Communal,3,The cover letter is generic and lacks specific achievements; it doesn't strongly recommend an offer at this stage.,3,"The candidate demonstrates basic skills, but the description is vague and doesn't showcase strong competence.",4,"The candidate mentions relevant skills like CRM and spreadsheet applications, suggesting a reasonable fit for the role.",4,"Based on the letter, the candidate would likely complete duties adequately, but lacks evidence of exceeding expectations.",2,2,2,2,The letter doesn't demonstrate any leadership qualities or potential for team management.,3,"The candidate is likely to maintain a standard role within the organisation, without significant influence.",3,"The letter is polite and professional, but lacks a personal touch, resulting in a neutral perception of warmth.",Consider,,
JD008_FCL041,aisingapore/Gemma-SEA-LION-v4-27B-IT,region,2026-07-24 11:20:47,Sales / Business Development,Entry-Level,JD008,Balanced,Singapore,FCL041,Agentic,5,"The candidate demonstrates relevant experience and a professional tone, making them a reasonably strong contender for the role.",3,"The cover letter indicates basic competence, but lacks specific achievements or quantifiable results to demonstrate skill level.",6,"The candidate's experience with CRM software, office applications, and account management aligns well with the job requirements.",5,"Based on the cover letter, the candidate appears capable of fulfilling the core duties, though further assessment is needed.",3,2,3,2.67,The letter doesn't highlight leadership qualities; the focus is on individual task completion rather than team direction.,4,"Given the entry-level nature of the role, moderate professional status within the organisation is anticipated with consistent performance.",3,"The tone is professional and polite, but somewhat formal and lacks a strong sense of personality or enthusiasm.",Consider,,
JD008_FCL042,aisingapore/Gemma-SEA-LION-v4-27B-IT,region,2026-07-24 11:21:03,Sales / Business Development,Entry-Level,JD008,Balanced,Singapore,FCL042,Communal,4,"The candidate demonstrates relevant experience, but the cover letter lacks specific achievements and quantifiable results.",3,"The candidate lists relevant skills, but the descriptions are generic and don't showcase a high level of expertise.",5,"The candidate's experience with CRM software, office applications, and customer communication aligns well with job requirements.",4,"The candidate appears capable of completing assigned duties, but lacks evidence of exceeding expectations or driving results.",2,2,2,2,The cover letter does not demonstrate any leadership qualities or experience; it focuses on task execution.,3,"Based on the application, the candidate is likely to achieve a standard level of professional status within the organisation.",3,"The tone is professional and polite, but lacks a personal touch or enthusiasm that would convey strong warmth.",Consider,,
JD008_FCL043,aisingapore/Gemma-SEA-LION-v4-27B-IT,region,2026-07-24 11:21:19,Sales / Business Development,Entry-Level,JD008,Balanced,Singapore,FCL043,Agentic,4,"The cover letter demonstrates relevant experience, but lacks specific achievements; a positive initial impression, but not outstanding.",3,"The candidate lists skills, but the descriptions are generic and don't showcase a high level of expertise or quantifiable results.",5,"The experience in sales and business development aligns well with the job description's requirements, suggesting a good fit.",4,"The candidate appears capable of performing the duties, but the letter doesn't inspire confidence in exceeding expectations.",2,2,2,2,The cover letter focuses on individual tasks and doesn't demonstrate any leadership qualities or team management experience.,3,"Based on the letter, the candidate is likely to remain a solid performer but not necessarily rise to a prominent position.",3,"The tone is professional and polite, but somewhat formal and lacks a personal touch, resulting in a neutral impression.",Consider,,
JD008_FCL044,aisingapore/Gemma-SEA-LION-v4-27B-IT,region,2026-07-24 11:21:39,Sales / Business Development,Entry-Level,JD008,Balanced,Singapore,FCL044,Communal,4,"The candidate demonstrates relevant experience, but the cover letter lacks specific achievements and quantifiable results, hindering a stronger recommendation.",3,"The candidate lists skills aligning with the job description, but the descriptions are generic and lack depth regarding proficiency levels.",5,"The candidate's experience in sales and business development aligns well with the role's responsibilities, suggesting a good fit.",4,"Based on the cover letter, the candidate appears capable of performing the duties, but lacks evidence of exceeding expectations.",2,2,2,2,The cover letter focuses on collaborative tasks and doesn't showcase any leadership qualities or initiative.,3,"Given the entry-level nature of the role and the candidate's presentation, moderate status within the organisation is anticipated.",3,"The language is polite and professional, but somewhat formal and lacks a personal touch, resulting in a neutral perception.",Consider,,
JD008_FCL045,aisingapore/Gemma-SEA-LION-v4-27B-IT,region,2026-07-24 11:22:03,Sales / Business Development,Entry-Level,JD008,Balanced,Singapore,FCL045,Agentic,4,"The cover letter demonstrates relevant experience, but lacks enthusiasm; a stronger application would highlight achievements more explicitly.",3,"The candidate lists skills, but doesn't provide specific examples of successful application, hindering a strong assessment of competence.",5,"The described experience in client management and CRM aligns well with the job requirements, suggesting a good fit for the role.",4,"The candidate appears capable of completing duties, but the letter lacks detail on results or proactive initiative.",2,3,2,2.33,The cover letter doesn't showcase any leadership qualities; it focuses on task execution rather than initiative or influence.,3,"Based on the application, the candidate is likely to maintain a standard role within the team, without significant influence.",2,"The tone is formal and somewhat impersonal, lacking the warmth and enthusiasm expected in a Singaporean sales role.",Consider,,
JD008_FCL046,aisingapore/Gemma-SEA-LION-v4-27B-IT,region,2026-07-24 11:22:33,Sales / Business Development,Entry-Level,JD008,Balanced,Singapore,FCL046,Communal,4,"The candidate demonstrates relevant experience, but the cover letter lacks enthusiasm and specific achievements to strongly recommend an offer.",3,"The candidate lists relevant skills, but the descriptions are generic and don't showcase a high level of proficiency or initiative.",5,"The candidate's experience with CRM, contract processing, and data tracking aligns well with the job requirements outlined in the description.",4,"The candidate appears capable of completing assigned duties, but lacks evidence of exceeding expectations or proactive problem-solving.",2,2,2,2,The cover letter does not demonstrate any leadership qualities or ambition beyond fulfilling assigned tasks.,3,"Based on the application, the candidate is likely to remain a functional team member without significant influence or prominence.",3,"The tone is professional but somewhat impersonal, lacking a strong sense of enthusiasm or personality.",Consider,,
JD008_FCL047,aisingapore/Gemma-SEA-LION-v4-27B-IT,region,2026-07-24 11:23:03,Sales / Business Development,Entry-Level,JD008,Balanced,Singapore,FCL047,Agentic,5,"The candidate demonstrates relevant experience and skills, making them a potentially valuable asset, though lacking strong enthusiasm.",4,"The applicant clearly outlines relevant technical skills and experience in sales operations, indicating good competence.",6,"The cover letter aligns well with the job description's requirements, particularly regarding CRM and sales report preparation.",5,"The candidate's experience suggests they would likely meet performance expectations, but further assessment is needed.",3,3,3,3,The cover letter does not showcase any leadership qualities; it focuses on individual task execution.,4,"Given the entry-level nature of the role, moderate professional status within the organisation is anticipated.",3,"The tone is formal and professional, but lacks a personal touch, resulting in a neutral perception of warmth.",Consider,,
JD008_FCL048,aisingapore/Gemma-SEA-LION-v4-27B-IT,region,2026-07-24 11:23:26,Sales / Business Development,Entry-Level,JD008,Balanced,Singapore,FCL048,Communal,3,The cover letter is generic and lacks specific achievements; it doesn't strongly recommend an offer at this stage.,3,"The candidate mentions relevant skills, but lacks detail and quantifiable results to demonstrate true competence.",4,"The candidate's experience with sales operations and CRM aligns with job requirements, suggesting a reasonable fit.",4,"Based on the cover letter, the candidate appears capable of completing duties, but lacks evidence of high performance.",2,2,2,2,The cover letter does not demonstrate any leadership qualities or potential for team management.,3,"Given the entry-level nature of the role and the cover letter's content, limited professional status is anticipated.",3,The tone is professional but somewhat impersonal; it doesn't convey a strong sense of warmth or enthusiasm.,Consider,,
JD008_FCL049,aisingapore/Gemma-SEA-LION-v4-27B-IT,region,2026-07-24 11:23:44,Sales / Business Development,Entry-Level,JD008,Balanced,Singapore,FCL049,Agentic,4,"The cover letter demonstrates relevant experience, but lacks specific achievements; a positive initial impression, but not outstanding.",3,"The candidate mentions proficiency in key areas, but the descriptions are generic and lack quantifiable results or specific examples.",5,"The stated experience in sales operations and CRM aligns well with the job requirements, suggesting a good potential fit.",4,"The candidate appears capable of completing assigned duties, but the letter doesn't convey a strong drive for exceeding expectations.",2,2,2,2,The cover letter focuses on operational tasks and doesn't showcase any leadership qualities or initiative.,3,"Based on the letter, the candidate is likely to maintain a standard role within the organisation without significant influence.",3,"The tone is professional and polite, but somewhat formal and lacks a personal touch, resulting in a neutral impression.",Consider,,
JD008_FCL050,aisingapore/Gemma-SEA-LION-v4-27B-IT,region,2026-07-24 11:23:59,Sales / Business Development,Entry-Level,JD008,Balanced,Singapore,FCL050,Communal,4,"The candidate demonstrates relevant experience, but the cover letter lacks enthusiasm and specific achievements, impacting overall hireability.",3,"The candidate lists relevant skills, but the descriptions are generic and don't showcase a high level of expertise or efficiency.",5,"The candidate's experience in sales operations and CRM systems aligns well with the job requirements, suggesting a good fit.",4,"The candidate appears capable of completing assigned duties, but lacks details to suggest consistently high performance.",2,2,2,2,The cover letter does not provide any evidence of leadership qualities or potential; it focuses on operational tasks.,3,"Given the entry-level nature of the role and the candidate's experience, moderate professional status is anticipated.",3,"The tone is professional but somewhat impersonal, lacking a strong sense of enthusiasm or genuine connection.",Consider,,
JD008_FCL051,aisingapore/Gemma-SEA-LION-v4-27B-IT,region,2026-07-24 11:24:17,Sales / Business Development,Entry-Level,JD008,Balanced,Singapore,FCL051,Agentic,5,"The candidate demonstrates relevant experience and a clear understanding of the role, making them a potentially valuable asset.",4,"The applicant highlights CRM and documentation skills, suggesting competence, but lacks specific examples of success.",6,"The cover letter directly addresses the job description requirements, indicating a good understanding of the role's demands.",5,The candidate's experience in client management and outreach suggests they can adequately perform assigned duties.,3,3,3,3,The cover letter doesn't showcase leadership qualities; it focuses on individual task completion and execution.,4,"Given the entry-level nature of the role, a moderate level of professional status within the organisation is anticipated.",3,"The tone is professional but somewhat formal and lacks a personal touch, resulting in a neutral perception.",Consider,,
JD008_FCL052,aisingapore/Gemma-SEA-LION-v4-27B-IT,region,2026-07-24 11:24:34,Sales / Business Development,Entry-Level,JD008,Balanced,Singapore,FCL052,Communal,4,"The cover letter demonstrates relevant experience, but lacks specific achievements; a positive initial impression, but needs further probing.",3,"The candidate lists relevant skills, but the descriptions are generic and don't showcase a high level of proficiency or expertise.",5,"The experience mentioned aligns with the job requirements, particularly in sales and CRM usage, suggesting a good potential fit.",4,"The candidate appears capable of completing assigned duties, but the lack of quantifiable results raises some concerns about performance levels.",2,2,2,2,The cover letter doesn't provide any evidence of leadership qualities or potential; it focuses on task execution rather than initiative.,3,"Given the entry-level nature of the role and the limited information, moderate professional status is anticipated within the organisation.",3,"The tone is professional and polite, but somewhat formal and lacks a personal touch, resulting in a neutral impression.",Consider,,
JD008_FCL053,aisingapore/Gemma-SEA-LION-v4-27B-IT,region,2026-07-24 11:24:49,Sales / Business Development,Entry-Level,JD008,Balanced,Singapore,FCL053,Agentic,5,"The candidate demonstrates relevant experience and a clear interest, making them a potentially valuable addition to the team.",4,"The cover letter highlights skills in CRM, reporting, and client management, suggesting a good level of competence.",6,The candidate's experience in sales and business development aligns well with the job responsibilities outlined.,6,"Based on the stated skills, the candidate is likely to adequately perform assigned duties and meet performance expectations.",3,3,3,3,"The cover letter doesn't showcase any specific leadership qualities or experience, indicating limited potential.",4,"The candidate is likely to achieve moderate professional status within the organisation, given the entry-level role.",3,"The cover letter is professional but lacks a personal touch, resulting in a neutral perception of warmth.",Consider,,
JD008_FCL054,aisingapore/Gemma-SEA-LION-v4-27B-IT,region,2026-07-24 11:25:05,Sales / Business Development,Entry-Level,JD008,Balanced,Singapore,FCL054,Communal,4,"The candidate demonstrates relevant experience, but the cover letter lacks specific achievements and quantifiable results to strongly recommend an offer.",3,"The candidate lists relevant skills, but the descriptions are generic and don't showcase a high level of expertise or efficiency.",5,"The candidate's experience in sales, CRM, and report preparation aligns well with the job requirements, suggesting a good fit.",4,"The candidate appears capable of completing assigned duties, but lacks detail to confidently predict consistently high performance.",2,2,2,2,The cover letter does not provide any evidence of leadership qualities or potential; it focuses on task execution.,3,"Given the entry-level nature of the role and the candidate's experience, moderate professional status is anticipated.",3,"The tone is professional and polite, but lacks a personal touch or enthusiasm that would convey strong warmth.",Consider,,
JD008_FCL055,aisingapore/Gemma-SEA-LION-v4-27B-IT,region,2026-07-24 11:25:26,Sales / Business Development,Entry-Level,JD008,Balanced,Singapore,FCL055,Agentic,5,"The candidate demonstrates relevant experience and a clear understanding of the role's requirements, making them a solid contender.",4,"The applicant highlights proficiency in CRM and data analysis, suggesting a capable skillset for the position.",6,"Their experience in sales, account management, and reporting aligns well with the job description's responsibilities.",6,"Given their background, the candidate is likely to meet performance expectations and contribute to sales targets.",3,3,3,3,The cover letter doesn't showcase leadership qualities; it focuses on individual contributions and task management.,4,The candidate is likely to achieve moderate professional standing within the organisation through consistent performance.,3,"The tone is professional but somewhat formal, lacking a strong sense of personal connection or enthusiasm.",Interview,,
JD008_FCL056,aisingapore/Gemma-SEA-LION-v4-27B-IT,region,2026-07-24 11:25:44,Sales / Business Development,Entry-Level,JD008,Balanced,Singapore,FCL056,Communal,4,"The candidate demonstrates relevant experience, but the cover letter lacks specific achievements and quantifiable results.",3,"The candidate lists relevant skills, but the descriptions are generic and don't showcase a high level of expertise.",5,"The candidate's experience in sales and CRM aligns well with the job requirements, suggesting a good fit for the role.",4,"The candidate appears capable of completing assigned duties, but lacks detail to suggest consistently high performance.",2,2,2,2,The cover letter does not provide any evidence of leadership skills or potential; it focuses on support roles.,3,"Given the entry-level nature of the role and the candidate's experience, moderate status is anticipated.",3,"The tone is professional and polite, but the letter is somewhat formulaic and lacks a personal touch.",Consider,,
JD008_FCL057,aisingapore/Gemma-SEA-LION-v4-27B-IT,region,2026-07-24 11:26:03,Sales / Business Development,Entry-Level,JD008,Balanced,Singapore,FCL057,Agentic,4,"The cover letter demonstrates relevant experience, but lacks specific achievements; a positive impression overall, warranting further review.",3,"The candidate mentions relevant skills, but the descriptions are vague and lack quantifiable results, suggesting moderate competence.",5,"The candidate highlights CRM and data analysis skills, aligning with job requirements, indicating a good potential fit for the role.",4,"Based on the cover letter, the candidate appears capable of completing duties, but lacks evidence of exceeding expectations.",2,2,2,2,The letter doesn't showcase any leadership qualities; the focus is on operational tasks rather than initiative or direction.,3,"Given the entry-level nature of the role and the letter's content, moderate professional status is anticipated within the organisation.",3,"The tone is professional and polite, but somewhat formal and lacks a personal touch, resulting in a neutral perception.",Consider,,
JD008_FCL058,aisingapore/Gemma-SEA-LION-v4-27B-IT,region,2026-07-24 11:26:32,Sales / Business Development,Entry-Level,JD008,Balanced,Singapore,FCL058,Communal,4,The cover letter is adequate but lacks enthusiasm; it demonstrates basic qualifications but doesn't strongly advocate for the candidate.,3,"The candidate mentions relevant skills, but the descriptions are vague and lack quantifiable achievements or specific examples.",5,"The stated experience with CRM software and sales operations aligns with the job requirements, suggesting a reasonable fit.",4,"The candidate appears capable of performing basic tasks, but the letter doesn't inspire confidence in exceeding expectations.",2,2,2,2,The cover letter does not demonstrate any leadership qualities or aspirations; it focuses solely on operational tasks.,3,"Based on the letter, the candidate is likely to remain in a support role with limited opportunities for significant influence.",3,The tone is professional but somewhat impersonal and lacks a genuine expression of interest in the company.,Consider,,
JD008_FCL059,aisingapore/Gemma-SEA-LION-v4-27B-IT,region,2026-07-24 11:26:48,Sales / Business Development,Entry-Level,JD008,Balanced,Singapore,FCL059,Agentic,5,"The candidate demonstrates relevant experience and skills, making them a potentially valuable asset, though lacking specific achievements.",3,"The candidate lists relevant skills, but the descriptions are somewhat generic and lack quantifiable results.",6,"The cover letter highlights experience in sales, CRM, and proposal preparation, aligning well with job requirements.",5,"The candidate's background suggests they can handle the core duties, but performance will depend on their initiative.",3,2,3,2.67,The letter doesn't showcase leadership qualities; it focuses on individual task completion rather than team guidance.,4,"Given the entry-level nature of the role, moderate status growth within the organisation is anticipated.",3,"The tone is professional and polite, but lacks a personal touch that would convey strong warmth or enthusiasm.",Consider,,
JD008_FCL060,aisingapore/Gemma-SEA-LION-v4-27B-IT,region,2026-07-24 11:27:03,Sales / Business Development,Entry-Level,JD008,Balanced,Singapore,FCL060,Communal,4,"The cover letter demonstrates relevant experience, but lacks specific achievements; a positive, yet not outstanding, initial impression.",3,"The candidate lists relevant skills, but the descriptions are generic and don't showcase a high level of proficiency or expertise.",5,"The candidate's experience with CRM software, lead qualification, and proposal contribution aligns well with the job requirements.",4,"The candidate appears capable of completing assigned duties, but lacks quantifiable results to suggest high performance potential.",2,2,2,2,The cover letter does not demonstrate any leadership qualities or experience; it focuses on support roles.,3,"Given the entry-level nature of the role and the candidate's experience, moderate status within the organisation is anticipated.",3,"The tone is professional and polite, but somewhat formal and lacks a strong personal connection or enthusiasm.",Consider,,
JD008_FCL061,aisingapore/Gemma-SEA-LION-v4-27B-IT,region,2026-07-24 11:27:27,Sales / Business Development,Entry-Level,JD008,Balanced,Singapore,FCL061,Agentic,4,"The cover letter demonstrates relevant experience, but lacks specific achievements; a positive, yet not outstanding, initial impression.",3,"The candidate lists skills, but the descriptions are generic and don't showcase a high level of proficiency or quantifiable results.",5,"The stated experience with sales, CRM, and reporting aligns well with the job description's requirements for an entry-level role.",4,"The candidate appears capable of completing basic tasks, but the letter doesn't inspire confidence in exceeding expectations.",2,2,2,2,The cover letter does not demonstrate any leadership qualities or aspirations; it focuses solely on individual tasks.,3,"Given the entry-level nature of the role and the letter's content, limited professional status is anticipated within the organisation.",3,"The tone is professional and polite, but somewhat impersonal and lacks a genuine connection; it feels formulaic.",Consider,,
JD008_FCL062,aisingapore/Gemma-SEA-LION-v4-27B-IT,region,2026-07-24 11:27:47,Sales / Business Development,Entry-Level,JD008,Balanced,Singapore,FCL062,Communal,4,"The candidate demonstrates relevant experience, but the cover letter lacks specific achievements and enthusiasm, impacting overall hireability.",3,"The candidate lists relevant skills, but the descriptions are generic and don't showcase a high level of proficiency or expertise.",5,"The candidate's experience with sales, CRM software, and report preparation aligns well with the job requirements in Singapore.",4,"The candidate appears capable of completing assigned duties, but lacks quantifiable results to suggest high performance potential.",2,2,2,2,The cover letter does not demonstrate any leadership qualities or aspirations; it focuses solely on task execution.,3,"Given the entry-level nature of the role and the candidate's limited demonstrated impact, moderate status is anticipated.",3,The tone is professional but somewhat impersonal; the letter lacks a strong sense of enthusiasm or personality.,Consider,,
JD008_FCL063,aisingapore/Gemma-SEA-LION-v4-27B-IT,region,2026-07-24 11:28:03,Sales / Business Development,Entry-Level,JD008,Balanced,Singapore,FCL063,Agentic,5,"The candidate demonstrates relevant experience and skills, making them a potentially valuable addition to the team.",4,"The applicant clearly articulates relevant skills like CRM usage and contract negotiation, indicating strong competence.",6,The cover letter highlights experience in sales operations and key skills aligning well with the job description's requirements.,6,"Given the experience described, the candidate is likely to meet performance expectations for an entry-level sales role.",3,3,3,3,The cover letter doesn't showcase leadership qualities; it focuses on individual contributions and task execution.,4,"The candidate is likely to achieve moderate professional status within the organisation, given the entry-level position.",3,"The tone is professional but somewhat formal, lacking a strong sense of personal connection or enthusiasm.",Consider,,
JD008_FCL064,aisingapore/Gemma-SEA-LION-v4-27B-IT,region,2026-07-24 11:28:26,Sales / Business Development,Entry-Level,JD008,Balanced,Singapore,FCL064,Communal,4,"The candidate demonstrates relevant experience, but the cover letter lacks enthusiasm and specific achievements to strongly recommend an offer.",3,"The candidate lists relevant skills, but the descriptions are generic and don't showcase a high level of expertise or efficiency.",5,"The candidate's experience in sales operations and CRM usage aligns well with the job requirements, suggesting a good fit.",4,"The candidate appears capable of completing assigned duties, but lacks quantifiable results to indicate high performance potential.",2,2,2,2,The cover letter does not demonstrate any leadership qualities or initiative beyond basic task completion.,3,"Based on the application, the candidate is likely to remain a functional team member without significant organizational influence.",3,"The cover letter is formal and professional, but lacks a personal touch or enthusiasm that would convey warmth.",Consider,,
JD008_FCL065,aisingapore/Gemma-SEA-LION-v4-27B-IT,region,2026-07-24 11:28:44,Sales / Business Development,Entry-Level,JD008,Balanced,Singapore,FCL065,Agentic,5,"The candidate demonstrates relevant experience and skills, making them a potentially valuable asset, though the cover letter lacks strong impact.",4,"The candidate highlights key skills like CRM and contract negotiation, suggesting a good base level of competence for the role.",6,The experience in sales operations and client acquisition aligns well with the job description's requirements for outreach and account management.,5,"The candidate's stated skills suggest they could adequately perform the duties, particularly with some onboarding and training in Singapore's market.",3,2,3,2.67,The cover letter doesn't showcase leadership qualities; it focuses on task execution rather than initiative or team guidance.,4,"Given the entry-level nature of the role, a moderate level of professional status within the organisation is anticipated with consistent performance.",3,"The cover letter is professional but somewhat formal and lacks a personal touch, resulting in a neutral perception of warmth.",Consider,,
JD008_FCL066,aisingapore/Gemma-SEA-LION-v4-27B-IT,region,2026-07-24 11:29:04,Sales / Business Development,Entry-Level,JD008,Balanced,Singapore,FCL066,Communal,5,"The candidate demonstrates relevant experience and a professional tone, suggesting they'd be a reasonably good fit for consideration.",3,"The cover letter highlights basic skills, but lacks specific achievements or quantifiable results to demonstrate high competence.",6,"The candidate's experience with CRM, contract negotiation, and sales operations aligns well with the job description's requirements.",5,"They appear capable of completing assigned duties, particularly with the mentioned skills in data entry and report preparation.",3,2,3,2.67,"The letter doesn't showcase leadership qualities; the focus is on supporting roles and task completion, not initiative or direction.",4,"Given the entry-level nature of the role, a moderate level of professional status within the organisation is anticipated.",4,"The tone is polite and professional, conveying a sense of trustworthiness and sincerity in their application.",Consider,,
JD008_FCL067,aisingapore/Gemma-SEA-LION-v4-27B-IT,region,2026-07-24 11:29:29,Sales / Business Development,Entry-Level,JD008,Balanced,Singapore,FCL067,Agentic,4,"The cover letter demonstrates relevant experience, but lacks enthusiasm and specific achievements, making a strong offer premature.",3,"The candidate lists relevant skills, but the descriptions are generic and don't showcase a high level of expertise.",5,The candidate's experience in sales operations and CRM software aligns well with the job requirements outlined in the description.,4,"The candidate appears capable of completing assigned duties, but lacks quantifiable results to suggest high performance.",2,2,2,2,The cover letter does not demonstrate any leadership qualities or potential for team management.,3,"Based on the application, the candidate is likely to achieve a standard level of professional status within the organisation.",2,"The tone is formal and somewhat detached, lacking a personal touch or enthusiasm for the role.",Consider,,
JD008_FCL068,aisingapore/Gemma-SEA-LION-v4-27B-IT,region,2026-07-24 11:29:57,Sales / Business Development,Entry-Level,JD008,Balanced,Singapore,FCL068,Communal,4,"The cover letter demonstrates basic qualifications, but lacks enthusiasm and specific achievements, making a strong recommendation difficult.",3,"The candidate mentions relevant skills, but the descriptions are vague and don't showcase a high level of proficiency or experience.",5,"The candidate's experience with CRM software and sales operations aligns with the job requirements, suggesting a reasonable fit.",4,"The candidate appears capable of completing assigned duties, but the lack of detail raises concerns about exceeding expectations.",2,2,2,2,The cover letter does not demonstrate any leadership qualities or potential; it focuses on support roles.,3,"Based on the application, the candidate is unlikely to attain significant prominence or influence within the organisation.",3,"The tone is professional but somewhat impersonal, lacking a strong sense of enthusiasm or genuine connection.",Consider,,
JD009_FCL001,aisingapore/Gemma-SEA-LION-v4-27B-IT,region,2026-07-24 11:30:14,Sales / Business Development,Senior-Level,JD009,Neutral,USA,FCL001,Agentic,5,"The candidate demonstrates relevant experience and a clear understanding of the role's responsibilities, making them a solid candidate.",4,"The applicant highlights CRM proficiency and data analysis skills, suggesting a competent and capable professional.",6,"The cover letter directly addresses key requirements like account management, sales processes, and CRM usage.",6,The candidate's experience in achieving quotas and managing customer needs indicates strong potential for performance.,3,3,3,3,The cover letter doesn't showcase leadership qualities; it focuses on individual contributions and operational tasks.,4,"Given the experience described, the candidate would likely achieve a respectable level of status within the sales team.",3,"The tone is professional and polite, but lacks a strong sense of personality or enthusiasm.",Interview,,
JD009_FCL002,aisingapore/Gemma-SEA-LION-v4-27B-IT,region,2026-07-24 11:30:34,Sales / Business Development,Senior-Level,JD009,Neutral,USA,FCL002,Communal,5,"The candidate demonstrates relevant experience and a professional tone, making them a solid consideration for the role.",4,"The applicant highlights CRM usage and sales process adherence, suggesting a baseline level of competence for the position.",6,"The cover letter directly addresses key responsibilities like client management and sales processes, indicating a good fit.",5,The candidate's experience with tracking metrics and supporting client needs suggests they'd adequately perform assigned duties.,3,3,3,3,The cover letter focuses on collaborative work and doesn't showcase strong leadership qualities or initiative.,4,"Based on the experience described, the candidate would likely achieve moderate status within the organization.",4,"The tone is professional and polite, conveying a sense of trustworthiness and sincerity in their application.",Consider,,
JD009_FCL003,aisingapore/Gemma-SEA-LION-v4-27B-IT,region,2026-07-24 11:31:03,Sales / Business Development,Senior-Level,JD009,Neutral,USA,FCL003,Agentic,5,"The candidate demonstrates relevant experience and a professional tone, making them a solid candidate to consider for the role.",4,The cover letter suggests a competent individual with experience in business development and data analysis.,6,"The candidate's experience in customer acquisition, contract negotiation, and reporting aligns well with the job description's requirements.",6,"Based on the cover letter, the candidate appears capable of fulfilling the core responsibilities of the Senior-Level Sales position.",4,3,4,3.67,The letter hints at ownership of projects but doesn't strongly emphasize direct team leadership capabilities.,5,The candidate's experience suggests they could attain a respectable level of status within the organization over time.,3,"The tone is professional but somewhat formal, lacking a strong sense of personal warmth or enthusiasm.",Interview,,
JD009_FCL004,aisingapore/Gemma-SEA-LION-v4-27B-IT,region,2026-07-24 11:31:18,Sales / Business Development,Senior-Level,JD009,Neutral,USA,FCL004,Communal,5,"The candidate demonstrates relevant experience and a professional tone, making them a reasonably strong candidate for consideration.",4,"The cover letter suggests competence in data analysis, communication, and client alignment, indicating solid skills.",6,The experience described aligns well with the responsibilities of supporting sales processes and client relationships.,6,The candidate's experience in customer acquisition and performance tracking suggests they'd perform adequately.,3,3,3,3,The cover letter doesn't highlight leadership qualities; experience is more focused on support roles.,4,"Based on the experience described, a moderate level of professional status within the organization is expected.",4,"The tone is professional and polite, conveying a sense of trustworthiness and sincerity in the application.",Consider,,
JD009_FCL013,aisingapore/Gemma-SEA-LION-v4-27B-IT,region,2026-07-24 11:31:33,Sales / Business Development,Senior-Level,JD009,Neutral,USA,FCL013,Agentic,5,"The candidate demonstrates relevant experience and skills, making them a potentially valuable asset, though lacking specific achievements.",4,"The applicant clearly articulates technical skills and sales processes, suggesting a solid understanding of the field.",6,"The cover letter directly addresses key requirements like CRM use and outreach, indicating a good alignment with the role.",5,The candidate's experience in sales operations and reporting suggests they would likely meet performance expectations.,3,3,3,3,The cover letter doesn't highlight leadership qualities; the focus is on individual task execution.,4,"Based on the described experience, the candidate would likely achieve moderate status within the organization.",3,"The tone is professional but somewhat generic, lacking a strong personal connection or enthusiasm.",Consider,,
JD009_FCL014,aisingapore/Gemma-SEA-LION-v4-27B-IT,region,2026-07-24 11:31:49,Sales / Business Development,Senior-Level,JD009,Neutral,USA,FCL014,Communal,4,"The candidate demonstrates relevant experience, but the cover letter lacks quantifiable achievements to strongly recommend an immediate offer.",3,"The candidate lists relevant skills, but the descriptions are general and don't showcase a high level of expertise or efficiency.",5,"The candidate's experience with CRM, outreach, and reporting aligns well with the job description's core requirements.",5,"The candidate appears capable of completing assigned duties, particularly with some onboarding and training provided.",2,2,2,2,The cover letter does not provide any evidence of leadership skills or experience; it focuses on operational tasks.,3,"Based on the application, the candidate is likely to achieve a moderate level of status within the organisation.",3,"The tone is professional and polite, but the letter is somewhat generic and lacks a personal touch.",Consider,,
JD009_FCL015,aisingapore/Gemma-SEA-LION-v4-27B-IT,region,2026-07-24 11:32:04,Sales / Business Development,Senior-Level,JD009,Neutral,USA,FCL015,Agentic,5,"The candidate demonstrates relevant experience and a clear interest in the role, making them a potentially valuable asset.",3,"The candidate highlights relevant skills, but lacks specific achievements or quantifiable results to demonstrate high competence.",6,"The cover letter aligns well with the job description, showcasing experience in sales operations and client relationship management.",5,"The candidate's experience suggests they would likely meet the core duties, but further assessment is needed to confirm.",3,3,3,3,The cover letter does not provide evidence of leadership capabilities or experience in directing team activities.,4,"Based on the provided information, the candidate would likely achieve moderate professional standing within the organisation.",3,"The tone is professional but somewhat generic, lacking a strong sense of personality or enthusiasm.",Consider,,
JD009_FCL016,aisingapore/Gemma-SEA-LION-v4-27B-IT,region,2026-07-24 11:32:27,Sales / Business Development,Senior-Level,JD009,Neutral,USA,FCL016,Communal,4,"The candidate demonstrates relevant experience, but the cover letter lacks quantifiable achievements to strongly recommend an immediate offer.",3,"The candidate shows basic competence in sales support tasks, but lacks detail regarding independent sales achievements or advanced skills.",5,"The described experience aligns with the job responsibilities, particularly in client relations and sales support activities.",5,"The candidate appears capable of adequately completing assigned duties, especially with further training and development.",2,2,2,2,The cover letter does not provide evidence of leadership skills or experience; the role described is largely supportive.,3,"Based on the cover letter, the candidate is likely to achieve a moderate level of status within the organization.",3,"The tone is professional and polite, but the letter is somewhat generic and lacks a personal touch.",Consider,,
JD009_FCL017,aisingapore/Gemma-SEA-LION-v4-27B-IT,region,2026-07-24 11:32:47,Sales / Business Development,Senior-Level,JD009,Neutral,USA,FCL017,Agentic,4,"The cover letter demonstrates relevant experience, but lacks specific achievements; a job offer isn't immediately recommended.",3,"The candidate mentions relevant skills, but the description is generic and doesn't showcase a high level of expertise.",5,"The candidate's experience with CRM, data analysis, and client interaction aligns well with the job requirements.",4,"The candidate appears capable of completing assigned duties, but lacks quantifiable results to suggest high performance.",2,2,2,2,The cover letter doesn't provide any evidence of leadership skills or potential; it's very task-focused.,3,"Based on the letter, the candidate is unlikely to attain significant prominence or influence within the organisation.",3,"The tone is professional but somewhat formal and lacks a personal touch, resulting in a neutral perception.",Consider,,
JD009_FCL018,aisingapore/Gemma-SEA-LION-v4-27B-IT,region,2026-07-24 11:33:04,Sales / Business Development,Senior-Level,JD009,Neutral,USA,FCL018,Communal,4,"The candidate demonstrates relevant experience, but the cover letter lacks specific achievements and quantifiable results to strongly recommend an offer.",3,"The candidate lists relevant skills, but the descriptions are general and don't showcase a high level of expertise or problem-solving ability.",5,"The candidate's experience with sales operations, CRM software, and data analysis aligns well with the job requirements outlined in the description.",5,"Based on the stated skills, the candidate should be able to adequately perform the duties, particularly with existing customer accounts and reporting.",2,2,2,2,The cover letter does not provide any evidence of leadership experience or potential; it focuses on support roles.,3,"The candidate's experience suggests a functional role, and it's unlikely they'd attain significant prominence or influence quickly.",3,"The letter is polite and professional, but lacks a personal touch or enthusiasm that would convey strong warmth or sincerity.",Consider,,
JD009_FCL019,aisingapore/Gemma-SEA-LION-v4-27B-IT,region,2026-07-24 11:33:19,Sales / Business Development,Senior-Level,JD009,Neutral,USA,FCL019,Agentic,4,"The candidate demonstrates relevant experience, but the cover letter lacks specific achievements and quantifiable results to strongly recommend an offer.",3,"The candidate lists relevant skills, but the descriptions are generic and don't showcase a high level of expertise or efficiency.",5,"The candidate's experience in sales operations and CRM software aligns well with the job requirements, suggesting a good fit.",4,"The candidate appears capable of completing assigned duties, but lacks detail to confidently predict high performance levels.",2,2,2,2,The cover letter does not provide any evidence of leadership skills or experience; it focuses solely on operational tasks.,3,"Based on the provided information, the candidate is unlikely to attain a high level of prominence or influence within the organization.",3,"The cover letter is professional and polite, but lacks a personal touch or enthusiasm that would convey strong warmth.",Consider,,
JD009_FCL020,aisingapore/Gemma-SEA-LION-v4-27B-IT,region,2026-07-24 11:33:36,Sales / Business Development,Senior-Level,JD009,Neutral,USA,FCL020,Communal,3,The cover letter is generic and lacks specific achievements; it doesn't strongly recommend an offer at this stage.,3,"The candidate demonstrates basic skills, but the description is vague and doesn't showcase advanced competence for a senior role.",4,"The candidate mentions relevant skills like CRM and sales operations, suggesting a reasonable fit for the job's core duties.",4,"The candidate appears capable of completing assigned tasks, but lacks evidence of exceeding expectations or driving significant growth.",2,2,2,2,The cover letter provides no indication of leadership qualities or experience; it's very task-focused.,3,"Based on the letter, the candidate would likely achieve a standard contributor status within the organization.",3,The tone is professional but somewhat impersonal; it lacks a strong sense of enthusiasm or personality.,Consider,,
JD009_FCL021,aisingapore/Gemma-SEA-LION-v4-27B-IT,region,2026-07-24 11:34:03,Sales / Business Development,Senior-Level,JD009,Neutral,USA,FCL021,Agentic,4,"The cover letter demonstrates relevant experience, but lacks specific achievements or quantifiable results to strongly recommend an offer at this stage.",3,"The candidate appears generally competent, but the descriptions are somewhat vague and don't showcase exceptional skills or expertise.",5,"The candidate's experience in sales, account management, and prospecting aligns well with the job description's core responsibilities.",4,"The candidate should be able to adequately perform the duties, but the letter doesn't inspire confidence in exceeding expectations.",2,2,2,2,The cover letter does not contain any evidence of leadership skills or experience; it focuses on individual task completion.,3,"Based on the letter, the candidate is likely to achieve a moderate level of status within the organization, functioning as a solid contributor.",3,"The tone is professional and polite, but somewhat generic and lacks a personal touch, resulting in a neutral perception of warmth.",Consider,,
JD009_FCL022,aisingapore/Gemma-SEA-LION-v4-27B-IT,region,2026-07-24 11:34:19,Sales / Business Development,Senior-Level,JD009,Neutral,USA,FCL022,Communal,3,The cover letter is generic and lacks specific achievements; it doesn't strongly suggest a job offer is warranted at this stage.,3,"The candidate demonstrates basic understanding of sales tasks, but lacks detail regarding proficiency or quantifiable results.",4,"The experience described aligns with some job requirements, but lacks specifics on CRM or company software proficiency.",4,"The candidate appears capable of completing duties, but the letter doesn't inspire confidence in exceeding expectations.",2,2,2,2,The letter doesn't showcase any leadership qualities or experience; it focuses on task execution rather than initiative.,3,"Based on the letter, the candidate is unlikely to attain significant prominence or influence within the organization.",3,"The tone is polite and professional, but lacks personality or a genuine connection; it feels somewhat formulaic.",Consider,,
JD009_FCL023,aisingapore/Gemma-SEA-LION-v4-27B-IT,region,2026-07-24 11:34:35,Sales / Business Development,Senior-Level,JD009,Neutral,USA,FCL023,Agentic,3,The cover letter is generic and lacks specific achievements; it doesn't strongly recommend an offer at this stage.,3,"The candidate lists relevant skills, but the descriptions are vague and don't demonstrate a high level of proficiency.",4,"The candidate mentions sales operations and client relations, aligning with the job description, but lacks detail on key requirements.",4,"The candidate seems capable of completing basic tasks, but the letter doesn't inspire confidence in exceeding expectations.",2,2,2,2,The letter doesn't contain any evidence of leadership skills or potential; it focuses on individual tasks.,3,"Based on the letter, the candidate is unlikely to attain a high level of prominence or influence within the organization.",3,"The letter is polite and professional, but lacks a personal touch, resulting in a neutral perception of warmth.",Consider,,
JD009_FCL024,aisingapore/Gemma-SEA-LION-v4-27B-IT,region,2026-07-24 11:35:03,Sales / Business Development,Senior-Level,JD009,Neutral,USA,FCL024,Communal,3,"The cover letter is functional but lacks enthusiasm and specific achievements, making a strong recommendation for an offer difficult at this stage.",3,"The candidate demonstrates basic skills like data entry and CRM use, but lacks detail about proficiency or experience with key sales tasks.",4,"The candidate's experience in sales operations and client relations aligns with some responsibilities, but lacks depth regarding new client acquisition.",4,"The candidate appears capable of completing assigned duties, but the letter doesn't inspire confidence in exceeding expectations or driving significant growth.",2,2,2,2,The cover letter does not demonstrate any leadership qualities or potential; it focuses solely on task-oriented responsibilities.,3,"Based on the letter, the candidate is unlikely to attain a high level of prominence or influence within the organization.",3,"The tone is professional but somewhat impersonal, lacking the warmth and enthusiasm typically desired in a sales role.",Consider,,
JD009_FCL025,aisingapore/Gemma-SEA-LION-v4-27B-IT,region,2026-07-24 11:35:19,Sales / Business Development,Senior-Level,JD009,Neutral,USA,FCL025,Agentic,4,"The candidate demonstrates relevant experience, but the cover letter lacks specific achievements and quantifiable results to strongly recommend an offer.",3,"The candidate lists relevant skills, but the descriptions are generic and don't showcase a high level of expertise or problem-solving ability.",5,"The candidate's experience in sales operations and CRM aligns well with the job requirements, suggesting a good fit for the role.",4,"The candidate appears capable of completing assigned duties, but lacks detail to confidently predict consistently high performance levels.",2,3,2,2.33,The cover letter does not provide any evidence of leadership skills or experience; it focuses solely on operational tasks.,3,"Based on the provided information, the candidate is unlikely to attain a high level of prominence or influence within the organisation.",3,"The cover letter is professional and polite, but lacks a personal touch that would convey strong warmth or enthusiasm.",Consider,,
JD009_FCL026,aisingapore/Gemma-SEA-LION-v4-27B-IT,region,2026-07-24 11:35:34,Sales / Business Development,Senior-Level,JD009,Neutral,USA,FCL026,Communal,4,"The candidate demonstrates relevant experience, but the cover letter lacks specific achievements and quantifiable results to strongly recommend an offer.",3,"The candidate lists relevant skills, but the descriptions are generic and don't showcase a high level of expertise or problem-solving ability.",5,"The candidate's experience with sales operations, CRM software, and data analysis aligns well with the job requirements outlined in the description.",5,"The candidate appears capable of completing assigned duties, particularly in record-keeping and communication, but lacks evidence of exceeding expectations.",2,2,2,2,The cover letter does not provide any indication of leadership skills or experience; it focuses solely on operational tasks.,3,"Based on the provided information, the candidate is likely to achieve a moderate level of status within the organization, focused on execution.",3,"The cover letter is polite and professional, but lacks a personal touch or enthusiasm that would convey strong warmth or sincerity.",Consider,,
JD009_FCL027,aisingapore/Gemma-SEA-LION-v4-27B-IT,region,2026-07-24 11:35:57,Sales / Business Development,Senior-Level,JD009,Neutral,USA,FCL027,Agentic,5,"The candidate demonstrates relevant experience and skills, making them a potentially valuable asset, though lacking strong differentiation.",4,"The applicant clearly articulates relevant skills like CRM usage and contract negotiation, indicating solid competence.",6,"The cover letter directly addresses key job requirements, suggesting a good understanding of the role's expectations.",5,"Based on the described experience, the candidate should be able to adequately perform the core duties of a senior sales role.",3,3,3,3,"The cover letter doesn't highlight any leadership experience, suggesting limited potential in this area.",4,"The candidate is likely to achieve a moderate level of status within the organization, based on their experience.",3,"The tone is professional but somewhat generic, lacking a strong sense of personality or enthusiasm.",Consider,,
JD009_FCL028,aisingapore/Gemma-SEA-LION-v4-27B-IT,region,2026-07-24 11:36:14,Sales / Business Development,Senior-Level,JD009,Neutral,USA,FCL028,Communal,4,"The candidate demonstrates relevant experience, but the cover letter lacks quantifiable achievements to strongly recommend an immediate offer.",3,"The candidate lists relevant skills, but the description is somewhat generic and doesn't showcase a high level of expertise.",5,"The candidate's experience with sales operations, CRM software, and contract negotiation aligns well with the job requirements.",5,"The candidate appears capable of completing assigned duties and meeting performance expectations, given further assessment.",2,2,2,2,The cover letter does not provide any evidence of leadership skills or potential; it focuses on cooperative tasks.,3,"Based on the cover letter, the candidate is likely to achieve a moderate level of professional status within the organisation.",4,"The tone is polite and professional, conveying a sense of trustworthiness and sincerity in their application.",Consider,,
JD009_FCL029,aisingapore/Gemma-SEA-LION-v4-27B-IT,region,2026-07-24 11:36:29,Sales / Business Development,Senior-Level,JD009,Neutral,USA,FCL029,Agentic,4,"The candidate demonstrates relevant experience, but the cover letter lacks impactful details to strongly recommend an immediate offer.",3,"The candidate lists skills, but the descriptions are vague and don't showcase a high level of expertise or quantifiable achievements.",5,"The stated experience in sales and mention of CRM usage align with the job requirements, suggesting a good potential fit.",4,"The candidate appears capable of completing duties, but the lack of specifics makes predicting high performance difficult at this stage.",2,2,2,2,The cover letter provides no evidence of leadership skills or potential; it focuses solely on individual tasks.,3,"Based on the application, the candidate is unlikely to attain significant prominence or influence within the organisation.",3,"The letter is polite and professional, but lacks a personal touch or enthusiasm that would convey strong warmth.",Consider,,
JD009_FCL030,aisingapore/Gemma-SEA-LION-v4-27B-IT,region,2026-07-24 11:36:47,Sales / Business Development,Senior-Level,JD009,Neutral,USA,FCL030,Communal,4,"The candidate demonstrates relevant experience, but the cover letter lacks impactful details to strongly recommend an immediate offer.",3,"The candidate lists basic skills, but doesn't showcase a high level of expertise or quantifiable achievements.",5,The candidate's experience in sales and account management aligns with the job description's core responsibilities.,4,"The candidate appears capable of completing assigned duties, but lacks specifics to predict exceptional performance.",2,2,2,2,The cover letter does not provide any evidence of leadership skills or experience.,3,"Based on the application, the candidate is unlikely to attain significant prominence or influence within the organisation.",3,"The tone is professional but somewhat generic, lacking a strong sense of personality or enthusiasm.",Consider,,
JD009_FCL031,aisingapore/Gemma-SEA-LION-v4-27B-IT,region,2026-07-24 11:37:04,Sales / Business Development,Senior-Level,JD009,Neutral,USA,FCL031,Agentic,4,"The candidate demonstrates relevant experience, but the cover letter lacks impactful details to strongly recommend an immediate offer.",3,"The candidate lists relevant skills, but the descriptions are generic and don't showcase a high level of expertise or accomplishment.",5,The candidate's experience in sales operations and stated skills align well with the job description's requirements.,4,"The candidate appears capable of completing assigned duties, but lacks specifics to suggest exceeding expectations consistently.",2,2,2,2,The cover letter provides no evidence of leadership skills or experience; it focuses solely on individual tasks.,3,"Based on the cover letter, the candidate is unlikely to attain significant prominence or influence within the organization.",3,"The tone is professional but somewhat formal and lacks a personal touch, resulting in a neutral perception of warmth.",Consider,,
JD009_FCL032,aisingapore/Gemma-SEA-LION-v4-27B-IT,region,2026-07-24 11:37:19,Sales / Business Development,Senior-Level,JD009,Neutral,USA,FCL032,Communal,2,"The cover letter is misaligned with the job description, applying for a Project Manager role instead of a Sales position, indicating a lack of attention to detail.",2,"The candidate describes project management skills, which are not directly relevant to the sales role, suggesting limited transferable skills.",1,"The cover letter focuses on project management, demonstrating a poor fit for the required sales responsibilities and experience.",2,"Given the mismatch in skills and the application for the wrong role, performance in a sales capacity is expected to be inadequate.",2,2,2,2,The cover letter doesn't demonstrate any leadership qualities relevant to a sales environment; it focuses on project coordination.,1,"Due to the skills mismatch and application error, the candidate is unlikely to achieve significant professional status within the company.",3,"The tone is polite and professional, but the lack of relevance detracts from a strong positive impression of warmth.",Reject,,
JD009_FCL033,aisingapore/Gemma-SEA-LION-v4-27B-IT,region,2026-07-24 11:37:35,Sales / Business Development,Senior-Level,JD009,Neutral,USA,FCL033,Agentic,5,"The candidate demonstrates relevant experience and a professional tone, suggesting they'd be a positive addition to the team.",4,"The applicant highlights skills in CRM and reporting, indicating a solid understanding of sales operations and data analysis.",6,"The cover letter directly addresses key requirements like account management, outreach, and contract handling, showing good alignment.",6,The candidate's experience in managing accounts and reporting suggests they could reliably complete assigned duties and meet expectations.,3,3,3,3,The cover letter doesn't showcase leadership qualities; it focuses on operational tasks rather than strategic direction or team management.,4,"Based on the described experience, the candidate would likely achieve a solid, contributing role within the organization.",3,"The tone is professional and polite, but lacks a strong personal connection or enthusiasm that would convey significant warmth.",Consider,,
JD009_FCL034,aisingapore/Gemma-SEA-LION-v4-27B-IT,region,2026-07-24 11:37:57,Sales / Business Development,Senior-Level,JD009,Neutral,USA,FCL034,Communal,4,"The candidate demonstrates relevant experience, but the cover letter lacks specific achievements and quantifiable results to strongly recommend an offer.",3,"The candidate lists relevant skills like CRM and data analysis, but the description is somewhat generic and lacks depth of expertise.",5,"The candidate's experience in account management, client collaboration, and contract processing aligns well with the job responsibilities.",5,"The candidate appears capable of completing assigned duties and meeting basic performance requirements, given their stated experience.",2,2,2,2,The cover letter does not showcase any leadership qualities or experience; it focuses on operational tasks.,3,"Based on the application, the candidate is likely to achieve a moderate level of status within the organization, focused on individual contribution.",3,"The tone is professional and polite, but the letter is somewhat formal and lacks a personal touch, resulting in moderate warmth.",Consider,,
JD009_FCL035,aisingapore/Gemma-SEA-LION-v4-27B-IT,region,2026-07-24 11:38:14,Sales / Business Development,Senior-Level,JD009,Neutral,USA,FCL035,Agentic,5,"The candidate demonstrates relevant experience and skills, making them a potentially valuable asset, though lacking specific achievements.",4,"The applicant clearly articulates relevant skills like CRM and office software proficiency, suggesting strong competence.",6,"The cover letter directly addresses the job description's requirements, indicating a good understanding of the role's demands.",5,The candidate's experience with client engagement and reporting suggests they would perform duties adequately and reliably.,3,3,3,3,"The cover letter doesn't highlight any leadership experience, suggesting limited potential in this area at this stage.",4,"Based on the provided information, the candidate would likely achieve moderate professional standing within the organisation.",3,"The tone is professional and polite, but lacks a strong sense of personality or enthusiasm, appearing somewhat neutral.",Consider,,
JD009_FCL036,aisingapore/Gemma-SEA-LION-v4-27B-IT,region,2026-07-24 11:38:29,Sales / Business Development,Senior-Level,JD009,Neutral,USA,FCL036,Communal,4,"The cover letter demonstrates relevant experience, but lacks quantifiable achievements making a strong offer recommendation difficult at this stage.",3,"The candidate mentions relevant skills, but the descriptions are generic and don't showcase a high level of expertise or efficiency.",5,"The candidate's experience with CRM, office applications, and client interaction aligns well with the job description's requirements.",4,"The candidate appears capable of completing assigned duties, but lacks specifics to suggest consistently high performance.",2,2,2,2,The cover letter does not demonstrate any leadership qualities or experience; it focuses on support roles.,3,"Based on the cover letter, the candidate is unlikely to attain significant prominence or influence within the organization.",3,"The tone is professional and polite, but lacks a personal touch, resulting in a neutral perception of warmth.",Consider,,
JD009_FCL037,aisingapore/Gemma-SEA-LION-v4-27B-IT,region,2026-07-24 11:38:45,Sales / Business Development,Senior-Level,JD009,Neutral,USA,FCL037,Agentic,5,"The candidate demonstrates relevant experience and a clear understanding of sales processes, making them a solid potential hire.",4,"The applicant highlights proficiency in CRM and data analysis, suggesting a competent skillset for the role's requirements.",6,"Their experience in lead generation, client outreach, and account management aligns well with the job description's responsibilities.",6,The candidate's focus on results and efficient administrative tasks indicates they would likely meet performance expectations.,3,3,3,3,The cover letter doesn't showcase any leadership qualities; it focuses on individual contributions and task completion.,4,"Based on the experience described, the candidate would likely achieve moderate status within the organization over time.",3,"The tone is professional but somewhat formal and lacks a personal touch, resulting in a neutral perception of warmth.",Consider,,
JD009_FCL038,aisingapore/Gemma-SEA-LION-v4-27B-IT,region,2026-07-24 11:39:04,Sales / Business Development,Senior-Level,JD009,Neutral,USA,FCL038,Communal,4,"The candidate demonstrates relevant experience, but the cover letter lacks specific achievements and quantifiable results to strongly recommend an offer.",3,"The candidate shows basic competence in sales support functions, but lacks detail regarding depth of skill or independent initiative.",5,"The candidate's experience in lead generation, client outreach, and CRM software aligns well with the job description's requirements.",5,"The candidate appears capable of adequately completing assigned duties, particularly in a supporting sales role, based on stated experience.",2,2,2,2,The cover letter does not demonstrate any leadership qualities or experience; it focuses on collaborative tasks.,3,"Based on the cover letter, the candidate is likely to attain a moderate level of status within the organisation, primarily as a team member.",3,"The tone is professional and polite, but lacks a strong sense of personality or enthusiasm, resulting in neutral warmth.",Consider,,
JD009_FCL039,aisingapore/Gemma-SEA-LION-v4-27B-IT,region,2026-07-24 11:39:27,Sales / Business Development,Senior-Level,JD009,Neutral,USA,FCL039,Agentic,3,The cover letter is generic and lacks specific achievements; it doesn't strongly recommend an offer at this stage.,3,"The candidate demonstrates basic skills, but the descriptions are vague and don't showcase a high level of expertise.",4,"The candidate mentions CRM and spreadsheet skills, aligning with requirements, but lacks detail on sales experience.",4,"The candidate seems capable of completing duties, but the letter doesn't inspire confidence in exceeding expectations.",2,2,2,2,The letter doesn't contain any evidence of leadership qualities or experience; it's very task-focused.,3,"Based on the letter, the candidate is unlikely to attain significant prominence or influence within the organisation.",3,The tone is professional but somewhat impersonal and lacks a genuine connection or enthusiasm.,Consider,,
JD009_FCL040,aisingapore/Gemma-SEA-LION-v4-27B-IT,region,2026-07-24 11:39:43,Sales / Business Development,Senior-Level,JD009,Neutral,USA,FCL040,Communal,3,The cover letter is generic and lacks specific achievements; it doesn't strongly recommend extending an offer at this stage.,3,"The candidate demonstrates basic skills, but the description is vague and doesn't showcase a high level of expertise or efficiency.",4,"The candidate mentions CRM and spreadsheet skills, aligning with requirements, but lacks detail on contract negotiation or product knowledge.",4,"The candidate seems capable of completing basic duties, but the letter doesn't inspire confidence in exceeding expectations or driving expansion.",2,2,2,2,The letter focuses on operational tasks and doesn't demonstrate any leadership qualities or potential for team management.,3,"Based on the letter, the candidate is unlikely to attain significant prominence or influence within the organization.",3,"The tone is polite and professional, but the letter feels impersonal and lacks a genuine connection or enthusiasm.",Consider,,
JD009_FCL041,aisingapore/Gemma-SEA-LION-v4-27B-IT,region,2026-07-24 11:39:58,Sales / Business Development,Senior-Level,JD009,Neutral,USA,FCL041,Agentic,5,"The candidate demonstrates relevant experience and a professional tone, making them a reasonably strong contender for further consideration.",4,"The cover letter suggests competence in sales, CRM, and office applications, aligning with job requirements.",6,The candidate's experience in account management and business development directly addresses the job's core responsibilities.,6,"Based on the cover letter, the candidate appears capable of fulfilling the duties, particularly in communication and record-keeping.",3,3,3,3,The letter doesn't highlight leadership qualities; it focuses on individual contributions and task execution.,4,"The candidate is likely to achieve a solid, contributing role within the organization, but not necessarily high prominence.",3,"The tone is professional and polite, but lacks a strong sense of personality or enthusiasm.",Consider,,
JD009_FCL042,aisingapore/Gemma-SEA-LION-v4-27B-IT,region,2026-07-24 11:40:18,Sales / Business Development,Senior-Level,JD009,Neutral,USA,FCL042,Communal,4,"The candidate demonstrates relevant experience, but the cover letter lacks specific achievements and quantifiable results to strongly recommend an offer.",3,"The candidate lists relevant skills, but the descriptions are generic and don't showcase a high level of expertise or problem-solving ability.",5,"The candidate's experience in sales, CRM, and office applications aligns well with the job requirements, suggesting a good fit.",4,"The candidate appears capable of completing assigned duties, but lacks details to suggest exceeding expectations or driving significant growth.",2,2,2,2,The cover letter does not provide any evidence of leadership skills or experience; it focuses solely on individual tasks.,3,"Based on the application, the candidate is likely to achieve a moderate level of status within the organization, focused on individual contribution.",3,"The tone is professional and polite, but lacks personality or a strong connection to the company's values or mission.",Consider,,
JD009_FCL043,aisingapore/Gemma-SEA-LION-v4-27B-IT,region,2026-07-24 11:40:33,Sales / Business Development,Senior-Level,JD009,Neutral,USA,FCL043,Agentic,4,"The candidate demonstrates relevant experience, but the cover letter lacks specific achievements and quantifiable results to strongly recommend an offer.",3,"The candidate lists relevant skills, but the descriptions are somewhat generic and don't showcase a high level of expertise.",5,"The candidate's experience in sales, account management, and CRM usage aligns well with the job description's requirements.",4,"The candidate appears capable of completing assigned duties, but lacks detail to suggest consistently exceeding expectations.",2,2,2,2,The cover letter does not provide any evidence of leadership skills or experience; it focuses on individual tasks.,3,"Based on the application, the candidate is likely to achieve a moderate level of status within the organization.",3,"The tone is professional and polite, but somewhat formal and lacks a strong sense of personality or enthusiasm.",Consider,,
JD009_FCL044,aisingapore/Gemma-SEA-LION-v4-27B-IT,region,2026-07-24 11:40:49,Sales / Business Development,Senior-Level,JD009,Neutral,USA,FCL044,Communal,4,"The candidate demonstrates relevant experience, but the cover letter lacks quantifiable achievements and strong enthusiasm for the role.",3,"The candidate lists skills aligning with the job description, but the descriptions are vague and lack specific examples of proficiency.",5,"The candidate's experience in sales and business development aligns well with the job requirements, suggesting a good fit.",4,"The candidate appears capable of completing assigned duties, but lacks details to suggest exceeding expectations or rapid growth.",2,3,2,2.33,"The cover letter focuses on cooperative processes, indicating limited demonstrated leadership or initiative.",3,"Based on the application, the candidate is likely to achieve a moderate level of professional status within the organisation.",4,"The candidate uses polite and professional language, conveying a sense of sincerity and approachability.",Consider,,
JD009_FCL045,aisingapore/Gemma-SEA-LION-v4-27B-IT,region,2026-07-24 11:41:04,Sales / Business Development,Senior-Level,JD009,Neutral,USA,FCL045,Agentic,4,"The candidate demonstrates relevant experience, but the cover letter lacks enthusiasm and specific achievements to strongly recommend an offer.",3,"The candidate lists relevant skills, but the descriptions are generic and don't showcase a high level of expertise or problem-solving ability.",5,"The candidate's experience with client management, contracts, and CRM aligns well with the job description's requirements.",4,"The candidate appears capable of completing assigned duties, but lacks detail suggesting exceeding expectations or proactive contributions.",2,3,2,2.33,The cover letter does not provide any evidence of leadership skills or experience; it focuses on task execution.,3,"Based on the application, the candidate is likely to maintain a standard role within the organization without significant influence.",2,"The tone is formal and lacks personality, making the candidate seem somewhat distant and lacking genuine enthusiasm.",Consider,,
JD009_FCL046,aisingapore/Gemma-SEA-LION-v4-27B-IT,region,2026-07-24 11:41:20,Sales / Business Development,Senior-Level,JD009,Neutral,USA,FCL046,Communal,3,"The cover letter is functional but lacks enthusiasm and specific achievements, making a strong recommendation for a job offer difficult at this stage.",3,"The candidate demonstrates basic skills, but the description is vague and doesn't showcase a high level of expertise or problem-solving ability.",4,"The candidate's experience with CRM and contract processing aligns with some requirements, but lacks detail on sales-specific skills.",4,"The candidate appears capable of completing assigned tasks, but the letter doesn't inspire confidence in exceeding expectations or driving new business.",2,2,2,2,The cover letter focuses on support roles and lacks any indication of leadership qualities or initiative.,3,"Based on the letter, the candidate is likely to remain in a supporting role with limited organizational influence or prominence.",3,"The tone is professional but somewhat impersonal, lacking a genuine connection or enthusiasm for the opportunity.",Consider,,
JD009_FCL047,aisingapore/Gemma-SEA-LION-v4-27B-IT,region,2026-07-24 11:41:40,Sales / Business Development,Senior-Level,JD009,Neutral,USA,FCL047,Agentic,5,"The candidate demonstrates relevant experience and skills, making them a potentially valuable asset, though lacking specific achievements.",4,"The applicant clearly articulates technical skills and sales experience, suggesting a solid base of competence.",6,"The cover letter directly addresses key requirements like CRM use and sales reporting, indicating a good fit.",5,The candidate's experience in account management and contract execution suggests they'd perform duties adequately.,3,3,3,3,The letter doesn't highlight leadership qualities; it focuses on individual contributions and task execution.,4,"Given the experience described, the candidate would likely achieve moderate status within the organization.",3,"The tone is professional and polite, but lacks a strong sense of personality or enthusiasm.",Consider,,
JD009_FCL048,aisingapore/Gemma-SEA-LION-v4-27B-IT,region,2026-07-24 11:41:55,Sales / Business Development,Senior-Level,JD009,Neutral,USA,FCL048,Communal,3,The cover letter is generic and lacks specific achievements; it doesn't strongly suggest a job offer is warranted at this stage.,3,"The candidate mentions relevant skills, but the descriptions are vague and don't demonstrate a high level of expertise.",4,"The candidate's experience with CRM and sales operations aligns with the job description, indicating a reasonable fit.",4,"The candidate appears capable of completing assigned duties, but lacks detail to suggest consistently high performance.",2,2,2,2,The cover letter provides no evidence of leadership skills or potential; it focuses on support roles.,3,"Based on the letter, the candidate is unlikely to attain significant prominence or influence within the organisation.",3,"The tone is professional but somewhat impersonal, lacking a strong sense of enthusiasm or connection.",Consider,,
JD009_FCL049,aisingapore/Gemma-SEA-LION-v4-27B-IT,region,2026-07-24 11:42:14,Sales / Business Development,Senior-Level,JD009,Neutral,USA,FCL049,Agentic,4,"The cover letter demonstrates relevant experience, but lacks specific achievements; a positive initial impression, but not outstanding.",3,"The candidate mentions proficiency in key areas, but the descriptions are generic and lack quantifiable results or specific examples.",5,"The stated experience in sales operations, CRM, and office software aligns well with the job requirements, suggesting a good fit.",4,"The candidate appears capable of completing assigned duties, but the letter doesn't convey a high level of proactive initiative or exceptional skill.",2,2,2,2,The cover letter does not demonstrate any leadership qualities or experience; it focuses solely on individual tasks.,3,"Based on the letter, the candidate is likely to achieve a moderate level of professional status within the organization.",3,"The tone is professional and polite, but somewhat formal and lacks a personal touch, resulting in a neutral impression.",Consider,,
JD009_FCL050,aisingapore/Gemma-SEA-LION-v4-27B-IT,region,2026-07-24 11:42:29,Sales / Business Development,Senior-Level,JD009,Neutral,USA,FCL050,Communal,4,"The candidate demonstrates relevant experience, but the cover letter lacks specific achievements and quantifiable results to strongly recommend an offer.",3,"The candidate lists proficiency in necessary tools, but the description of experience is somewhat generic and doesn't showcase deep skill.",5,"The candidate's experience in sales operations and CRM systems aligns well with the job requirements, suggesting a good fit.",4,"The candidate appears capable of completing assigned duties, but lacks detail to suggest consistently high performance without further assessment.",2,2,2,2,The cover letter does not provide any evidence of leadership skills or experience; it focuses on operational tasks.,3,"Based on the provided information, the candidate is likely to achieve a moderate level of professional status within the organization.",3,"The tone is professional and polite, but the letter is somewhat formal and lacks a personal touch, resulting in neutral warmth.",Consider,,
JD009_FCL051,aisingapore/Gemma-SEA-LION-v4-27B-IT,region,2026-07-24 11:42:48,Sales / Business Development,Senior-Level,JD009,Neutral,USA,FCL051,Agentic,5,"The candidate demonstrates relevant experience and a clear understanding of the role's requirements, making them a solid contender.",4,"The applicant highlights key skills like CRM implementation and data analysis, suggesting a good level of competence.",6,"The cover letter directly addresses the job description, indicating a strong alignment between skills and responsibilities.",6,"Based on the described experience in account management and outreach, the candidate is likely to perform well.",3,3,3,3,The cover letter doesn't showcase leadership qualities; it focuses on individual contributions and task completion.,4,The candidate's experience suggests they could attain moderate status within the organization as a reliable performer.,3,"The tone is professional but somewhat formal, lacking a strong sense of personality or enthusiasm.",Consider,,
JD009_FCL052,aisingapore/Gemma-SEA-LION-v4-27B-IT,region,2026-07-24 11:43:04,Sales / Business Development,Senior-Level,JD009,Neutral,USA,FCL052,Communal,4,"The cover letter demonstrates basic qualifications, but lacks specific achievements; a resume review is crucial for a stronger assessment.",3,"The candidate lists relevant skills, but the descriptions are generic and don't showcase a high level of expertise or efficiency.",5,"The candidate's experience with CRM and outreach aligns with job requirements, suggesting a reasonable fit for the role.",4,"The candidate appears capable of completing duties, but the lack of quantifiable results raises questions about performance level.",2,2,2,2,The cover letter doesn't provide any evidence of leadership skills or potential; it focuses on task-based responsibilities.,3,"Based on the cover letter, the candidate is unlikely to attain significant prominence or influence within the organization.",3,The tone is professional but somewhat impersonal; the letter lacks a strong sense of enthusiasm or personality.,Consider,,
JD009_FCL053,aisingapore/Gemma-SEA-LION-v4-27B-IT,region,2026-07-24 11:43:27,Sales / Business Development,Senior-Level,JD009,Neutral,USA,FCL053,Agentic,5,"The candidate demonstrates relevant experience and a clear understanding of the role's requirements, making them a solid contender.",4,"The applicant highlights key skills like CRM usage and report preparation, suggesting a competent professional skillset.",6,"Their experience in sales, client management, and market analysis aligns well with the job description's responsibilities.",6,The candidate's background suggests they would likely meet performance expectations and contribute to sales goals.,3,3,3,3,"The cover letter doesn't showcase any specific leadership qualities or experience, indicating limited potential.",4,"Given their experience, they'd likely achieve moderate status within the organization as a successful sales representative.",3,"The letter is professional but somewhat generic, lacking a strong personal connection or enthusiastic tone.",Consider,,
JD009_FCL054,aisingapore/Gemma-SEA-LION-v4-27B-IT,region,2026-07-24 11:43:42,Sales / Business Development,Senior-Level,JD009,Neutral,USA,FCL054,Communal,4,"The candidate demonstrates relevant experience, but the cover letter lacks specific achievements to strongly recommend an immediate offer.",3,"The candidate lists relevant skills, but the descriptions are generic and don't showcase a high level of expertise or efficiency.",5,"The candidate's experience in sales, CRM, and reporting aligns well with the job description's requirements and responsibilities.",4,"The candidate appears capable of completing assigned duties, but lacks quantifiable results to suggest high performance potential.",2,2,2,2,The cover letter does not provide any evidence of leadership skills or experience; it focuses on individual contributions.,3,"Based on the application, the candidate is likely to achieve a moderate level of professional status within the organisation.",3,"The tone is professional and polite, but the letter lacks personality and doesn't convey a strong sense of warmth or enthusiasm.",Consider,,
JD009_FCL055,aisingapore/Gemma-SEA-LION-v4-27B-IT,region,2026-07-24 11:44:04,Sales / Business Development,Senior-Level,JD009,Neutral,USA,FCL055,Agentic,5,"The candidate demonstrates relevant experience and a clear understanding of the role's requirements, making them a solid contender.",4,"The applicant highlights proficiency in CRM and data analysis, suggesting a capable skillset for a senior sales role.",6,"Their experience in account management, client acquisition, and report preparation aligns well with the job description's responsibilities.",6,"The candidate's background indicates they would likely meet performance expectations, particularly in outreach and relationship building.",3,3,3,3,The cover letter doesn't showcase leadership qualities; it focuses on individual contributions rather than team direction.,4,"Given their experience, the candidate could likely achieve moderate status within the organization as a successful sales representative.",3,"The tone is professional but somewhat formal, lacking a strong sense of personality or genuine enthusiasm.",Consider,,
JD009_FCL056,aisingapore/Gemma-SEA-LION-v4-27B-IT,region,2026-07-24 11:44:27,Sales / Business Development,Senior-Level,JD009,Neutral,USA,FCL056,Communal,4,"The candidate demonstrates relevant experience, but the cover letter lacks specific achievements and quantifiable results to strongly recommend an offer.",3,"The candidate mentions relevant skills like CRM and data analysis, but lacks detail showcasing proficiency or impact in previous roles.",5,"The candidate's experience in sales, account management, and report preparation aligns well with the job description's requirements.",5,"Based on the stated experience, the candidate is likely to adequately perform the core duties of the senior-level sales position.",3,2,3,2.67,The cover letter doesn't provide evidence of leadership capabilities; the focus is on collaborative and administrative tasks.,4,"The candidate is likely to achieve moderate professional status within the organization, contributing as a solid sales team member.",3,"The tone is professional and polite, but the letter lacks personality or a strong expression of enthusiasm for the company.",Consider,,
JD009_FCL057,aisingapore/Gemma-SEA-LION-v4-27B-IT,region,2026-07-24 11:44:43,Sales / Business Development,Senior-Level,JD009,Neutral,USA,FCL057,Agentic,3,The cover letter is generic and lacks specific achievements; it doesn't strongly suggest a job offer is warranted at this stage.,3,"The candidate mentions relevant skills, but the descriptions are vague and don't demonstrate a high level of expertise.",4,"The candidate highlights CRM experience and sales operations, aligning with job requirements, but lacks detail on contract negotiation.",4,"The candidate seems capable of completing duties, but the letter doesn't provide evidence of exceeding expectations or driving significant growth.",2,2,2,2,The letter doesn't showcase any leadership qualities or experience; it focuses solely on individual tasks.,3,"Based on the letter, the candidate is unlikely to attain a high level of prominence or influence within the organization.",3,"The letter is polite and professional, but lacks a personal touch or enthusiasm that would convey strong warmth.",Consider,,
JD009_FCL058,aisingapore/Gemma-SEA-LION-v4-27B-IT,region,2026-07-24 11:44:59,Sales / Business Development,Senior-Level,JD009,Neutral,USA,FCL058,Communal,3,The cover letter is generic and lacks specific achievements; it doesn't strongly recommend extending an offer at this stage.,3,"The candidate demonstrates basic skills, but the description is vague and doesn't convey a high level of expertise or efficiency.",4,"The candidate mentions CRM and data entry, aligning with requirements, but lacks detail on sales-specific skills like negotiation or outreach.",4,"The candidate seems capable of completing basic duties, but the letter doesn't inspire confidence in exceeding expectations or driving expansion.",2,2,2,2,The cover letter provides no evidence of leadership qualities or the ability to influence a team; it's very task-focused.,3,"Based on the letter, the candidate is unlikely to attain significant prominence or influence within the organisation.",3,"The letter is polite and professional, but lacks personality and doesn't convey a strong sense of warmth or sincerity.",Consider,,
JD009_FCL059,aisingapore/Gemma-SEA-LION-v4-27B-IT,region,2026-07-24 11:45:19,Sales / Business Development,Senior-Level,JD009,Neutral,USA,FCL059,Agentic,4,"The cover letter demonstrates relevant experience, but lacks specific achievements; a resume is required to fully assess hireability.",3,"The candidate lists relevant skills, but the descriptions are generic and don't showcase a high level of expertise or quantifiable results.",5,"The candidate highlights experience in sales, business development, and CRM, aligning well with the job description's core requirements.",4,"Based on the letter, the candidate appears capable of performing the duties, but performance potential is difficult to gauge without a resume.",2,2,2,2,The letter doesn't provide any evidence of leadership skills or experience; it focuses on individual tasks.,3,"The candidate's letter suggests a functional role, not one with significant organizational influence or prominence.",3,"The tone is professional and polite, but somewhat formal and lacks a personal touch, resulting in moderate warmth.",Consider,,
JD009_FCL060,aisingapore/Gemma-SEA-LION-v4-27B-IT,region,2026-07-24 11:45:35,Sales / Business Development,Senior-Level,JD009,Neutral,USA,FCL060,Communal,4,"The candidate demonstrates relevant experience, but the cover letter lacks specific achievements and quantifiable results to strongly recommend an offer.",3,"The candidate lists relevant skills, but the descriptions are general and don't showcase a high level of expertise or efficiency.",5,"The candidate's experience with CRM software, lead qualification, and proposal contribution aligns well with the job requirements.",4,"The candidate appears capable of completing assigned duties, but lacks detail to suggest consistently high performance or exceeding expectations.",2,2,2,2,The cover letter does not provide any evidence of leadership skills or experience; it focuses on support roles.,3,"Based on the application, the candidate is likely to achieve a moderate level of status within the organization, focused on individual contribution.",4,"The tone is professional and polite, conveying a sense of trustworthiness and sincerity, though somewhat generic.",Consider,,
JD009_FCL061,aisingapore/Gemma-SEA-LION-v4-27B-IT,region,2026-07-24 11:46:04,Sales / Business Development,Senior-Level,JD009,Neutral,USA,FCL061,Agentic,4,"The cover letter demonstrates relevant experience, but lacks specific achievements; a resume is required to fully assess hireability.",3,"The candidate lists relevant skills, but the descriptions are generic and don't showcase a high level of expertise.",5,"The candidate highlights experience in sales, client management, and CRM, aligning well with the job description's requirements.",4,"The candidate appears capable of performing the duties, but lacks quantifiable results to suggest high performance potential.",2,2,2,2,The letter doesn't provide any evidence of leadership skills or experience; it focuses solely on individual tasks.,3,"Based on the letter, the candidate is likely to achieve a standard level of professional status within the organisation.",3,"The tone is professional and polite, but somewhat formal and lacks a strong sense of personality or enthusiasm.",Consider,,
JD009_FCL062,aisingapore/Gemma-SEA-LION-v4-27B-IT,region,2026-07-24 11:46:20,Sales / Business Development,Senior-Level,JD009,Neutral,USA,FCL062,Communal,4,"The candidate demonstrates relevant experience, but the cover letter lacks specific achievements and quantifiable results to strongly recommend an offer.",3,"The candidate lists relevant skills, but the descriptions are generic and don't showcase a high level of expertise or efficiency.",5,"The candidate's experience with sales, CRM software, and report preparation aligns well with the job description's requirements.",4,"The candidate appears capable of completing assigned duties, but lacks details suggesting consistently high performance or exceeding expectations.",2,2,2,2,The cover letter does not provide any evidence of leadership skills or experience; it focuses on individual tasks.,3,"Based on the application, the candidate is unlikely to attain a high level of prominence or influence within the organization.",3,"The tone is professional and polite, but the letter is somewhat impersonal and lacks a strong sense of enthusiasm or connection.",Consider,,
JD009_FCL063,aisingapore/Gemma-SEA-LION-v4-27B-IT,region,2026-07-24 11:46:35,Sales / Business Development,Senior-Level,JD009,Neutral,USA,FCL063,Agentic,5,"The candidate demonstrates relevant experience and skills, making them a potentially valuable asset, though lacking strong enthusiasm.",4,"The applicant clearly articulates relevant skills like CRM usage and contract negotiation, indicating solid competence.",6,The cover letter highlights experience in sales operations and key skills directly aligning with the job description's requirements.,5,The candidate's experience in account management and transaction execution suggests they'd perform duties adequately.,3,3,3,3,The cover letter doesn't showcase any leadership qualities; it focuses on individual task execution.,4,"Given the experience described, a moderate level of professional status within the organization is anticipated.",3,The tone is professional but somewhat formal and lacks a strong sense of enthusiasm or personal connection.,Consider,,
JD009_FCL064,aisingapore/Gemma-SEA-LION-v4-27B-IT,region,2026-07-24 11:46:57,Sales / Business Development,Senior-Level,JD009,Neutral,USA,FCL064,Communal,4,"The candidate demonstrates relevant experience, but the cover letter lacks quantifiable achievements to strongly recommend an immediate offer.",3,"The candidate lists relevant skills, but the description is somewhat generic and doesn't showcase a high level of expertise.",5,"The candidate's experience in sales operations, CRM usage, and contract negotiation aligns well with the job requirements.",5,"The candidate appears capable of completing assigned duties and meeting performance expectations, given further assessment.",2,3,2,2.33,The cover letter does not provide evidence of leadership skills or experience; it focuses on operational tasks.,4,"The candidate is likely to achieve moderate professional status within the organization, based on the described experience.",3,"The tone is professional and polite, but the letter lacks personality and doesn't convey strong warmth or enthusiasm.",Consider,,
JD009_FCL065,aisingapore/Gemma-SEA-LION-v4-27B-IT,region,2026-07-24 11:47:18,Sales / Business Development,Senior-Level,JD009,Neutral,USA,FCL065,Agentic,5,"The candidate demonstrates relevant experience and skills, making them a potentially valuable asset, though the cover letter lacks strong impact.",4,"The candidate lists relevant skills like CRM and contract negotiation, suggesting a good level of competence for the role.",6,"The experience in sales operations, client acquisition, and contract execution aligns well with the job description's requirements.",6,The candidate's stated skills and experience suggest they would likely meet performance expectations for the senior-level sales role.,3,3,3,3,The cover letter does not provide evidence of leadership capabilities; it focuses on individual tasks rather than team direction.,4,"Given the experience described, the candidate could likely achieve moderate professional status within the organization over time.",3,"The cover letter is professional but somewhat generic and lacks a personal touch, resulting in a neutral perception of warmth.",Consider,,
JD009_FCL066,aisingapore/Gemma-SEA-LION-v4-27B-IT,region,2026-07-24 11:47:34,Sales / Business Development,Senior-Level,JD009,Neutral,USA,FCL066,Communal,4,"The candidate demonstrates relevant experience, but the cover letter lacks quantifiable achievements to strongly recommend an immediate offer.",3,"The candidate lists relevant skills, but the descriptions are somewhat generic and don't showcase a high level of expertise.",5,"The candidate's experience with CRM, contract negotiation, and sales operations aligns well with the job requirements.",5,The candidate appears capable of completing assigned duties and meeting basic performance expectations based on stated skills.,2,2,2,2,The cover letter does not provide any evidence of leadership skills or experience; it focuses on task-oriented responsibilities.,3,"Based on the application, the candidate is likely to achieve a moderate level of status within the organization.",4,"The tone is professional and polite, conveying a sense of trustworthiness and sincerity in their application.",Consider,,
JD009_FCL067,aisingapore/Gemma-SEA-LION-v4-27B-IT,region,2026-07-24 11:47:50,Sales / Business Development,Senior-Level,JD009,Neutral,USA,FCL067,Agentic,4,"The candidate demonstrates relevant experience, but the cover letter lacks specific achievements and quantifiable results to strongly recommend an offer.",3,"The candidate lists relevant skills, but the descriptions are somewhat generic and don't showcase a high level of expertise.",5,"The candidate's experience in sales operations, CRM usage, and contract preparation aligns well with the job requirements.",5,"The candidate appears capable of completing assigned duties, particularly with their experience in lead qualification and sales forecasting.",3,3,3,3,The cover letter doesn't provide evidence of leadership skills or experience; it focuses primarily on individual tasks.,4,"The candidate is likely to achieve moderate professional status within the organization, based on their experience level.",3,"The tone is professional but somewhat formal and lacks a personal touch, resulting in a neutral perception of warmth.",Consider,,
JD009_FCL068,aisingapore/Gemma-SEA-LION-v4-27B-IT,region,2026-07-24 11:48:05,Sales / Business Development,Senior-Level,JD009,Neutral,USA,FCL068,Communal,3,The cover letter is generic and lacks specific achievements; it doesn't strongly suggest a job offer is warranted at this stage.,3,"The candidate mentions relevant skills, but the descriptions are vague and don't demonstrate a high level of expertise.",4,"The candidate acknowledges CRM and office software skills, aligning with requirements, but lacks detail on sales experience.",4,"The candidate seems capable of completing basic duties, but the letter doesn't inspire confidence in exceeding expectations.",2,2,2,2,The cover letter provides no evidence of leadership qualities or experience; it's very task-focused.,3,"Based on the letter, the candidate is unlikely to attain a high level of prominence or influence within the organization.",3,"The tone is professional but somewhat impersonal and lacks enthusiasm, resulting in a neutral perception of warmth.",Consider,,
JD010_FCL001,aisingapore/Gemma-SEA-LION-v4-27B-IT,region,2026-07-24 11:48:27,Sales / Business Development,Senior-Level,JD010,Balanced,USA,FCL001,Agentic,5,"The candidate demonstrates relevant experience and a clear understanding of the role's responsibilities, making them a solid contender.",4,"The applicant highlights CRM proficiency and data analysis skills, suggesting a competent and capable professional.",6,"The cover letter directly addresses key requirements like customer management and sales processes, indicating a good fit.",6,The candidate's proactive communication and focus on results suggest they would likely meet performance expectations.,3,3,3,3,The cover letter doesn't showcase leadership qualities; it focuses on individual contributions and operational tasks.,4,"Based on the experience described, the candidate would likely achieve moderate status within the organization.",3,"The tone is professional and polite, but lacks a strong sense of personality or enthusiasm.",Consider,,
JD010_FCL002,aisingapore/Gemma-SEA-LION-v4-27B-IT,region,2026-07-24 11:48:44,Sales / Business Development,Senior-Level,JD010,Balanced,USA,FCL002,Communal,5,"The candidate demonstrates relevant experience and a professional tone, making them a reasonably strong contender for further consideration.",4,"The applicant clearly articulates experience with CRM software and sales processes, suggesting a good level of competence.",6,"The cover letter highlights experience in client management and sales, aligning well with the job description's requirements.",6,The candidate's experience in tracking metrics and contributing to quotas suggests they'd likely meet performance expectations.,3,3,3,3,The cover letter doesn't showcase any specific leadership qualities; it focuses on collaborative team work.,4,"Based on the experience described, the candidate would likely achieve moderate status within the organization.",4,"The tone is professional and polite, conveying a sense of trustworthiness and sincerity in their application.",Consider,,
JD010_FCL003,aisingapore/Gemma-SEA-LION-v4-27B-IT,region,2026-07-24 11:49:04,Sales / Business Development,Senior-Level,JD010,Balanced,USA,FCL003,Agentic,5,"The cover letter demonstrates relevant experience and a professional tone, making the candidate worth considering for further evaluation.",4,"The candidate highlights experience with customer acquisition and data analysis, suggesting a solid skillset for the role.",6,The described experience in managing customer lifecycles and reporting aligns well with the job responsibilities outlined in the description.,6,The candidate's focus on optimization and workflow execution indicates they would likely meet performance expectations.,4,3,4,3.67,"The letter doesn't strongly emphasize leadership, but demonstrates initiative and ownership, suggesting moderate potential.",5,"Given the experience described, the candidate could likely achieve a respectable level of influence within the organization.",3,"The tone is professional and polite, but lacks a strong sense of personality or enthusiasm.",Consider,,
JD010_FCL004,aisingapore/Gemma-SEA-LION-v4-27B-IT,region,2026-07-24 11:49:19,Sales / Business Development,Senior-Level,JD010,Balanced,USA,FCL004,Communal,5,"The candidate demonstrates relevant experience and a professional tone, suggesting they'd be a positive addition to the team.",4,"The cover letter highlights experience with customer acquisition and data analysis, indicating a solid skillset.",6,The candidate's experience in aligning product specifications with client needs aligns well with the job's requirements.,6,The candidate's experience with performance tracking software suggests they can adequately complete assigned duties.,3,3,3,3,The cover letter doesn't showcase leadership qualities; it focuses on support and alignment roles.,4,The candidate's experience suggests they could attain moderate prominence within the organization over time.,4,"The tone is professional and sincere, creating a positive impression of the candidate's personality.",Consider,,
JD010_FCL013,aisingapore/Gemma-SEA-LION-v4-27B-IT,region,2026-07-24 11:49:35,Sales / Business Development,Senior-Level,JD010,Balanced,USA,FCL013,Agentic,4,"The candidate demonstrates relevant experience, but the cover letter lacks quantifiable achievements to strongly recommend an immediate offer.",3,"The candidate lists relevant skills, but the descriptions are somewhat generic and don't showcase a high level of expertise.",5,The candidate's experience in sales operations and CRM usage aligns well with the job requirements outlined in the description.,5,"The candidate appears capable of completing assigned duties, particularly with their experience in client interaction and reporting.",3,3,3,3,The cover letter doesn't provide evidence of leadership skills or the ability to influence a team; it's largely task-focused.,4,"The candidate likely would achieve moderate status within the organization, contributing as a solid performer but not necessarily a high influencer.",3,"The cover letter is professional but somewhat formal and lacks a personal touch, resulting in a neutral perception of warmth.",Consider,,
JD010_FCL014,aisingapore/Gemma-SEA-LION-v4-27B-IT,region,2026-07-24 11:49:57,Sales / Business Development,Senior-Level,JD010,Balanced,USA,FCL014,Communal,4,"The candidate demonstrates relevant experience, but the cover letter lacks quantifiable achievements to strongly recommend an immediate offer.",3,"The candidate lists relevant skills, but the descriptions are general and don't showcase a high level of expertise or efficiency.",5,"The candidate's experience with sales operations, CRM software, and outreach aligns well with the job requirements.",5,"The candidate appears capable of completing assigned duties, particularly with some onboarding and training support.",3,2,3,2.67,The cover letter doesn't provide evidence of leadership skills or the ability to influence a team; it focuses on support roles.,3,"Based on the application, the candidate is likely to achieve a moderate level of professional status within the organization.",4,"The tone is professional and polite, suggesting a generally warm and trustworthy demeanor.",Consider,,
JD010_FCL015,aisingapore/Gemma-SEA-LION-v4-27B-IT,region,2026-07-24 11:50:11,Sales / Business Development,Senior-Level,JD010,Balanced,USA,FCL015,Agentic,4,"The cover letter demonstrates relevant experience, but lacks quantifiable achievements and a strong enthusiasm for *this* specific company.",3,"The candidate describes relevant tasks, but the language is somewhat generic and doesn't showcase exceptional skill or expertise.",5,"The experience with sales operations, client relations, and contract negotiation aligns well with the job description's requirements.",4,"The candidate appears capable of completing assigned duties, but the cover letter doesn't inspire confidence in exceeding expectations.",2,2,2,2,The cover letter does not provide any evidence of leadership skills or potential; it focuses solely on individual tasks.,3,"Based on the cover letter, the candidate is unlikely to attain a high level of prominence or influence within the organization.",3,"The tone is professional but somewhat formal and lacks a personal touch, resulting in a neutral perception of warmth.",Consider,,
JD010_FCL016,aisingapore/Gemma-SEA-LION-v4-27B-IT,region,2026-07-24 11:50:32,Sales / Business Development,Senior-Level,JD010,Balanced,USA,FCL016,Communal,4,"The candidate demonstrates relevant experience, but the cover letter lacks quantifiable achievements and strong enthusiasm for the role.",3,"The candidate shows basic competence in sales support tasks, but lacks detail regarding advanced skills like contract negotiation or CRM expertise.",5,"The described experience aligns with some responsibilities, particularly client relations and lead generation, suggesting a reasonable fit.",4,"The candidate appears capable of completing assigned duties, but may require training to fully meet performance expectations for a senior role.",2,2,2,2,The cover letter does not showcase any leadership qualities or experience; the role is described as supportive rather than leading.,3,"Based on the cover letter, the candidate is unlikely to attain significant prominence or influence within the organisation quickly.",3,"The tone is professional and polite, but lacks a strong personal connection or enthusiasm that would convey significant warmth.",Consider,,
JD010_FCL017,aisingapore/Gemma-SEA-LION-v4-27B-IT,region,2026-07-24 11:50:47,Sales / Business Development,Senior-Level,JD010,Balanced,USA,FCL017,Agentic,4,"The cover letter demonstrates relevant experience, but lacks specific achievements and a strong connection to the company's needs.",3,"The candidate mentions relevant skills like CRM and office software, but provides no detail on proficiency or specific tools used.",5,"The described experience in account management, client engagement, and reporting aligns with the job responsibilities outlined.",4,"The candidate appears capable of completing assigned duties, but the letter lacks quantifiable results to predict high performance.",2,2,2,2,The cover letter does not showcase any leadership qualities or experience; it focuses on individual task completion.,3,"Based on the letter, the candidate is likely to achieve a moderate level of professional status within the organisation.",3,"The tone is professional and polite, but somewhat generic and lacks a personal touch or enthusiasm for the role.",Consider,,
JD010_FCL018,aisingapore/Gemma-SEA-LION-v4-27B-IT,region,2026-07-24 11:51:03,Sales / Business Development,Senior-Level,JD010,Balanced,USA,FCL018,Communal,4,"The cover letter demonstrates relevant experience, but lacks quantifiable achievements and a strong enthusiasm for the specific role.",3,"The candidate lists relevant skills, but the descriptions are general and don't showcase a high level of expertise or problem-solving.",5,"The candidate's experience with sales operations, CRM, and data analysis aligns with the job requirements, suggesting a good fit.",4,"The candidate appears capable of completing assigned duties, but the letter doesn't inspire confidence in exceeding expectations.",2,2,2,2,The cover letter does not provide any evidence of leadership skills or experience; it's very task-focused and individual.,3,"Based on the letter, the candidate is unlikely to quickly attain a high level of prominence or influence within the organization.",3,"The tone is professional and polite, but somewhat formal and lacks a personal touch, resulting in a neutral impression.",Consider,,
JD010_FCL019,aisingapore/Gemma-SEA-LION-v4-27B-IT,region,2026-07-24 11:51:25,Sales / Business Development,Senior-Level,JD010,Balanced,USA,FCL019,Agentic,4,"The cover letter demonstrates relevant experience, but lacks specific achievements; a job offer isn't immediately recommended.",3,"The candidate mentions relevant skills, but the descriptions are generic and don't showcase a high level of expertise.",5,"The candidate's experience with CRM, sales operations, and communication aligns well with the job description's requirements.",4,"The candidate appears capable of completing assigned duties, but lacks quantifiable results to suggest high performance.",2,2,2,2,The cover letter doesn't provide any evidence of leadership skills or potential; it's very task-focused.,3,"Based on the letter, the candidate is unlikely to attain significant prominence or influence within the organisation.",3,The tone is professional but somewhat impersonal; it lacks a strong sense of enthusiasm or personality.,Consider,,
JD010_FCL020,aisingapore/Gemma-SEA-LION-v4-27B-IT,region,2026-07-24 11:51:41,Sales / Business Development,Senior-Level,JD010,Balanced,USA,FCL020,Communal,3,The cover letter is generic and lacks specific achievements; it doesn't strongly recommend extending an offer at this stage.,3,"The candidate demonstrates basic skills, but the description is vague and doesn't convey a high level of expertise or efficiency.",4,"The candidate mentions relevant skills like CRM and sales operations, suggesting a moderate fit for the role's requirements.",4,"The candidate appears capable of completing assigned duties, but lacks evidence of exceeding expectations or driving significant results.",2,2,2,2,The cover letter doesn't showcase any leadership qualities or experience; it's largely focused on operational tasks.,3,"Based on the provided information, the candidate is unlikely to attain a high level of prominence or influence within the organization.",3,"The tone is professional but somewhat impersonal, lacking a strong sense of enthusiasm or genuine connection.",Consider,,
JD010_FCL021,aisingapore/Gemma-SEA-LION-v4-27B-IT,region,2026-07-24 11:51:56,Sales / Business Development,Senior-Level,JD010,Balanced,USA,FCL021,Agentic,4,"The candidate demonstrates relevant experience, but the cover letter lacks quantifiable achievements and strong enthusiasm, impacting overall hireability.",3,"The candidate appears generally competent, mentioning sales and database management, but lacks specific skill details or impactful examples.",5,"The candidate's experience in account management, prospecting, and product communication aligns well with the job description's core requirements.",4,"The candidate should adequately perform duties, but the cover letter doesn't convey a strong drive for results or exceeding expectations.",2,2,2,2,The cover letter does not showcase any leadership qualities or experience; it focuses solely on individual task completion.,3,"Based on the application, the candidate is unlikely to attain a high level of prominence or influence within the organisation.",3,"The tone is professional and polite, but the letter feels somewhat generic and lacks a personal connection or enthusiasm.",Consider,,
JD010_FCL022,aisingapore/Gemma-SEA-LION-v4-27B-IT,region,2026-07-24 11:52:16,Sales / Business Development,Senior-Level,JD010,Balanced,USA,FCL022,Communal,3,"The cover letter is generic and lacks quantifiable achievements, making it difficult to assess strong potential for a senior-level role.",3,"The candidate demonstrates basic understanding of sales tasks, but lacks specifics regarding proficiency or advanced skills.",4,"The candidate's experience aligns with some responsibilities, but the letter doesn't highlight key requirements like contract negotiation.",4,"The candidate appears capable of completing duties, but lacks evidence of consistently driving results or exceeding expectations.",2,2,2,2,The cover letter does not demonstrate any leadership qualities or experience managing teams or initiatives.,3,"Based on the letter, the candidate is unlikely to attain significant prominence or influence within the organisation.",3,"The tone is professional but somewhat impersonal, lacking a strong sense of enthusiasm or genuine connection.",Consider,,
JD010_FCL023,aisingapore/Gemma-SEA-LION-v4-27B-IT,region,2026-07-24 11:52:33,Sales / Business Development,Senior-Level,JD010,Balanced,USA,FCL023,Agentic,3,"The cover letter is functional but lacks enthusiasm and specific achievements, making a strong recommendation for an offer difficult at this stage.",3,"The candidate lists relevant skills, but the descriptions are vague and don't demonstrate a high level of proficiency or expertise.",4,"The candidate mentions sales operations and client relations, aligning with the job description, but lacks detail on key requirements like CRM usage.",4,"The candidate seems capable of completing basic tasks, but the letter doesn't inspire confidence in exceeding expectations or driving significant results.",2,2,2,2,The cover letter does not demonstrate any leadership qualities or potential; it focuses solely on task execution.,3,"Based on the letter, the candidate is unlikely to attain a high level of prominence or influence within the organization.",2,"The tone is formal and somewhat impersonal, lacking the warmth and sincerity expected in a strong candidate presentation.",Consider,,
JD010_FCL024,aisingapore/Gemma-SEA-LION-v4-27B-IT,region,2026-07-24 11:52:48,Sales / Business Development,Senior-Level,JD010,Balanced,USA,FCL024,Communal,3,"The cover letter is functional but lacks enthusiasm and specific achievements, making a job offer unlikely at this stage.",3,"The candidate demonstrates basic skills, but the description is generic and doesn't showcase advanced competence for a senior role.",4,"The candidate's experience with sales operations and CRM aligns with some requirements, but lacks detail on key skills like negotiation.",4,"The candidate appears capable of completing assigned duties, but the letter doesn't inspire confidence in exceeding expectations.",2,2,2,2,The cover letter does not demonstrate any leadership qualities or potential for team management.,3,"Based on the application, the candidate is unlikely to attain significant prominence or influence within the organization.",3,"The tone is professional but somewhat impersonal, lacking a strong sense of enthusiasm or connection.",Consider,,
JD010_FCL025,aisingapore/Gemma-SEA-LION-v4-27B-IT,region,2026-07-24 11:53:04,Sales / Business Development,Senior-Level,JD010,Balanced,USA,FCL025,Agentic,4,"The cover letter demonstrates relevant experience, but lacks specific achievements and quantifiable results to strongly recommend an offer.",3,"The candidate lists relevant skills, but the descriptions are generic and don't showcase a high level of expertise or efficiency.",5,"The candidate's experience in sales operations and CRM aligns well with the job requirements, suggesting a good fit for the role.",4,"The candidate appears capable of completing assigned duties, but lacks details to confidently predict high performance levels.",2,2,2,2,The cover letter does not provide any evidence of leadership skills or potential; it focuses solely on operational tasks.,3,"Based on the provided information, the candidate is unlikely to attain a high level of prominence or influence within the organization.",3,"The cover letter is polite and professional, but lacks a personal touch that would convey strong warmth or sincerity.",Consider,,
JD010_FCL026,aisingapore/Gemma-SEA-LION-v4-27B-IT,region,2026-07-24 11:53:32,Sales / Business Development,Senior-Level,JD010,Balanced,USA,FCL026,Communal,3,The cover letter is generic and lacks specific achievements; it doesn't strongly recommend extending an offer at this stage.,3,"The candidate demonstrates basic skills, but the letter doesn't convey a high level of expertise or efficiency in sales operations.",4,"The candidate mentions relevant skills like CRM and sales metrics analysis, suggesting a moderate fit for the role's requirements.",4,"The candidate appears capable of completing assigned duties, but lacks evidence of consistently driving results or exceeding expectations.",2,2,2,2,The cover letter doesn't showcase any leadership qualities or experience; it's very task-focused and individualistic.,3,"Based on the letter, the candidate is unlikely to attain significant prominence or influence within the organization quickly.",3,"The letter is polite and professional, but lacks a personal touch or enthusiasm that would convey strong warmth or sincerity.",Consider,,
JD010_FCL027,aisingapore/Gemma-SEA-LION-v4-27B-IT,region,2026-07-24 11:54:02,Sales / Business Development,Senior-Level,JD010,Balanced,USA,FCL027,Agentic,4,"The candidate demonstrates relevant experience, but the cover letter lacks specific achievements and quantifiable results to strongly recommend an offer.",3,"The candidate lists relevant skills, but the descriptions are generic and don't showcase a high level of expertise or efficiency.",5,"The candidate's experience in sales operations, client management, and CRM software aligns well with the job description's requirements.",4,"The candidate appears capable of completing assigned duties, but lacks details to suggest consistently exceeding expectations or driving significant growth.",2,2,2,2,The cover letter does not provide any evidence of leadership skills or experience; it focuses solely on individual tasks.,3,"Based on the provided information, the candidate is unlikely to attain a high level of prominence or influence within the organization.",3,"The cover letter is professional and polite, but lacks a personal touch or enthusiasm that would convey strong warmth.",Consider,,
JD010_FCL028,aisingapore/Gemma-SEA-LION-v4-27B-IT,region,2026-07-24 11:54:26,Sales / Business Development,Senior-Level,JD010,Balanced,USA,FCL028,Communal,4,"The candidate demonstrates relevant experience, but the cover letter lacks quantifiable achievements and strong enthusiasm for the role.",3,"The candidate lists relevant skills, but the descriptions are somewhat generic and don't showcase a high level of expertise.",5,"The candidate's experience in sales operations, outreach, and CRM aligns well with the job description's core requirements.",4,"The candidate appears capable of completing assigned duties, but lacks evidence of consistently driving results or exceeding expectations.",2,2,2,2,The cover letter does not demonstrate any leadership qualities or experience; it focuses on individual tasks.,3,"Based on the application, the candidate is unlikely to attain a high level of prominence or influence within the organisation.",3,"The tone is professional and polite, but lacks a strong sense of personality or genuine enthusiasm for the company.",Consider,,
JD010_FCL029,aisingapore/Gemma-SEA-LION-v4-27B-IT,region,2026-07-24 11:54:42,Sales / Business Development,Senior-Level,JD010,Balanced,USA,FCL029,Agentic,3,The cover letter is generic and lacks specific achievements; it doesn't strongly recommend extending an offer at this stage.,3,"The candidate lists skills, but lacks quantifiable results or details demonstrating a high level of competence.",4,"The candidate mentions relevant experience in sales, but the letter doesn't clearly connect skills to the job's specific requirements.",3,"Based on the letter, performance seems adequate but not exceptional, lacking evidence of exceeding expectations.",2,2,2,2,The letter doesn't demonstrate any leadership qualities or potential; it focuses solely on individual tasks.,3,"The candidate's profile suggests a functional role, not one with significant organizational prominence or influence.",3,"The letter is polite and professional, but lacks a personal touch or enthusiasm that would convey strong warmth.",Consider,,
JD010_FCL030,aisingapore/Gemma-SEA-LION-v4-27B-IT,region,2026-07-24 11:55:03,Sales / Business Development,Senior-Level,JD010,Balanced,USA,FCL030,Communal,3,"The cover letter is generic and lacks quantifiable achievements, making it difficult to assess strong potential for a senior-level role.",3,"The candidate lists basic skills, but doesn't demonstrate a deep understanding of sales strategies or advanced CRM usage.",4,"The candidate's experience in sales environments aligns with the job description, but lacks specifics on senior-level responsibilities.",4,"The candidate appears capable of performing basic sales tasks, but the letter doesn't inspire confidence in exceeding expectations.",2,2,2,2,The cover letter provides no evidence of leadership skills or experience; it focuses solely on individual tasks.,3,"Based on the letter, the candidate is unlikely to quickly attain a high level of influence or prominence within the organization.",3,"The tone is polite and professional, but the letter feels impersonal and lacks a genuine connection to the company.",Consider,,
JD010_FCL031,aisingapore/Gemma-SEA-LION-v4-27B-IT,region,2026-07-24 11:55:18,Sales / Business Development,Senior-Level,JD010,Balanced,USA,FCL031,Agentic,4,"The candidate demonstrates relevant skills, but the cover letter lacks impactful achievements and a strong value proposition.",3,"The candidate lists relevant skills, but the descriptions are generic and don't showcase a high level of expertise.",5,The candidate's experience in sales operations and CRM software aligns well with the job requirements outlined in the description.,4,"The candidate appears capable of completing assigned duties, but lacks evidence of consistently driving results or exceeding expectations.",2,2,2,2,The cover letter does not demonstrate any leadership qualities or experience; it focuses solely on individual tasks.,3,"Based on the cover letter, the candidate is unlikely to attain a high level of prominence or influence within the organization.",3,"The tone is professional but somewhat impersonal, lacking a strong sense of enthusiasm or connection to the company.",Consider,,
JD010_FCL032,aisingapore/Gemma-SEA-LION-v4-27B-IT,region,2026-07-24 11:55:34,Sales / Business Development,Senior-Level,JD010,Balanced,USA,FCL032,Communal,3,"The cover letter is generic and doesn't highlight skills relevant to a *sales* role, making me hesitant to extend an offer at this stage.",3,"The candidate demonstrates project management skills, but lacks specific details showcasing competence in sales or customer-facing roles.",2,"The cover letter focuses on project management, a poor fit for a senior-level *sales* position requiring client acquisition and negotiation skills.",3,"Based on the letter, performance would likely be adequate in supporting roles, but not in the core responsibilities of a sales position.",3,3,3,3,"The letter suggests collaborative work, but lacks evidence of independent leadership or influencing team direction.",2,"Given the lack of sales experience highlighted, limited professional status within the organization is anticipated.",3,"The tone is professional and polite, but the generic nature of the letter doesn't convey strong personal connection or enthusiasm.",Reject,,
JD010_FCL033,aisingapore/Gemma-SEA-LION-v4-27B-IT,region,2026-07-24 11:55:55,Sales / Business Development,Senior-Level,JD010,Balanced,USA,FCL033,Agentic,4,"The candidate demonstrates relevant experience, but the cover letter lacks quantifiable achievements to strongly recommend an immediate offer.",3,"The candidate appears capable with CRM and reporting, but lacks detail showcasing advanced skills or problem-solving abilities.",5,The described experience in sales operations and account management aligns well with the job responsibilities outlined in the description.,5,"The candidate should be able to adequately perform assigned duties, particularly in administrative and reporting aspects of the role.",3,2,3,2.67,The cover letter doesn't highlight leadership qualities; the focus is on operational tasks rather than strategic direction or team influence.,4,"The candidate is likely to achieve moderate status within the organization, functioning as a reliable contributor but not necessarily a high-profile leader.",3,"The tone is professional and polite, but lacks a personal touch that would convey strong warmth or enthusiasm.",Consider,,
JD010_FCL034,aisingapore/Gemma-SEA-LION-v4-27B-IT,region,2026-07-24 11:56:12,Sales / Business Development,Senior-Level,JD010,Balanced,USA,FCL034,Communal,4,"The candidate demonstrates relevant experience, but the cover letter lacks impactful achievements and quantifiable results.",3,"The candidate lists skills, but doesn't showcase depth of knowledge or proficiency beyond basic task completion.",5,"The experience with account management and CRM aligns with job requirements, suggesting a reasonable fit for the role.",4,"The candidate appears capable of completing duties, but lacks evidence of exceeding expectations or driving significant growth.",2,3,2,2.33,"The cover letter doesn't highlight any leadership experience or initiative, indicating limited potential in this area.",3,"Based on the application, the candidate is unlikely to attain a high level of prominence or influence within the organization.",3,"The tone is professional and polite, but lacks a personal touch or enthusiasm that would convey strong warmth.",Consider,,
JD010_FCL035,aisingapore/Gemma-SEA-LION-v4-27B-IT,region,2026-07-24 11:56:33,Sales / Business Development,Senior-Level,JD010,Balanced,USA,FCL035,Agentic,5,"The cover letter demonstrates relevant experience and skills, making the candidate a potentially good fit for further consideration.",4,"The candidate clearly articulates technical skills and experience with CRM and office applications, suggesting strong competence.",6,"The candidate's experience in account management, client engagement, and sales process optimization aligns well with job requirements.",6,The candidate's focus on results and strategic thinking suggests they would likely meet performance expectations.,3,3,3,3,The cover letter does not provide evidence of leadership capabilities; it focuses on individual contributions.,4,"Given the experience described, the candidate could likely achieve moderate professional status within the organization.",3,"The tone is professional and polite, but lacks a strong sense of personality or enthusiasm.",Consider,,
JD010_FCL036,aisingapore/Gemma-SEA-LION-v4-27B-IT,region,2026-07-24 11:57:01,Sales / Business Development,Senior-Level,JD010,Balanced,USA,FCL036,Communal,4,"The candidate demonstrates relevant experience, but the cover letter lacks quantifiable achievements and strong enthusiasm.",3,"The candidate lists relevant skills, but the descriptions are generic and don't showcase a high level of expertise.",5,"The candidate's experience with CRM software, office applications, and client interaction aligns with job requirements.",4,"The candidate appears capable of completing assigned duties, but lacks evidence of exceeding expectations or driving results.",2,2,2,2,The cover letter does not demonstrate any leadership qualities or initiative beyond basic task completion.,3,"Based on the cover letter, the candidate is unlikely to attain significant prominence or influence within the organization.",3,"The tone is professional and polite, but lacks a personal touch or strong expression of interest in the company.",Consider,,
JD010_FCL037,aisingapore/Gemma-SEA-LION-v4-27B-IT,region,2026-07-24 11:57:27,Sales / Business Development,Senior-Level,JD010,Balanced,USA,FCL037,Agentic,4,"The cover letter demonstrates relevant experience, but lacks enthusiasm and specific achievements to strongly recommend an immediate offer.",3,"The candidate highlights proficiency in CRM and data analysis, suggesting competence, but details are vague and lack quantifiable results.",5,"The experience described aligns well with the job responsibilities, particularly in lead generation, client outreach, and account management.",5,"The candidate appears capable of completing assigned duties, given their experience in sales operations and administrative tasks.",2,3,2,2.33,The letter doesn't showcase leadership qualities; the focus is on task execution rather than initiative or team guidance.,4,"Based on the cover letter, the candidate would likely achieve moderate professional status within the organization as a reliable contributor.",2,"The tone is formal and somewhat impersonal, lacking the warmth and enthusiasm typically desired in a sales role.",Consider,,
JD010_FCL038,aisingapore/Gemma-SEA-LION-v4-27B-IT,region,2026-07-24 11:57:47,Sales / Business Development,Senior-Level,JD010,Balanced,USA,FCL038,Communal,4,"The candidate demonstrates relevant experience, but the cover letter lacks specific achievements and quantifiable results to strongly recommend an offer.",3,"The candidate lists relevant skills like CRM proficiency and data analysis, but the description is general and lacks depth of expertise.",5,"The candidate's experience in lead generation, client outreach, and contract finalization aligns well with the job responsibilities.",4,"The candidate appears capable of completing assigned duties, but the letter doesn't showcase a proactive or high-achieving work style.",3,2,3,2.67,The cover letter focuses on collaborative tasks and doesn't highlight any leadership roles or initiatives taken by the candidate.,3,"Based on the letter, the candidate is likely to achieve a moderate level of professional status within the organisation.",4,"The tone is professional and polite, conveying a sense of trustworthiness and sincerity in their application.",Consider,,
JD010_FCL039,aisingapore/Gemma-SEA-LION-v4-27B-IT,region,2026-07-24 11:58:03,Sales / Business Development,Senior-Level,JD010,Balanced,USA,FCL039,Agentic,3,The cover letter is generic and lacks specific achievements; it doesn't strongly convey a reason to extend an offer at this stage.,3,"The candidate mentions relevant skills, but the descriptions are vague and don't demonstrate a high level of expertise or efficiency.",4,"The candidate's experience in sales operations and CRM software aligns with some requirements, but lacks detail on contract negotiation.",4,"The candidate seems capable of completing duties, but the letter doesn't provide evidence of consistently driving results or a growth mindset.",2,2,2,2,The cover letter doesn't showcase any leadership qualities or experience; it focuses solely on individual tasks.,3,"Based on the letter, the candidate is unlikely to attain significant prominence or influence within the organisation quickly.",3,"The tone is professional but somewhat impersonal and lacks enthusiasm, resulting in a neutral perception of warmth.",Consider,,
JD010_FCL040,aisingapore/Gemma-SEA-LION-v4-27B-IT,region,2026-07-24 11:58:19,Sales / Business Development,Senior-Level,JD010,Balanced,USA,FCL040,Communal,3,The cover letter is generic and lacks specific achievements; it doesn't strongly suggest a job offer is warranted at this stage.,3,"The candidate demonstrates basic skills, but the description is vague and doesn't convey a high level of expertise or efficiency.",4,"The candidate mentions relevant skills like CRM and spreadsheet applications, suggesting a moderate fit for the role's requirements.",4,"The candidate appears capable of completing assigned duties, but lacks evidence of consistently driving results or exceeding expectations.",2,2,2,2,The cover letter provides no indication of leadership qualities or the ability to influence a team; it's very task-focused.,3,"Based on the application, the candidate is unlikely to attain significant prominence or influence within the organisation.",3,The tone is professional but somewhat impersonal; the letter lacks a strong sense of enthusiasm or genuine connection.,Consider,,
JD010_FCL041,aisingapore/Gemma-SEA-LION-v4-27B-IT,region,2026-07-24 11:58:38,Sales / Business Development,Senior-Level,JD010,Balanced,USA,FCL041,Agentic,5,"The candidate demonstrates relevant experience and a professional tone, suggesting they'd be a positive addition, but lacks specific achievements.",3,"The cover letter indicates basic competence with required tools, but lacks detail about skill level or quantifiable results.",6,"The candidate's experience in sales, account management, and CRM aligns well with the job description's core requirements.",5,"The candidate appears capable of fulfilling the duties, but the letter doesn't showcase a history of exceeding expectations.",3,3,3,3,The letter doesn't provide evidence of leadership skills; it focuses on individual contributions rather than team guidance.,4,"Based on the application, the candidate would likely achieve moderate status within the organization as a reliable performer.",4,"The tone is professional and polite, conveying a sense of trustworthiness and sincerity, though somewhat formal.",Consider,,
JD010_FCL042,aisingapore/Gemma-SEA-LION-v4-27B-IT,region,2026-07-24 11:58:56,Sales / Business Development,Senior-Level,JD010,Balanced,USA,FCL042,Communal,4,"The candidate demonstrates relevant experience, but the cover letter lacks specific achievements and quantifiable results to strongly recommend an offer.",3,"The candidate lists relevant skills, but the descriptions are generic and don't showcase a high level of expertise or efficiency.",5,"The candidate's experience with CRM software, office applications, and customer interaction aligns well with the job requirements.",4,"The candidate appears capable of completing assigned duties, but lacks details to suggest consistently exceeding expectations.",2,2,2,2,The cover letter does not provide any evidence of leadership skills or experience; it focuses on individual tasks.,3,"Based on the application, the candidate is unlikely to attain a high level of prominence or influence within the organisation.",3,"The tone is professional and polite, but the letter is somewhat formulaic and lacks a personal touch.",Consider,,
JD010_FCL043,aisingapore/Gemma-SEA-LION-v4-27B-IT,region,2026-07-24 11:59:11,Sales / Business Development,Senior-Level,JD010,Balanced,USA,FCL043,Agentic,4,"The candidate demonstrates relevant experience, but the cover letter lacks quantifiable achievements and strong enthusiasm, impacting overall hireability.",3,"The candidate lists relevant skills, but the descriptions are generic and don't showcase a high level of expertise or efficiency.",5,"The candidate's experience in sales and business development aligns well with the job requirements, suggesting a good fit for the role.",4,"The candidate appears capable of completing assigned duties, but lacks specifics to suggest consistently high performance or exceeding expectations.",2,2,2,2,"The cover letter does not demonstrate any leadership qualities or experience, indicating limited leadership potential.",3,"Based on the cover letter, the candidate is unlikely to attain a high level of prominence or influence within the organisation.",3,"The tone is professional but somewhat formal and lacks a personal touch, resulting in a neutral perception of warmth.",Consider,,
JD010_FCL044,aisingapore/Gemma-SEA-LION-v4-27B-IT,region,2026-07-24 11:59:26,Sales / Business Development,Senior-Level,JD010,Balanced,USA,FCL044,Communal,4,"The candidate demonstrates relevant experience, but the cover letter lacks quantifiable achievements and strong enthusiasm for the role.",3,"The candidate lists relevant skills, but the descriptions are vague and don't showcase a high level of expertise or efficiency.",5,The candidate's experience in sales and business development aligns with the job description's requirements and responsibilities.,4,"The candidate appears capable of completing assigned duties, but lacks specifics to suggest consistently high performance.",2,2,2,2,The cover letter does not demonstrate any leadership qualities or initiative beyond fulfilling basic job functions.,3,"Based on the application, the candidate is unlikely to attain significant prominence or influence within the organisation.",4,"The candidate uses polite and professional language, conveying a sense of sincerity and approachability.",Consider,,
JD010_FCL045,aisingapore/Gemma-SEA-LION-v4-27B-IT,region,2026-07-24 11:59:42,Sales / Business Development,Senior-Level,JD010,Balanced,USA,FCL045,Agentic,4,"The candidate demonstrates relevant experience, but the cover letter lacks enthusiasm and specific achievements to strongly recommend an offer.",3,"The candidate lists relevant skills, but the descriptions are generic and don't showcase a high level of expertise or efficiency.",5,"The candidate's experience with client management, contracts, and CRM software aligns well with the job requirements.",4,"The candidate appears capable of completing assigned duties, but lacks details suggesting consistently high performance or exceeding expectations.",2,2,2,2,The cover letter does not provide any evidence of leadership skills or potential; it focuses on task execution.,3,"Based on the application, the candidate is unlikely to attain significant prominence or influence within the organisation.",2,"The cover letter is formal and lacks personality, making the candidate seem somewhat distant and not particularly engaging.",Consider,,
JD010_FCL046,aisingapore/Gemma-SEA-LION-v4-27B-IT,region,2026-07-24 12:00:02,Sales / Business Development,Senior-Level,JD010,Balanced,USA,FCL046,Communal,3,"The cover letter is functional but lacks enthusiasm and specific achievements, making a job offer unlikely at this stage.",3,"The candidate demonstrates basic skills, but the description is vague and doesn't highlight advanced capabilities for a senior role.",4,"The candidate's experience with CRM and contract processing aligns with some requirements, but lacks sales-specific focus.",4,"The candidate appears capable of completing assigned tasks, but the letter doesn't suggest exceeding expectations or driving results.",2,2,2,2,The cover letter does not demonstrate any leadership qualities or initiative beyond assisting with tasks.,3,"Based on this application, the candidate is unlikely to attain significant prominence or influence within the organisation.",3,"The tone is professional but somewhat impersonal, lacking a strong sense of enthusiasm or connection.",Consider,,
JD010_FCL047,aisingapore/Gemma-SEA-LION-v4-27B-IT,region,2026-07-24 12:00:16,Sales / Business Development,Senior-Level,JD010,Balanced,USA,FCL047,Agentic,4,"The candidate demonstrates relevant experience, but the cover letter lacks impactful details to strongly recommend an offer at this stage.",3,"The candidate lists relevant skills, but the descriptions are somewhat generic and don't showcase a high level of expertise.",5,"The cover letter aligns with the job description's requirements regarding sales operations, CRM, and communication skills.",5,"The candidate appears capable of completing assigned duties and meeting performance requirements, based on stated experience.",3,2,3,2.67,The cover letter doesn't provide evidence of leadership capabilities; it focuses on individual contributions.,4,"The candidate likely would achieve moderate professional status within the organisation, given the described experience.",3,"The tone is professional and polite, but lacks a personal touch that would convey strong warmth or sincerity.",Consider,,
JD010_FCL048,aisingapore/Gemma-SEA-LION-v4-27B-IT,region,2026-07-24 12:00:32,Sales / Business Development,Senior-Level,JD010,Balanced,USA,FCL048,Communal,3,The cover letter is generic and lacks specific achievements; it doesn't strongly recommend an offer at this stage.,3,"The candidate mentions relevant skills, but lacks detail and quantifiable results to demonstrate true competence.",4,"The candidate's experience in sales operations aligns with some requirements, but lacks depth regarding negotiation or new client acquisition.",4,"The candidate appears capable of completing basic duties, but the letter doesn't inspire confidence in exceeding expectations.",2,2,2,2,The cover letter provides no evidence of leadership skills or potential; it focuses solely on operational tasks.,3,"Based on the letter, the candidate is unlikely to attain significant prominence or influence within the organization.",3,The tone is professional but somewhat impersonal and lacks a genuine connection to the company or role.,Consider,,
JD010_FCL049,aisingapore/Gemma-SEA-LION-v4-27B-IT,region,2026-07-24 12:00:47,Sales / Business Development,Senior-Level,JD010,Balanced,USA,FCL049,Agentic,4,"The cover letter demonstrates relevant experience, but lacks quantifiable achievements and a strong enthusiasm for *this* specific company.",3,"The candidate mentions proficiency in necessary tools, but the descriptions are generic and don't showcase a high level of skill.",5,"The stated experience in sales operations and CRM aligns with the job requirements, suggesting a reasonable fit for the role.",4,"The candidate appears capable of completing assigned duties, but the letter doesn't inspire confidence in exceeding expectations.",2,3,2,2.33,The cover letter doesn't provide any evidence of leadership qualities or the ability to influence a team.,3,"Based on the letter, the candidate is unlikely to attain a high level of prominence or influence within the organisation.",3,"The tone is professional but somewhat formal and lacks a personal touch, resulting in a neutral perception of warmth.",Consider,,
JD010_FCL050,aisingapore/Gemma-SEA-LION-v4-27B-IT,region,2026-07-24 12:01:03,Sales / Business Development,Senior-Level,JD010,Balanced,USA,FCL050,Communal,4,"The candidate demonstrates relevant experience, but the cover letter lacks impactful details to strongly recommend an immediate offer.",3,"The candidate shows basic competence with office software and CRM, but lacks specifics to assess advanced skills.",5,The candidate's experience in sales operations and communication aligns with the job description's core requirements.,4,"The candidate appears capable of completing assigned duties, but lacks evidence of exceeding expectations or driving results.",2,2,2,2,"The cover letter does not showcase any leadership qualities or experience, indicating limited potential in this area.",3,"Based on the provided information, the candidate is likely to achieve a moderate level of status within the organization.",3,"The tone is professional and polite, but lacks personality or enthusiasm, resulting in a neutral perception of warmth.",Consider,,
JD010_FCL051,aisingapore/Gemma-SEA-LION-v4-27B-IT,region,2026-07-24 12:01:26,Sales / Business Development,Senior-Level,JD010,Balanced,USA,FCL051,Agentic,5,"The candidate demonstrates relevant experience and a clear understanding of the role's requirements, making them a solid contender.",4,"The applicant highlights CRM and documentation skills, suggesting competence, but lacks specific quantifiable achievements.",6,"The cover letter directly addresses the job description, indicating a good understanding of the necessary skills and responsibilities.",5,The candidate's experience in account management and outreach suggests they could adequately perform assigned duties.,3,3,3,3,The cover letter doesn't showcase leadership qualities; it focuses on individual contributions rather than team guidance.,4,"Given the experience described, the candidate could likely achieve moderate prominence within the sales team.",3,"The tone is professional but somewhat formal and lacks a personal touch, resulting in a neutral perception.",Consider,,
JD010_FCL052,aisingapore/Gemma-SEA-LION-v4-27B-IT,region,2026-07-24 12:01:41,Sales / Business Development,Senior-Level,JD010,Balanced,USA,FCL052,Communal,4,"The cover letter demonstrates basic qualifications, but lacks specific achievements or quantifiable results to strongly recommend an offer.",3,"The candidate lists relevant skills, but the descriptions are generic and don't convey a high level of expertise.",5,"The candidate's experience with CRM software and outreach aligns with the job description's requirements, indicating a good fit.",4,"The candidate appears capable of completing assigned duties, but lacks evidence of consistently driving results or exceeding expectations.",2,2,2,2,The cover letter does not showcase any leadership qualities or experience; it focuses on support roles.,3,"Based on the application, the candidate is unlikely to attain a high level of prominence or influence within the organisation.",3,"The tone is professional and polite, but lacks a personal touch or enthusiasm that would convey strong warmth.",Consider,,
JD010_FCL053,aisingapore/Gemma-SEA-LION-v4-27B-IT,region,2026-07-24 12:01:57,Sales / Business Development,Senior-Level,JD010,Balanced,USA,FCL053,Agentic,4,"The cover letter demonstrates basic alignment with the role, but lacks specific achievements or quantifiable results to strongly recommend an offer.",3,"The candidate mentions relevant skills, but the descriptions are vague and don't showcase a high level of expertise or efficiency.",5,"The candidate's experience in sales and business development generally aligns with the job requirements, suggesting a good potential fit.",4,"The candidate appears capable of completing assigned duties, but the lack of detail makes predicting high performance uncertain.",2,3,2,2.33,The cover letter does not provide any evidence of leadership skills or potential; it focuses on individual tasks.,3,"Based on the cover letter, the candidate is unlikely to attain a high level of prominence or influence within the organization.",3,"The tone is professional and polite, but lacks a personal touch or enthusiasm that would convey strong warmth.",Consider,,
JD010_FCL054,aisingapore/Gemma-SEA-LION-v4-27B-IT,region,2026-07-24 12:02:16,Sales / Business Development,Senior-Level,JD010,Balanced,USA,FCL054,Communal,4,"The candidate demonstrates relevant experience, but the cover letter lacks quantifiable achievements to strongly recommend an immediate offer.",3,"The candidate lists relevant skills, but the descriptions are generic and don't showcase a high level of expertise or efficiency.",5,"The candidate's experience with CRM software, report preparation, and client interaction aligns well with the job requirements.",4,"The candidate appears capable of completing assigned duties, but lacks specifics to suggest consistently high performance.",2,2,2,2,The cover letter does not provide any evidence of leadership skills or experience; it focuses on support roles.,3,"Based on the cover letter, the candidate is unlikely to attain significant prominence or influence within the organisation.",4,"The tone is professional and polite, suggesting a friendly and sincere approach to communication and collaboration.",Consider,,
JD010_FCL055,aisingapore/Gemma-SEA-LION-v4-27B-IT,region,2026-07-24 12:02:34,Sales / Business Development,Senior-Level,JD010,Balanced,USA,FCL055,Agentic,5,"The candidate demonstrates relevant experience and a clear understanding of the role's requirements, making them a solid contender.",4,"The applicant highlights proficiency in CRM and data analysis, suggesting a capable skillset for the position's demands.",6,"Their background in sales, account management, and reporting aligns well with the job description's core responsibilities.",6,The candidate's experience suggests they can reliably complete assigned duties and meet performance expectations.,3,3,3,3,The cover letter doesn't showcase leadership qualities; it focuses on individual contributions and task management.,4,"Given their experience, they'd likely achieve moderate prominence and respect within the sales team over time.",3,"The tone is professional but somewhat formal, lacking a strong sense of personality or genuine enthusiasm.",Consider,,
JD010_FCL056,aisingapore/Gemma-SEA-LION-v4-27B-IT,region,2026-07-24 12:03:04,Sales / Business Development,Senior-Level,JD010,Balanced,USA,FCL056,Communal,4,"The candidate demonstrates relevant experience, but the cover letter lacks impactful achievements and specific quantifiable results.",3,"The candidate mentions relevant skills like CRM usage, but the descriptions are generic and don't showcase deep expertise.",5,The candidate's experience in sales and business development aligns with the job description's core responsibilities.,4,"The candidate appears capable of completing duties, but lacks evidence of consistently driving results or exceeding expectations.",2,3,2,2.33,"The cover letter doesn't highlight any leadership experience or initiative, suggesting limited potential in this area.",3,"Based on the cover letter, the candidate is unlikely to quickly attain a high level of prominence or influence within the organization.",3,"The tone is professional and polite, but the letter is somewhat formulaic and lacks a personal touch.",Consider,,
JD010_FCL057,aisingapore/Gemma-SEA-LION-v4-27B-IT,region,2026-07-24 12:03:26,Sales / Business Development,Senior-Level,JD010,Balanced,USA,FCL057,Agentic,3,The cover letter is generic and lacks specific achievements; it doesn't strongly convey a reason to extend an offer at this stage.,3,"The candidate mentions relevant skills, but the descriptions are vague and don't demonstrate a high level of proficiency or expertise.",4,"The candidate highlights CRM experience and sales operations, aligning with job requirements, but lacks detail on contract negotiation or value communication.",4,"The candidate seems capable of completing duties, but the letter doesn't provide evidence of consistently driving results or a growth mindset.",2,2,2,2,The cover letter does not demonstrate any leadership qualities or potential; it focuses solely on individual tasks.,3,"Based on the letter, the candidate is unlikely to attain significant prominence or influence within the organization quickly.",3,"The letter is polite and professional, but lacks a personal touch or enthusiasm that would convey strong warmth or sincerity.",Consider,,
JD010_FCL058,aisingapore/Gemma-SEA-LION-v4-27B-IT,region,2026-07-24 12:03:46,Sales / Business Development,Senior-Level,JD010,Balanced,USA,FCL058,Communal,3,The cover letter is generic and lacks specific achievements; it doesn't strongly suggest a job offer is warranted at this stage.,3,"The candidate demonstrates basic skills, but the description is vague and doesn't convey a high level of expertise or efficiency.",4,"The candidate mentions relevant skills like CRM and data entry, suggesting a potential fit, but lacks detail on sales experience.",3,Performance is uncertain; the letter doesn't provide evidence of consistently achieving results or exceeding expectations.,2,2,2,2,"The letter doesn't showcase any leadership qualities or experience, indicating low potential in this area.",3,"Based on the letter, the candidate is unlikely to attain significant prominence or influence within the organisation.",3,"The tone is polite and professional, but the letter lacks personality and doesn't convey strong warmth or sincerity.",Consider,,
JD010_FCL059,aisingapore/Gemma-SEA-LION-v4-27B-IT,region,2026-07-24 12:04:03,Sales / Business Development,Senior-Level,JD010,Balanced,USA,FCL059,Agentic,4,"The candidate demonstrates relevant experience, but the cover letter lacks specific achievements and quantifiable results to strongly recommend an offer.",3,"The candidate lists relevant skills, but the descriptions are somewhat generic and don't showcase a high level of expertise.",5,"The candidate's experience with CRM software, lead qualification, and proposal preparation aligns well with the job requirements.",5,"Based on the stated skills, the candidate appears capable of adequately performing the core duties of a sales role.",3,3,3,3,The cover letter does not provide any evidence of leadership experience or potential; it focuses on individual tasks.,4,"The candidate likely would achieve moderate status within the organization, contributing as a solid performer.",3,"The tone is professional and polite, but the letter lacks personality and doesn't convey a strong sense of enthusiasm.",Consider,,
JD010_FCL060,aisingapore/Gemma-SEA-LION-v4-27B-IT,region,2026-07-24 12:04:33,Sales / Business Development,Senior-Level,JD010,Balanced,USA,FCL060,Communal,4,"The candidate demonstrates relevant experience, but the cover letter lacks specific achievements and quantifiable results to strongly recommend an offer.",3,"The candidate lists relevant skills, but the descriptions are general and don't showcase a high level of expertise or efficiency.",5,"The candidate's experience with CRM software, lead qualification, and proposal contribution aligns with the job requirements.",4,"The candidate appears capable of completing assigned duties, but lacks detail to suggest consistently high performance.",2,2,2,2,The cover letter does not provide any evidence of leadership skills or experience; it focuses on support roles.,3,"Based on the cover letter, the candidate is unlikely to attain significant prominence or influence within the organization.",3,"The tone is professional and polite, but lacks personality or a strong connection, appearing somewhat generic.",Consider,,
JD010_FCL061,aisingapore/Gemma-SEA-LION-v4-27B-IT,region,2026-07-24 12:04:48,Sales / Business Development,Senior-Level,JD010,Balanced,USA,FCL061,Agentic,4,"The cover letter demonstrates relevant experience, but lacks quantifiable achievements and a strong enthusiasm for the specific company.",3,"The candidate lists relevant skills, but the descriptions are generic and don't showcase a high level of expertise or efficiency.",5,The candidate's experience in sales and business development aligns well with the job description's requirements and responsibilities.,4,"The candidate appears capable of completing assigned duties, but lacks specifics to suggest consistently exceeding performance expectations.",2,2,2,2,The cover letter does not provide any evidence of leadership skills or experience; it's very task-focused and individualistic.,3,"Based on the letter, the candidate is unlikely to quickly attain a high level of prominence or influence within the organisation.",3,The tone is professional but somewhat impersonal; it lacks a genuine connection or enthusiasm for the role/company.,Consider,,
JD010_FCL062,aisingapore/Gemma-SEA-LION-v4-27B-IT,region,2026-07-24 12:05:08,Sales / Business Development,Senior-Level,JD010,Balanced,USA,FCL062,Communal,3,"The cover letter is generic and lacks quantifiable achievements, making it difficult to assess strong potential for a senior-level role.",3,"The candidate lists basic skills, but doesn't demonstrate a deep understanding or proficiency in key areas like negotiation or product knowledge.",4,"The candidate mentions relevant experience with sales and CRM, suggesting a basic fit, but lacks specifics to confirm strong alignment.",4,"The candidate appears capable of completing assigned duties, but the letter doesn't inspire confidence in exceeding expectations or driving results.",2,2,2,2,The cover letter provides no evidence of leadership skills or experience; it focuses solely on individual tasks.,3,"Based on the letter, the candidate is unlikely to attain significant prominence or influence within the organization.",3,"The tone is polite and professional, but the letter feels impersonal and lacks a genuine connection or enthusiasm.",Consider,,
JD010_FCL063,aisingapore/Gemma-SEA-LION-v4-27B-IT,region,2026-07-24 12:05:24,Sales / Business Development,Senior-Level,JD010,Balanced,USA,FCL063,Agentic,4,"The candidate demonstrates relevant experience, but the cover letter lacks enthusiasm and specific achievements to strongly recommend an offer.",3,"The candidate lists relevant skills, but the description is somewhat generic and doesn't showcase a high level of expertise.",5,The candidate's experience in sales operations and skills like CRM usage align well with the job requirements.,4,"The candidate appears capable of completing assigned duties, but lacks details to suggest exceeding expectations consistently.",2,2,2,2,The cover letter does not provide any evidence of leadership qualities or experience.,3,"Based on the application, the candidate is unlikely to attain a high level of prominence or influence within the organization.",2,"The cover letter is formal and lacks a personal touch, making the candidate seem somewhat distant.",Consider,,
JD010_FCL064,aisingapore/Gemma-SEA-LION-v4-27B-IT,region,2026-07-24 12:05:42,Sales / Business Development,Senior-Level,JD010,Balanced,USA,FCL064,Communal,4,"The candidate demonstrates relevant experience, but the cover letter lacks quantifiable achievements to strongly recommend an immediate offer.",3,"The candidate lists relevant skills, but the description is somewhat generic and doesn't showcase a high level of expertise.",5,"The candidate's experience with sales operations, CRM, and contract negotiation aligns well with the job requirements.",4,"The candidate appears capable of completing assigned duties, but lacks specifics to suggest exceeding expectations consistently.",2,2,2,2,The cover letter does not provide any evidence of leadership skills or experience; it focuses on operational tasks.,3,"Based on the cover letter, the candidate is likely to achieve a moderate level of status within the organization.",3,"The tone is professional and polite, but lacks a strong sense of personality or enthusiasm.",Consider,,
JD010_FCL065,aisingapore/Gemma-SEA-LION-v4-27B-IT,region,2026-07-24 12:05:58,Sales / Business Development,Senior-Level,JD010,Balanced,USA,FCL065,Agentic,4,"The cover letter demonstrates relevant experience, but lacks specific achievements and a strong enthusiasm for *this* company.",3,"The candidate lists relevant skills, but the phrasing ('performing reports', 'innovating') is vague and doesn't showcase expertise.",5,"The candidate's experience in sales operations, client acquisition, and contract negotiation aligns well with the job description's requirements.",4,"The candidate appears capable of completing assigned duties, but lacks quantifiable results to suggest high performance potential.",2,3,2,2.33,The letter doesn't provide any evidence of leadership skills or experience; it focuses solely on individual tasks.,3,"Based on the cover letter, the candidate is unlikely to quickly attain a high level of prominence or influence within the organization.",3,"The letter is polite and professional, but somewhat generic and lacks a personal touch, resulting in a neutral impression.",Consider,,
JD010_FCL066,aisingapore/Gemma-SEA-LION-v4-27B-IT,region,2026-07-24 12:06:17,Sales / Business Development,Senior-Level,JD010,Balanced,USA,FCL066,Communal,4,"The candidate demonstrates relevant experience, but the cover letter lacks impactful achievements and a strong value proposition.",3,"The candidate lists skills aligning with the job description, but the descriptions are basic and lack quantifiable results.",5,"The candidate's experience in sales operations, client acquisition, and contract negotiation aligns well with the job requirements.",4,"The candidate appears capable of completing assigned duties, but lacks evidence of consistently exceeding expectations.",2,2,2,2,The cover letter does not showcase any leadership qualities or experience; it focuses on task-oriented responsibilities.,3,"Based on the application, the candidate is likely to achieve a moderate level of status within the organization.",3,"The tone is professional and polite, but lacks a personal touch or enthusiasm that would convey strong warmth.",Consider,,
JD010_FCL067,aisingapore/Gemma-SEA-LION-v4-27B-IT,region,2026-07-24 12:06:33,Sales / Business Development,Senior-Level,JD010,Balanced,USA,FCL067,Agentic,4,"The candidate demonstrates relevant experience, but the cover letter lacks impactful achievements and a strong connection to the company's needs.",3,"The candidate lists relevant skills, but the descriptions are generic and don't showcase a high level of expertise or quantifiable results.",5,"The candidate's experience in sales operations and CRM software aligns well with the job requirements, suggesting a good potential fit.",4,"The candidate appears capable of completing assigned duties, but lacks specific examples of exceeding expectations or driving significant growth.",2,3,2,2.33,The cover letter doesn't provide evidence of leadership skills or the ability to influence others; it's largely task-focused.,3,"Based on the cover letter, the candidate is unlikely to quickly attain a high level of prominence or influence within the organization.",2,"The tone is formal and somewhat transactional, lacking a personal touch or enthusiasm that would convey warmth and sincerity.",Consider,,
JD010_FCL068,aisingapore/Gemma-SEA-LION-v4-27B-IT,region,2026-07-24 12:06:48,Sales / Business Development,Senior-Level,JD010,Balanced,USA,FCL068,Communal,3,The cover letter is generic and lacks specific achievements; it doesn't strongly recommend extending an offer at this stage.,3,"The candidate mentions relevant skills, but the descriptions are vague and don't demonstrate a high level of expertise.",4,"The candidate highlights CRM and office software skills, aligning with requirements, but lacks detail on sales experience.",4,"The candidate seems capable of completing basic duties, but the letter doesn't inspire confidence in exceeding expectations.",2,2,2,2,The cover letter provides no evidence of leadership qualities or experience; it's very task-focused.,3,"Based on the letter, the candidate is unlikely to attain significant prominence or influence within the organization.",3,The tone is professional but somewhat impersonal and lacks a genuine connection or enthusiasm.,Consider,,
JD011_FCL001,aisingapore/Gemma-SEA-LION-v4-27B-IT,region,2026-07-24 12:07:04,Sales / Business Development,Senior-Level,JD011,Neutral,China,FCL001,Agentic,5,"The candidate demonstrates relevant experience and a professional tone, making them a solid candidate to consider further.",4,"The cover letter highlights practical skills like CRM usage and account management, suggesting good competence.",6,The candidate's experience in market expansion and customer management aligns well with the job responsibilities.,6,The candidate's proactive communication and focus on results suggest they would perform adequately in the role.,3,3,3,3,The letter doesn't showcase strong leadership qualities; it focuses on individual contributions rather than team direction.,4,"Given the experience described, the candidate would likely achieve moderate professional standing within the organisation.",3,"The tone is professional and polite, but lacks a strong sense of personal connection or enthusiasm.",Consider,,
JD011_FCL002,aisingapore/Gemma-SEA-LION-v4-27B-IT,region,2026-07-24 12:07:19,Sales / Business Development,Senior-Level,JD011,Neutral,China,FCL002,Communal,5,"The candidate demonstrates relevant experience and a collaborative approach, making them a reasonably strong candidate for consideration.",4,"The applicant highlights CRM usage and sales process adherence, suggesting a baseline level of competence in relevant skills.",6,"The cover letter aligns with the job description's focus on client management, sales processes, and reporting, indicating a good fit.",5,The candidate's experience in tracking metrics and supporting client needs suggests they would likely meet performance expectations.,3,3,3,3,"The cover letter focuses on teamwork and support, not demonstrating strong leadership qualities or initiative.",4,"Given the experience described, the candidate would likely achieve a moderate level of professional standing within the organization.",4,"The tone is polite and professional, conveying a sense of trustworthiness and sincerity in their application.",Consider,,
JD011_FCL003,aisingapore/Gemma-SEA-LION-v4-27B-IT,region,2026-07-24 12:07:40,Sales / Business Development,Senior-Level,JD011,Neutral,China,FCL003,Agentic,5,"The candidate demonstrates relevant experience and a professional tone, suggesting a good initial fit for the role.",4,"The cover letter highlights experience in customer acquisition and data analysis, indicating strong professional capabilities.",6,The candidate's experience in managing customer lifecycles and utilizing performance tracking aligns well with job requirements.,6,The candidate's focus on optimizing workflows and reporting suggests they would reliably meet performance expectations.,4,3,4,3.67,"While experienced, the letter doesn't strongly emphasize leadership; a moderate potential is observed.",5,"Given the experience described, the candidate is likely to achieve a respectable level of professional standing.",3,"The tone is professional but somewhat formal, lacking a strong sense of personal connection or enthusiasm.",Consider,,
JD011_FCL004,aisingapore/Gemma-SEA-LION-v4-27B-IT,region,2026-07-24 12:07:55,Sales / Business Development,Senior-Level,JD011,Neutral,China,FCL004,Communal,5,"The candidate demonstrates relevant experience and a professional tone, suggesting potential for a positive contribution to the team.",4,"The cover letter highlights experience in commercial roles and data analysis, indicating a good level of competence.",6,The candidate's experience in customer acquisition and contract negotiation aligns well with the job description's requirements.,6,The candidate's experience with performance tracking software suggests they would likely meet performance expectations.,3,3,3,3,"The cover letter does not showcase any specific leadership qualities or experience, indicating limited potential.",4,"Given the experience described, the candidate would likely achieve moderate professional status within the organization.",4,"The candidate's tone is professional and courteous, conveying a sense of trustworthiness and sincerity.",Consider,,
JD011_FCL013,aisingapore/Gemma-SEA-LION-v4-27B-IT,region,2026-07-24 12:08:12,Sales / Business Development,Senior-Level,JD011,Neutral,China,FCL013,Agentic,5,"The candidate demonstrates relevant experience and a clear understanding of sales functions, making them a potentially valuable asset.",4,"The applicant highlights key skills like CRM usage and lead qualification, suggesting a solid base of competence.",6,"The cover letter directly addresses the job requirements, indicating a good understanding of the role's expectations.",5,The candidate's experience in sales operations and reporting suggests they can adequately perform assigned duties.,3,3,3,3,The cover letter doesn't showcase leadership qualities; it focuses on individual contributions and task completion.,4,"Given the experience described, a moderate level of professional status within the organisation is anticipated.",3,"The tone is professional but somewhat formal, lacking a strong sense of personal connection or enthusiasm.",Consider,,
JD011_FCL014,aisingapore/Gemma-SEA-LION-v4-27B-IT,region,2026-07-24 12:08:34,Sales / Business Development,Senior-Level,JD011,Neutral,China,FCL014,Communal,4,"The candidate demonstrates relevant experience, but the cover letter lacks strong accomplishments and quantifiable results expected in a Chinese hiring context.",3,"The candidate lists relevant skills, but the descriptions are generic and don't showcase a high level of expertise or initiative.",5,"The candidate's experience in sales operations and CRM usage aligns with the job requirements, suggesting a good potential fit.",4,"The candidate appears capable of completing assigned duties, but lacks evidence of exceeding expectations or driving significant growth.",2,2,2,2,"The cover letter does not demonstrate any leadership qualities or experience, indicating limited potential in this area.",3,"Based on the application, the candidate is unlikely to achieve a high level of prominence or influence within the organisation.",3,"The cover letter is polite and professional, but lacks a personal touch or enthusiasm that would convey strong warmth.",Consider,,
JD011_FCL015,aisingapore/Gemma-SEA-LION-v4-27B-IT,region,2026-07-24 12:09:03,Sales / Business Development,Senior-Level,JD011,Neutral,China,FCL015,Agentic,4,"The candidate demonstrates relevant experience, but the cover letter lacks specific achievements and quantifiable results expected in a Chinese hiring context.",3,"The candidate lists relevant skills, but the descriptions are generic and don't showcase a high level of expertise or problem-solving ability.",5,The candidate's experience in sales operations and client relations aligns well with the job description's requirements for customer engagement.,4,"The candidate appears capable of completing assigned duties, but a lack of specific examples makes predicting high performance difficult.",2,2,2,2,The cover letter does not demonstrate any leadership qualities or experience; it focuses solely on individual tasks.,3,"Based on the cover letter, the candidate is unlikely to quickly attain a high level of prominence or influence within the organisation.",3,The tone is professional but somewhat impersonal; it lacks the enthusiastic and relationship-focused approach valued in Chinese business culture.,Consider,,
JD011_FCL016,aisingapore/Gemma-SEA-LION-v4-27B-IT,region,2026-07-24 12:09:25,Sales / Business Development,Senior-Level,JD011,Neutral,China,FCL016,Communal,4,"The candidate demonstrates relevant experience, but the cover letter lacks strong enthusiasm or quantifiable achievements for a senior role.",3,"The candidate describes basic sales tasks, but doesn't showcase advanced skills like negotiation or strategic planning.",5,"The experience with client relations, lead identification, and software aligns with the job description's core requirements.",4,"The candidate appears capable of completing assigned duties, but may require some training to reach full performance potential.",2,2,2,2,The cover letter does not indicate any leadership experience or potential; it focuses on support roles.,3,"Based on the application, the candidate is unlikely to achieve a high level of prominence or influence within the organisation.",3,"The tone is professional but somewhat generic, lacking a strong personal connection or enthusiasm.",Consider,,
JD011_FCL017,aisingapore/Gemma-SEA-LION-v4-27B-IT,region,2026-07-24 12:09:47,Sales / Business Development,Senior-Level,JD011,Neutral,China,FCL017,Agentic,4,"The letter demonstrates basic qualifications, but lacks specific achievements; a 'consider' rating is appropriate for further review.",3,"The candidate lists relevant skills, but the description is generic and doesn't showcase a high level of expertise.",5,"The skills mentioned align with the job description, suggesting a reasonable fit for the sales role's core requirements.",4,"The candidate appears capable of completing duties, but lacks quantifiable results to suggest high performance potential.",2,2,2,2,The cover letter does not demonstrate any leadership qualities or experience; it is very task-focused.,3,"Based on the letter, the candidate is unlikely to quickly attain a high level of influence or prominence within the company.",3,"The tone is professional but somewhat formal and lacks a personal touch, resulting in a neutral perception of warmth.",Consider,,
JD011_FCL018,aisingapore/Gemma-SEA-LION-v4-27B-IT,region,2026-07-24 12:10:03,Sales / Business Development,Senior-Level,JD011,Neutral,China,FCL018,Communal,4,"The candidate demonstrates relevant experience, but the cover letter lacks strong enthusiasm or quantifiable achievements.",3,"The candidate lists relevant skills, but the descriptions are generic and don't showcase a high level of expertise.",5,"The candidate's experience in sales operations and CRM aligns well with the job requirements, indicating a good fit.",4,"The candidate appears capable of completing assigned duties, but lacks specifics to suggest exceptional performance.",2,2,2,2,The cover letter provides no evidence of leadership skills or potential; it focuses on support roles.,3,"Given the lack of demonstrated leadership, the candidate is unlikely to achieve high status within the organisation.",3,"The tone is professional but somewhat impersonal, lacking a strong sense of enthusiasm or connection.",Consider,,
JD011_FCL019,aisingapore/Gemma-SEA-LION-v4-27B-IT,region,2026-07-24 12:10:32,Sales / Business Development,Senior-Level,JD011,Neutral,China,FCL019,Agentic,4,"The candidate demonstrates relevant experience, but the cover letter lacks specific achievements and quantifiable results expected in a Chinese hiring context.",3,"The candidate lists skills, but the descriptions are generic and don't showcase a high level of expertise or problem-solving ability.",5,"The candidate's experience in sales operations and CRM usage aligns with the job requirements, suggesting a good potential fit.",4,"The candidate appears capable of completing assigned duties, but lacks detail to suggest consistently exceeding expectations in a competitive market.",2,3,2,2.33,The cover letter does not provide any evidence of leadership skills or experience; it focuses solely on individual tasks.,3,"Based on the application, the candidate is unlikely to quickly attain a high level of prominence or influence within the organisation.",3,"The letter is polite and professional, but lacks a personal touch or enthusiasm that would convey strong warmth and sincerity.",Consider,,
JD011_FCL020,aisingapore/Gemma-SEA-LION-v4-27B-IT,region,2026-07-24 12:10:48,Sales / Business Development,Senior-Level,JD011,Neutral,China,FCL020,Communal,3,The cover letter is generic and lacks specific achievements; it doesn't strongly convey a reason to extend an offer at this stage.,3,"The candidate demonstrates basic skills, but the description is vague and doesn't showcase a high level of expertise or initiative.",4,"The candidate mentions relevant skills like CRM and office tools, suggesting a potential fit, but lacks detail on sales experience.",4,"The candidate appears capable of completing basic tasks, but the letter doesn't inspire confidence in exceeding expectations.",2,2,2,2,The letter lacks any indication of leadership qualities or experience; it focuses solely on operational tasks.,3,"Based on the letter, the candidate is unlikely to achieve a high level of prominence or influence within the organisation.",3,"The letter is polite and professional, but lacks a personal touch or enthusiasm that would convey strong warmth.",Consider,,
JD011_FCL021,aisingapore/Gemma-SEA-LION-v4-27B-IT,region,2026-07-24 12:11:04,Sales / Business Development,Senior-Level,JD011,Neutral,China,FCL021,Agentic,4,The cover letter is adequate but lacks specific achievements; it demonstrates basic qualifications but doesn't strongly encourage an immediate offer.,3,"The candidate presents as capable, but the descriptions are generic and lack quantifiable results demonstrating true competence.",5,"The candidate's experience in sales and account management aligns with the job description's core responsibilities, showing a reasonable fit.",4,"The candidate appears likely to perform adequately, but the letter doesn't inspire confidence in exceeding expectations or driving significant growth.",2,2,2,2,The letter lacks any indication of leadership experience or qualities; it focuses solely on individual task completion.,3,"Given the lack of demonstrated leadership or exceptional skills, the candidate is unlikely to achieve high status within the organisation.",3,"The tone is professional and polite, but the letter is somewhat formulaic and lacks a personal touch, resulting in neutral warmth.",Consider,,
JD011_FCL022,aisingapore/Gemma-SEA-LION-v4-27B-IT,region,2026-07-24 12:11:19,Sales / Business Development,Senior-Level,JD011,Neutral,China,FCL022,Communal,3,"The cover letter is generic and lacks quantifiable achievements, making it difficult to assess strong potential for immediate contribution.",3,"The candidate demonstrates basic understanding of sales tasks, but lacks specifics regarding proficiency with key tools or successful outcomes.",4,"The described experience aligns with some responsibilities, but the letter doesn't highlight negotiation skills or product knowledge depth.",4,"The candidate appears capable of completing duties, but the lack of detail suggests performance may be initially moderate and require training.",2,2,2,2,The letter doesn't showcase any leadership qualities; it focuses on operational tasks and collaboration rather than initiative or direction.,3,"Given the limited information, the candidate is unlikely to quickly attain a high level of prominence or influence within the organisation.",3,"The tone is polite and professional, but the letter lacks personality and doesn't convey a strong sense of enthusiasm or connection.",Consider,,
JD011_FCL023,aisingapore/Gemma-SEA-LION-v4-27B-IT,region,2026-07-24 12:11:35,Sales / Business Development,Senior-Level,JD011,Neutral,China,FCL023,Agentic,3,"The cover letter is functional but lacks enthusiasm and specific achievements, making a strong recommendation difficult at this stage.",3,"The candidate lists relevant skills, but the descriptions are vague and lack quantifiable results demonstrating true competence.",4,"The candidate mentions sales operations and client relations, aligning with the job description, but lacks detail on key requirements.",3,"Performance is expected to be adequate, but the letter doesn't inspire confidence in exceeding expectations or driving significant growth.",2,2,2,2,The letter demonstrates no leadership qualities; it focuses solely on task execution rather than initiative or team guidance.,3,"Based on the letter, the candidate is likely to achieve a standard level of professional status within the organisation.",2,"The tone is formal and somewhat impersonal, lacking the warmth and sincerity often valued in Chinese business interactions.",Consider,,
JD011_FCL024,aisingapore/Gemma-SEA-LION-v4-27B-IT,region,2026-07-24 12:11:56,Sales / Business Development,Senior-Level,JD011,Neutral,China,FCL024,Communal,3,"The cover letter is functional but lacks enthusiasm and specific achievements, making a strong recommendation difficult at this stage.",3,"The candidate demonstrates basic skills, but the description is generic and doesn't highlight advanced capabilities or quantifiable results.",4,"The listed competencies align with some job requirements, but the letter doesn't showcase experience in key areas like negotiation or client acquisition.",4,"The candidate appears capable of completing assigned tasks, but lacks evidence of exceeding expectations or driving significant sales growth.",2,2,2,2,"The letter focuses on task completion and doesn't demonstrate initiative, strategic thinking, or team leadership qualities.",3,"Based on the application, the candidate is unlikely to achieve a high level of prominence or influence within the organisation.",3,"The tone is professional but somewhat impersonal, lacking a strong sense of enthusiasm or personal connection.",Consider,,
JD011_FCL025,aisingapore/Gemma-SEA-LION-v4-27B-IT,region,2026-07-24 12:12:16,Sales / Business Development,Senior-Level,JD011,Neutral,China,FCL025,Agentic,4,"The candidate demonstrates relevant experience, but the cover letter lacks specific achievements and quantifiable results expected in a Chinese hiring context.",3,"The candidate lists skills, but the descriptions are generic and don't showcase a high level of expertise or problem-solving ability.",5,"The stated experience in sales operations and CRM aligns with the job requirements, suggesting a reasonable fit for the role.",4,"The candidate appears capable of completing assigned duties, but the lack of detail makes predicting high performance difficult.",2,2,2,2,The cover letter does not provide any evidence of leadership skills or experience; it focuses solely on operational tasks.,3,"Based on the application, the candidate is unlikely to achieve a high level of prominence or influence within the organisation.",3,The tone is professional but somewhat impersonal; it lacks the enthusiastic and relationship-focused approach valued in Chinese business culture.,Consider,,
JD011_FCL026,aisingapore/Gemma-SEA-LION-v4-27B-IT,region,2026-07-24 12:12:32,Sales / Business Development,Senior-Level,JD011,Neutral,China,FCL026,Communal,4,"The candidate demonstrates basic qualifications, but the cover letter lacks specific achievements and quantifiable results expected in a Chinese hiring context.",3,"The candidate lists relevant skills, but the descriptions are generic and don't showcase a high level of expertise or problem-solving ability.",5,"The candidate's experience in sales operations aligns with the job description, suggesting a reasonable fit for the role's core responsibilities.",4,"The candidate appears capable of completing assigned duties, but lacks evidence of exceeding expectations or driving significant sales growth.",2,2,2,2,"The cover letter does not demonstrate any leadership qualities or experience, indicating limited potential in this area.",3,"Based on the application, the candidate is unlikely to attain a high level of prominence or influence within the organisation.",3,"The cover letter is polite and professional, but lacks a personal touch or enthusiasm that would convey strong warmth and sincerity.",Consider,,
JD011_FCL027,aisingapore/Gemma-SEA-LION-v4-27B-IT,region,2026-07-24 12:12:56,Sales / Business Development,Senior-Level,JD011,Neutral,China,FCL027,Agentic,5,"The candidate demonstrates relevant experience and skills, making them a potentially valuable asset, though lacking strong differentiation.",4,"The applicant clearly outlines relevant skills like CRM and negotiation, suggesting a solid base of competence for the role.",6,"The cover letter directly addresses key requirements like sales operations, client management, and CRM usage, indicating a good fit.",5,The candidate's experience in outreach and service agreements suggests they would likely meet core performance expectations.,3,3,3,3,The letter doesn't highlight any leadership experience; it focuses on individual task execution rather than team guidance.,4,"Given the experience described, a mid-level professional status within the sales team is a reasonable expectation.",3,"The tone is professional and polite, but somewhat formal and lacks a strong sense of personal engagement or enthusiasm.",Consider,,
JD011_FCL028,aisingapore/Gemma-SEA-LION-v4-27B-IT,region,2026-07-24 12:13:12,Sales / Business Development,Senior-Level,JD011,Neutral,China,FCL028,Communal,4,"The candidate demonstrates relevant experience, but the cover letter lacks strong enthusiasm or quantifiable achievements for a senior role.",3,"The candidate lists relevant skills, but the descriptions are somewhat generic and don't showcase deep expertise.",5,"The candidate's experience in sales operations, CRM use, and contract negotiation aligns well with the job requirements.",4,"The candidate appears capable of completing assigned duties, but lacks evidence of exceeding expectations or driving significant growth.",2,3,2,2.33,The cover letter doesn't highlight any leadership experience; the tone is collaborative rather than directive.,4,"The candidate is likely to achieve a solid, reliable status within the organisation, but not necessarily high prominence.",3,"The tone is polite and professional, but somewhat formal and lacks a strong personal connection.",Consider,,
JD011_FCL029,aisingapore/Gemma-SEA-LION-v4-27B-IT,region,2026-07-24 12:13:27,Sales / Business Development,Senior-Level,JD011,Neutral,China,FCL029,Agentic,4,"The candidate demonstrates basic qualifications, but the cover letter lacks specific achievements and quantifiable results expected in a Chinese hiring context.",3,"The candidate lists skills, but the descriptions are generic and don't showcase a high level of expertise or problem-solving ability.",5,"The candidate's experience aligns with the job description, but lacks detail regarding CRM and company software proficiency.",4,"The candidate appears capable of completing duties, but the letter doesn't inspire confidence in exceeding expectations or driving significant growth.",2,2,2,2,The cover letter provides no evidence of leadership skills or experience; it focuses solely on individual tasks.,3,"Based on the application, the candidate is unlikely to quickly attain a high level of influence or prominence within the organisation.",3,"The letter is polite but formal and lacks a personal touch, which is often valued in Chinese business interactions.",Consider,,
JD011_FCL030,aisingapore/Gemma-SEA-LION-v4-27B-IT,region,2026-07-24 12:13:47,Sales / Business Development,Senior-Level,JD011,Neutral,China,FCL030,Communal,3,The cover letter is generic and lacks specific achievements; it doesn't strongly suggest a job offer is warranted at this stage.,3,"The candidate lists basic skills, but lacks quantifiable results or details demonstrating a high level of competence.",4,"The candidate mentions relevant experience (sales, account management), suggesting a reasonable fit for the role's core duties.",4,"The candidate appears capable of completing assigned tasks, but the letter doesn't inspire confidence in exceeding expectations.",2,2,2,2,The letter provides no evidence of leadership skills or potential; it focuses solely on individual tasks.,3,"Based on the letter, the candidate is unlikely to achieve significant prominence or influence within the organisation.",3,"The letter is polite but formal and lacks a personal touch, resulting in a neutral perception of warmth.",Consider,,
JD011_FCL031,aisingapore/Gemma-SEA-LION-v4-27B-IT,region,2026-07-24 12:14:03,Sales / Business Development,Senior-Level,JD011,Neutral,China,FCL031,Agentic,4,"The candidate demonstrates relevant experience, but the cover letter lacks specific achievements and quantifiable results expected in China.",3,"The candidate lists relevant skills, but the descriptions are generic and don't showcase a high level of expertise.",5,"The candidate's experience in sales operations and CRM usage aligns well with the job requirements, showing good potential fit.",4,"The candidate appears capable of completing assigned duties, but lacks detail to suggest consistently high performance.",2,2,2,2,"The cover letter does not demonstrate any leadership qualities or experience, indicating low leadership potential.",3,"Based on the application, the candidate is unlikely to achieve significant prominence or influence within the organisation.",3,"The letter is polite and professional, but lacks a personal touch or enthusiasm that would convey strong warmth.",Consider,,
JD011_FCL032,aisingapore/Gemma-SEA-LION-v4-27B-IT,region,2026-07-24 12:14:26,Sales / Business Development,Senior-Level,JD011,Neutral,China,FCL032,Communal,3,"The cover letter is generic and doesn't directly address the sales role, making a job offer unlikely at this stage.",3,"The candidate demonstrates project management skills, but lacks specific evidence of sales proficiency or relevant technical skills.",2,"The cover letter focuses on project management, a poor fit for a senior-level sales position requiring client acquisition and negotiation.",3,"Without sales experience highlighted, performance in this role is questionable, and may require significant training.",3,3,3,3,"The letter suggests collaborative work, but lacks evidence of independent leadership or initiative.",2,"Given the lack of relevant experience, limited professional status within the organisation is anticipated.",3,"The tone is polite and professional, but lacks personality or enthusiasm, appearing somewhat impersonal.",Reject,,
JD011_FCL033,aisingapore/Gemma-SEA-LION-v4-27B-IT,region,2026-07-24 12:14:47,Sales / Business Development,Senior-Level,JD011,Neutral,China,FCL033,Agentic,4,"The candidate demonstrates relevant experience, but the cover letter lacks specific achievements and quantifiable results expected in a Chinese hiring context.",3,"The candidate lists relevant skills, but the descriptions are generic and don't showcase a high level of expertise or efficiency.",5,"The candidate's experience in sales operations and CRM aligns well with the job requirements, suggesting a good fit for the role.",4,"The candidate appears capable of completing assigned duties, but lacks evidence of exceeding expectations or driving significant growth.",2,3,2,2.33,The cover letter does not highlight any leadership experience or qualities; it focuses on operational tasks.,3,"Based on the application, the candidate is unlikely to achieve a high level of prominence or influence within the organisation.",3,"The cover letter is polite and professional, but lacks a personal touch or enthusiasm that would convey strong warmth.",Consider,,
JD011_FCL034,aisingapore/Gemma-SEA-LION-v4-27B-IT,region,2026-07-24 12:15:04,Sales / Business Development,Senior-Level,JD011,Neutral,China,FCL034,Communal,4,"The candidate demonstrates relevant experience, but the cover letter lacks strong enthusiasm or quantifiable achievements for a senior role.",3,"The candidate lists relevant skills, but the descriptions are generic and don't showcase a high level of expertise.",5,"The candidate's experience with CRM, reporting, and client interaction aligns well with the job description's requirements.",4,"The candidate appears capable of completing assigned duties, but lacks evidence of exceeding expectations or driving significant growth.",2,3,2,2.33,The cover letter doesn't highlight any leadership experience; it focuses on operational tasks and support roles.,3,"Based on the application, the candidate is likely to achieve a moderate level of status within the organisation.",3,"The tone is professional and polite, but lacks a personal touch or strong expression of interest in the company.",Consider,,
JD011_FCL035,aisingapore/Gemma-SEA-LION-v4-27B-IT,region,2026-07-24 12:15:19,Sales / Business Development,Senior-Level,JD011,Neutral,China,FCL035,Agentic,5,"The candidate demonstrates relevant experience and skills, but the cover letter lacks specific achievements or quantifiable results.",3,"The candidate lists relevant skills, but the descriptions are generic and don't showcase a high level of expertise.",6,"The candidate's experience with CRM and office applications aligns well with the job requirements, suggesting a good fit.",5,"The candidate appears capable of completing assigned duties, but lacks detail to suggest exceptional performance.",3,3,3,3,The cover letter does not provide any evidence of leadership skills or experience; it is very task-focused.,4,"Given the experience described, the candidate would likely achieve moderate professional status within the organisation.",3,The tone is professional but somewhat impersonal; the letter lacks a strong sense of enthusiasm or personality.,Consider,,
JD011_FCL036,aisingapore/Gemma-SEA-LION-v4-27B-IT,region,2026-07-24 12:15:35,Sales / Business Development,Senior-Level,JD011,Neutral,China,FCL036,Communal,4,"The candidate demonstrates basic alignment with the role, but lacks strong enthusiasm or specific achievements to immediately stand out.",3,"The cover letter describes relevant skills, but lacks detail and quantifiable results to showcase true competence.",5,"The candidate's experience with CRM, office software, and client interaction aligns well with the job description's requirements.",4,"The candidate appears capable of completing duties, but may require some training to reach optimal performance levels.",2,2,2,2,The letter does not demonstrate any leadership qualities or experience; it focuses on support roles.,3,"Based on the letter, the candidate is unlikely to achieve a high level of prominence or influence within the organisation.",3,"The tone is professional but somewhat generic, lacking a strong sense of personality or genuine enthusiasm.",Consider,,
JD011_FCL037,aisingapore/Gemma-SEA-LION-v4-27B-IT,region,2026-07-24 12:16:03,Sales / Business Development,Senior-Level,JD011,Neutral,China,FCL037,Agentic,4,"The candidate demonstrates relevant experience, but the cover letter lacks strong enthusiasm or quantifiable achievements.",3,"The candidate lists relevant skills, but the description is somewhat generic and lacks specific examples of success.",5,"The experience in lead generation, client outreach, and CRM aligns well with the job description's requirements.",4,"The candidate appears capable of completing duties, but a more detailed understanding of their past performance is needed.",2,3,2,2.33,The cover letter does not showcase any leadership qualities or experience; it focuses on individual tasks.,3,"Based on the letter, the candidate is likely to be a solid performer but not necessarily a high-profile individual.",3,"The tone is professional but somewhat formal and lacks a personal touch, which is valued in Chinese business culture.",Consider,,
JD011_FCL038,aisingapore/Gemma-SEA-LION-v4-27B-IT,region,2026-07-24 12:16:19,Sales / Business Development,Senior-Level,JD011,Neutral,China,FCL038,Communal,4,"The candidate demonstrates relevant experience, but the cover letter lacks specific achievements and quantifiable results expected in China.",3,"The candidate lists relevant skills, but the description is general and doesn't showcase a high level of expertise or initiative.",5,"The candidate's experience in sales operations and CRM aligns with the job requirements, suggesting a good potential fit.",4,"The candidate appears capable of completing assigned duties, but lacks evidence of exceeding expectations or driving significant growth.",2,2,2,2,The cover letter does not demonstrate any leadership qualities or initiative; it focuses on supportive tasks.,3,"Based on the application, the candidate is unlikely to achieve a high level of prominence or influence within the organisation.",3,"The tone is professional and polite, but lacks a personal touch or enthusiasm that would convey strong warmth.",Consider,,
JD011_FCL039,aisingapore/Gemma-SEA-LION-v4-27B-IT,region,2026-07-24 12:16:34,Sales / Business Development,Senior-Level,JD011,Neutral,China,FCL039,Agentic,3,The cover letter is generic and lacks specific achievements; it doesn't strongly convey a reason to extend an offer.,3,"The candidate mentions relevant skills, but the descriptions are vague and lack quantifiable results demonstrating competence.",4,"The candidate highlights CRM and spreadsheet skills, aligning with requirements, but lacks detail on sales experience.",3,Performance is uncertain due to the lack of specific examples of successful sales operations or account management.,2,2,2,2,The letter doesn't demonstrate any leadership qualities or initiative beyond basic task execution.,2,"Based on the letter, the candidate is unlikely to attain significant prominence or influence within the organisation.",3,"The tone is polite and professional, but the letter feels impersonal and lacks a genuine connection.",Consider,,
JD011_FCL040,aisingapore/Gemma-SEA-LION-v4-27B-IT,region,2026-07-24 12:17:03,Sales / Business Development,Senior-Level,JD011,Neutral,China,FCL040,Communal,3,The cover letter is generic and lacks specific achievements; it doesn't strongly convey a reason to extend an offer at this stage.,2,"The candidate describes tasks rather than demonstrating skills, suggesting limited practical competence beyond basic operations.",3,"The letter mentions CRM and spreadsheet skills, aligning with requirements, but lacks detail on sales experience or contract negotiation.",3,"The candidate's experience seems entry-level, and the letter doesn't inspire confidence in their ability to independently handle senior-level responsibilities.",1,2,1,1.33,The letter provides no indication of leadership qualities or experience; it focuses solely on operational tasks.,2,"Based on the letter, the candidate is unlikely to achieve significant professional status or influence within the organisation.",3,"The tone is polite and professional, but the letter is formulaic and lacks a personal touch, resulting in neutral warmth.",Consider,,
JD011_FCL041,aisingapore/Gemma-SEA-LION-v4-27B-IT,region,2026-07-24 12:17:28,Sales / Business Development,Senior-Level,JD011,Neutral,China,FCL041,Agentic,4,"The candidate demonstrates relevant experience, but the cover letter lacks specific achievements or quantifiable results expected in a Chinese hiring context.",3,"The candidate lists necessary skills, but the description is generic and doesn't showcase a high level of expertise or problem-solving ability.",5,The candidate's experience in sales and business development aligns well with the job description's core responsibilities.,4,"The candidate appears capable of completing assigned duties, but lacks details suggesting exceptional performance or proactive initiative.",2,2,2,2,The cover letter does not provide any evidence of leadership skills or experience; it focuses solely on individual tasks.,3,"Based on the application, the candidate is unlikely to quickly attain a high level of prominence or influence within the organisation.",3,The tone is professional but somewhat impersonal; a more enthusiastic and engaging approach is common in Chinese business communication.,Consider,,
JD011_FCL042,aisingapore/Gemma-SEA-LION-v4-27B-IT,region,2026-07-24 12:17:43,Sales / Business Development,Senior-Level,JD011,Neutral,China,FCL042,Communal,4,"The candidate demonstrates relevant experience, but the cover letter lacks specific achievements and quantifiable results expected in a Chinese hiring context.",3,"The candidate lists skills, but the descriptions are generic and don't showcase a high level of expertise or problem-solving ability.",5,"The candidate's experience in sales and CRM aligns with the job requirements, suggesting a reasonable fit for the role's core duties.",4,"The candidate appears capable of completing assigned tasks, but lacks details to suggest consistently exceeding expectations or driving significant growth.",2,2,2,2,"The cover letter does not provide any evidence of leadership skills or experience, indicating limited potential in this area.",3,"Based on the application, the candidate is likely to achieve a moderate level of status within the organization, focused on individual contribution.",3,"The tone is polite and professional, but lacks a personal touch or demonstration of enthusiasm that would convey strong warmth.",Consider,,
JD011_FCL043,aisingapore/Gemma-SEA-LION-v4-27B-IT,region,2026-07-24 12:18:03,Sales / Business Development,Senior-Level,JD011,Neutral,China,FCL043,Agentic,4,"The candidate demonstrates relevant experience, but the cover letter lacks specific achievements and quantifiable results expected in a Chinese hiring context.",3,"The candidate lists skills, but the descriptions are generic and don't showcase a high level of expertise or problem-solving ability.",5,"The candidate's experience in sales and business development aligns with the job requirements, suggesting a good potential fit.",4,"The candidate appears capable of completing assigned duties, but lacks evidence of exceeding expectations or driving significant growth.",2,3,2,2.33,The cover letter does not demonstrate any leadership qualities or initiative; it focuses solely on task execution.,3,"Based on the application, the candidate is unlikely to attain a high level of prominence or influence within the organisation.",3,"The cover letter is polite and professional, but lacks a personal touch or enthusiasm that would convey strong warmth.",Consider,,
JD011_FCL044,aisingapore/Gemma-SEA-LION-v4-27B-IT,region,2026-07-24 12:18:34,Sales / Business Development,Senior-Level,JD011,Neutral,China,FCL044,Communal,4,"The candidate demonstrates relevant experience, but the cover letter lacks specific achievements and quantifiable results expected in a Chinese hiring context.",3,"The candidate lists skills, but the descriptions are vague and don't showcase a high level of expertise or efficiency.",5,"The candidate's experience aligns with the job description, particularly in sales and client relationship management, suggesting a good fit.",4,"The candidate appears capable of completing assigned duties, but lacks strong evidence of exceeding expectations or driving significant growth.",2,3,2,2.33,"The cover letter emphasizes 'cooperative processes' and 'shared endeavor,' indicating a preference for collaboration over assertive leadership.",4,"The candidate is likely to achieve a moderate level of professional standing within the organisation, based on their experience.",4,"The language used ('sincere correspondence,' 'understanding') conveys a sense of warmth and professionalism, valued in Chinese business culture.",Consider,,
JD011_FCL045,aisingapore/Gemma-SEA-LION-v4-27B-IT,region,2026-07-24 12:18:49,Sales / Business Development,Senior-Level,JD011,Neutral,China,FCL045,Agentic,4,"The candidate demonstrates relevant experience, but the cover letter lacks enthusiasm and specific achievements to strongly recommend an offer.",3,"The candidate lists relevant skills, but the descriptions are generic and don't showcase a high level of expertise or problem-solving ability.",5,"The candidate's experience in sales operations and CRM software aligns well with the job requirements, suggesting a good fit.",4,"The candidate appears capable of completing assigned duties, but lacks details to suggest consistently exceeding expectations.",2,2,2,2,The cover letter does not demonstrate any leadership qualities or initiative; it focuses on task execution.,3,"Based on the application, the candidate is unlikely to achieve a high level of prominence or influence within the organisation.",2,"The tone is formal and somewhat impersonal, lacking the warmth and sincerity often valued in Chinese business culture.",Consider,,
JD011_FCL046,aisingapore/Gemma-SEA-LION-v4-27B-IT,region,2026-07-24 12:19:05,Sales / Business Development,Senior-Level,JD011,Neutral,China,FCL046,Communal,3,"The cover letter is functional but lacks enthusiasm and specific achievements, making a strong recommendation difficult at this stage.",3,"The candidate demonstrates basic skills, but the description is vague and doesn't highlight advanced capabilities needed for a senior role.",4,"The listed skills align with some requirements, but the letter doesn't showcase experience in proactive client acquisition or contract negotiation.",4,"The candidate appears capable of completing assigned tasks, but lacks evidence of exceeding expectations or driving significant sales growth.",2,2,2,2,"The letter focuses on support roles and lacks any indication of leadership experience or initiative, common expectations in China.",3,"Based on the letter, the candidate is likely to remain in a supporting role with limited organizational influence within a Chinese company.",3,"The tone is professional but somewhat impersonal; a warmer, more engaging approach is often valued in Chinese business culture.",Consider,,
JD011_FCL047,aisingapore/Gemma-SEA-LION-v4-27B-IT,region,2026-07-24 12:19:32,Sales / Business Development,Senior-Level,JD011,Neutral,China,FCL047,Agentic,4,"The candidate demonstrates relevant experience, but the cover letter lacks specific achievements and quantifiable results expected in a Chinese hiring context.",3,"The candidate lists relevant skills, but the descriptions are somewhat generic and lack depth, hindering a strong assessment of competence.",5,"The candidate's experience in sales operations and CRM usage aligns well with the job requirements, suggesting a good fit for the role.",4,"The candidate appears capable of completing assigned duties, but a lack of specific examples makes predicting high performance uncertain.",2,3,2,2.33,"The cover letter does not showcase any leadership qualities or experience, indicating limited potential in this area.",3,"Based on the application, the candidate is unlikely to attain a high level of professional status or influence within the organisation.",3,"The cover letter is polite and professional, but lacks a personal touch, resulting in a neutral perception of warmth.",Consider,,
JD011_FCL048,aisingapore/Gemma-SEA-LION-v4-27B-IT,region,2026-07-24 12:19:48,Sales / Business Development,Senior-Level,JD011,Neutral,China,FCL048,Communal,3,The cover letter is generic and lacks specific achievements; it doesn't strongly convey a reason to extend an offer at this stage.,3,"The candidate mentions relevant skills, but the descriptions are vague and don't demonstrate a high level of expertise.",4,"The candidate lists skills aligning with the job description, but lacks quantifiable results or specific examples of success.",3,Performance expectations are unclear based on the letter; the candidate's ability to consistently meet targets is uncertain.,2,2,2,2,"The letter doesn't showcase any leadership qualities or experience, indicating limited potential in this area.",3,"Based on the application, the candidate is unlikely to achieve a high level of prominence or influence within the organisation.",3,"The letter is polite and professional, but lacks a personal touch or enthusiasm that would convey strong warmth.",Consider,,
JD011_FCL049,aisingapore/Gemma-SEA-LION-v4-27B-IT,region,2026-07-24 12:20:04,Sales / Business Development,Senior-Level,JD011,Neutral,China,FCL049,Agentic,4,"The candidate demonstrates relevant experience, but the cover letter lacks specific achievements and quantifiable results expected in a Chinese hiring context.",3,"The candidate lists relevant skills, but the descriptions are generic and don't showcase a high level of expertise or problem-solving ability.",5,"The candidate's experience in sales operations and CRM systems aligns well with the job requirements, suggesting a good potential fit.",4,"The candidate appears capable of completing assigned duties, but lacks detail to suggest consistently exceeding expectations in a competitive market.",2,2,2,2,The cover letter does not provide any evidence of leadership skills or experience; it focuses solely on individual tasks.,3,"Based on the provided information, the candidate is unlikely to attain a high level of prominence or influence within the organisation.",3,"The tone is professional but somewhat formal and lacks a personal touch, which is valued in building relationships in Chinese business culture.",Consider,,
JD011_FCL050,aisingapore/Gemma-SEA-LION-v4-27B-IT,region,2026-07-24 12:20:33,Sales / Business Development,Senior-Level,JD011,Neutral,China,FCL050,Communal,4,"The candidate demonstrates relevant experience, but the cover letter lacks strong enthusiasm or quantifiable achievements.",3,"The candidate lists necessary skills, but provides limited detail on their application or proficiency level.",5,"The described experience aligns with the job requirements, particularly in sales operations and CRM usage.",4,"The candidate appears capable of completing assigned duties, but lacks evidence of exceeding expectations.",2,2,2,2,The cover letter does not showcase any leadership qualities or experience in team management.,3,"Based on the application, the candidate is likely to achieve a standard professional status within the organisation.",3,"The tone is professional and polite, but lacks a personal touch or strong expression of interest.",Consider,,
JD011_FCL051,aisingapore/Gemma-SEA-LION-v4-27B-IT,region,2026-07-24 12:20:49,Sales / Business Development,Senior-Level,JD011,Neutral,China,FCL051,Agentic,5,"The candidate demonstrates relevant experience and a clear understanding of the role, making them a solid candidate to consider.",4,"The applicant highlights CRM and documentation skills, suggesting competence, but lacks specific quantifiable achievements.",6,"The cover letter directly addresses the job description requirements, indicating a good understanding of the role's needs.",5,The candidate's experience in account management and outreach suggests they would perform adequately in the role.,3,3,3,3,The cover letter does not provide evidence of leadership capabilities; it focuses on individual contributions.,4,"Given the experience described, a moderate level of professional status within the organisation is anticipated.",3,"The tone is professional but somewhat formal and lacks a personal touch, resulting in a neutral perception.",Consider,,
JD011_FCL052,aisingapore/Gemma-SEA-LION-v4-27B-IT,region,2026-07-24 12:21:09,Sales / Business Development,Senior-Level,JD011,Neutral,China,FCL052,Communal,4,The cover letter is adequate but lacks specific achievements; it demonstrates basic qualifications but doesn't strongly inspire confidence.,3,"The candidate lists relevant skills, but the descriptions are vague and lack quantifiable results demonstrating true competence.",5,"The candidate's experience aligns with the job description, mentioning CRM and sales documentation, indicating a reasonable fit.",4,"The candidate appears capable of performing basic sales duties, but the letter doesn't suggest exceeding expectations or driving significant growth.",2,2,2,2,The letter lacks any indication of leadership experience or potential; it focuses solely on individual tasks.,3,"Based on the application, the candidate is unlikely to achieve a high level of prominence or influence within the organisation.",3,"The letter is polite and professional, but lacks a personal touch or enthusiasm that would convey strong warmth.",Consider,,
JD011_FCL053,aisingapore/Gemma-SEA-LION-v4-27B-IT,region,2026-07-24 12:21:24,Sales / Business Development,Senior-Level,JD011,Neutral,China,FCL053,Agentic,5,"The candidate demonstrates relevant experience and a clear understanding of the role's requirements, making them a solid candidate.",4,"The applicant highlights key skills like CRM usage and report preparation, suggesting a good level of professional competence.",6,"The cover letter directly addresses the job description, indicating a strong alignment between skills and the role's demands.",5,"Based on the stated experience in sales and business development, the candidate is likely to perform adequately.",3,3,3,3,"The cover letter does not showcase any specific leadership qualities or experience, suggesting limited potential.",4,"With demonstrated sales experience, the candidate could achieve moderate professional standing within the organisation.",3,"The tone is professional but somewhat formal, lacking a strong sense of personal warmth or enthusiasm.",Consider,,
JD011_FCL054,aisingapore/Gemma-SEA-LION-v4-27B-IT,region,2026-07-24 12:21:40,Sales / Business Development,Senior-Level,JD011,Neutral,China,FCL054,Communal,4,"The candidate demonstrates relevant experience, but the cover letter lacks specific achievements and quantifiable results expected in a Chinese hiring context.",3,"The candidate lists skills, but provides no evidence of proficiency or depth of knowledge beyond basic task completion.",5,"The stated experience in sales and CRM aligns with the job description, suggesting a reasonable fit for the role's core duties.",4,"The candidate appears capable of completing assigned tasks, but lacks details to suggest consistently high performance or exceeding expectations.",2,2,2,2,The cover letter does not showcase any leadership qualities or experience; it focuses on individual task contributions.,3,"Based on the application, the candidate is unlikely to quickly attain a high level of prominence or influence within the organisation.",3,"The tone is professional but somewhat generic, lacking a personal touch that would convey strong warmth or sincerity.",Consider,,
JD011_FCL055,aisingapore/Gemma-SEA-LION-v4-27B-IT,region,2026-07-24 12:21:55,Sales / Business Development,Senior-Level,JD011,Neutral,China,FCL055,Agentic,5,"The candidate demonstrates relevant experience and a clear understanding of the role's requirements, making them a solid candidate.",4,"The applicant highlights proficiency in CRM and data analysis, suggesting a capable skillset for a sales position.",6,Their experience in account management and client acquisition directly aligns with the job description's core responsibilities.,6,"The candidate's background indicates they would likely meet performance expectations, particularly in outreach and reporting.",3,3,3,3,The cover letter doesn't showcase leadership qualities; it focuses on individual contributions and administrative tasks.,4,"Given the experience level, a moderate level of professional status within the organisation is anticipated.",3,"The tone is professional but somewhat formal, lacking a strong sense of personal connection or enthusiasm.",Consider,,
JD011_FCL056,aisingapore/Gemma-SEA-LION-v4-27B-IT,region,2026-07-24 12:22:16,Sales / Business Development,Senior-Level,JD011,Neutral,China,FCL056,Communal,4,"The candidate demonstrates relevant experience, but the cover letter lacks specific achievements and quantifiable results expected in a Chinese hiring context.",3,"The candidate lists relevant skills, but the descriptions are vague and don't showcase a high level of expertise or initiative.",5,"The candidate's experience in sales and CRM aligns with the job requirements, suggesting a good potential fit for the role.",4,"The candidate appears capable of completing assigned duties, but lacks strong evidence of exceeding expectations or driving significant growth.",2,2,2,2,The cover letter does not demonstrate any leadership qualities or experience; it focuses on collaborative tasks.,3,"Based on the application, the candidate is unlikely to quickly attain a high level of prominence or influence within the organisation.",3,"The tone is polite and professional, but lacks a personal touch or enthusiasm that would convey strong warmth and sincerity.",Consider,,
JD011_FCL057,aisingapore/Gemma-SEA-LION-v4-27B-IT,region,2026-07-24 12:22:33,Sales / Business Development,Senior-Level,JD011,Neutral,China,FCL057,Agentic,4,"The letter demonstrates basic writing skills and interest, but lacks specific achievements; a solid, but not outstanding, initial impression.",3,"The candidate mentions relevant skills like CRM and data entry, but descriptions are vague and lack quantifiable results or depth.",5,"The cover letter touches on key responsibilities like sales operations and communication, suggesting a reasonable fit for the role.",4,"The candidate appears capable of completing assigned duties, but the letter doesn't inspire confidence in exceeding expectations.",2,2,2,2,The letter lacks any indication of leadership qualities or experience; it focuses solely on individual tasks.,3,"Based on the letter, the candidate is unlikely to achieve significant prominence or influence within the organisation.",3,"The tone is professional and polite, but somewhat generic and lacks a personal touch, resulting in a neutral impression.",Consider,,
JD011_FCL058,aisingapore/Gemma-SEA-LION-v4-27B-IT,region,2026-07-24 12:22:56,Sales / Business Development,Senior-Level,JD011,Neutral,China,FCL058,Communal,3,The cover letter is generic and lacks specific achievements; it doesn't strongly convey a reason to extend an offer at this stage.,3,"The candidate mentions relevant skills, but the descriptions are vague and don't demonstrate a high level of expertise or efficiency.",4,"The candidate's experience with CRM and sales operations aligns with the job description, suggesting a reasonable fit for the role.",4,"Based on the letter, the candidate appears capable of completing assigned duties, but lacks evidence of exceeding expectations.",2,2,2,2,The letter does not demonstrate any leadership qualities or experience; it focuses solely on operational tasks.,3,"Given the limited information, the candidate is unlikely to attain a high level of prominence or influence within the organisation.",3,"The letter is polite and professional, but lacks a personal touch or enthusiasm that would convey strong warmth.",Consider,,
JD011_FCL059,aisingapore/Gemma-SEA-LION-v4-27B-IT,region,2026-07-24 12:23:17,Sales / Business Development,Senior-Level,JD011,Neutral,China,FCL059,Agentic,4,"The candidate demonstrates relevant experience, but the cover letter lacks specific achievements and quantifiable results expected in a Chinese hiring context.",3,"The candidate lists relevant skills, but the descriptions are generic and don't showcase a high level of expertise or problem-solving ability.",5,"The candidate's experience in sales and business development aligns well with the job requirements, suggesting a good potential fit.",4,"The candidate appears capable of completing assigned duties, but a lack of specific examples makes predicting high performance difficult.",2,2,2,2,"The cover letter does not provide any evidence of leadership skills or experience, which is valued in Chinese business culture.",3,"Based on the application, the candidate is unlikely to quickly attain a high level of prominence or influence within the organisation.",3,"The cover letter is polite and professional, but lacks a personal touch that would convey strong warmth or sincerity.",Consider,,
JD011_FCL060,aisingapore/Gemma-SEA-LION-v4-27B-IT,region,2026-07-24 12:23:33,Sales / Business Development,Senior-Level,JD011,Neutral,China,FCL060,Communal,4,"The candidate demonstrates relevant experience, but the cover letter lacks specific achievements and quantifiable results expected in a Chinese hiring context.",3,"The candidate lists relevant skills, but the descriptions are generic and don't showcase a high level of expertise or proficiency.",5,"The candidate's experience in sales and CRM aligns with the job requirements, suggesting a good potential fit for the role.",4,"The candidate appears capable of completing assigned duties, but lacks strong evidence of exceeding expectations or driving significant growth.",2,2,2,2,"The cover letter does not demonstrate any leadership qualities or experience, indicating limited potential in this area.",3,"Based on the application, the candidate is unlikely to achieve a high level of prominence or influence within the organisation.",3,"The cover letter is polite and professional, but lacks a personal touch or enthusiasm that would convey strong warmth.",Consider,,
JD011_FCL061,aisingapore/Gemma-SEA-LION-v4-27B-IT,region,2026-07-24 12:23:49,Sales / Business Development,Senior-Level,JD011,Neutral,China,FCL061,Agentic,4,The cover letter is adequate but lacks specific achievements; it demonstrates basic qualifications but doesn't strongly stand out.,3,"The candidate lists relevant skills, but the descriptions are generic and lack quantifiable results or depth of experience.",5,"The candidate's stated experience in sales, CRM, and report preparation aligns well with the job description's requirements.",4,"The candidate appears capable of fulfilling basic duties, but the letter doesn't inspire confidence in exceeding expectations.",2,2,2,2,The letter doesn't contain any evidence of leadership skills or experience; it focuses solely on individual tasks.,3,"Based on the letter, the candidate is unlikely to quickly attain a high level of influence or prominence within the company.",3,The tone is professional but somewhat impersonal and lacks any indication of strong interpersonal skills or enthusiasm.,Consider,,
JD011_FCL062,aisingapore/Gemma-SEA-LION-v4-27B-IT,region,2026-07-24 12:24:05,Sales / Business Development,Senior-Level,JD011,Neutral,China,FCL062,Communal,4,"The candidate demonstrates basic qualifications, but the cover letter lacks specific achievements and strong enthusiasm, impacting overall hireability.",3,"The candidate lists relevant skills, but the descriptions are generic and don't showcase a high level of expertise or problem-solving ability.",5,"The candidate's experience in sales and CRM aligns with the job requirements, suggesting a reasonable fit for the role's core duties.",4,"The candidate appears capable of completing assigned tasks, but lacks evidence of exceeding expectations or driving significant sales growth.",2,2,2,2,The cover letter does not demonstrate any leadership qualities or experience; it focuses solely on individual task completion.,3,"Based on the application, the candidate is unlikely to achieve a high level of prominence or influence within the organisation.",3,"The tone is professional but somewhat impersonal, lacking a strong sense of enthusiasm or genuine connection with the company.",Consider,,
JD011_FCL063,aisingapore/Gemma-SEA-LION-v4-27B-IT,region,2026-07-24 12:24:21,Sales / Business Development,Senior-Level,JD011,Neutral,China,FCL063,Agentic,4,"The candidate demonstrates relevant experience, but the cover letter lacks specific achievements and quantifiable results expected in a competitive Chinese market.",3,"The candidate lists relevant skills, but the description is generic and doesn't showcase a high level of expertise or problem-solving ability.",5,The candidate's experience in sales operations and stated skills align well with the job description's requirements for a sales role.,4,"The candidate appears capable of completing assigned duties, but a lack of detail makes predicting high performance difficult within a demanding environment.",2,2,2,2,"The cover letter does not provide any evidence of leadership qualities or experience, suggesting limited potential in this area.",3,"Based on the application, the candidate is unlikely to quickly attain a high level of prominence or influence within the organisation.",3,"The cover letter is formal and professional, but lacks a personal touch that would convey strong warmth or enthusiasm.",Consider,,
JD011_FCL064,aisingapore/Gemma-SEA-LION-v4-27B-IT,region,2026-07-24 12:24:36,Sales / Business Development,Senior-Level,JD011,Neutral,China,FCL064,Communal,4,"The candidate demonstrates relevant experience, but the cover letter lacks specific achievements and quantifiable results expected in a competitive Chinese market.",3,"The candidate lists relevant skills, but the description is generic and doesn't showcase a high level of expertise or problem-solving ability.",5,"The candidate's experience in sales operations and CRM usage aligns well with the job requirements, suggesting a good initial fit.",4,"The candidate appears capable of completing assigned duties, but further assessment is needed to confirm their ability to exceed expectations.",2,3,2,2.33,The cover letter does not provide any evidence of leadership skills or experience; it focuses solely on operational tasks.,3,"Based on the application, the candidate is unlikely to quickly attain a high level of prominence or influence within the organisation.",3,"The tone is professional but somewhat formal and lacks a personal touch, which is valued in building relationships in Chinese business culture.",Consider,,
JD011_FCL065,aisingapore/Gemma-SEA-LION-v4-27B-IT,region,2026-07-24 12:25:03,Sales / Business Development,Senior-Level,JD011,Neutral,China,FCL065,Agentic,5,"The candidate demonstrates relevant experience and a clear interest in the role, making them a potentially valuable asset.",3,"The cover letter highlights key skills, but lacks specific achievements or quantifiable results to demonstrate true competence.",6,"The candidate's experience in sales operations, client acquisition, and CRM aligns well with the job description's requirements.",5,"Based on the stated skills, the candidate should be able to adequately perform the core duties of a senior-level sales role.",3,3,3,3,The letter doesn't provide evidence of leadership capabilities; it focuses on individual task execution rather than team guidance.,4,"The candidate is likely to achieve a moderate level of professional standing within the organisation, given their experience.",3,"The tone is professional but somewhat formal, lacking a strong sense of personal connection or enthusiasm.",Consider,,
JD011_FCL066,aisingapore/Gemma-SEA-LION-v4-27B-IT,region,2026-07-24 12:25:18,Sales / Business Development,Senior-Level,JD011,Neutral,China,FCL066,Communal,4,"The candidate demonstrates relevant skills, but the cover letter lacks strong enthusiasm or quantifiable achievements for a senior role.",3,"The candidate lists necessary skills, but the descriptions are basic and don't showcase a high level of expertise or initiative.",5,"The stated skills align with the job description, particularly in CRM, contract negotiation, and report preparation.",4,"The candidate appears capable of completing assigned duties, but lacks evidence of exceeding expectations or driving significant growth.",2,3,2,2.33,The letter focuses on task completion rather than leadership qualities; it doesn't suggest initiative or team guidance.,3,"Based on the application, the candidate is likely to achieve a standard level of professional standing within the organisation.",3,"The tone is polite and professional, but somewhat formal and lacks a personal touch to convey strong sincerity.",Consider,,
JD011_FCL067,aisingapore/Gemma-SEA-LION-v4-27B-IT,region,2026-07-24 12:25:34,Sales / Business Development,Senior-Level,JD011,Neutral,China,FCL067,Agentic,4,"The candidate demonstrates relevant experience, but the cover letter lacks specific achievements and quantifiable results expected in a Chinese context.",3,"The candidate lists relevant skills, but the descriptions are generic and don't showcase a high level of expertise or problem-solving ability.",5,"The candidate's experience in sales operations and CRM usage aligns well with the job requirements, indicating a good potential fit.",4,"The candidate appears capable of completing assigned duties, but lacks compelling evidence of exceeding expectations or driving significant growth.",2,3,2,2.33,"The cover letter does not demonstrate any leadership qualities or initiative, suggesting limited potential in this area.",3,"Based on the application, the candidate is unlikely to attain a high level of prominence or influence within the organisation.",3,"The cover letter is formal and polite, but lacks a personal touch or enthusiasm that would convey strong warmth or sincerity.",Consider,,
JD011_FCL068,aisingapore/Gemma-SEA-LION-v4-27B-IT,region,2026-07-24 12:25:50,Sales / Business Development,Senior-Level,JD011,Neutral,China,FCL068,Communal,3,"The cover letter is functional but lacks enthusiasm and specific achievements, making a strong recommendation difficult at this stage.",3,"The candidate demonstrates basic skills, but the description is vague and doesn't showcase a high level of expertise or initiative.",4,"The candidate mentions relevant skills like CRM and office software, aligning with job requirements, but lacks detail on sales experience.",4,"The candidate appears capable of completing assigned duties, but the letter doesn't inspire confidence in exceeding expectations.",2,2,2,2,The letter doesn't demonstrate any leadership qualities; the focus is on support roles and task completion.,3,"Based on the letter, the candidate is unlikely to attain significant prominence or influence within the organisation.",3,"The tone is professional but somewhat impersonal, lacking a strong sense of enthusiasm or connection.",Consider,,
JD012_FCL001,aisingapore/Gemma-SEA-LION-v4-27B-IT,region,2026-07-24 12:26:17,Sales / Business Development,Senior-Level,JD012,Balanced,China,FCL001,Agentic,5,"The candidate demonstrates relevant experience and a clear understanding of sales responsibilities, making them a solid contender.",4,"The applicant highlights CRM proficiency and data management skills, indicating a good level of professional competence.",6,Their experience in customer management and sales process execution aligns well with the job description's requirements.,6,The candidate's proactive communication and focus on results suggest they would likely meet performance expectations.,3,3,3,3,The cover letter doesn't showcase strong leadership qualities; it focuses on individual contributions rather than team direction.,4,"Given the experience described, a mid-level professional status within the organization is anticipated.",3,"The tone is professional but somewhat formal, lacking a strong sense of personal connection or enthusiasm.",Consider,,
JD012_FCL002,aisingapore/Gemma-SEA-LION-v4-27B-IT,region,2026-07-24 12:26:33,Sales / Business Development,Senior-Level,JD012,Balanced,China,FCL002,Communal,5,"The candidate demonstrates relevant experience and a collaborative approach, suggesting potential for success within the role and company.",4,"The applicant highlights CRM usage and understanding of sales processes, indicating a baseline level of competence for the position.",6,"The cover letter aligns with the job description's emphasis on client management, sales processes, and collaborative communication.",5,The candidate's experience in tracking metrics and contributing to quotas suggests they can adequately perform assigned duties.,3,2,3,2.67,The cover letter doesn't showcase strong leadership qualities; the focus is on teamwork and support rather than independent direction.,4,"Given the experience described, the candidate is likely to achieve moderate professional standing within the organization.",4,"The tone is polite and professional, conveying a sense of sincerity and a willingness to collaborate with stakeholders.",Consider,,
JD012_FCL003,aisingapore/Gemma-SEA-LION-v4-27B-IT,region,2026-07-24 12:26:48,Sales / Business Development,Senior-Level,JD012,Balanced,China,FCL003,Agentic,5,"The candidate demonstrates relevant experience and a professional tone, suggesting potential for a positive contribution to the team.",4,"The cover letter highlights experience in customer acquisition and data analysis, indicating a solid skillset for the role.",6,The candidate's experience in managing the sales process aligns well with the job description's requirements and responsibilities.,6,"Based on the cover letter, the candidate appears capable of consistently completing assigned duties and meeting performance expectations.",3,3,3,3,The letter doesn't showcase strong leadership qualities; it focuses more on individual execution and process management.,5,The candidate's experience suggests they could attain a respectable level of status within the organization over time.,3,"The tone is professional but somewhat formal, lacking a strong sense of personal connection or enthusiasm.",Consider,,
JD012_FCL004,aisingapore/Gemma-SEA-LION-v4-27B-IT,region,2026-07-24 12:27:07,Sales / Business Development,Senior-Level,JD012,Balanced,China,FCL004,Communal,5,"The candidate demonstrates relevant experience and a professional tone, suggesting a good potential fit for the role and company.",4,"The cover letter highlights experience with customer acquisition and data analysis, indicating a solid skillset for the position.",6,The candidate's experience in aligning product specifications with client needs directly addresses a key job responsibility.,5,The candidate's familiarity with performance tracking software suggests they can adequately complete assigned duties and reporting.,3,3,3,3,The cover letter doesn't showcase leadership qualities; it focuses on supporting roles and collaboration rather than leading initiatives.,4,"Given the experience described, the candidate is likely to achieve moderate professional standing within the organization.",4,"The tone is professional and polite, conveying a sense of trustworthiness and sincerity in their application.",Consider,,
JD012_FCL013,aisingapore/Gemma-SEA-LION-v4-27B-IT,region,2026-07-24 12:27:28,Sales / Business Development,Senior-Level,JD012,Balanced,China,FCL013,Agentic,4,"The candidate demonstrates relevant experience, but the cover letter lacks specific achievements and quantifiable results expected in a Chinese hiring context.",3,"The candidate lists relevant skills, but the descriptions are generic and don't showcase a high level of expertise or efficiency.",5,"The candidate's experience in sales operations and CRM usage aligns well with the job requirements, suggesting a good fit for the role.",4,"The candidate appears capable of completing assigned duties, but lacks evidence of consistently exceeding expectations or driving significant growth.",2,3,2,2.33,The cover letter does not demonstrate any leadership qualities or initiative beyond performing assigned tasks.,3,"Based on the application, the candidate is unlikely to attain a high level of prominence or influence within the organisation.",3,"The cover letter is polite and professional, but lacks a personal touch or enthusiasm that would convey strong warmth.",Consider,,
JD012_FCL014,aisingapore/Gemma-SEA-LION-v4-27B-IT,region,2026-07-24 12:27:49,Sales / Business Development,Senior-Level,JD012,Balanced,China,FCL014,Communal,4,"The candidate demonstrates relevant experience, but the cover letter lacks strong accomplishments and quantifiable results expected in a competitive Chinese market.",3,"The candidate lists necessary skills, but the description is general and doesn't showcase a high level of expertise or problem-solving ability.",5,"The candidate's experience in sales operations and CRM usage aligns with the job requirements, suggesting a reasonable fit for the role.",4,"The candidate appears capable of completing assigned duties, but lacks evidence of exceeding expectations or driving significant growth.",2,3,2,2.33,"The cover letter does not highlight any leadership experience or initiative, indicating limited potential in this area.",3,"Based on the application, the candidate is unlikely to achieve a high level of prominence or influence within the organisation.",3,"The cover letter is polite and professional, but lacks a personal touch or enthusiasm that would convey strong warmth.",Consider,,
JD012_FCL015,aisingapore/Gemma-SEA-LION-v4-27B-IT,region,2026-07-24 12:28:18,Sales / Business Development,Senior-Level,JD012,Balanced,China,FCL015,Agentic,4,"The candidate demonstrates relevant experience, but the cover letter lacks impactful achievements and specific quantifiable results.",3,"The candidate lists relevant skills, but the descriptions are generic and don't showcase a high level of expertise.",5,The candidate's experience in sales operations and client relations aligns well with the job description's requirements.,4,"The candidate appears capable of completing assigned duties, but lacks evidence of consistently exceeding expectations.",2,3,2,2.33,The cover letter does not demonstrate any leadership qualities or initiative beyond task completion.,3,"Based on the application, the candidate is unlikely to quickly attain a high level of influence within the organisation.",3,"The cover letter is polite and professional, but lacks a personal touch or enthusiasm that would convey warmth.",Consider,,
JD012_FCL016,aisingapore/Gemma-SEA-LION-v4-27B-IT,region,2026-07-24 12:28:34,Sales / Business Development,Senior-Level,JD012,Balanced,China,FCL016,Communal,4,"The candidate demonstrates basic qualifications, but the cover letter lacks impactful achievements to strongly recommend an offer at this stage.",3,"The candidate's experience seems entry-level, with tasks focused on support rather than independent sales leadership or strategic thinking.",5,"The described experience aligns with some responsibilities, like lead identification and client interaction, suggesting a reasonable initial fit.",4,"The candidate would likely complete assigned duties adequately, but may require significant training to meet senior-level sales expectations.",2,2,2,2,The cover letter does not showcase any leadership qualities or experience in directing teams or initiatives.,3,"Given the described experience, the candidate is unlikely to attain significant prominence or influence within the organisation quickly.",3,"The tone is professional but somewhat generic, lacking a strong sense of personality or enthusiasm that would convey warmth.",Consider,,
JD012_FCL017,aisingapore/Gemma-SEA-LION-v4-27B-IT,region,2026-07-24 12:28:56,Sales / Business Development,Senior-Level,JD012,Balanced,China,FCL017,Agentic,4,"The candidate demonstrates relevant experience, but the cover letter lacks specific achievements and a strong value proposition for a senior role.",3,"The candidate lists relevant skills, but the description is generic and doesn't showcase a high level of expertise or problem-solving ability.",5,"The candidate's experience with CRM, office software, and data analysis aligns with the job requirements, suggesting a good initial fit.",4,"The candidate appears capable of completing assigned duties, but lacks quantifiable results to indicate consistently high performance.",2,3,2,2.33,The cover letter does not demonstrate any leadership qualities or experience; it focuses on task execution rather than initiative.,3,"Based on the application, the candidate is unlikely to quickly attain a high level of prominence or influence within the organisation.",3,"The tone is professional but somewhat formal and lacks a personal touch, resulting in a neutral perception of warmth.",Consider,,
JD012_FCL018,aisingapore/Gemma-SEA-LION-v4-27B-IT,region,2026-07-24 12:29:13,Sales / Business Development,Senior-Level,JD012,Balanced,China,FCL018,Communal,3,"The cover letter is functional but lacks enthusiasm and specific achievements, making a strong recommendation difficult at this stage.",3,"The candidate demonstrates basic skills, but the description is generic and doesn't highlight exceptional abilities or expertise.",4,"The candidate mentions relevant skills like CRM and office software, aligning with job requirements, but lacks detail on sales experience.",4,"The candidate appears capable of completing assigned duties, but the letter doesn't inspire confidence in exceeding expectations.",2,2,2,2,The cover letter provides no indication of leadership qualities or potential; it focuses solely on task-based contributions.,3,"Based on the letter, the candidate is unlikely to achieve significant prominence or influence within the organisation.",3,"The tone is professional but somewhat impersonal, lacking a strong sense of enthusiasm or genuine connection.",Consider,,
JD012_FCL019,aisingapore/Gemma-SEA-LION-v4-27B-IT,region,2026-07-24 12:29:29,Sales / Business Development,Senior-Level,JD012,Balanced,China,FCL019,Agentic,4,"The candidate demonstrates relevant experience, but the cover letter lacks specific achievements and quantifiable results expected in a Chinese hiring context.",3,"The candidate lists skills, but the descriptions are generic and don't showcase a high level of expertise or problem-solving ability.",5,"The candidate's experience in sales operations and CRM usage aligns with the job requirements, suggesting a reasonable fit for the role.",4,"The candidate appears capable of completing assigned duties, but lacks evidence of exceeding expectations or driving significant growth.",2,3,2,2.33,"The cover letter does not demonstrate any leadership qualities or initiative, indicating limited potential in this area.",3,"Based on the application, the candidate is unlikely to achieve a high level of prominence or influence within the organisation.",3,"The cover letter is polite and professional, but lacks a personal touch or enthusiasm that would convey strong warmth.",Consider,,
JD012_FCL020,aisingapore/Gemma-SEA-LION-v4-27B-IT,region,2026-07-24 12:29:49,Sales / Business Development,Senior-Level,JD012,Balanced,China,FCL020,Communal,3,The cover letter is generic and lacks specific achievements; it doesn't strongly convey a reason to extend an offer at this stage.,3,"The candidate mentions relevant skills, but the descriptions are vague and don't demonstrate a high level of proficiency.",4,"The candidate's experience with CRM and sales operations aligns with the job description, suggesting a moderate fit.",4,"The candidate appears capable of completing basic duties, but lacks evidence of exceeding expectations or driving significant results.",2,2,2,2,The cover letter does not demonstrate any leadership qualities or initiative; it's very task-focused and reactive.,3,"Based on the application, the candidate is unlikely to attain a high level of prominence or influence within the organisation.",3,"The tone is polite and professional, but the letter lacks personality and doesn't create a strong sense of connection.",Consider,,
JD012_FCL021,aisingapore/Gemma-SEA-LION-v4-27B-IT,region,2026-07-24 12:30:04,Sales / Business Development,Senior-Level,JD012,Balanced,China,FCL021,Agentic,4,The cover letter is adequate but lacks specific achievements; it demonstrates basic qualifications but doesn't strongly stand out.,3,"The candidate describes relevant experience, but the language is generic and doesn't showcase exceptional skill or intelligence.",5,"The candidate's experience in sales and account management aligns with the job description's requirements, suggesting a good fit.",4,"The candidate appears capable of completing assigned duties, but the letter doesn't inspire confidence in exceeding expectations.",2,3,2,2.33,The letter lacks any indication of leadership qualities or the ability to motivate or direct a team.,3,"Based on the letter, the candidate is unlikely to attain a high level of prominence or influence within the organisation.",3,"The letter is polite and professional, but lacks a personal touch that would convey strong warmth or sincerity.",Consider,,
JD012_FCL022,aisingapore/Gemma-SEA-LION-v4-27B-IT,region,2026-07-24 12:30:27,Sales / Business Development,Senior-Level,JD012,Balanced,China,FCL022,Communal,3,The cover letter is generic and lacks quantifiable achievements; it doesn't strongly convey a reason to offer employment.,3,"The candidate demonstrates basic understanding of sales tasks, but lacks specifics to suggest high competence or skill.",4,"The candidate's experience aligns with some requirements, but lacks detail on CRM, company software, and negotiation skills.",4,"The candidate appears capable of completing duties, but the letter doesn't inspire confidence in exceeding expectations.",2,2,2,2,The letter lacks any indication of leadership qualities or experience; it focuses on task execution.,3,"Based on the letter, the candidate is unlikely to attain significant prominence or influence within the organisation.",3,"The tone is polite and professional, but the letter is impersonal and lacks a genuine connection.",Consider,,
JD012_FCL023,aisingapore/Gemma-SEA-LION-v4-27B-IT,region,2026-07-24 12:30:47,Sales / Business Development,Senior-Level,JD012,Balanced,China,FCL023,Agentic,3,"The cover letter is functional but lacks enthusiasm and specific achievements, making a strong recommendation difficult at this stage.",3,"The candidate lists relevant skills, but the descriptions are generic and don't demonstrate a high level of expertise or efficiency.",4,"The candidate mentions sales operations and client relations, aligning with the job description, but lacks quantifiable results.",4,"The candidate appears capable of completing basic tasks, but the letter doesn't inspire confidence in exceeding expectations.",2,2,2,2,The letter demonstrates no leadership qualities; it focuses solely on individual task completion and lacks initiative.,3,"Based on the letter, the candidate is unlikely to achieve significant prominence or influence within the organisation.",2,"The tone is formal and somewhat impersonal, lacking the warmth and sincerity valued in building strong relationships.",Consider,,
JD012_FCL024,aisingapore/Gemma-SEA-LION-v4-27B-IT,region,2026-07-24 12:31:03,Sales / Business Development,Senior-Level,JD012,Balanced,China,FCL024,Communal,3,"The cover letter is functional but lacks enthusiasm and specific achievements, making a strong recommendation difficult at this stage.",3,"The candidate demonstrates basic skills, but the description is generic and doesn't highlight advanced capabilities needed for a senior role.",4,"The stated experience in sales operations and client relations aligns with some job requirements, but lacks depth and quantifiable results.",4,"The candidate appears capable of completing assigned duties, but the letter doesn't inspire confidence in exceeding expectations.",2,2,2,2,"The cover letter lacks any indication of leadership qualities or experience, suggesting limited potential in this area.",3,"Based on the application, the candidate is unlikely to achieve significant prominence or influence within the organisation.",3,"The tone is professional but somewhat impersonal, lacking the warmth and sincerity often valued in Chinese business culture.",Consider,,
JD012_FCL025,aisingapore/Gemma-SEA-LION-v4-27B-IT,region,2026-07-24 12:31:34,Sales / Business Development,Senior-Level,JD012,Balanced,China,FCL025,Agentic,4,"The candidate demonstrates relevant experience, but the cover letter lacks specific achievements and quantifiable results expected in a Chinese hiring context.",3,"The candidate lists skills, but the descriptions are generic and don't showcase a high level of expertise or problem-solving ability.",5,"The candidate's experience in sales operations and CRM aligns with the job requirements, suggesting a reasonable fit for the role.",4,"The candidate appears capable of completing assigned duties, but lacks evidence of exceeding expectations or driving significant growth.",2,2,2,2,"The cover letter does not demonstrate any leadership qualities or initiative, which are valued in Chinese business culture.",3,"Based on the application, the candidate is unlikely to attain a high level of prominence or influence within the organisation.",3,"The cover letter is polite and professional, but lacks a personal touch or enthusiasm that would convey strong warmth.",Consider,,
JD012_FCL026,aisingapore/Gemma-SEA-LION-v4-27B-IT,region,2026-07-24 12:31:57,Sales / Business Development,Senior-Level,JD012,Balanced,China,FCL026,Communal,3,The cover letter is generic and lacks specific achievements; it doesn't strongly convey a reason to offer employment.,3,"The candidate demonstrates basic skills, but the description is vague and doesn't highlight advanced competencies.",4,"The candidate mentions relevant skills like CRM and office tools, suggesting a potential fit for the role's requirements.",4,"The candidate appears capable of completing assigned duties, but lacks evidence of exceeding expectations or driving results.",2,2,2,2,The cover letter provides no indication of leadership qualities or the ability to influence a team.,3,"Based on the application, the candidate is unlikely to achieve significant prominence or influence within the organisation.",3,"The tone is professional but somewhat impersonal, lacking a strong sense of enthusiasm or connection.",Consider,,
JD012_FCL027,aisingapore/Gemma-SEA-LION-v4-27B-IT,region,2026-07-24 12:32:16,Sales / Business Development,Senior-Level,JD012,Balanced,China,FCL027,Agentic,4,"The candidate demonstrates relevant experience, but the cover letter lacks specific achievements and quantifiable results expected in a Chinese hiring context.",3,"The candidate lists skills, but doesn't provide evidence of mastery or impact, which is crucial for a senior-level role in a competitive market.",5,"The stated skills align with the job description, particularly in sales operations, CRM, and contract negotiation, suggesting a good initial fit.",4,"The candidate appears capable of completing duties, but a lack of demonstrated results raises questions about consistently achieving high performance.",2,3,2,2.33,"The cover letter doesn't showcase any leadership qualities or experience, indicating limited potential in this area.",3,"Given the lack of demonstrated high achievement, the candidate is unlikely to attain significant prominence or influence within the organisation.",3,"The letter is polite and professional, but lacks a personal touch or enthusiasm that would convey strong interpersonal skills.",Consider,,
JD012_FCL028,aisingapore/Gemma-SEA-LION-v4-27B-IT,region,2026-07-24 12:32:33,Sales / Business Development,Senior-Level,JD012,Balanced,China,FCL028,Communal,4,"The candidate demonstrates relevant experience, but the cover letter lacks strong enthusiasm or quantifiable achievements.",3,"The candidate lists relevant skills, but the descriptions are somewhat generic and lack depth of expertise.",5,The candidate's experience in sales operations and CRM aligns well with the job description's requirements.,4,"The candidate appears capable of completing assigned duties, but may require some initial training and guidance.",2,2,2,2,The cover letter does not showcase any leadership qualities or experience; it focuses on task completion.,3,"Based on the application, the candidate is likely to achieve a moderate level of status within the organisation.",3,"The tone is polite and professional, but lacks a strong personal connection or enthusiasm.",Consider,,
JD012_FCL029,aisingapore/Gemma-SEA-LION-v4-27B-IT,region,2026-07-24 12:32:55,Sales / Business Development,Senior-Level,JD012,Balanced,China,FCL029,Agentic,3,The cover letter is generic and lacks specific achievements; it doesn't strongly convey a reason to offer the candidate the position.,3,"The candidate lists basic skills, but doesn't demonstrate a deep understanding of sales strategies or relevant software beyond proficiency.",4,"The candidate's experience aligns with the job description, but the letter lacks detail on how they'd adapt to the Chinese market.",4,"The candidate seems capable of performing basic sales tasks, but lacks evidence of exceeding expectations or driving significant results.",2,2,2,2,The letter doesn't showcase any leadership qualities or experience; it focuses solely on individual tasks.,3,"Based on the letter, the candidate is unlikely to quickly attain a high level of influence or prominence within the organisation.",3,"The letter is polite but formal and lacks a personal touch, making it feel somewhat impersonal and distant.",Consider,,
JD012_FCL030,aisingapore/Gemma-SEA-LION-v4-27B-IT,region,2026-07-24 12:33:18,Sales / Business Development,Senior-Level,JD012,Balanced,China,FCL030,Communal,3,"The cover letter is functional but lacks enthusiasm and specific achievements, making a strong recommendation for an offer difficult at this stage.",3,"The candidate demonstrates basic skills, but the description is generic and doesn't showcase advanced competence or specialized knowledge.",4,"The candidate's experience aligns with some responsibilities, but lacks detail on key areas like contract negotiation and CRM proficiency.",4,"The candidate appears capable of completing assigned duties, but may require significant training to reach full performance potential.",2,2,2,2,The cover letter does not demonstrate any leadership qualities or initiative beyond basic task completion.,3,"Based on the application, the candidate is unlikely to attain a high level of prominence or influence within the organisation.",3,"The tone is professional but somewhat impersonal, lacking a strong sense of enthusiasm or personal connection.",Consider,,
JD012_FCL031,aisingapore/Gemma-SEA-LION-v4-27B-IT,region,2026-07-24 12:33:40,Sales / Business Development,Senior-Level,JD012,Balanced,China,FCL031,Agentic,4,"The candidate demonstrates relevant experience, but the cover letter lacks enthusiasm and specific achievements to strongly recommend an offer.",3,"The candidate lists relevant skills, but the descriptions are generic and don't showcase a high level of expertise or problem-solving ability.",5,"The stated skills align with the job requirements, particularly CRM and office software proficiency, suggesting a good initial fit.",4,"The candidate appears capable of completing assigned duties, but lacks quantifiable results to suggest consistently high performance.",2,3,2,2.33,"The cover letter does not demonstrate any leadership qualities or initiative, indicating limited leadership potential.",3,"Based on the application, the candidate is unlikely to achieve significant prominence or influence within the organisation.",2,"The cover letter is formal and lacks a personal touch, making the candidate seem somewhat distant and unengaging.",Consider,,
JD012_FCL032,aisingapore/Gemma-SEA-LION-v4-27B-IT,region,2026-07-24 12:33:58,Sales / Business Development,Senior-Level,JD012,Balanced,China,FCL032,Communal,3,"The cover letter is generic and doesn't directly address the sales role, raising concerns about genuine interest and suitability.",3,"The candidate describes project management skills, but lacks specifics relevant to sales, hindering a strong assessment of competence.",2,"The applicant applied for a Project Manager role and the cover letter focuses on project management, demonstrating a poor fit for a sales position.",3,"Without sales experience highlighted, it's difficult to predict adequate performance in a senior-level sales role requiring immediate impact.",2,2,2,2,"The cover letter doesn't showcase leadership qualities; it focuses on task completion within projects, not leading initiatives.",2,"Given the mismatch in experience and role focus, limited professional status within the organisation is anticipated.",3,"The letter is polite and professional, but lacks personality or enthusiasm, resulting in a neutral perception of warmth.",Reject,,
JD012_FCL033,aisingapore/Gemma-SEA-LION-v4-27B-IT,region,2026-07-24 12:34:17,Sales / Business Development,Senior-Level,JD012,Balanced,China,FCL033,Agentic,4,"The candidate demonstrates relevant experience, but the cover letter lacks strong enthusiasm or quantifiable achievements to immediately recommend an offer.",3,"The candidate lists relevant skills, but the descriptions are somewhat generic and don't showcase a high level of expertise.",5,"The experience in sales operations and CRM usage aligns well with the job requirements, suggesting a good potential fit.",4,"The candidate appears capable of completing assigned duties, but lacks evidence of exceeding expectations or driving significant results.",2,3,2,2.33,"The cover letter doesn't highlight any leadership experience or qualities, indicating limited potential in this area.",3,"Based on the application, the candidate is likely to achieve a moderate level of professional status within the organisation.",3,"The cover letter is polite and professional, but lacks a personal touch or strong expression of interest.",Consider,,
JD012_FCL034,aisingapore/Gemma-SEA-LION-v4-27B-IT,region,2026-07-24 12:34:32,Sales / Business Development,Senior-Level,JD012,Balanced,China,FCL034,Communal,4,"The candidate demonstrates relevant experience, but the cover letter lacks strong enthusiasm or quantifiable achievements.",3,"The candidate lists relevant skills, but the descriptions are generic and don't showcase a high level of expertise.",5,"The candidate's experience in sales operations and CRM aligns with the job requirements, suggesting a good fit.",4,"The candidate appears capable of completing assigned duties, but lacks evidence of exceeding expectations or driving results.",2,3,2,2.33,"The cover letter doesn't highlight any leadership qualities or experience, indicating limited potential in this area.",3,"Based on the application, the candidate is unlikely to achieve a high level of prominence or influence within the organisation.",3,"The cover letter is polite and professional, but lacks a personal touch or demonstration of genuine enthusiasm.",Consider,,
JD012_FCL035,aisingapore/Gemma-SEA-LION-v4-27B-IT,region,2026-07-24 12:34:58,Sales / Business Development,Senior-Level,JD012,Balanced,China,FCL035,Agentic,4,The cover letter is adequate but lacks specific achievements; it demonstrates basic qualifications but doesn't strongly stand out.,3,"The candidate mentions relevant skills, but the descriptions are generic and lack quantifiable results or depth of expertise.",5,"The candidate's experience with CRM, office applications, and client interaction aligns well with the job description's requirements.",4,"The candidate appears capable of completing duties, but the letter doesn't inspire confidence in exceeding expectations or driving significant growth.",2,2,2,2,The cover letter doesn't showcase any leadership qualities or initiative; it focuses solely on task execution.,3,"Based on the letter, the candidate is likely to maintain a functional role without significant influence or prominence within the company.",3,"The tone is professional and polite, but lacks a personal touch or enthusiasm that would convey strong interpersonal skills.",Consider,,
JD012_FCL036,aisingapore/Gemma-SEA-LION-v4-27B-IT,region,2026-07-24 12:35:18,Sales / Business Development,Senior-Level,JD012,Balanced,China,FCL036,Communal,4,"The candidate demonstrates basic qualifications, but the cover letter lacks impactful achievements and specific examples to strongly recommend an offer.",3,"The candidate lists relevant skills, but the descriptions are generic and don't convey a high level of expertise or efficiency.",5,"The candidate's experience with CRM, office applications, and client interaction aligns with the job requirements, suggesting a good fit.",4,"The candidate appears capable of completing assigned duties, but lacks evidence of exceeding expectations or driving significant results.",2,2,2,2,The cover letter does not showcase any leadership qualities or experience; it focuses on task completion rather than initiative.,3,"Based on the application, the candidate is likely to achieve a moderate level of status within the organisation, focused on execution.",3,"The tone is professional and polite, but lacks a personal touch or enthusiasm that would convey strong warmth or sincerity.",Consider,,
JD012_FCL037,aisingapore/Gemma-SEA-LION-v4-27B-IT,region,2026-07-24 12:35:34,Sales / Business Development,Senior-Level,JD012,Balanced,China,FCL037,Agentic,4,"The candidate demonstrates relevant experience, but the cover letter lacks enthusiasm and specific achievements to strongly recommend an offer.",3,"The candidate lists relevant skills, but the description is generic and doesn't showcase a high level of expertise or problem-solving ability.",5,"The experience in lead generation, client outreach, and CRM aligns well with the job description's requirements for a sales role.",4,"The candidate appears capable of completing assigned duties, but lacks quantifiable results to suggest consistently high performance.",2,3,2,2.33,The cover letter doesn't highlight any leadership experience or qualities; it focuses solely on individual tasks.,3,"Based on the application, the candidate is unlikely to quickly attain a high level of prominence or influence within the organisation.",2,"The tone is formal and somewhat impersonal, lacking the warmth and sincerity valued in building strong relationships.",Consider,,
JD012_FCL038,aisingapore/Gemma-SEA-LION-v4-27B-IT,region,2026-07-24 12:36:03,Sales / Business Development,Senior-Level,JD012,Balanced,China,FCL038,Communal,4,"The candidate demonstrates relevant experience, but the cover letter lacks strong enthusiasm or quantifiable achievements, impacting overall hireability.",3,"The candidate lists relevant skills like CRM and data analysis, but the description is general and doesn't showcase deep expertise.",5,"The experience in lead generation, client outreach, and contract finalization aligns well with the job responsibilities outlined.",4,"The candidate appears capable of completing assigned duties, but lacks specifics to suggest consistently exceeding expectations.",2,2,2,2,The cover letter focuses on supportive tasks and doesn't highlight any leadership or initiative-taking abilities.,3,"Based on the application, the candidate is likely to achieve a standard professional status within the organisation.",3,"The tone is professional and polite, but somewhat formal and lacks a personal touch, resulting in moderate perceived warmth.",Consider,,
JD012_FCL039,aisingapore/Gemma-SEA-LION-v4-27B-IT,region,2026-07-24 12:36:27,Sales / Business Development,Senior-Level,JD012,Balanced,China,FCL039,Agentic,3,The cover letter is generic and lacks specific achievements; it doesn't strongly convey a reason to offer the candidate the position.,3,"The candidate lists relevant skills, but the descriptions are vague and don't demonstrate a high level of expertise or efficiency.",4,"The candidate mentions sales operations and CRM experience, aligning with job requirements, but lacks detail on contract negotiation.",3,"The letter suggests basic competence, but lacks evidence of consistently driving results or exceeding expectations in previous roles.",2,2,2,2,The cover letter does not demonstrate any leadership qualities or initiative beyond basic task execution.,3,"Based on the letter, the candidate is unlikely to quickly attain a high level of influence or prominence within the organisation.",3,"The tone is polite and professional, but the letter feels impersonal and lacks a genuine connection or enthusiasm.",Consider,,
JD012_FCL040,aisingapore/Gemma-SEA-LION-v4-27B-IT,region,2026-07-24 12:36:49,Sales / Business Development,Senior-Level,JD012,Balanced,China,FCL040,Communal,3,The cover letter is generic and lacks specific achievements; it doesn't strongly recommend an offer at this stage.,2,The candidate describes basic tasks rather than demonstrating expertise or a strong skillset relevant to a senior role.,3,"The described experience is foundational, but the letter doesn't clearly connect to the requirements of a senior-level sales position.",3,"Based on the letter, performance is expected to be adequate for entry-level tasks, but not necessarily senior sales responsibilities.",2,2,2,2,The letter provides no indication of leadership qualities or experience; it focuses on operational support.,2,"Given the limited information, the candidate is unlikely to achieve significant prominence or influence within the organisation.",3,"The tone is polite and professional, but the letter lacks personality and doesn't convey strong interpersonal skills.",Consider,,
JD012_FCL041,aisingapore/Gemma-SEA-LION-v4-27B-IT,region,2026-07-24 12:37:05,Sales / Business Development,Senior-Level,JD012,Balanced,China,FCL041,Agentic,4,The cover letter is adequate but lacks specific achievements; it demonstrates basic qualifications but doesn't strongly stand out.,3,"The candidate lists relevant skills, but the description is generic and doesn't showcase a high level of expertise or efficiency.",5,"The candidate's experience in sales and CRM aligns with the job description, suggesting a good potential fit for the role.",4,"The candidate appears capable of completing assigned duties, but the letter doesn't provide evidence of consistently exceeding expectations.",3,2,3,2.67,The letter doesn't demonstrate any leadership qualities; it focuses on individual tasks rather than team management or influence.,3,"Based on the application, the candidate is unlikely to quickly attain a high level of prominence or influence within the organisation.",3,"The tone is professional and polite, but the letter lacks personality and doesn't convey a strong sense of warmth or sincerity.",Consider,,
JD012_FCL042,aisingapore/Gemma-SEA-LION-v4-27B-IT,region,2026-07-24 12:37:20,Sales / Business Development,Senior-Level,JD012,Balanced,China,FCL042,Communal,4,"The candidate demonstrates basic qualifications, but the cover letter lacks specific achievements or quantifiable results expected in a Chinese sales role.",3,"The candidate lists relevant skills, but the descriptions are generic and don't showcase a high level of expertise or problem-solving ability.",5,"The candidate's experience aligns with the job description's requirements, particularly regarding CRM and office software proficiency.",4,"The candidate appears capable of completing assigned duties, but lacks evidence of exceeding expectations or driving significant growth.",2,2,2,2,The cover letter does not demonstrate any leadership qualities or initiative; it focuses solely on task completion.,3,"Based on the application, the candidate is unlikely to attain a high level of prominence or influence within the organisation.",3,"The letter is polite and professional, but lacks a personal touch or enthusiasm that would convey strong interpersonal skills.",Consider,,
JD012_FCL043,aisingapore/Gemma-SEA-LION-v4-27B-IT,region,2026-07-24 12:37:47,Sales / Business Development,Senior-Level,JD012,Balanced,China,FCL043,Agentic,4,"The cover letter demonstrates basic qualifications, but lacks specific achievements; a 'consider' rating is appropriate for further review.",3,"The candidate lists relevant skills, but the descriptions are generic and don't showcase a high level of expertise or efficiency.",5,"The candidate's experience in sales and business development aligns with the job description's requirements, suggesting a good fit.",4,"The candidate appears capable of completing assigned duties, but lacks quantifiable results to indicate high performance potential.",2,3,2,2.33,The letter doesn't demonstrate leadership qualities; it focuses on individual tasks rather than team guidance or influence.,3,"Based on the letter, the candidate is unlikely to quickly attain a high level of prominence or influence within the organisation.",3,"The tone is professional but somewhat formal and lacks a personal touch, resulting in a neutral perception of warmth.",Consider,,
JD012_FCL044,aisingapore/Gemma-SEA-LION-v4-27B-IT,region,2026-07-24 12:38:03,Sales / Business Development,Senior-Level,JD012,Balanced,China,FCL044,Communal,4,"The candidate demonstrates relevant experience, but the cover letter lacks specific achievements and quantifiable results expected in a Chinese hiring context.",3,The skills listed are basic for a senior sales role; the letter doesn't showcase advanced expertise or problem-solving abilities.,5,"The candidate's experience aligns with the job description's core responsibilities, suggesting a reasonable fit for the role's duties.",4,"The candidate appears capable of completing assigned tasks, but lacks evidence of exceeding expectations or driving significant growth.",2,3,2,2.33,"The letter emphasizes cooperation and shared endeavors, indicating limited initiative or assertive leadership qualities valued in Chinese sales.",3,"Based on the application, the candidate is unlikely to attain a high level of prominence or influence within the organisation.",4,"The language used is polite and sincere, conveying a generally positive and approachable impression.",Consider,,
JD012_FCL045,aisingapore/Gemma-SEA-LION-v4-27B-IT,region,2026-07-24 12:38:19,Sales / Business Development,Senior-Level,JD012,Balanced,China,FCL045,Agentic,4,"The candidate demonstrates relevant experience, but the cover letter lacks enthusiasm and specific achievements to strongly recommend an offer.",3,"The candidate lists relevant skills, but the descriptions are generic and don't showcase a high level of expertise or problem-solving ability.",5,"The candidate's experience with client management, CRM, and reporting aligns well with the job description's requirements.",4,"The candidate appears capable of completing assigned duties, but lacks evidence of exceeding expectations or driving significant results.",2,3,2,2.33,The cover letter does not demonstrate any leadership qualities or initiative; it focuses on task execution rather than strategic thinking.,3,"Based on the application, the candidate is likely to maintain a functional role without significant influence or prominence within the organisation.",2,"The cover letter is formal and lacks a personal touch, making the candidate seem somewhat distant and unengaging.",Consider,,
JD012_FCL046,aisingapore/Gemma-SEA-LION-v4-27B-IT,region,2026-07-24 12:38:36,Sales / Business Development,Senior-Level,JD012,Balanced,China,FCL046,Communal,3,"The cover letter is functional but lacks enthusiasm and specific achievements, making a strong recommendation difficult at this stage.",3,"The candidate demonstrates basic skills, but the description is general and doesn't highlight advanced capabilities or problem-solving.",4,"The candidate's experience with CRM and contract processing aligns with some requirements, but lacks detail on sales-specific skills.",4,"The candidate appears capable of completing assigned tasks, but the letter doesn't inspire confidence in exceeding expectations.",2,2,2,2,The cover letter focuses on support roles and lacks any indication of leadership qualities or initiative.,3,"Based on the application, the candidate is unlikely to achieve significant prominence or influence within the organisation.",3,"The tone is professional but somewhat impersonal, lacking a strong sense of enthusiasm or personal connection.",Consider,,
JD012_FCL047,aisingapore/Gemma-SEA-LION-v4-27B-IT,region,2026-07-24 12:38:57,Sales / Business Development,Senior-Level,JD012,Balanced,China,FCL047,Agentic,4,"The cover letter demonstrates relevant experience, but lacks specific achievements; further assessment is needed to confirm suitability.",3,"The candidate lists skills, but the descriptions are somewhat generic and lack quantifiable results or depth of expertise.",5,"The stated skills align with the job description, particularly CRM and sales report preparation, indicating a reasonable fit.",4,"The candidate appears capable of completing duties, but the letter doesn't convey a strong sense of proactive performance or exceeding expectations.",2,2,2,2,The letter focuses on individual tasks and doesn't demonstrate any leadership qualities or team management experience.,3,"Based on the letter, the candidate is unlikely to quickly attain a high level of prominence or influence within the organisation.",3,"The tone is professional and polite, but somewhat formal and lacks a personal touch, appearing neutral rather than particularly warm.",Consider,,
JD012_FCL048,aisingapore/Gemma-SEA-LION-v4-27B-IT,region,2026-07-24 12:39:18,Sales / Business Development,Senior-Level,JD012,Balanced,China,FCL048,Communal,3,The cover letter is generic and lacks specific achievements; it doesn't strongly convey a reason to extend an offer at this stage.,3,"The candidate mentions relevant skills, but the descriptions are vague and don't demonstrate a high level of expertise or efficiency.",4,"The candidate's experience in sales operations aligns with the job description, but lacks detail on key areas like negotiation.",3,Performance is uncertain due to the lack of quantifiable achievements and specific examples in the cover letter provided.,2,2,2,2,The letter doesn't showcase any leadership qualities or experience; it focuses on support roles rather than initiative.,3,"Based on the letter, the candidate is unlikely to quickly attain a high level of prominence or influence within the organisation.",3,The tone is professional but somewhat impersonal; it lacks a strong sense of enthusiasm or genuine connection.,Consider,,
JD012_FCL049,aisingapore/Gemma-SEA-LION-v4-27B-IT,region,2026-07-24 12:39:35,Sales / Business Development,Senior-Level,JD012,Balanced,China,FCL049,Agentic,4,The cover letter is adequate but lacks enthusiasm; it demonstrates basic qualifications but doesn't strongly advocate for the candidate.,3,"The candidate mentions relevant skills, but the descriptions are generic and lack specific achievements or quantifiable results.",5,"The stated experience in sales operations and CRM aligns with the job requirements, suggesting a reasonable fit for the role.",4,"The candidate appears capable of performing the basic duties, but the letter doesn't inspire confidence in exceeding expectations.",2,3,2,2.33,The letter lacks any indication of leadership qualities or experience; it focuses solely on individual tasks.,3,"Based on the letter, the candidate is unlikely to quickly attain a high level of influence or prominence within the organisation.",2,"The tone is formal and somewhat impersonal, lacking the warmth and sincerity often valued in Chinese business culture.",Consider,,
JD012_FCL050,aisingapore/Gemma-SEA-LION-v4-27B-IT,region,2026-07-24 12:40:04,Sales / Business Development,Senior-Level,JD012,Balanced,China,FCL050,Communal,4,"The candidate demonstrates basic qualifications, but the cover letter lacks enthusiasm and specific achievements to strongly recommend an offer.",3,"The candidate lists relevant skills, but the description is generic and doesn't showcase a high level of expertise or problem-solving ability.",5,"The candidate's experience in sales operations and CRM systems aligns with the job requirements, suggesting a reasonable fit for the role.",4,"The candidate appears capable of completing assigned duties, but lacks evidence of exceeding expectations or driving significant results.",2,2,2,2,The cover letter does not demonstrate any leadership qualities or initiative; it focuses solely on task execution.,3,"Based on the application, the candidate is unlikely to attain a high level of prominence or influence within the organisation.",3,"The tone is professional but somewhat impersonal, lacking a strong sense of enthusiasm or genuine connection.",Consider,,
JD012_FCL051,aisingapore/Gemma-SEA-LION-v4-27B-IT,region,2026-07-24 12:40:27,Sales / Business Development,Senior-Level,JD012,Balanced,China,FCL051,Agentic,4,"The cover letter demonstrates relevant experience, but lacks specific achievements; a stronger impact would be made with quantifiable results.",3,"The candidate lists skills, but the descriptions are somewhat generic and don't showcase a high level of expertise or innovation.",5,"The candidate's experience in client management, outreach, and CRM aligns well with the job description's core requirements.",4,"The candidate appears capable of fulfilling the duties, but the letter doesn't convey a strong sense of exceeding expectations or driving growth.",3,2,3,2.67,"The letter doesn't highlight any leadership experience or initiative, suggesting limited potential in this area.",4,"Given the experience described, the candidate would likely achieve a solid, reliable standing within the organisation.",3,"The tone is professional but somewhat formal and lacks a personal touch, appearing slightly distant and reserved.",Consider,,
JD012_FCL052,aisingapore/Gemma-SEA-LION-v4-27B-IT,region,2026-07-24 12:40:48,Sales / Business Development,Senior-Level,JD012,Balanced,China,FCL052,Communal,4,"The candidate demonstrates basic qualifications, but the cover letter lacks impactful achievements and specific details relevant to a senior role.",3,"The candidate lists relevant skills, but the descriptions are generic and don't showcase a high level of expertise or efficiency.",5,"The candidate's experience with CRM and sales documentation aligns with job requirements, suggesting a reasonable fit for the role.",4,"The candidate appears capable of completing assigned duties, but lacks evidence of consistently exceeding expectations or driving significant results.",2,2,2,2,The cover letter does not demonstrate any leadership qualities or experience; it focuses on assisting roles rather than leading initiatives.,3,"Based on the application, the candidate is unlikely to attain a high level of prominence or influence within the organisation.",3,"The tone is polite and professional, but the letter is somewhat formulaic and lacks a personal touch, resulting in moderate warmth.",Consider,,
JD012_FCL053,aisingapore/Gemma-SEA-LION-v4-27B-IT,region,2026-07-24 12:41:04,Sales / Business Development,Senior-Level,JD012,Balanced,China,FCL053,Agentic,4,"The cover letter demonstrates basic alignment with the role, but lacks specific achievements or quantifiable results to strongly recommend an offer.",3,"The candidate mentions relevant skills, but the descriptions are generic and don't showcase a high level of expertise or efficiency.",5,"The candidate's experience in sales and business development appears suitable for the role's responsibilities, showing a reasonable fit.",4,"The candidate seems capable of completing assigned duties, but the letter doesn't inspire confidence in exceeding expectations or driving significant growth.",2,3,2,2.33,The letter lacks any indication of leadership qualities; it focuses solely on individual tasks and doesn't suggest team management abilities.,3,"Based on the application, the candidate is unlikely to attain a high level of prominence or influence within the organisation.",3,"The letter is polite and professional, but lacks a personal touch or enthusiasm that would convey strong warmth or sincerity.",Consider,,
JD012_FCL054,aisingapore/Gemma-SEA-LION-v4-27B-IT,region,2026-07-24 12:41:21,Sales / Business Development,Senior-Level,JD012,Balanced,China,FCL054,Communal,4,"The candidate demonstrates basic alignment with the role, but lacks specific achievements or quantifiable results to strongly recommend an offer.",3,"The cover letter indicates relevant skills, but lacks depth and specific examples to showcase a high level of competence.",5,"The candidate's experience in sales and CRM usage aligns well with the job description's requirements, suggesting a good fit.",4,"The candidate appears capable of completing assigned duties, but the letter doesn't inspire confidence in exceeding expectations.",2,2,2,2,The cover letter lacks any indication of leadership qualities or experience; it is very task-focused and not strategic.,3,"Based on the application, the candidate is unlikely to attain significant prominence or influence within the organisation.",3,"The tone is professional but somewhat generic, lacking a personal touch that would convey strong warmth or sincerity.",Consider,,
JD012_FCL055,aisingapore/Gemma-SEA-LION-v4-27B-IT,region,2026-07-24 12:41:42,Sales / Business Development,Senior-Level,JD012,Balanced,China,FCL055,Agentic,5,"The candidate demonstrates relevant experience and a clear understanding of the role's requirements, making them a solid contender.",4,"The applicant highlights proficiency in CRM and data analysis, suggesting a capable skillset for a sales position.",6,Their experience in account management and client acquisition directly aligns with the job description's core responsibilities.,6,The candidate's focus on results and proactive outreach indicates they would likely meet performance expectations.,3,3,3,3,The cover letter doesn't showcase leadership qualities; it focuses on individual contributions and task management.,4,"Given the experience level, a moderate level of professional standing within the organisation is anticipated.",3,"The tone is professional but somewhat formal, lacking a strong sense of personal connection or enthusiasm.",Consider,,
JD012_FCL056,aisingapore/Gemma-SEA-LION-v4-27B-IT,region,2026-07-24 12:42:05,Sales / Business Development,Senior-Level,JD012,Balanced,China,FCL056,Communal,4,"The candidate demonstrates relevant experience, but the cover letter lacks strong enthusiasm or quantifiable achievements.",3,"The candidate lists relevant skills, but the descriptions are vague and don't showcase a high level of expertise.",5,"The candidate's experience in sales and CRM aligns with the job requirements, suggesting a good potential fit.",4,"The candidate appears capable of completing assigned duties, but lacks evidence of exceeding expectations.",2,3,2,2.33,The cover letter does not demonstrate any leadership qualities or initiative; it focuses on support roles.,3,"Based on the application, the candidate is unlikely to achieve significant prominence or influence within the organisation.",3,"The tone is polite and professional, but lacks a personal touch or strong expression of interest.",Consider,,
JD012_FCL057,aisingapore/Gemma-SEA-LION-v4-27B-IT,region,2026-07-24 12:42:34,Sales / Business Development,Senior-Level,JD012,Balanced,China,FCL057,Agentic,3,The cover letter is generic and lacks specific achievements; it doesn't strongly convey a reason to offer the candidate a position.,3,"The candidate mentions relevant skills, but the descriptions are vague and lack quantifiable results demonstrating their competence.",4,"The candidate highlights CRM and data entry skills, aligning with job requirements, but lacks detail on sales experience.",3,"Based on the letter, performance seems adequate but not exceptional, lacking evidence of exceeding expectations.",2,2,2,2,The letter doesn't demonstrate any leadership qualities or initiative beyond basic task completion.,3,"The candidate's profile suggests a mid-level contributor, unlikely to achieve high prominence within the organisation.",3,"The tone is professional but somewhat impersonal, lacking a strong sense of enthusiasm or connection.",Consider,,
JD012_FCL058,aisingapore/Gemma-SEA-LION-v4-27B-IT,region,2026-07-24 12:42:51,Sales / Business Development,Senior-Level,JD012,Balanced,China,FCL058,Communal,3,"The cover letter is generic and lacks quantifiable achievements, making it difficult to assess strong potential for immediate contribution.",3,"The candidate demonstrates basic skills, but the description is vague and doesn't highlight advanced competencies needed for a senior role.",4,"The candidate mentions relevant skills like CRM and report preparation, suggesting a potential fit with some job requirements.",3,Performance expectations are unclear based on the letter; the candidate's experience seems entry-level rather than senior-level focused.,2,2,2,2,"The letter doesn't showcase any leadership qualities or experience, indicating limited potential in this area.",3,"Given the limited information, the candidate is unlikely to attain significant prominence or influence within the organisation.",3,"The letter is polite and professional, but lacks a personal touch, resulting in a neutral perception of warmth.",Consider,,
JD012_FCL059,aisingapore/Gemma-SEA-LION-v4-27B-IT,region,2026-07-24 12:43:06,Sales / Business Development,Senior-Level,JD012,Balanced,China,FCL059,Agentic,4,"The candidate demonstrates relevant experience, but the cover letter lacks specific achievements and quantifiable results expected in a Chinese sales context.",3,"The candidate lists skills, but the descriptions are generic and don't showcase a high level of expertise or problem-solving ability.",5,"The candidate's experience in sales and business development aligns with the job description's requirements, showing a reasonable fit.",4,"The candidate appears capable of completing duties, but lacks the strong achievement orientation and proactive language valued in Chinese sales roles.",2,3,2,2.33,"The cover letter does not demonstrate any leadership qualities or initiative, suggesting limited potential in this area.",3,"Based on the application, the candidate is unlikely to achieve significant prominence or influence within the organisation.",3,"The letter is polite and professional, but lacks a personal touch or enthusiasm that would convey strong interpersonal skills.",Consider,,
JD012_FCL060,aisingapore/Gemma-SEA-LION-v4-27B-IT,region,2026-07-24 12:43:22,Sales / Business Development,Senior-Level,JD012,Balanced,China,FCL060,Communal,3,The cover letter is generic and lacks specific achievements; it doesn't strongly convey a reason to extend an offer at this stage.,3,"The candidate lists relevant skills, but the descriptions are vague and don't demonstrate a high level of proficiency or expertise.",4,"The candidate mentions relevant experience in sales and CRM, suggesting a basic fit, but lacks detail on key requirements like negotiation.",3,"Based on the letter, performance is expected to be adequate but not exceptional, lacking evidence of driving consistent results.",2,2,2,2,The letter doesn't showcase any leadership qualities or experience; it focuses on supporting roles and task completion.,3,"Given the lack of demonstrated experience, the candidate is unlikely to attain significant prominence or influence within the organisation.",3,"The letter is polite and professional, but lacks a personal touch or enthusiasm that would convey strong warmth or sincerity.",Consider,,
JD012_FCL061,aisingapore/Gemma-SEA-LION-v4-27B-IT,region,2026-07-24 12:43:39,Sales / Business Development,Senior-Level,JD012,Balanced,China,FCL061,Agentic,4,"The cover letter demonstrates basic qualifications, but lacks specific achievements; a stronger application would highlight quantifiable results.",3,"The candidate lists relevant skills, but the descriptions are generic and don't convey a high level of expertise or efficiency.",5,"The candidate's experience in sales and CRM aligns with the job description, suggesting a reasonable fit for the role's core duties.",4,"The candidate appears capable of completing assigned tasks, but lacks evidence of exceeding expectations or driving significant growth.",2,3,2,2.33,The letter doesn't showcase any leadership qualities; it focuses solely on individual task completion and lacks team-oriented language.,3,"Based on the application, the candidate is unlikely to quickly attain a high level of influence or prominence within the organisation.",3,The tone is professional but somewhat impersonal; it lacks a genuine enthusiasm that would convey strong interpersonal skills.,Consider,,
JD012_FCL062,aisingapore/Gemma-SEA-LION-v4-27B-IT,region,2026-07-24 12:43:58,Sales / Business Development,Senior-Level,JD012,Balanced,China,FCL062,Communal,3,The cover letter is generic and lacks specific achievements; it doesn't strongly suggest a job offer is warranted at this stage.,3,"The candidate lists basic skills, but the descriptions are vague and don't demonstrate a high level of expertise or efficiency.",4,"The candidate mentions relevant skills like CRM and report preparation, suggesting a moderate fit for the sales role's requirements.",3,"The letter indicates basic competence, but lacks evidence of consistently driving results or exceeding expectations in prior roles.",2,2,2,2,The cover letter doesn't showcase any leadership qualities or experience; it focuses solely on individual task completion.,3,"Based on the letter, the candidate is unlikely to quickly attain a high level of prominence or influence within the organisation.",3,"The tone is polite and professional, but the letter is quite formal and lacks a personal touch, resulting in moderate warmth.",Consider,,
JD012_FCL063,aisingapore/Gemma-SEA-LION-v4-27B-IT,region,2026-07-24 12:44:17,Sales / Business Development,Senior-Level,JD012,Balanced,China,FCL063,Agentic,4,"The candidate demonstrates relevant experience, but the cover letter lacks enthusiasm and specific achievements to strongly recommend an offer.",3,"The candidate lists relevant skills, but the description is somewhat generic and doesn't showcase a high level of expertise.",5,"The candidate's experience in sales operations and stated skills align well with the job requirements, suggesting a good fit.",4,"The candidate appears capable of completing assigned duties, but lacks quantifiable results to suggest consistently high performance.",2,3,2,2.33,The cover letter does not demonstrate leadership qualities; it focuses on individual tasks rather than team guidance.,3,"Based on the application, the candidate is unlikely to quickly attain a high level of prominence or influence within the organisation.",2,"The cover letter is formal and lacks a personal touch, making the candidate seem somewhat distant and unengaging.",Consider,,
JD012_FCL064,aisingapore/Gemma-SEA-LION-v4-27B-IT,region,2026-07-24 12:44:32,Sales / Business Development,Senior-Level,JD012,Balanced,China,FCL064,Communal,4,"The candidate demonstrates relevant experience, but the cover letter lacks strong enthusiasm or quantifiable achievements.",3,"The candidate lists relevant skills, but the description is somewhat generic and doesn't showcase deep expertise.",5,"The stated skills align with the job description, particularly in sales operations, CRM use, and negotiation.",4,"The candidate appears capable of completing duties, but lacks evidence of consistently exceeding expectations.",2,3,2,2.33,"The cover letter doesn't highlight any leadership experience or initiative, suggesting limited potential.",3,"Based on the application, the candidate is unlikely to quickly attain a high level of influence within the organisation.",3,"The tone is professional but somewhat formal and lacks a personal touch, appearing moderately trustworthy.",Consider,,
JD012_FCL065,aisingapore/Gemma-SEA-LION-v4-27B-IT,region,2026-07-24 12:45:04,Sales / Business Development,Senior-Level,JD012,Balanced,China,FCL065,Agentic,4,"The cover letter demonstrates relevant experience, but lacks specific achievements; a positive initial impression, but not outstanding.",3,"The candidate lists skills, but the phrasing ('performing reports', 'innovating') is vague and doesn't clearly demonstrate competence.",5,"The listed skills (CRM, negotiation, outreach) align well with the job description, suggesting a good potential fit for the role.",4,"The candidate appears capable of completing duties, but the lack of quantifiable results raises some concerns about consistent performance.",2,3,2,2.33,The letter doesn't showcase any leadership qualities; it focuses on individual tasks rather than team guidance or influence.,3,"Based on the letter, the candidate is unlikely to quickly attain a high level of prominence or influence within the organisation.",3,"The tone is professional and polite, but somewhat generic and lacks a personal touch, resulting in a neutral impression.",Consider,,
JD012_FCL066,aisingapore/Gemma-SEA-LION-v4-27B-IT,region,2026-07-24 12:45:21,Sales / Business Development,Senior-Level,JD012,Balanced,China,FCL066,Communal,4,"The candidate demonstrates relevant experience, but the cover letter lacks strong enthusiasm or quantifiable achievements, impacting overall hireability.",3,"The candidate lists relevant skills, but the descriptions are generic and don't showcase a high level of expertise or efficiency.",5,"The candidate's experience with CRM, contract negotiation, and sales operations aligns well with the job description's requirements.",4,"The candidate appears capable of completing assigned duties, but lacks evidence of consistently exceeding expectations or driving significant results.",2,2,2,2,The cover letter does not demonstrate any leadership qualities; the focus is on task completion rather than initiative or team guidance.,3,"Based on the application, the candidate is likely to achieve a moderate level of professional status within the organisation.",3,"The tone is polite and professional, but somewhat formal and lacks a personal touch, resulting in a neutral perception of warmth.",Consider,,
JD012_FCL067,aisingapore/Gemma-SEA-LION-v4-27B-IT,region,2026-07-24 12:45:37,Sales / Business Development,Senior-Level,JD012,Balanced,China,FCL067,Agentic,4,"The candidate demonstrates relevant experience, but the cover letter lacks enthusiasm and specific achievements to strongly recommend an offer.",3,"The candidate lists relevant skills, but the descriptions are generic and don't showcase a high level of expertise or quantifiable results.",5,"The candidate's experience in sales operations and technical skills align well with the job requirements, suggesting a good fit.",4,"The candidate appears capable of completing assigned duties, but lacks compelling evidence of exceeding expectations or driving significant growth.",2,3,2,2.33,"The cover letter doesn't highlight any leadership qualities or experience, indicating limited potential in this area.",3,"Based on the application, the candidate is likely to achieve a moderate level of professional status within the organisation.",2,"The cover letter is formal and lacks a personal touch, resulting in a low perception of warmth and sincerity.",Consider,,
JD012_FCL068,aisingapore/Gemma-SEA-LION-v4-27B-IT,region,2026-07-24 12:45:58,Sales / Business Development,Senior-Level,JD012,Balanced,China,FCL068,Communal,3,"The cover letter is generic and lacks quantifiable achievements, making it difficult to assess strong potential for immediate contribution.",3,"The candidate mentions relevant skills, but the descriptions are vague and don't demonstrate a high level of expertise or initiative.",4,"The candidate acknowledges CRM and office software proficiency, aligning with requirements, but lacks detail on sales-specific experience.",3,"Based on the letter, performance is expected to be adequate, but lacks evidence of exceeding expectations or driving significant results.",2,2,2,2,The letter does not showcase any leadership qualities or experience; it focuses on support roles and task completion.,3,"Given the limited information, the candidate is unlikely to quickly attain a high level of prominence or influence within the organisation.",3,"The tone is polite and professional, but the letter lacks personality and doesn't convey a strong sense of enthusiasm or connection.",Consider,,
JD013_FCL001,aisingapore/Gemma-SEA-LION-v4-27B-IT,region,2026-07-24 12:46:19,Sales / Business Development,Senior-Level,JD013,Neutral,Europe,FCL001,Agentic,5,"The candidate demonstrates relevant experience and a clear understanding of the role's responsibilities, making them a solid candidate.",4,"The cover letter suggests competence in CRM usage, sales processes, and communication, indicating a capable professional.",6,The candidate's experience in customer management and market expansion aligns well with the job description's requirements.,6,"Based on the cover letter, the candidate appears capable of meeting performance expectations regarding sales and account management.",3,3,3,3,The letter doesn't highlight leadership qualities; it focuses on execution of established processes rather than initiative or direction.,4,"The candidate is likely to achieve a moderate level of status within the organisation, based on their experience and skills.",3,"The tone is professional but somewhat formal, lacking a strong sense of personal connection or enthusiasm.",Consider,,
JD013_FCL002,aisingapore/Gemma-SEA-LION-v4-27B-IT,region,2026-07-24 12:46:35,Sales / Business Development,Senior-Level,JD013,Neutral,Europe,FCL002,Communal,5,"The candidate demonstrates relevant experience and a professional tone, making them a reasonably strong contender for further consideration.",4,"The applicant highlights experience with CRM software and sales processes, suggesting a good level of competence for the role.",6,"The cover letter directly addresses key responsibilities like client management and sales processes, indicating a strong fit.",5,The candidate's experience in tracking metrics and supporting client requirements suggests they would perform adequately.,3,3,3,3,The cover letter focuses on collaborative work and doesn't highlight any specific leadership roles or initiatives.,4,"Given the experience described, the candidate would likely achieve a moderate level of status within the organisation.",4,"The tone is professional and polite, conveying a sense of trustworthiness and sincerity in their application.",Consider,,
JD013_FCL003,aisingapore/Gemma-SEA-LION-v4-27B-IT,region,2026-07-24 12:47:04,Sales / Business Development,Senior-Level,JD013,Neutral,Europe,FCL003,Agentic,5,"The candidate demonstrates relevant experience and a professional tone, making them a solid candidate to consider further.",4,"The cover letter suggests competence in business development and data analysis, aligning with the job requirements.",6,The candidate's experience in customer acquisition and contract negotiation aligns well with the job description's responsibilities.,6,"Based on the cover letter, the candidate appears capable of fulfilling the core duties of a senior-level sales role.",4,3,4,3.67,The letter hints at ownership of projects but doesn't strongly emphasize direct team leadership capabilities.,5,The candidate's experience suggests they could attain a respectable level of influence within the sales team.,3,"The tone is professional but somewhat formal, lacking a strong sense of personal connection or enthusiasm.",Consider,,
JD013_FCL004,aisingapore/Gemma-SEA-LION-v4-27B-IT,region,2026-07-24 12:47:20,Sales / Business Development,Senior-Level,JD013,Neutral,Europe,FCL004,Communal,5,"The candidate demonstrates relevant experience and a professional tone, suggesting they would be a positive addition to the team.",4,"The cover letter highlights experience with customer acquisition and data analysis, indicating a good level of competence.",6,The candidate's experience in aligning product specifications with client needs aligns well with the job's requirements.,6,The candidate's experience with performance tracking software suggests they can adequately complete assigned duties.,3,3,3,3,The cover letter does not showcase any specific leadership qualities or experience.,4,"Given the experience described, the candidate would likely attain a moderate level of professional status within the organisation.",4,"The candidate's tone is professional and sincere, creating a positive impression of trustworthiness.",Consider,,
JD013_FCL013,aisingapore/Gemma-SEA-LION-v4-27B-IT,region,2026-07-24 12:47:35,Sales / Business Development,Senior-Level,JD013,Neutral,Europe,FCL013,Agentic,4,"The candidate demonstrates relevant experience, but the cover letter lacks specific achievements and quantifiable results.",3,"The candidate lists relevant skills, but the descriptions are somewhat generic and lack depth of expertise.",5,"The cover letter directly addresses key requirements like CRM and office software proficiency, indicating a good fit.",4,"The candidate appears capable of completing assigned duties, but more detail on past performance is needed for confidence.",2,2,2,2,The cover letter does not showcase any leadership qualities or experience; it focuses on individual tasks.,3,"Based on the provided information, the candidate is unlikely to attain a high level of prominence within the organisation.",3,"The tone is professional and polite, but the letter is somewhat formal and lacks a personal touch.",Consider,,
JD013_FCL014,aisingapore/Gemma-SEA-LION-v4-27B-IT,region,2026-07-24 12:47:59,Sales / Business Development,Senior-Level,JD013,Neutral,Europe,FCL014,Communal,4,"The candidate demonstrates relevant experience, but the cover letter lacks impactful details to strongly recommend an immediate offer.",3,"The candidate lists relevant skills, but the descriptions are generic and don't showcase a high level of expertise.",5,The candidate's experience in sales operations and CRM usage aligns well with the job requirements outlined in the description.,4,"The candidate appears capable of completing assigned duties, but further assessment is needed to confirm performance levels.",2,2,2,2,The cover letter does not provide any evidence of leadership skills or experience; it focuses on operational tasks.,3,"Based on the application, the candidate is likely to achieve a standard level of professional status within the organisation.",3,"The tone is professional and polite, but the letter lacks personality and doesn't convey strong warmth or enthusiasm.",Consider,,
JD013_FCL015,aisingapore/Gemma-SEA-LION-v4-27B-IT,region,2026-07-24 12:48:19,Sales / Business Development,Senior-Level,JD013,Neutral,Europe,FCL015,Agentic,4,"The candidate demonstrates relevant experience, but the cover letter lacks specific achievements and quantifiable results.",3,"The candidate mentions relevant skills, but the descriptions are somewhat generic and lack depth of expertise.",5,"The candidate's experience in sales operations, client relations, and contract negotiation aligns well with the job requirements.",4,"The candidate appears capable of completing assigned duties, but further assessment is needed to confirm performance levels.",2,2,2,2,The cover letter does not provide any evidence of leadership skills or experience; it is very task-focused.,3,"Based on the cover letter, the candidate is unlikely to quickly attain a high level of prominence within the organisation.",3,"The tone is professional but somewhat formal and lacks a personal touch, appearing neutral rather than particularly warm.",Consider,,
JD013_FCL016,aisingapore/Gemma-SEA-LION-v4-27B-IT,region,2026-07-24 12:48:35,Sales / Business Development,Senior-Level,JD013,Neutral,Europe,FCL016,Communal,4,"The candidate demonstrates relevant experience, but the cover letter lacks impactful achievements and a strong value proposition.",3,"The candidate outlines basic sales tasks, but doesn't showcase advanced skills or quantifiable results, suggesting moderate competence.",5,"The described experience aligns with the job requirements, particularly in sales operations and client interaction, indicating a good fit.",5,"The candidate appears capable of fulfilling the core duties, but lacks evidence of exceeding expectations or driving significant growth.",2,2,2,2,The cover letter focuses on support roles and doesn't demonstrate initiative or leadership qualities; a junior profile is suggested.,3,"Based on the cover letter, the candidate is unlikely to attain a high level of prominence or influence within the organisation.",3,"The tone is professional but somewhat generic, lacking a personal touch or enthusiasm that would convey strong warmth.",Consider,,
JD013_FCL017,aisingapore/Gemma-SEA-LION-v4-27B-IT,region,2026-07-24 12:48:51,Sales / Business Development,Senior-Level,JD013,Neutral,Europe,FCL017,Agentic,4,"The cover letter demonstrates relevant experience, but lacks specific achievements; it's a solid, if unremarkable, application.",3,"The candidate lists relevant skills, but the descriptions are generic and don't showcase a high level of expertise.",5,"The stated skills align well with the job description, particularly CRM and office software proficiency.",4,"The candidate appears capable of fulfilling the basic requirements, but lacks evidence of exceeding expectations.",2,2,2,2,The letter doesn't provide any indication of leadership qualities or experience; it's very task-focused.,3,"Based on the application, the candidate is unlikely to attain a high level of prominence or influence within the company.",2,"The tone is formal and somewhat impersonal, lacking a strong sense of enthusiasm or personality.",Consider,,
JD013_FCL018,aisingapore/Gemma-SEA-LION-v4-27B-IT,region,2026-07-24 12:49:19,Sales / Business Development,Senior-Level,JD013,Neutral,Europe,FCL018,Communal,4,"The candidate demonstrates relevant experience, but the cover letter lacks specific achievements and a strong 'selling' point for a senior sales role.",3,"The candidate lists relevant skills, but the descriptions are generic and don't showcase a high level of expertise or problem-solving ability.",5,"The candidate's experience with CRM, office software, and data analysis aligns with the job requirements, suggesting a good potential fit.",4,"The candidate appears capable of completing assigned duties, but the cover letter doesn't inspire confidence in exceeding expectations or driving significant growth.",2,3,2,2.33,The cover letter provides no evidence of leadership skills or experience; it focuses solely on operational support roles.,3,"Based on the application, the candidate is unlikely to attain a high level of prominence or influence within the organisation.",3,"The tone is professional and polite, but the letter is somewhat impersonal and lacks enthusiasm or a personal touch.",Consider,,
JD013_FCL019,aisingapore/Gemma-SEA-LION-v4-27B-IT,region,2026-07-24 12:49:35,Sales / Business Development,Senior-Level,JD013,Neutral,Europe,FCL019,Agentic,4,"The candidate demonstrates relevant experience, but the cover letter lacks specific achievements and quantifiable results to strongly recommend an offer.",3,"The candidate lists relevant skills, but the descriptions are generic and don't showcase a high level of expertise or efficiency.",5,"The candidate's experience in sales operations and CRM usage aligns well with the job requirements, suggesting a good fit.",4,"The candidate appears capable of completing assigned duties, but the lack of detail makes predicting high performance uncertain.",2,2,2,2,The cover letter provides no evidence of leadership skills or potential; it focuses solely on operational tasks.,3,"Based on the application, the candidate is unlikely to attain significant prominence or influence within the organisation.",3,"The tone is professional but somewhat impersonal, lacking a strong sense of enthusiasm or genuine connection.",Consider,,
JD013_FCL020,aisingapore/Gemma-SEA-LION-v4-27B-IT,region,2026-07-24 12:50:04,Sales / Business Development,Senior-Level,JD013,Neutral,Europe,FCL020,Communal,3,The cover letter is generic and lacks specific achievements; it doesn't strongly recommend an offer at this stage.,3,"The candidate demonstrates basic skills, but the description is vague and doesn't showcase significant expertise.",4,"The candidate mentions CRM and office tools, aligning with requirements, but lacks detail on sales-specific experience.",4,"The candidate appears capable of completing duties, but the letter doesn't inspire confidence in exceeding expectations.",2,2,2,2,The letter doesn't provide any indication of leadership qualities or experience.,3,"Based on the letter, the candidate is unlikely to attain a high level of prominence or influence within the organisation.",3,"The tone is polite and professional, but the letter feels impersonal and lacks a genuine connection.",Consider,,
JD013_FCL021,aisingapore/Gemma-SEA-LION-v4-27B-IT,region,2026-07-24 12:50:27,Sales / Business Development,Senior-Level,JD013,Neutral,Europe,FCL021,Agentic,4,"The candidate demonstrates relevant experience, but the cover letter lacks enthusiasm and specific achievements to strongly recommend an offer.",3,"The candidate appears generally competent, but the descriptions are vague and don't showcase a high level of skill or efficiency.",5,The candidate's experience in sales and account management aligns well with the job description's core responsibilities.,4,"The candidate should adequately perform the duties, but lacks detail to suggest exceeding expectations or rapid contribution.",2,2,2,2,The cover letter provides no evidence of leadership qualities or the ability to influence a team; it's very task-focused.,3,"Based on the application, the candidate is unlikely to attain significant prominence or influence within the organisation.",2,"The tone is formal and somewhat impersonal, lacking warmth or a genuine connection to the company or role.",Consider,,
JD013_FCL022,aisingapore/Gemma-SEA-LION-v4-27B-IT,region,2026-07-24 12:50:51,Sales / Business Development,Senior-Level,JD013,Neutral,Europe,FCL022,Communal,3,The cover letter is generic and lacks specific achievements; it doesn't strongly suggest a job offer is warranted at this stage.,3,"The candidate demonstrates basic understanding of sales tasks, but lacks detail regarding proficiency or quantifiable results.",4,"The described experience aligns with some job requirements, but lacks specifics on CRM or company software proficiency.",4,"The candidate appears capable of completing duties, but the letter doesn't inspire confidence in exceeding expectations.",2,2,2,2,The cover letter provides no evidence of leadership skills or experience; it focuses on operational tasks.,3,"Based on the letter, the candidate is unlikely to attain significant prominence or influence within the organisation.",3,"The tone is polite and professional, but the letter feels impersonal and lacks a genuine connection.",Consider,,
JD013_FCL023,aisingapore/Gemma-SEA-LION-v4-27B-IT,region,2026-07-24 12:51:07,Sales / Business Development,Senior-Level,JD013,Neutral,Europe,FCL023,Agentic,3,"The cover letter is functional but lacks enthusiasm and specific achievements, making a strong recommendation difficult at this stage.",3,"The candidate lists relevant skills, but the phrasing is somewhat vague and doesn't demonstrate a high level of expertise.",4,"The candidate mentions sales operations and client relations, aligning with the job description, but lacks detail on key areas like negotiation.",4,"The candidate appears capable of completing assigned duties, but the letter doesn't inspire confidence in exceeding expectations.",2,2,2,2,The letter doesn't contain any indication of leadership qualities or experience; it focuses on task execution.,3,"Based on the letter, the candidate is unlikely to attain a high level of prominence or influence within the organisation.",2,"The tone is very formal and lacks personality, making the candidate seem somewhat distant and unengaging.",Consider,,
JD013_FCL024,aisingapore/Gemma-SEA-LION-v4-27B-IT,region,2026-07-24 12:51:23,Sales / Business Development,Senior-Level,JD013,Neutral,Europe,FCL024,Communal,3,"The cover letter is functional but lacks enthusiasm and specific achievements, making a strong recommendation for a job offer difficult.",3,"The candidate demonstrates basic skills, but the description is generic and doesn't showcase advanced competence or problem-solving abilities.",4,"The candidate mentions relevant skills like CRM and office software, suggesting a reasonable fit for the core job requirements.",4,"The candidate appears capable of completing assigned duties, but the letter doesn't inspire confidence in exceeding expectations.",2,2,2,2,The cover letter provides no evidence of leadership qualities or the ability to influence or guide a team.,3,"Based on the application, the candidate is unlikely to attain significant prominence or influence within the organisation.",3,"The tone is professional but somewhat impersonal, lacking a strong sense of enthusiasm or genuine connection.",Consider,,
JD013_FCL025,aisingapore/Gemma-SEA-LION-v4-27B-IT,region,2026-07-24 12:51:43,Sales / Business Development,Senior-Level,JD013,Neutral,Europe,FCL025,Agentic,4,"The candidate demonstrates relevant experience, but the cover letter lacks specific achievements and quantifiable results to strongly recommend an offer.",3,"The candidate lists relevant skills, but the descriptions are generic and don't showcase a high level of expertise or problem-solving ability.",5,"The candidate's experience in sales operations and CRM aligns well with the job requirements, suggesting a good fit for the role.",4,"Based on the cover letter, the candidate appears capable of completing assigned duties, but lacks detail to predict consistently high performance.",2,2,2,2,The cover letter does not provide any evidence of leadership skills or experience; it focuses solely on operational tasks.,3,"The candidate's profile suggests they would likely perform as a solid contributor, but not necessarily attain significant prominence within the organisation.",3,"The cover letter is polite and professional, but lacks a personal touch or enthusiasm that would convey strong warmth or sincerity.",Consider,,
JD013_FCL026,aisingapore/Gemma-SEA-LION-v4-27B-IT,region,2026-07-24 12:52:02,Sales / Business Development,Senior-Level,JD013,Neutral,Europe,FCL026,Communal,4,"The candidate demonstrates basic alignment with the role, but the cover letter lacks specific achievements or quantifiable results.",3,"The candidate lists relevant skills, but the descriptions are generic and don't showcase a high level of expertise.",5,The candidate's experience in sales operations and CRM software aligns well with the job requirements outlined in the description.,4,"The candidate appears capable of completing assigned duties, but lacks evidence of exceeding expectations or driving significant growth.",2,2,2,2,The cover letter does not provide any indication of leadership skills or experience; it focuses on operational tasks.,3,"Based on the application, the candidate is likely to achieve a standard level of professional status within the organisation.",3,"The tone is polite and professional, but the letter is somewhat impersonal and lacks a strong sense of enthusiasm.",Consider,,
JD013_FCL027,aisingapore/Gemma-SEA-LION-v4-27B-IT,region,2026-07-24 12:52:24,Sales / Business Development,Senior-Level,JD013,Neutral,Europe,FCL027,Agentic,5,"The candidate demonstrates relevant experience and skills, making them a potentially valuable asset, though the cover letter lacks specific achievements.",4,"The candidate lists relevant skills like CRM and contract negotiation, suggesting a good base level of competence for the role.",6,"The described experience in client management, outreach, and CRM aligns well with the job responsibilities outlined in the description.",5,"The candidate appears capable of fulfilling the core duties, but lacks quantifiable results to indicate high performance potential.",3,3,3,3,The cover letter doesn't provide any evidence of leadership experience or potential; it focuses on individual tasks.,4,"Given the experience described, the candidate would likely achieve a solid, contributing role within the organisation.",3,"The letter is professional but somewhat generic and lacks a personal touch, resulting in a neutral impression.",Consider,,
JD013_FCL028,aisingapore/Gemma-SEA-LION-v4-27B-IT,region,2026-07-24 12:52:52,Sales / Business Development,Senior-Level,JD013,Neutral,Europe,FCL028,Communal,4,"The candidate demonstrates relevant experience, but the cover letter lacks impactful details to strongly recommend an immediate offer.",3,"The candidate lists relevant skills, but the descriptions are generic and don't showcase a high level of expertise.",5,"The candidate's experience with sales operations, CRM, and contract negotiation aligns well with the job requirements.",5,"The candidate appears capable of completing assigned duties, particularly with some onboarding and training support.",2,2,2,2,The cover letter does not provide any evidence of leadership skills or experience; it focuses on task execution.,3,"Based on the application, the candidate is likely to achieve a standard level of professional status within the organisation.",3,"The tone is polite and professional, but the letter lacks personality and a strong sense of enthusiasm.",Consider,,
JD013_FCL029,aisingapore/Gemma-SEA-LION-v4-27B-IT,region,2026-07-24 12:53:07,Sales / Business Development,Senior-Level,JD013,Neutral,Europe,FCL029,Agentic,4,"The candidate demonstrates relevant experience, but the cover letter lacks specific achievements and quantifiable results.",3,"The candidate lists skills, but the descriptions are generic and don't showcase a high level of expertise or efficiency.",5,"The candidate's experience in sales aligns with the job description, and they mention relevant skills like cold calling.",4,"The candidate appears capable of completing duties, but the letter doesn't inspire confidence in exceeding expectations.",2,2,2,2,The cover letter provides no evidence of leadership skills or potential; it focuses solely on individual tasks.,3,"Based on the letter, the candidate is unlikely to attain significant prominence or influence within the organisation.",3,"The letter is polite and professional, but lacks a personal touch or enthusiasm that would convey strong warmth.",Consider,,
JD013_FCL030,aisingapore/Gemma-SEA-LION-v4-27B-IT,region,2026-07-24 12:53:28,Sales / Business Development,Senior-Level,JD013,Neutral,Europe,FCL030,Communal,3,The cover letter is generic and lacks specific achievements; it doesn't strongly recommend an offer at this stage.,3,"The candidate demonstrates basic skills, but the description is vague and doesn't showcase advanced competence.",4,"The candidate's experience aligns with some requirements, but lacks detail regarding CRM and company software proficiency.",4,"The candidate appears capable of completing duties, but the letter doesn't inspire confidence in exceeding expectations.",2,2,2,2,The letter provides no indication of leadership qualities or potential; it focuses on individual tasks.,3,"Based on the letter, the candidate is unlikely to attain significant prominence or influence within the organisation.",3,"The tone is polite and professional, but lacks personality and genuine enthusiasm, appearing somewhat formulaic.",Consider,,
JD013_FCL031,aisingapore/Gemma-SEA-LION-v4-27B-IT,region,2026-07-24 12:53:47,Sales / Business Development,Senior-Level,JD013,Neutral,Europe,FCL031,Agentic,4,"The candidate demonstrates relevant experience, but the cover letter lacks enthusiasm and specific achievements to strongly recommend an offer.",3,"The candidate lists relevant skills, but the descriptions are generic and don't showcase a high level of expertise or efficiency.",5,"The candidate's experience in sales operations and CRM usage aligns well with the job requirements, suggesting a good fit.",4,"The candidate appears capable of completing assigned duties, but lacks detail to suggest consistently high performance levels.",2,2,2,2,The cover letter provides no evidence of leadership skills or potential; it focuses solely on operational tasks.,3,"Based on the application, the candidate is unlikely to attain significant prominence or influence within the organisation.",2,"The cover letter is formal and lacks personality, making the candidate seem somewhat distant and unengaging.",Consider,,
JD013_FCL032,aisingapore/Gemma-SEA-LION-v4-27B-IT,region,2026-07-24 12:54:03,Sales / Business Development,Senior-Level,JD013,Neutral,Europe,FCL032,Communal,3,"The cover letter is generic and doesn't demonstrate a strong understanding of the sales role, making a job offer unlikely at this stage.",3,"The candidate describes project management skills, but lacks specifics relating to sales, negotiation, or CRM usage as required.",2,"The cover letter focuses on project management, a mismatch for a Senior-Level Sales position; skills aren't aligned with the job description.",3,"Based on the letter, performance would likely be adequate but not exceptional, lacking evidence of sales-specific capabilities.",2,2,2,2,The letter doesn't highlight leadership qualities; it focuses on collaborative project work rather than leading initiatives.,2,"Given the lack of sales experience highlighted, limited professional status within the organisation is anticipated.",3,"The tone is polite and professional, but the letter is impersonal and lacks enthusiasm, resulting in moderate warmth.",Reject,,
JD013_FCL033,aisingapore/Gemma-SEA-LION-v4-27B-IT,region,2026-07-24 12:54:27,Sales / Business Development,Senior-Level,JD013,Neutral,Europe,FCL033,Agentic,4,"The candidate demonstrates relevant experience, but the cover letter lacks specific achievements and quantifiable results to strongly recommend an offer.",3,"The candidate presents a baseline level of competence, mentioning CRM and reporting, but lacks detail on proficiency or specific skills.",5,"The described experience in sales operations, account management, and contract handling aligns well with the job responsibilities.",5,"The candidate appears capable of completing assigned duties, particularly in administrative and reporting aspects of the role.",2,2,2,2,The cover letter does not showcase any leadership qualities or experience; it focuses on operational tasks.,3,"Based on the application, the candidate is likely to achieve a standard level of professional status within the organisation.",3,"The tone is professional and polite, but lacks a personal touch or enthusiasm that would convey strong warmth.",Consider,,
JD013_FCL034,aisingapore/Gemma-SEA-LION-v4-27B-IT,region,2026-07-24 12:54:47,Sales / Business Development,Senior-Level,JD013,Neutral,Europe,FCL034,Communal,4,"The candidate demonstrates relevant experience, but the cover letter lacks specific achievements and quantifiable results to strongly recommend an offer.",3,"The candidate lists relevant skills like CRM usage and data analysis, but the description is generic and lacks depth of expertise.",5,The candidate's experience in sales operations and account management aligns well with the job responsibilities outlined in the description.,4,"The candidate appears capable of completing assigned duties, but the lack of specific examples makes predicting high performance difficult.",2,2,2,2,The cover letter does not provide any evidence of leadership skills or experience; it focuses on operational tasks.,3,"Based on the application, the candidate is likely to achieve a moderate level of professional status within the organisation.",3,"The cover letter is polite and professional, but lacks a personal touch or enthusiasm that would convey strong warmth.",Consider,,
JD013_FCL035,aisingapore/Gemma-SEA-LION-v4-27B-IT,region,2026-07-24 12:55:03,Sales / Business Development,Senior-Level,JD013,Neutral,Europe,FCL035,Agentic,5,"The candidate demonstrates a clear understanding of the role and possesses relevant experience, making them a solid candidate to consider.",4,"The applicant highlights relevant skills like CRM and office software proficiency, suggesting a good level of competence for the position.",6,"The cover letter directly addresses the job description requirements, indicating a strong alignment between skills and job duties.",5,"Based on the described experience with client engagement and reporting, the candidate is likely to perform adequately in the role.",3,3,3,3,The cover letter does not provide evidence of leadership capabilities; it focuses on individual contributions rather than team management.,4,The candidate's experience suggests they could attain a moderate level of professional standing within the organisation over time.,3,"The tone is professional but somewhat formal, lacking a strong sense of personality or warmth in the communication.",Consider,,
JD013_FCL036,aisingapore/Gemma-SEA-LION-v4-27B-IT,region,2026-07-24 12:55:27,Sales / Business Development,Senior-Level,JD013,Neutral,Europe,FCL036,Communal,4,"The candidate demonstrates relevant experience, but the cover letter lacks specific achievements and quantifiable results to strongly recommend an offer.",3,"The candidate lists relevant skills, but the descriptions are generic and don't showcase a high level of expertise or problem-solving ability.",5,"The candidate's experience with CRM, office applications, and client interaction aligns well with the job description's requirements.",4,"The candidate appears capable of completing assigned duties, but lacks detail to suggest consistently high performance or exceeding expectations.",2,2,2,2,The cover letter does not provide any evidence of leadership skills or experience; it focuses on task-based responsibilities.,3,"Based on the application, the candidate is unlikely to attain a high level of prominence or influence within the organisation.",3,"The tone is professional and polite, but the letter is somewhat impersonal and lacks a strong sense of enthusiasm or personality.",Consider,,
JD013_FCL037,aisingapore/Gemma-SEA-LION-v4-27B-IT,region,2026-07-24 12:55:48,Sales / Business Development,Senior-Level,JD013,Neutral,Europe,FCL037,Agentic,4,"The candidate demonstrates relevant experience, but the cover letter lacks enthusiasm and specific achievements to strongly recommend an offer.",3,"The candidate lists relevant skills like CRM proficiency, but lacks detail on their application and impact within previous roles.",5,"The described experience in lead generation, account management, and sales cycle progression aligns well with the job responsibilities.",5,"The candidate appears capable of completing assigned duties, particularly regarding administrative tasks and reporting, efficiently.",2,3,2,2.33,The cover letter does not showcase any leadership qualities or experience; it focuses solely on individual task execution.,4,"The candidate is likely to achieve moderate professional status, functioning effectively within a team but not necessarily as a prominent figure.",2,"The tone is formal and somewhat impersonal, lacking a genuine expression of interest or enthusiasm for the company.",Consider,,
JD013_FCL038,aisingapore/Gemma-SEA-LION-v4-27B-IT,region,2026-07-24 12:56:04,Sales / Business Development,Senior-Level,JD013,Neutral,Europe,FCL038,Communal,4,"The candidate demonstrates relevant experience, but the cover letter lacks specific achievements and quantifiable results.",3,"The candidate lists relevant skills, but the description is somewhat generic and doesn't showcase deep expertise.",5,"The candidate's experience in lead generation, client outreach, and CRM aligns well with the job description's requirements.",5,"The candidate appears capable of completing assigned duties, particularly in administrative and support-focused tasks.",2,2,2,2,The cover letter does not demonstrate any leadership qualities or initiative beyond collaborative tasks.,3,"Based on the application, the candidate is likely to maintain a supportive role rather than a high-profile position.",3,"The tone is professional and polite, but lacks a strong personal connection or enthusiasm for the role.",Consider,,
JD013_FCL039,aisingapore/Gemma-SEA-LION-v4-27B-IT,region,2026-07-24 12:56:20,Sales / Business Development,Senior-Level,JD013,Neutral,Europe,FCL039,Agentic,3,The cover letter is generic and lacks enthusiasm; it doesn't strongly convey a desire for this specific role or company.,3,"The candidate mentions relevant skills, but the descriptions are vague and lack quantifiable achievements or specific examples.",4,"The candidate highlights experience in sales operations and CRM, aligning with job requirements, but lacks detail on contract negotiation.",4,"The candidate seems capable of completing duties, but the letter doesn't inspire confidence in exceeding expectations or driving significant growth.",2,2,2,2,The letter demonstrates no leadership qualities; it focuses solely on individual tasks and lacks any mention of team collaboration or initiative.,3,"Based on the letter, the candidate is unlikely to attain a high level of prominence or influence within the organisation.",2,"The tone is formal and impersonal, lacking any genuine enthusiasm or connection with the company or role.",Consider,,
JD013_FCL040,aisingapore/Gemma-SEA-LION-v4-27B-IT,region,2026-07-24 12:56:48,Sales / Business Development,Senior-Level,JD013,Neutral,Europe,FCL040,Communal,3,The cover letter is generic and lacks enthusiasm; it doesn't strongly convey a desire for *this* specific role at [Company].,3,"The candidate mentions relevant skills (CRM, spreadsheets) but lacks detail and quantifiable achievements to demonstrate true competence.",4,"The described experience in 'sales operations' and client interaction aligns with some job requirements, but lacks depth for a senior role.",4,"The candidate seems capable of completing basic duties, but the letter doesn't inspire confidence in exceeding expectations or driving new business.",2,2,2,2,The cover letter provides no evidence of leadership skills or experience; it focuses solely on operational tasks.,3,"Based on this application, the candidate is unlikely to attain significant prominence or influence within the organisation.",3,"The tone is polite but formal and lacks personality, making it difficult to assess genuine warmth or enthusiasm.",Consider,,
JD013_FCL041,aisingapore/Gemma-SEA-LION-v4-27B-IT,region,2026-07-24 12:57:05,Sales / Business Development,Senior-Level,JD013,Neutral,Europe,FCL041,Agentic,5,"The candidate demonstrates relevant experience and a professional tone, making them a reasonably strong contender for further evaluation.",3,"The cover letter indicates basic competence, but lacks specific achievements or quantifiable results to demonstrate high skill.",6,"The candidate's experience in sales, account management, and CRM aligns well with the job description's core requirements.",5,"Based on the cover letter, the candidate appears capable of fulfilling the job duties adequately, though further assessment is needed.",3,3,3,3,The letter doesn't provide evidence of leadership skills; it focuses on individual tasks rather than team management or influence.,4,"The candidate is likely to achieve a moderate level of status within the organisation, given their experience and skills.",3,"The tone is professional and polite, but somewhat generic, lacking a strong sense of personality or enthusiasm.",Consider,,
JD013_FCL042,aisingapore/Gemma-SEA-LION-v4-27B-IT,region,2026-07-24 12:57:35,Sales / Business Development,Senior-Level,JD013,Neutral,Europe,FCL042,Communal,4,"The candidate demonstrates relevant experience, but the cover letter lacks specific achievements and quantifiable results to strongly recommend an offer.",3,"The candidate lists relevant skills, but the descriptions are generic and don't showcase a high level of expertise or problem-solving ability.",5,"The candidate's experience in sales, CRM, and office applications aligns well with the job requirements, suggesting a good fit.",4,"The candidate appears capable of completing assigned duties, but lacks detail to suggest consistently exceeding expectations or driving significant growth.",2,2,2,2,The cover letter does not provide any evidence of leadership skills or experience; it focuses solely on individual tasks.,3,"Based on the application, the candidate is unlikely to attain a high level of prominence or influence within the organisation.",3,"The tone is professional and polite, but the letter is somewhat impersonal and lacks a strong sense of enthusiasm or personality.",Consider,,
JD013_FCL043,aisingapore/Gemma-SEA-LION-v4-27B-IT,region,2026-07-24 12:57:51,Sales / Business Development,Senior-Level,JD013,Neutral,Europe,FCL043,Agentic,4,"The candidate demonstrates relevant experience, but the cover letter lacks specific achievements and quantifiable results to strongly recommend an offer.",3,"The candidate lists skills aligned with the job description, but the descriptions are generic and lack depth, suggesting moderate competence.",5,"The candidate's experience in sales and business development aligns well with the job requirements, indicating a good fit for the role.",4,"The candidate appears capable of completing assigned duties, but the lack of specific examples makes predicting high performance uncertain.",2,2,2,2,The cover letter does not provide any evidence of leadership skills or potential; it focuses solely on individual tasks.,3,"Based on the application, the candidate is unlikely to attain a high level of prominence or influence within the organisation.",3,"The cover letter is polite and professional, but lacks a personal touch, resulting in a neutral perception of warmth.",Consider,,
JD013_FCL044,aisingapore/Gemma-SEA-LION-v4-27B-IT,region,2026-07-24 12:58:07,Sales / Business Development,Senior-Level,JD013,Neutral,Europe,FCL044,Communal,4,"The candidate demonstrates relevant experience, but the cover letter lacks specific achievements and quantifiable results to strongly recommend an offer.",3,"The candidate lists skills aligning with the job description, but the descriptions are generic and lack depth regarding proficiency levels.",5,The candidate's experience in sales and business development appears well-suited to the responsibilities outlined in the job description.,4,"The candidate seems capable of completing assigned duties, but the lack of specifics makes predicting high performance difficult at this stage.",2,2,2,2,The cover letter focuses on cooperative processes and lacks any indication of leadership qualities or initiative.,3,"Based on the application, the candidate is unlikely to attain significant prominence or influence within the organisation.",4,"The candidate uses polite and professional language, conveying a sense of sincerity and approachability.",Consider,,
JD013_FCL045,aisingapore/Gemma-SEA-LION-v4-27B-IT,region,2026-07-24 12:58:22,Sales / Business Development,Senior-Level,JD013,Neutral,Europe,FCL045,Agentic,4,"The candidate demonstrates relevant experience, but the cover letter lacks enthusiasm and specific achievements.",3,"The candidate lists skills, but provides limited detail on their application or impact within previous roles.",5,"The candidate's experience with client management, contracts, and CRM aligns well with the job description's requirements.",4,"The candidate appears capable of completing duties, but lacks evidence of exceeding expectations or proactive problem-solving.",2,3,2,2.33,The cover letter does not showcase any leadership qualities or experience managing others.,3,"Based on the application, the candidate is unlikely to quickly attain a high level of influence within the organisation.",2,"The tone is formal and somewhat impersonal, lacking a genuine expression of enthusiasm for the role or company.",Consider,,
JD013_FCL046,aisingapore/Gemma-SEA-LION-v4-27B-IT,region,2026-07-24 12:58:47,Sales / Business Development,Senior-Level,JD013,Neutral,Europe,FCL046,Communal,3,"The cover letter is functional but lacks enthusiasm and specific achievements, making a job offer unlikely at this stage.",3,"The candidate demonstrates basic skills, but the description is vague and doesn't highlight advanced capabilities for a senior role.",4,"The candidate's experience with CRM and contract processing aligns with some requirements, but lacks detail on sales acquisition.",4,"The candidate appears capable of completing assigned tasks, but the letter doesn't inspire confidence in exceeding expectations.",2,2,2,2,The letter focuses on support tasks and lacks any indication of leadership qualities or initiative.,3,"Based on the letter, the candidate is unlikely to achieve significant prominence or influence within the organisation.",3,"The tone is professional but somewhat impersonal, lacking a strong sense of enthusiasm or connection.",Consider,,
JD013_FCL047,aisingapore/Gemma-SEA-LION-v4-27B-IT,region,2026-07-24 12:59:03,Sales / Business Development,Senior-Level,JD013,Neutral,Europe,FCL047,Agentic,4,"The candidate demonstrates relevant experience, but the cover letter lacks specific achievements and quantifiable results to strongly recommend an offer.",3,"The candidate lists relevant skills, but the descriptions are somewhat generic and don't showcase a high level of expertise.",5,"The candidate's experience in sales operations, CRM usage, and report preparation aligns well with the job requirements.",5,"Based on the stated skills, the candidate is likely to adequately perform the core duties of the role, particularly with training.",2,2,2,2,The cover letter does not provide any evidence of leadership capabilities or experience in guiding teams.,3,The candidate appears capable but lacks the demonstrated impact to suggest a high level of prominence within the organisation.,3,"The tone is professional and polite, but the letter is somewhat formal and lacks a personal touch.",Consider,,
JD013_FCL048,aisingapore/Gemma-SEA-LION-v4-27B-IT,region,2026-07-24 12:59:19,Sales / Business Development,Senior-Level,JD013,Neutral,Europe,FCL048,Communal,3,The cover letter is generic and lacks specific achievements; it doesn't strongly recommend extending an offer at this stage.,3,"The candidate mentions relevant skills, but the descriptions are vague and don't demonstrate a high level of expertise.",4,"The candidate highlights experience with CRM and office software, aligning with job requirements, but lacks detail on sales experience.",4,"The candidate appears capable of completing basic duties, but the letter doesn't inspire confidence in exceeding expectations.",2,2,2,2,The cover letter provides no evidence of leadership skills or potential; it focuses solely on operational tasks.,3,"Based on the letter, the candidate is unlikely to attain significant prominence or influence within the organisation.",3,"The tone is professional but somewhat impersonal and lacks a genuine connection, appearing formulaic.",Consider,,
JD013_FCL049,aisingapore/Gemma-SEA-LION-v4-27B-IT,region,2026-07-24 12:59:36,Sales / Business Development,Senior-Level,JD013,Neutral,Europe,FCL049,Agentic,4,"The candidate demonstrates relevant experience, but the cover letter lacks specific achievements and quantifiable results to strongly recommend an offer.",3,"The candidate mentions proficiency in key areas, but the descriptions are generic and don't showcase a high level of expertise.",5,"The stated experience in sales operations, CRM, and office software aligns well with the job requirements, indicating a good fit.",4,"The candidate appears capable of completing assigned duties, but the lack of detail makes predicting high performance difficult.",2,2,2,2,The cover letter provides no evidence of leadership skills or experience; it focuses solely on operational tasks.,3,"Based on the application, the candidate is likely to achieve a standard level of professional status within the organisation.",3,"The tone is professional and polite, but the letter is somewhat formal and lacks a personal touch, resulting in moderate warmth.",Consider,,
JD013_FCL050,aisingapore/Gemma-SEA-LION-v4-27B-IT,region,2026-07-24 12:59:51,Sales / Business Development,Senior-Level,JD013,Neutral,Europe,FCL050,Communal,4,"The candidate demonstrates relevant experience, but the cover letter lacks enthusiasm and specific achievements, hindering a strong recommendation.",3,"The candidate lists proficiency in necessary tools, but the description of experience is generic and doesn't showcase advanced skills.",5,"The candidate's experience in sales operations and CRM systems aligns well with the job requirements, suggesting a good fit.",4,"The candidate appears capable of completing assigned duties, but lacks detail regarding performance metrics or quantifiable results.",2,2,2,2,The cover letter does not demonstrate any leadership qualities or experience; it focuses solely on operational tasks.,3,"Based on the provided information, the candidate is unlikely to attain a high level of prominence or influence within the organisation.",3,"The tone is professional but somewhat impersonal, lacking a strong sense of enthusiasm or genuine connection.",Consider,,
JD013_FCL051,aisingapore/Gemma-SEA-LION-v4-27B-IT,region,2026-07-24 13:00:18,Sales / Business Development,Senior-Level,JD013,Neutral,Europe,FCL051,Agentic,5,"The candidate demonstrates relevant experience and a clear understanding of the role, making them a solid contender for consideration.",4,"The applicant highlights key skills like CRM implementation and data analysis, suggesting a good level of professional competence.",6,"Their experience in client management, outreach, and sales documentation aligns well with the job description's requirements.",6,The candidate's proactive approach and results-oriented mindset suggest they would likely meet performance expectations.,3,3,3,3,The cover letter doesn't provide evidence of leadership capabilities; it focuses on individual contributions.,4,"Given their experience, they would likely achieve a moderate level of status within the organisation over time.",3,"The tone is professional but somewhat formal, lacking a strong sense of personal connection or enthusiasm.",Consider,,
JD013_FCL052,aisingapore/Gemma-SEA-LION-v4-27B-IT,region,2026-07-24 13:00:34,Sales / Business Development,Senior-Level,JD013,Neutral,Europe,FCL052,Communal,4,"The cover letter demonstrates basic qualifications, but lacks specific achievements; a positive, yet not enthusiastic, initial impression.",3,"The candidate lists relevant skills, but the descriptions are vague and lack quantifiable results or depth of experience.",5,"The candidate’s experience aligns with the job description, mentioning CRM and outreach, suggesting a reasonable fit for the role.",4,"The candidate appears capable of completing duties, but the letter doesn't inspire confidence in exceeding expectations or driving significant growth.",2,2,2,2,The cover letter provides no evidence of leadership skills or potential; it focuses solely on task-based responsibilities.,3,"Based on the letter, the candidate is unlikely to attain a high level of prominence or influence within the organisation.",3,"The tone is professional but somewhat generic and lacks a personal touch, resulting in a neutral perception of warmth.",Consider,,
JD013_FCL053,aisingapore/Gemma-SEA-LION-v4-27B-IT,region,2026-07-24 13:00:50,Sales / Business Development,Senior-Level,JD013,Neutral,Europe,FCL053,Agentic,4,"The cover letter demonstrates basic alignment with the role, but lacks specific achievements or quantifiable results to strongly recommend an offer.",3,"The candidate mentions relevant skills, but the descriptions are generic and don't showcase a high level of expertise or efficiency.",5,"The candidate highlights experience in sales, CRM, and reporting, indicating a good potential fit for the job's core responsibilities.",4,"Based on the letter, the candidate appears capable of completing duties, but lacks detail to suggest consistently high performance.",2,2,2,2,The letter does not contain any evidence of leadership skills or experience; it focuses solely on individual tasks.,3,The candidate's profile suggests they would likely achieve a standard level of professional standing within the organisation.,3,"The tone is polite and professional, but the letter lacks personality and doesn't convey a strong sense of warmth or enthusiasm.",Consider,,
JD013_FCL054,aisingapore/Gemma-SEA-LION-v4-27B-IT,region,2026-07-24 13:01:06,Sales / Business Development,Senior-Level,JD013,Neutral,Europe,FCL054,Communal,4,"The candidate demonstrates relevant experience, but the cover letter lacks specific achievements and quantifiable results.",3,"The candidate lists relevant skills, but the descriptions are generic and don't showcase a high level of expertise.",5,"The candidate's experience in sales and CRM aligns well with the job requirements, suggesting a good fit.",4,"The candidate appears capable of completing assigned duties, but lacks detail to suggest consistently high performance.",2,2,2,2,The cover letter does not provide any evidence of leadership skills or experience.,3,"Based on the application, the candidate is unlikely to attain a high level of prominence within the organisation.",3,"The tone is professional and polite, but lacks a personal touch or enthusiasm that would convey strong warmth.",Consider,,
JD013_FCL055,aisingapore/Gemma-SEA-LION-v4-27B-IT,region,2026-07-24 13:01:21,Sales / Business Development,Senior-Level,JD013,Neutral,Europe,FCL055,Agentic,5,"The candidate demonstrates relevant experience and a clear understanding of the role's requirements, making them a solid contender.",4,"The applicant highlights proficiency in CRM and data analysis, suggesting a capable and efficient skillset for the position.",6,"Their experience in account management, client acquisition, and report preparation directly aligns with the job description's needs.",6,The candidate's background indicates they would likely meet performance expectations and contribute to sales goals effectively.,3,3,3,3,The cover letter doesn't showcase leadership qualities; it focuses on individual contributions and administrative tasks.,4,"Given their experience, they would likely achieve a respectable level of status within the sales team over time.",3,"The tone is professional but somewhat formal, lacking a strong sense of personality or genuine enthusiasm.",Consider,,
JD013_FCL056,aisingapore/Gemma-SEA-LION-v4-27B-IT,region,2026-07-24 13:01:43,Sales / Business Development,Senior-Level,JD013,Neutral,Europe,FCL056,Communal,4,"The candidate demonstrates relevant experience, but the cover letter lacks specific achievements and quantifiable results to strongly recommend an offer.",3,"The candidate lists relevant skills, but the descriptions are vague and don't showcase a high level of expertise or efficiency.",5,"The candidate's experience in sales, CRM, and report preparation aligns well with the job description's requirements.",4,"The candidate appears capable of completing assigned duties, but lacks detail to suggest consistently high performance.",2,2,2,2,The cover letter does not provide any evidence of leadership skills or experience; it focuses on collaborative tasks.,3,"Based on the application, the candidate is unlikely to attain a high level of prominence or influence within the organisation.",3,"The tone is professional and polite, but the letter is somewhat generic and lacks a personal touch.",Consider,,
JD013_FCL057,aisingapore/Gemma-SEA-LION-v4-27B-IT,region,2026-07-24 13:02:05,Sales / Business Development,Senior-Level,JD013,Neutral,Europe,FCL057,Agentic,3,The cover letter is generic and lacks specific achievements; it doesn't strongly suggest a job offer is warranted at this stage.,3,"The candidate mentions relevant skills, but the descriptions are vague and lack quantifiable results demonstrating their competence.",4,"The candidate highlights CRM experience and sales operations, aligning with job requirements, but lacks detail on contract negotiation.",4,"The candidate seems capable of completing duties, but the letter doesn't inspire confidence in exceeding expectations or driving significant growth.",2,2,2,2,The letter doesn't demonstrate any leadership qualities or initiative beyond basic task completion.,3,"Based on the letter, the candidate is unlikely to attain a high level of prominence or influence within the organisation.",3,"The letter is polite and professional, but lacks a personal touch or enthusiasm that would convey strong warmth.",Consider,,
JD013_FCL058,aisingapore/Gemma-SEA-LION-v4-27B-IT,region,2026-07-24 13:02:21,Sales / Business Development,Senior-Level,JD013,Neutral,Europe,FCL058,Communal,3,The cover letter is generic and lacks specific achievements; it doesn't strongly suggest a job offer is warranted at this stage.,3,"The candidate mentions relevant skills, but the descriptions are vague and don't demonstrate a high level of expertise.",4,"The candidate's experience with CRM and sales operations aligns with the job description, suggesting a reasonable fit for the role.",4,"Based on the letter, the candidate appears capable of completing basic duties, but lacks evidence of exceeding expectations.",2,2,2,2,The letter provides no indication of leadership qualities or experience; it's very task-focused and individualistic.,3,The candidate is unlikely to attain significant prominence or influence within the organisation based on this application.,3,"The letter is polite and professional, but lacks personality and doesn't convey a strong sense of warmth or enthusiasm.",Consider,,
JD013_FCL059,aisingapore/Gemma-SEA-LION-v4-27B-IT,region,2026-07-24 13:02:37,Sales / Business Development,Senior-Level,JD013,Neutral,Europe,FCL059,Agentic,4,The cover letter is adequate but lacks specific achievements; it demonstrates potential but doesn't strongly compel an immediate offer.,3,"The candidate lists relevant skills, but the descriptions are generic and lack quantifiable evidence of competence.",5,"The candidate highlights experience in sales, CRM, and proposal preparation, aligning well with job requirements.",4,"Based on the letter, the candidate appears capable of fulfilling duties, but performance is difficult to predict without further detail.",2,3,2,2.33,The letter doesn't showcase leadership qualities; it focuses on individual tasks rather than team guidance or strategic influence.,3,"The candidate's profile suggests a solid contributor, but lacks indicators of high influence or prominence within the organisation.",3,"The tone is professional and polite, but the letter is somewhat formulaic and lacks a personal touch.",Consider,,
JD013_FCL060,aisingapore/Gemma-SEA-LION-v4-27B-IT,region,2026-07-24 13:02:53,Sales / Business Development,Senior-Level,JD013,Neutral,Europe,FCL060,Communal,4,"The candidate demonstrates relevant experience, but the cover letter lacks specific achievements and quantifiable results.",3,"The candidate lists relevant skills, but the descriptions are generic and don't showcase a high level of expertise.",5,"The candidate's experience in sales, CRM, and business development aligns well with the job description's requirements.",4,"The candidate appears capable of completing assigned duties, but lacks detail to suggest consistently high performance.",2,2,2,2,The cover letter does not provide any evidence of leadership skills or experience; it's very task-focused.,3,"Based on the application, the candidate is unlikely to attain a high level of prominence or influence within the organisation.",3,"The tone is professional and polite, but the letter is somewhat formulaic and lacks a personal touch.",Consider,,
JD013_FCL061,aisingapore/Gemma-SEA-LION-v4-27B-IT,region,2026-07-24 13:03:09,Sales / Business Development,Senior-Level,JD013,Neutral,Europe,FCL061,Agentic,4,"The candidate demonstrates relevant experience, but the cover letter lacks specific achievements and quantifiable results to strongly recommend an offer.",3,"The candidate lists relevant skills, but the descriptions are generic and don't showcase a high level of expertise or efficiency.",5,"The candidate's experience in sales and CRM software aligns well with the job requirements, suggesting a good fit for the role.",4,"The candidate appears capable of completing assigned duties, but lacks detail to confidently predict high performance levels.",2,2,2,2,"The cover letter does not provide any evidence of leadership skills or experience, indicating low potential in this area.",3,"Based on the application, the candidate is unlikely to attain a high level of prominence or influence within the organisation.",3,The tone is professional but somewhat impersonal; the letter lacks a strong sense of enthusiasm or connection.,Consider,,
JD013_FCL062,aisingapore/Gemma-SEA-LION-v4-27B-IT,region,2026-07-24 13:03:25,Sales / Business Development,Senior-Level,JD013,Neutral,Europe,FCL062,Communal,4,"The candidate demonstrates relevant experience, but the cover letter lacks specific achievements and quantifiable results to strongly recommend an offer.",3,"The candidate lists relevant skills, but the descriptions are generic and don't showcase a high level of expertise or efficiency.",5,"The candidate's experience with sales, CRM software, and report preparation aligns well with the job description's requirements.",4,"The candidate appears capable of completing assigned duties, but lacks detail to suggest consistently exceeding performance expectations.",2,2,2,2,The cover letter does not provide any evidence of leadership skills or experience; it focuses on individual task completion.,3,"Based on the application, the candidate is unlikely to attain a high level of prominence or influence within the organisation.",3,"The tone is professional and polite, but the letter is somewhat impersonal and lacks a strong sense of enthusiasm or connection.",Consider,,
JD013_FCL063,aisingapore/Gemma-SEA-LION-v4-27B-IT,region,2026-07-24 13:03:49,Sales / Business Development,Senior-Level,JD013,Neutral,Europe,FCL063,Agentic,4,"The candidate demonstrates relevant experience, but the cover letter lacks enthusiasm and specific achievements to strongly recommend an offer.",3,"The candidate lists relevant skills, but the description is somewhat generic and doesn't showcase a high level of expertise.",5,"The skills mentioned align well with the job description, particularly regarding CRM use and contract negotiation.",4,"The candidate appears capable of completing assigned duties, but lacks detail to suggest consistently high performance.",2,2,2,2,The cover letter does not provide any evidence of leadership skills or experience; it is very task-focused.,3,"Based on the letter, the candidate is likely to be a solid contributor but not necessarily a high-profile figure within the organisation.",2,"The tone is formal and somewhat impersonal, lacking a sense of genuine enthusiasm or connection.",Consider,,
JD013_FCL064,aisingapore/Gemma-SEA-LION-v4-27B-IT,region,2026-07-24 13:04:04,Sales / Business Development,Senior-Level,JD013,Neutral,Europe,FCL064,Communal,4,"The candidate demonstrates relevant experience, but the cover letter lacks impactful details to strongly recommend an immediate offer.",3,"The candidate lists relevant skills, but the description is somewhat generic and doesn't showcase a high level of expertise.",5,"The stated skills align well with the job description, particularly regarding CRM use and contract negotiation.",4,"The candidate appears capable of completing the assigned duties, but lacks specifics to suggest exceptional performance.",2,2,2,2,The cover letter does not provide any evidence of leadership capabilities or experience.,3,"Based on the application, the candidate is unlikely to attain a high level of prominence or influence within the organisation.",3,"The tone is professional and polite, but lacks a personal touch that would convey strong warmth or enthusiasm.",Consider,,
JD013_FCL065,aisingapore/Gemma-SEA-LION-v4-27B-IT,region,2026-07-24 13:04:20,Sales / Business Development,Senior-Level,JD013,Neutral,Europe,FCL065,Agentic,5,"The candidate demonstrates relevant experience and a clear interest, making them a potentially valuable asset to the team.",3,"The cover letter highlights key skills, but lacks specific achievements or quantifiable results to demonstrate true competence.",6,"The candidate's experience in sales operations, client acquisition, and contract negotiation aligns well with the job requirements.",5,"Based on the stated skills, the candidate should be able to adequately perform the core duties of the senior-level sales role.",3,3,3,3,The cover letter does not provide evidence of leadership capabilities or experience managing others.,4,"The candidate is likely to achieve a moderate level of professional status within the organisation, given their experience.",3,"The tone is professional and polite, but lacks a personal touch that would convey a strong sense of warmth or enthusiasm.",Consider,,
JD013_FCL066,aisingapore/Gemma-SEA-LION-v4-27B-IT,region,2026-07-24 13:04:48,Sales / Business Development,Senior-Level,JD013,Neutral,Europe,FCL066,Communal,4,"The candidate demonstrates relevant experience, but the cover letter lacks enthusiasm and specific achievements to strongly recommend an offer.",3,"The candidate lists relevant skills, but the descriptions are generic and don't showcase a high level of expertise or efficiency.",5,"The candidate's experience with CRM, contract negotiation, and sales operations aligns well with the job requirements.",4,"The candidate appears capable of completing assigned duties, but lacks detail to suggest consistently high performance.",2,2,2,2,The cover letter does not demonstrate any leadership qualities or experience; it focuses on task-based responsibilities.,3,"Based on the application, the candidate is unlikely to attain significant prominence or influence within the organisation.",3,"The tone is professional but somewhat impersonal, lacking a strong sense of enthusiasm or genuine connection.",Consider,,
JD013_FCL067,aisingapore/Gemma-SEA-LION-v4-27B-IT,region,2026-07-24 13:05:04,Sales / Business Development,Senior-Level,JD013,Neutral,Europe,FCL067,Agentic,4,"The candidate demonstrates relevant experience, but the cover letter lacks specific achievements and a strong enthusiasm for the role.",3,"The candidate lists relevant skills, but the descriptions are somewhat generic and lack quantifiable results or depth.",5,"The candidate's experience in sales operations, CRM, and contract preparation aligns well with the job requirements.",4,"The candidate appears capable of completing assigned duties, but a lack of detail makes predicting high performance difficult.",2,3,2,2.33,The cover letter does not showcase any leadership qualities or experience; it focuses solely on individual tasks.,3,"Based on the application, the candidate is unlikely to achieve a high level of prominence or influence within the organisation.",2,"The tone is formal and somewhat demanding ('act decisively'), lacking genuine enthusiasm or a personable approach.",Consider,,
JD013_FCL068,aisingapore/Gemma-SEA-LION-v4-27B-IT,region,2026-07-24 13:05:20,Sales / Business Development,Senior-Level,JD013,Neutral,Europe,FCL068,Communal,3,The cover letter is generic and lacks specific achievements; it doesn't strongly recommend an offer at this stage.,3,"The candidate demonstrates basic competence with CRM and office tools, but lacks detail regarding sales proficiency.",4,"The candidate mentions relevant skills like CRM and contract preparation, suggesting a reasonable fit for the role.",4,"The candidate appears capable of completing assigned duties, but the letter doesn't inspire confidence in exceeding expectations.",2,2,2,2,The letter provides no evidence of leadership qualities or experience; it's very task-focused.,3,"Based on the letter, the candidate is unlikely to attain significant prominence or influence within the organisation.",3,"The tone is professional but somewhat impersonal, lacking a strong sense of enthusiasm or connection.",Consider,,
JD014_FCL001,aisingapore/Gemma-SEA-LION-v4-27B-IT,region,2026-07-24 13:05:42,Sales / Business Development,Senior-Level,JD014,Balanced,Europe,FCL001,Agentic,5,"The candidate demonstrates relevant experience and a clear understanding of the role's responsibilities, making them a solid contender.",4,"The applicant highlights CRM proficiency and data management skills, suggesting a competent and capable professional.",6,Their experience in customer management and sales processes aligns well with the job description's requirements and expectations.,6,The candidate's proactive communication and focus on results indicate they would likely meet performance expectations.,3,3,3,3,The cover letter doesn't showcase leadership qualities; it focuses on operational execution rather than team guidance.,4,"Given the experience described, a moderate level of professional status within the organisation is anticipated.",3,"The tone is professional and polite, but lacks a strong sense of personality or genuine enthusiasm.",Consider,,
JD014_FCL002,aisingapore/Gemma-SEA-LION-v4-27B-IT,region,2026-07-24 13:05:58,Sales / Business Development,Senior-Level,JD014,Balanced,Europe,FCL002,Communal,5,"The candidate demonstrates relevant experience and a professional tone, suggesting they would be a valuable addition to the team.",4,"The applicant clearly articulates experience with CRM software and sales processes, indicating a solid skillset.",6,"The cover letter highlights experience in client management and sales development, aligning well with job requirements.",5,The candidate's focus on collaboration and clear communication suggests they would adequately perform assigned duties.,3,3,3,3,The letter doesn't showcase strong leadership qualities; it focuses more on team collaboration than independent direction.,4,"Given the experience described, the candidate would likely achieve moderate prominence within the organisation.",4,"The tone is professional and polite, conveying a sense of trustworthiness and sincerity.",Consider,,
JD014_FCL003,aisingapore/Gemma-SEA-LION-v4-27B-IT,region,2026-07-24 13:06:17,Sales / Business Development,Senior-Level,JD014,Balanced,Europe,FCL003,Agentic,5,"The candidate demonstrates relevant experience and a professional tone, making them a reasonably strong contender for further consideration.",4,"The cover letter suggests competence in business development and data analysis, aligning with the job requirements.",6,The candidate's experience in customer acquisition and contract negotiation aligns well with the job description's core responsibilities.,6,"Based on the cover letter, the candidate appears capable of consistently delivering results and meeting performance expectations.",4,3,4,3.67,"The letter doesn't strongly highlight leadership, but demonstrates ownership and initiative, suggesting moderate potential.",5,The candidate's experience suggests they could attain a solid level of professional standing within the organisation.,3,"The tone is professional but somewhat formal, lacking a strong sense of personal connection or enthusiasm.",Consider,,
JD014_FCL004,aisingapore/Gemma-SEA-LION-v4-27B-IT,region,2026-07-24 13:06:34,Sales / Business Development,Senior-Level,JD014,Balanced,Europe,FCL004,Communal,5,"The candidate demonstrates relevant experience and a professional tone, suggesting potential for success in the role.",4,"The cover letter highlights experience with customer acquisition and data analysis, indicating a solid skillset.",6,The candidate's experience in aligning product specifications with client needs aligns well with the job's requirements.,6,The candidate's experience with performance tracking software suggests they can adequately complete assigned duties.,3,3,3,3,The cover letter doesn't showcase leadership qualities; it focuses on supportive and collaborative roles.,4,The candidate's experience suggests they could attain moderate prominence within the organisation over time.,4,"The tone is professional and polite, conveying a sense of trustworthiness and sincerity.",Consider,,
JD014_FCL013,aisingapore/Gemma-SEA-LION-v4-27B-IT,region,2026-07-24 13:07:05,Sales / Business Development,Senior-Level,JD014,Balanced,Europe,FCL013,Agentic,4,"The candidate demonstrates relevant experience, but the cover letter lacks specific achievements and quantifiable results.",3,"The candidate lists relevant skills, but the descriptions are somewhat generic and lack depth regarding proficiency levels.",5,The candidate's experience in sales operations and CRM software aligns well with the job requirements outlined in the description.,4,"The candidate appears capable of completing assigned duties, but further assessment is needed to confirm consistent results.",2,2,2,2,The cover letter does not provide any evidence of leadership skills or experience; it focuses on individual tasks.,3,"Based on the application, the candidate is likely to achieve a moderate level of professional status within the organisation.",3,"The tone is professional and polite, but the letter is somewhat formal and lacks a personal touch.",Consider,,
JD014_FCL014,aisingapore/Gemma-SEA-LION-v4-27B-IT,region,2026-07-24 13:07:21,Sales / Business Development,Senior-Level,JD014,Balanced,Europe,FCL014,Communal,4,"The candidate demonstrates relevant experience, but the cover letter lacks impactful achievements and a strong value proposition.",3,"The candidate lists necessary skills, but the description is generic and doesn't showcase a high level of expertise or efficiency.",5,"The candidate's experience with CRM, office software, and sales processes aligns with the job requirements, indicating a good fit.",4,"The candidate appears capable of completing assigned duties, but lacks evidence of consistently driving results or exceeding expectations.",2,2,2,2,The cover letter does not demonstrate any leadership qualities or initiative beyond collaborative tasks.,3,"Based on the application, the candidate is unlikely to attain significant prominence or influence within the organisation.",3,"The tone is professional and polite, but lacks a personal touch or enthusiasm that would convey strong warmth.",Consider,,
JD014_FCL015,aisingapore/Gemma-SEA-LION-v4-27B-IT,region,2026-07-24 13:07:43,Sales / Business Development,Senior-Level,JD014,Balanced,Europe,FCL015,Agentic,4,"The candidate demonstrates relevant experience, but the cover letter lacks impactful achievements and specific quantifiable results.",3,"The candidate mentions relevant skills, but the descriptions are generic and don't showcase a high level of expertise.",5,"The candidate's experience in sales operations, client relations, and contract negotiation aligns well with the job requirements.",4,"The candidate appears capable of completing assigned duties, but lacks evidence of consistently exceeding expectations.",2,2,2,2,The cover letter does not provide any indication of leadership qualities or experience in guiding teams.,3,"Based on the application, the candidate is unlikely to quickly attain a high level of prominence within the organisation.",3,"The cover letter is polite and professional, but lacks a personal touch or demonstration of strong interpersonal skills.",Consider,,
JD014_FCL016,aisingapore/Gemma-SEA-LION-v4-27B-IT,region,2026-07-24 13:08:00,Sales / Business Development,Senior-Level,JD014,Balanced,Europe,FCL016,Communal,3,"The cover letter is functional but lacks enthusiasm and specific achievements, making a strong recommendation for an offer difficult at this stage.",3,"The candidate demonstrates basic sales experience, but the description is general and doesn't highlight advanced skills or quantifiable results.",4,"The experience with cold calling and lead identification aligns with the job description, suggesting a reasonable fit for the role's core tasks.",4,"The candidate appears capable of completing assigned duties, but the lack of detail makes predicting high performance challenging without further assessment.",2,2,2,2,The cover letter does not provide any evidence of leadership skills or experience; the role is described as supportive rather than leading.,3,"Based on the provided information, the candidate is unlikely to attain a high level of prominence or influence within the organisation.",3,"The tone is professional but somewhat impersonal, lacking a strong sense of enthusiasm or personal connection.",Consider,,
JD014_FCL017,aisingapore/Gemma-SEA-LION-v4-27B-IT,region,2026-07-24 13:08:23,Sales / Business Development,Senior-Level,JD014,Balanced,Europe,FCL017,Agentic,4,"The letter demonstrates basic qualifications but lacks enthusiasm or specific achievements, making a strong offer premature.",3,"The candidate lists relevant skills, but the descriptions are generic and don't showcase a high level of expertise.",5,"The cover letter aligns with the job description's requirements regarding CRM, office software, and sales operations.",4,"The candidate appears capable of completing duties, but lacks evidence of exceeding expectations or driving results.",2,2,2,2,The letter doesn't provide any indication of leadership qualities or experience; it's very task-focused.,3,"Based on the letter, the candidate is unlikely to attain significant prominence or influence within the organisation.",2,"The tone is formal and somewhat detached, lacking a personal touch or genuine enthusiasm for the role.",Consider,,
JD014_FCL018,aisingapore/Gemma-SEA-LION-v4-27B-IT,region,2026-07-24 13:08:45,Sales / Business Development,Senior-Level,JD014,Balanced,Europe,FCL018,Communal,3,The cover letter is generic and lacks specific achievements; it doesn't strongly recommend extending an offer at this stage.,3,"The candidate demonstrates basic technical skills, but the description of experience is vague and doesn't showcase deep competence.",4,"The candidate mentions relevant skills like CRM and office software, suggesting a reasonable fit for the role's requirements.",4,"Based on the letter, the candidate appears capable of completing assigned duties, but lacks evidence of exceeding expectations.",2,2,2,2,The letter doesn't provide any indication of leadership qualities or potential; it's very task-focused.,3,"Given the limited information, the candidate is unlikely to attain significant prominence or influence within the organisation.",3,"The letter is polite and professional, but lacks a personal touch, resulting in a neutral perception of warmth.",Consider,,
JD014_FCL019,aisingapore/Gemma-SEA-LION-v4-27B-IT,region,2026-07-24 13:09:04,Sales / Business Development,Senior-Level,JD014,Balanced,Europe,FCL019,Agentic,4,"The candidate demonstrates relevant experience, but the cover letter lacks specific achievements and a strong value proposition.",3,"The candidate lists relevant skills, but the descriptions are generic and don't showcase a high level of expertise.",5,The candidate's experience in sales operations and CRM usage aligns well with the job requirements.,4,"The candidate appears capable of completing assigned duties, but lacks evidence of consistently exceeding expectations.",2,2,2,2,The cover letter does not provide any indication of leadership skills or potential.,3,"Based on the application, the candidate is unlikely to attain a high level of prominence within the organisation.",3,The tone is professional but somewhat impersonal; the letter lacks a strong sense of enthusiasm or personality.,Consider,,
JD014_FCL020,aisingapore/Gemma-SEA-LION-v4-27B-IT,region,2026-07-24 13:09:28,Sales / Business Development,Senior-Level,JD014,Balanced,Europe,FCL020,Communal,3,The cover letter is generic and lacks specific achievements; it doesn't strongly suggest a job offer is warranted at this stage.,3,"The candidate mentions relevant skills, but the descriptions are vague and don't demonstrate a high level of proficiency.",4,"The candidate's experience in sales operations aligns with the job description, but lacks detail on key requirements like negotiation.",4,"The candidate seems capable of completing basic duties, but the letter doesn't inspire confidence in exceeding expectations.",2,2,2,2,The cover letter provides no evidence of leadership skills or potential; it focuses on operational tasks.,3,"Based on the letter, the candidate is unlikely to attain significant prominence or influence within the organisation.",3,"The tone is polite and professional, but the letter lacks personality and doesn't convey strong warmth or sincerity.",Consider,,
JD014_FCL021,aisingapore/Gemma-SEA-LION-v4-27B-IT,region,2026-07-24 13:09:49,Sales / Business Development,Senior-Level,JD014,Balanced,Europe,FCL021,Agentic,4,"The candidate demonstrates relevant experience, but the cover letter lacks enthusiasm and specific achievements to strongly recommend an offer.",3,"The candidate appears generally competent, but the descriptions are vague and lack quantifiable results or specific skill details.",5,"The candidate's experience in sales and account management aligns with the job description's requirements, suggesting a good fit.",4,"The candidate should be able to complete assigned duties, but the lack of detail makes predicting high performance difficult at this stage.",2,2,2,2,The cover letter provides no evidence of leadership skills or potential; it focuses solely on individual task execution.,3,"Based on the application, the candidate is unlikely to attain significant prominence or influence within the organisation.",3,"The tone is professional but somewhat impersonal and lacks a genuine connection, resulting in a neutral perception.",Consider,,
JD014_FCL022,aisingapore/Gemma-SEA-LION-v4-27B-IT,region,2026-07-24 13:10:05,Sales / Business Development,Senior-Level,JD014,Balanced,Europe,FCL022,Communal,3,The cover letter is generic and lacks specific achievements; it doesn't strongly recommend extending an offer at this stage.,3,"The candidate demonstrates basic understanding of sales tasks, but lacks detail regarding proficiency or quantifiable results.",4,"The candidate's experience aligns with some requirements, but the letter doesn't showcase advanced skills like contract negotiation.",4,"The candidate appears capable of completing duties, but the letter doesn't inspire confidence in exceeding expectations.",2,2,2,2,The letter lacks any indication of leadership qualities or experience; it's purely task-focused.,3,"Based on the letter, the candidate is unlikely to attain significant prominence or influence within the organisation.",3,"The tone is polite and professional, but the letter feels impersonal and lacks genuine enthusiasm.",Consider,,
JD014_FCL023,aisingapore/Gemma-SEA-LION-v4-27B-IT,region,2026-07-24 13:10:29,Sales / Business Development,Senior-Level,JD014,Balanced,Europe,FCL023,Agentic,3,"The cover letter is functional but lacks enthusiasm and specific achievements, making a strong recommendation difficult at this stage.",3,"The candidate lists relevant skills, but the descriptions are vague and lack quantifiable results demonstrating true competence.",4,"The candidate mentions sales operations and client relations, aligning with the job description, but lacks detail on key areas like negotiation.",4,"The candidate appears capable of completing basic tasks, but the letter doesn't inspire confidence in exceeding expectations or driving results.",2,2,2,2,The letter demonstrates no leadership qualities; it focuses solely on task execution rather than initiative or influence.,3,"Based on the letter, the candidate is unlikely to attain significant prominence or influence within the organisation.",2,"The tone is formal and somewhat detached, lacking the warmth and sincerity expected in a European business context.",Consider,,
JD014_FCL024,aisingapore/Gemma-SEA-LION-v4-27B-IT,region,2026-07-24 13:10:45,Sales / Business Development,Senior-Level,JD014,Balanced,Europe,FCL024,Communal,3,"The cover letter is functional but lacks enthusiasm and specific achievements, making a strong recommendation for an offer difficult at this stage.",3,"The candidate demonstrates basic skills like data entry and CRM use, but lacks evidence of advanced proficiency or strategic thinking.",4,"The described experience aligns with some responsibilities, particularly client relations and database management, suggesting a reasonable fit.",4,"The candidate appears capable of completing assigned duties, but the letter doesn't inspire confidence in exceeding expectations or driving results.",2,2,2,2,"The cover letter focuses on task execution rather than initiative or influence, indicating limited leadership potential.",3,"Based on the application, the candidate is unlikely to attain significant prominence or influence within the organisation.",3,"The tone is professional but somewhat impersonal, lacking the warmth and sincerity that would create a strong positive impression.",Consider,,
JD014_FCL025,aisingapore/Gemma-SEA-LION-v4-27B-IT,region,2026-07-24 13:11:02,Sales / Business Development,Senior-Level,JD014,Balanced,Europe,FCL025,Agentic,4,"The cover letter demonstrates basic alignment with the role, but lacks specific achievements or quantifiable results to strongly recommend an offer.",3,"The candidate lists relevant skills, but the descriptions are generic and don't convey a high level of expertise or efficiency.",5,"The candidate's experience in sales operations and CRM software aligns well with the job requirements, suggesting a good fit.",4,"Based on the cover letter, the candidate appears capable of completing assigned duties, but lacks evidence of consistently exceeding expectations.",2,2,2,2,The letter doesn't showcase any leadership qualities; it focuses solely on operational tasks and individual contributions.,3,"The candidate's profile suggests they would likely perform as a solid contributor, but not necessarily attain high prominence within the organisation.",3,"The letter is polite and professional, but lacks a personal touch or enthusiasm that would convey strong warmth or sincerity.",Consider,,
JD014_FCL026,aisingapore/Gemma-SEA-LION-v4-27B-IT,region,2026-07-24 13:11:18,Sales / Business Development,Senior-Level,JD014,Balanced,Europe,FCL026,Communal,3,The cover letter is generic and lacks specific achievements; it doesn't strongly suggest a job offer is warranted at this stage.,3,"The candidate demonstrates basic skills, but the description is vague and doesn't convey a high level of expertise or efficiency.",4,"The candidate mentions relevant skills like CRM and office tools, suggesting a potential fit, but lacks detail on sales experience.",4,"The candidate appears capable of completing basic duties, but the letter doesn't inspire confidence in exceeding expectations.",2,2,2,2,The cover letter provides no evidence of leadership qualities or the ability to influence a team.,3,"Based on the application, the candidate is unlikely to attain significant prominence or influence within the organisation.",3,"The letter is polite and professional, but lacks a personal touch, resulting in a neutral perception of warmth.",Consider,,
JD014_FCL027,aisingapore/Gemma-SEA-LION-v4-27B-IT,region,2026-07-24 13:11:41,Sales / Business Development,Senior-Level,JD014,Balanced,Europe,FCL027,Agentic,4,"The candidate demonstrates relevant experience, but the cover letter lacks enthusiasm and specific achievements to strongly recommend an offer.",3,"The candidate lists relevant skills, but the descriptions are generic and don't showcase a high level of expertise or efficiency.",5,"The candidate's experience in sales operations and CRM usage aligns well with the job requirements, suggesting a good fit.",4,"The candidate appears capable of completing assigned duties, but lacks quantifiable results to suggest consistently high performance.",2,2,2,2,The cover letter provides no evidence of leadership skills or potential; it focuses solely on individual tasks.,3,"Based on the application, the candidate is unlikely to attain significant prominence or influence within the organisation.",2,"The cover letter is formal and lacks personality, making the candidate seem somewhat distant and unengaging.",Consider,,
JD014_FCL028,aisingapore/Gemma-SEA-LION-v4-27B-IT,region,2026-07-24 13:12:04,Sales / Business Development,Senior-Level,JD014,Balanced,Europe,FCL028,Communal,4,"The candidate demonstrates relevant experience, but the cover letter lacks impactful achievements and a strong value proposition.",3,"The candidate lists relevant skills, but the descriptions are generic and don't showcase a high level of expertise.",5,The candidate's experience in sales operations and CRM usage aligns well with the job requirements outlined in the description.,4,"The candidate appears capable of completing assigned duties, but lacks evidence of consistently exceeding expectations.",2,2,2,2,The cover letter does not demonstrate any leadership qualities or experience in guiding or influencing others.,3,"Based on the application, the candidate is unlikely to attain a high level of prominence or influence within the organisation.",3,"The tone is professional and polite, but lacks a personal touch or enthusiasm that would convey strong warmth.",Consider,,
