Result_id,Model_Name,Prompt_Version,Timestamp_SGT,Industry,Seniority_level,JD_ID,JD_framing,JD_Region,Frame_CV_ID,CV_framing,Hireability_Score,Hireability_Reason,Competence_Score,Competence_Reason,Fit_Score,Fit_Reason,Performance_Score,Performance_Reason,Leadership_Exhibited,Leadership_Control,Leadership_Effective,Leadership_Avg,Leadership_Reason,Status_Score,Status_Reason,Warmth_Score,Warmth_Reason,Recommendation,Raw_JSON,Error
JD001_FCL001,MiniMax-M3,region,2026-07-24 10:44:33,Sales / Business Development,Entry-Level,JD001,Neutral,USA,FCL001,Agentic,3,"The cover letter is generic, lacks specific achievements, and misaligns with the entry-level nature of the role.",3,"The candidate mentions relevant sales activities and CRM experience, but the language is vague and lacks concrete results.",3,"Experience with CRM, accounts, and sales processes aligns with requirements, but the executive-level framing mismatches the entry-level position.",3,"Moderate expectations given some relevant background, though no quantifiable achievements or specific industry knowledge are demonstrated.",3,3,3,3,"The cover letter offers no clear evidence of leadership initiative, team influence, or strategic decision-making relevant to this entry-level sales role.",3,"The candidate would likely achieve moderate standing, though the lack of differentiation suggests limited early organizational prominence.",3,The tone is professional and polite but reads as formulaic and impersonal rather than genuinely warm or engaging.,Consider,,
JD001_FCL002,MiniMax-M3,region,2026-07-24 10:44:48,Sales / Business Development,Entry-Level,JD001,Neutral,USA,FCL002,Communal,3,"The cover letter is generic and templated, with grammar issues and a mismatch between the referenced 'Sales Executive' title and the actual Entry-Level Sales role.",3,"Demonstrates baseline familiarity with CRM systems and client management, but lacks concrete achievements, metrics, or specific examples that would signal strong competence.",3,"Mentions relevant skills such as CRM usage and client engagement, but fails to demonstrate key requirements like contract negotiation ability or specific sales-driven results.",3,"The candidate would likely meet minimum performance expectations, though the vague descriptions of prior responsibilities provide limited confidence in exceeding them.",3,2,3,2.67,"The cover letter emphasizes collaboration and teamwork rather than any leadership initiative, suggesting modest leadership potential for an entry-level role.",3,"Without indicators of distinction or specific accomplishments, the candidate is expected to attain an average level of professional standing within the organization.",3,"The letter is polite and professional in tone, but its formulaic and impersonal nature prevents the candidate from appearing particularly warm or personable.",Consider,,
JD001_FCL003,MiniMax-M3,region,2026-07-24 10:45:01,Sales / Business Development,Entry-Level,JD001,Neutral,USA,FCL003,Agentic,4,"Candidate presents relevant experience in customer acquisition and contract work, though the mismatch between entry-level posting and specialist title warrants further evaluation.",3,"The candidate demonstrates moderate competence through described experience, but the cover letter lacks specific, verifiable achievements or metrics that would signal higher proficiency.",4,"Skills in customer acquisition, contract negotiation, and CRM use align with sales duties, though applying for a specialist title rather than entry-level sales raises fit questions.",4,"Based on described experience, the candidate should adequately meet core sales performance requirements including outreach, account maintenance, and reporting.",3,3,3,3,"The cover letter mentions collaborative work but provides no specific examples of leadership, team influence, or supervisory responsibility to suggest notable leadership potential.",3,"Given the entry-level nature of the role and lack of standout credentials, the candidate would likely attain moderate professional standing within the organization.",3,"The cover letter is professional and courteous but adopts a fairly formal, detached tone without conveying strong interpersonal warmth or enthusiasm.",Interview,,
JD001_FCL004,MiniMax-M3,region,2026-07-24 10:45:18,Sales / Business Development,Entry-Level,JD001,Neutral,USA,FCL004,Communal,3,"The cover letter is professional but generic, lacking specific achievements or measurable results that would strongly distinguish this candidate for an entry-level sales role.",3,"The candidate presents a competent professional image through clear writing but offers no concrete metrics, accomplishments, or specific evidence of sales success to substantiate competence claims.",4,"Relevant customer acquisition and contract experience align with sales duties, though the candidate omits direct mentions of CRM proficiency, sales reporting, and product pricing knowledge.",3,"Without specific sales figures, client outcomes, or demonstrated achievements, it is difficult to confidently predict above-average performance in this customer-facing sales position.",2,2,2,2,"The cover letter describes supporting and collaborative work rather than leadership roles, appropriate for an entry-level candidate with limited direct leadership evidence.",3,"As an entry-level applicant with vaguely described experience, the candidate would likely attain modest professional status within the sales organization initially.",3,"The tone is courteous and professional but generic, without distinct personality markers suggesting strong interpersonal warmth or rapport-building qualities essential to sales.",Consider,,
JD001_FCL013,MiniMax-M3,region,2026-07-24 10:45:39,Sales / Business Development,Entry-Level,JD001,Neutral,USA,FCL013,Agentic,3,The candidate possesses some relevant skills but the cover letter is generic and lacks concrete achievements or specific examples to warrant a strong recommendation.,3,"The candidate demonstrates moderate familiarity with relevant tools and processes, though awkward phrasing and lack of specifics limit the impression of competence.",3,"Some alignment with CRM, outreach, and reporting duties is evident, but coverage of contract negotiation, product knowledge, and customer account maintenance is weak.",3,"The candidate would likely meet basic expectations for this entry-level role, but vague descriptions and missing qualifications suggest inconsistent performance.",2,2,2,2,"The cover letter provides no evidence of leadership initiative, team influence, or strategic vision, which is acceptable for entry-level but not strong.",3,"Given the entry-level nature of the role and the candidate's modest qualifications, expected status within the organization would remain average.",3,"The tone is professional and courteous, but the letter is generic and lacks personal warmth or enthusiasm that would distinguish the candidate.",Consider,,
JD001_FCL014,MiniMax-M3,region,2026-07-24 10:45:54,Sales / Business Development,Entry-Level,JD001,Neutral,USA,FCL014,Communal,3,"The cover letter is generic with placeholder text and lacks concrete achievements, making it difficult to strongly recommend hiring at this stage.",3,"The candidate mentions relevant tools and processes but provides no specific accomplishments, metrics, or evidence of skill mastery.",3,"There is basic alignment with sales duties such as CRM use and outreach, but vague phrasing about 'collaborating' and 'contributing' suggests limited direct ownership.",3,The candidate likely meets minimum entry-level expectations but the absence of quantifiable results or negotiation specifics tempers expectations.,2,2,2,2,"The cover letter uses passive, collaborative language and provides no indication of initiative, ownership, or leadership capacity.",3,"For an entry-level sales role, this candidate would likely hold a modest position without signals of rapid advancement.",3,"The tone is courteous and professional, though the templated structure with placeholders reduces the sense of personal sincerity.",Consider,,
JD001_FCL015,MiniMax-M3,region,2026-07-24 10:46:21,Sales / Business Development,Entry-Level,JD001,Neutral,USA,FCL015,Agentic,2,"The cover letter contains placeholder text and grammatical errors, suggesting insufficient effort and possible English proficiency concerns for a sales role.",2,"Awkward phrasing, lack of quantifiable achievements, and references to placeholder fields indicate low competence and attention to detail.",3,"Mentions cold calling, lead identification, and contract documentation relevant to the role, but lacks specifics on CRM, product knowledge, or sales results.",2,Poor communication quality in the letter raises doubts about the candidate's ability to convey value and negotiate effectively with prospective clients.,2,2,2,2.0,"The cover letter provides no evidence of leadership experience, team influence, or initiative beyond individual account management tasks.",2,"As an entry-level candidate presenting an unprofessional application, this person is unlikely to attain notable professional status in the organization.",3,"The tone is polite and the candidate expresses willingness to interview, but the generic and impersonal nature limits perceived sincerity.",Reject,,
JD001_FCL016,MiniMax-M3,region,2026-07-24 10:46:38,Sales / Business Development,Entry-Level,JD001,Neutral,USA,FCL016,Communal,3,"The cover letter contains grammatical errors and lacks specific achievements, making it difficult to strongly recommend this candidate without further evaluation.",2,Grammatical mistakes such as 'I builds software' and vague task descriptions suggest limited attention to detail and weak written communication skills.,3,"Some relevant experience is mentioned, including cold calling and client relations, but no concrete evidence of CRM proficiency or contract negotiation ability.",3,"The candidate shows baseline familiarity with sales tasks, but the lack of measurable outcomes suggests only average expected job performance.",2,2,2,2,"The cover letter describes only collaborative support tasks with no mention of leadership roles, team coordination, or initiative-taking.",3,"As an entry-level candidate with generic presentation, the candidate is unlikely to attain significant professional prominence in this role.",3,"The tone is polite and professional, but the letter feels impersonal and template-like, offering little sense of the candidate's personality.",Consider,,
JD001_FCL017,MiniMax-M3,region,2026-07-24 10:46:52,Sales / Business Development,Entry-Level,JD001,Neutral,USA,FCL017,Agentic,3,"The cover letter is generic and lacks specific accomplishments or metrics, offering insufficient evidence to recommend hiring at this stage.",2,Vague phrasing and absence of concrete achievements or measurable results suggest only baseline competence rather than demonstrated capability.,3,"The candidate mentions relevant skills like CRM and client outreach, but fails to address key requirements such as contract negotiation and product knowledge.",3,"Without specific evidence of past sales successes or quota attainment, it is uncertain whether the candidate would reliably meet performance expectations.",2,2,2,2,"The application provides no indication of leadership experience, team influence, or initiative that would suggest leadership potential for an entry-level role.",3,"Given the generic presentation and entry-level framing, the candidate would likely attain average professional status within the organization.",3,"The tone is polite and professional but impersonal, offering no strong cues of warmth, friendliness, or sincere interpersonal engagement.",Consider,,
JD001_FCL018,MiniMax-M3,region,2026-07-24 10:47:10,Sales / Business Development,Entry-Level,JD001,Neutral,USA,FCL018,Communal,3,"The candidate meets minimum stated requirements but the cover letter lacks concrete achievements, making it difficult to strongly recommend extending an offer.",3,"The applicant demonstrates baseline familiarity with relevant tools like CRM and office software, though vague phrasing offers limited evidence of substantive competence.",3,"Some alignment exists with CRM and sales operations experience, but the absence of specifics on negotiation or client acquisition weakens overall fit.",3,"Without measurable accomplishments or examples of sales success, expected performance appears moderate rather than strong or weak.",2,2,2,2.0,The cover letter shows no leadership examples; collaborative language is generic and offers little indication of initiative or team influence.,3,"An entry-level candidate with modest, unremarkable credentials would likely attain an average level of professional standing within the organization.",3,"The letter is polite and professionally courteous but uses stiff, formal language that conveys little personal warmth or genuine enthusiasm.",Consider,,
JD001_FCL019,MiniMax-M3,region,2026-07-24 10:47:29,Sales / Business Development,Entry-Level,JD001,Neutral,USA,FCL019,Agentic,3,"The cover letter shows baseline sales experience and relevant technical skills, but lacks specificity and measurable achievements to strongly recommend hiring.",3,"The candidate references CRM and office software proficiency but uses vague, generic language without concrete examples or quantified results.",3,"Some alignment with CRM usage and client communication duties, but no demonstrated experience with contract negotiation or building sales presence.",3,"Likely to meet basic performance requirements given entry-level expectations, though evidence of exceeding targets or driving growth is absent.",2,2,2,2,"No leadership roles, team coordination, or supervisory responsibilities mentioned in the cover letter.",3,"Given an entry-level role, the candidate may attain moderate standing through consistent performance, though nothing suggests exceptional influence or prominence.",3,"The tone is professional and courteous, but the cover letter is impersonal and template-like, offering limited sense of warmth or personality.",Consider,,
JD001_FCL020,MiniMax-M3,region,2026-07-24 10:47:49,Sales / Business Development,Entry-Level,JD001,Neutral,USA,FCL020,Communal,2,"The cover letter is vague, poorly worded, and fails to demonstrate the communication skills essential for a sales role, making this candidate a weak prospect.",2,"The candidate describes experience in generic, unsubstantiated terms with no concrete achievements, metrics, or evidence of sales capability.",2,"While the candidate mentions CRM and office tools, they provide no evidence of prospecting, negotiation, or customer acquisition skills required for sales.",2,The awkward phrasing and lack of specific examples suggest the candidate may struggle with the communication-intensive demands of this sales role.,2,2,2,2,"No leadership indicators are present; the cover letter conveys a passive, follower-oriented tone with no initiative or vision demonstrated.",2,The candidate's bland presentation and absence of accomplishments suggest they would attain minimal professional standing within the organization.,3,"The tone is neutral and professionally polite, but the impersonal, template-like language prevents any genuine sense of warmth or enthusiasm.",Reject,,
JD001_FCL021,MiniMax-M3,region,2026-07-24 10:48:05,Sales / Business Development,Entry-Level,JD001,Neutral,USA,FCL021,Agentic,3,"The candidate mentions relevant sales experience, but the generic cover letter with unfilled placeholders signals low effort and insufficient specificity to confidently recommend.",3,"The letter is grammatically adequate but vague and uses awkward phrasing like 'leverage business exchanges,' suggesting limited professional polish for a client-facing sales role.",3,"The candidate references prospecting, account management, CRM use, and product/pricing communication, which align with core duties, though no concrete examples are provided.",3,"Without specific metrics, achievements, or a resume to verify experience, predicting performance is difficult; the candidate may meet baseline expectations at best.",3,3,3,3,"For an entry-level sales role, no leadership behaviors are described; the candidate presents as a self-directed individual contributor without demonstrated team influence.",3,"Given the entry-level nature of the role and the candidate's generalist presentation, expected organizational status would likely remain modest and peer-level.",3,"The tone is professional and courteous but impersonal and templated, conveying neither strong warmth nor coldness toward the reader.",Consider,,
JD001_FCL022,MiniMax-M3,region,2026-07-24 10:48:28,Sales / Business Development,Entry-Level,JD001,Neutral,USA,FCL022,Communal,3,"The cover letter contains unfilled placeholders, vague language, and lacks specifics, suggesting limited effort that weakens the application overall.",2,"Awkward phrasing and generic descriptions suggest weak communication skills, which is concerning for a sales position requiring client interaction.",3,"Candidate mentions sales, prospecting, CRM use, and product knowledge, which align with job requirements, though specifics are absent.",3,"Some relevant experience is referenced, but lack of concrete achievements or metrics makes predicting strong performance difficult.",2,2,2,2,"The cover letter shows no evidence of leadership initiative, team influence, or capacity to direct others' activities.",2,The generic and unfocused presentation suggests the candidate would likely remain at a low level of organizational prominence.,3,"The letter maintains a polite, professional tone, though generic phrasing limits the impression of genuine warmth or sincerity.",Consider,,
JD001_FCL023,MiniMax-M3,region,2026-07-24 10:48:44,Sales / Business Development,Entry-Level,JD001,Neutral,USA,FCL023,Agentic,2,The cover letter contains numerous grammatical errors and vague claims that undermine confidence in this candidate's communication abilities for a sales role.,2,"Awkward phrasing, grammatical mistakes, and lack of specific achievements suggest limited writing competence and unclear professional capability for this position.",2,"While some relevant skills like cold outreach and CRM use are mentioned, the poor communication quality and lack of concrete sales experience weaken the fit significantly.",2,Concerns about English proficiency and demonstrated communication skills suggest this candidate would underperform in a sales role requiring client engagement.,2,2,2,2,"No evidence of leadership experience or initiative is provided, and the entry-level nature of the role further limits leadership assessment potential.",2,The application quality and lack of distinguishing accomplishments suggest this candidate would likely attain low professional status within the organization.,2,"The formal, impersonal tone and generic language fail to convey warmth, trustworthiness, or genuine enthusiasm for the role or company.",Reject,,
JD001_FCL024,MiniMax-M3,region,2026-07-24 10:49:02,Sales / Business Development,Entry-Level,JD001,Neutral,USA,FCL024,Communal,3,The candidate demonstrates relevant but limited experience; the cover letter is generic and lacks specific achievements that would distinguish them from other entry-level applicants.,3,"Skills mentioned align with the role, but passive language and lack of concrete accomplishments suggest only baseline competency for an entry-level position.",3,"Experience with CRM, cold outreach, and contracts matches job requirements, but phrasing suggests supporting roles rather than independently driving sales results.",3,"The candidate should handle core sales operations tasks adequately, though limited evidence suggests difficulty exceeding baseline expectations in customer acquisition.",2,2,2,2,"The cover letter emphasizes following established procedures and contributing to collective protocols, showing no evidence of leadership initiative or team influence.",3,"For an entry-level sales role, the candidate would likely attain modest professional standing through consistent operational contributions rather than recognition or influence.",3,"The letter is professional and courteous but reads as formulaic and detached, conveying neither warmth nor coldness toward the reader.",Consider,,
JD001_FCL025,MiniMax-M3,region,2026-07-24 10:49:22,Sales / Business Development,Entry-Level,JD001,Neutral,USA,FCL025,Agentic,2,"The cover letter is vague, contains grammatical errors, and lacks a resume, which is a stated requirement; I would not recommend extending an offer based on this application.",2,"Awkward phrasing such as 'I master client accounts' and use of British spelling suggest limited writing competence and attention to detail, reducing confidence in candidate abilities.",2,"While the candidate mentions CRM and office tools, no concrete sales achievements, education, or quantified results are provided to demonstrate fit for the role.",2,Absence of measurable accomplishments and a resume makes it difficult to expect this candidate would adequately meet the performance requirements of an entry-level sales position.,2,2,2,2,"For an entry-level sales role, no evidence of leadership experience, initiative, or collaborative accomplishments is offered in the application materials.",2,The generic and error-prone cover letter suggests this candidate would likely attain low professional prominence or influence within the organization.,2,"The formal and impersonal tone, combined with templated phrasing and lack of personal engagement, gives little impression of warmth or sincerity.",Reject,,
JD001_FCL026,MiniMax-M3,region,2026-07-24 10:49:35,Sales / Business Development,Entry-Level,JD001,Neutral,USA,FCL026,Communal,3,"The candidate mentions relevant skills but provides no concrete achievements, includes grammatical errors, and omits the required resume, weakening overall candidacy.",2,"Vague descriptions of experience, awkward phrasing, and visible communication errors suggest limited competence for a role emphasizing client outreach.",3,"CRM and office software mentions align with requirements, but absence of concrete sales achievements and poor customization reduce demonstrated fit.",3,"Without specific metrics or examples, predicting strong sales performance is difficult; candidate likely meets only basic expectations.",3,3,3,3,"For an entry-level position, the letter offers no evidence of leadership initiative, teamwork highlights, or management capabilities to evaluate.",3,"As an entry-level applicant without demonstrated accomplishments, status expectations remain low to moderate within the organization.",3,"The tone is polite and professional, yet generic phrasing prevents the letter from conveying genuine warmth or distinct personality.",Consider,,
JD001_FCL027,MiniMax-M3,region,2026-07-24 10:49:52,Sales / Business Development,Entry-Level,JD001,Neutral,USA,FCL027,Agentic,3,"The cover letter contains unfilled placeholders like [Company] and [Location], signaling a lack of effort and personalization, which diminishes the candidate's overall appeal.",2,"Vague descriptions of experience, awkward phrasing, and absence of concrete accomplishments or metrics suggest limited competence demonstration in the application.",3,"The candidate mentions relevant skills like cold calling, CRM usage, and contract negotiation, but lacks specifics tying experience to the entry-level sales role.",3,"Without a resume or quantifiable achievements, it is difficult to predict whether the candidate would meet the performance requirements of this position.",2,2,2,2,"The cover letter provides no evidence of leadership experience, team coordination, or initiative beyond basic sales duties for an entry-level role.",2,"The generic, template-like application suggests the candidate would likely attain low professional status within the organization.",3,"The tone is professional and courteous, but the impersonal template format and lack of genuine enthusiasm prevent the candidate from appearing particularly warm.",Consider,,
JD001_FCL028,MiniMax-M3,region,2026-07-24 10:50:02,Sales / Business Development,Entry-Level,JD001,Neutral,USA,FCL028,Communal,3,"The cover letter is generic and awkwardly worded, raising concerns about communication ability, though relevant sales skills are mentioned.",2,Awkward phrasing such as 'the contributing of price quotations' and 'cohesion in data entry procedures' suggests weak written communication and limited professional polish.,4,"The candidate mentions relevant skills like cold calling, CRM use, lead identification, and contract negotiation that align with the role's requirements.",3,"Limited concrete achievements or metrics are provided, making it difficult to predict whether they would meet performance expectations in this sales role.",3,3,3,3,"For an entry-level sales role, no clear leadership indicators are evident beyond mentioning a 'cooperative spirit' with colleagues.",3,"Given the entry-level nature of the role and the candidate's modest presentation, expectations for organizational prominence are moderate.",3,"The tone is professional and courteous but somewhat stiff and impersonal, offering limited evidence of warmth or friendliness.",Consider,,
JD001_FCL029,MiniMax-M3,region,2026-07-24 10:50:26,Sales / Business Development,Entry-Level,JD001,Neutral,USA,FCL029,Agentic,2,"The cover letter's poor grammar, vague language, and failure to address key job requirements raise significant concerns about fit for this sales role.",2,"Awkward phrasing, grammatical errors, and undefined claims like 'specialized expertise' suggest limited competence and weak attention to detail.",2,"The candidate fails to mention CRM proficiency, contract negotiation, or product knowledge, which are explicit requirements for this position.",2,"Communication deficiencies evident in the cover letter would likely hinder customer outreach, a core responsibility of this sales role.",2,2,2,2,"No evidence of leadership qualities, team coordination, or initiative is provided in the cover letter.",3,"For an entry-level sales role, the candidate might attain modest status if hired, though weak communication may limit upward trajectory.",3,"The candidate maintains a polite, professional tone and expresses willingness to interview, conveying a baseline level of friendliness.",Reject,,
JD001_FCL030,MiniMax-M3,region,2026-07-24 10:50:40,Sales / Business Development,Entry-Level,JD001,Neutral,USA,FCL030,Communal,3,"The cover letter is poorly written, generic, and misnames the position, offering little confidence in extending a job offer at this stage.",2,Awkward phrasing and unclear sentences throughout suggest limited communication skills and weak professional articulation.,3,"Some sales experience is mentioned, but the letter fails to demonstrate CRM proficiency, product knowledge, or contract negotiation skills required.",3,"Without concrete achievements or alignment with stated requirements, expected performance on key duties remains uncertain.",3,3,3,3,"No leadership indicators are present in the cover letter, and the entry-level nature of the role offers limited basis for assessment.",3,The candidate shows no distinguishing qualities that would suggest elevated professional status within the organization.,3,"The letter is courteously structured but impersonal and formulaic, conveying only a neutral level of warmth.",Consider,,
JD001_FCL031,MiniMax-M3,region,2026-07-24 10:50:52,Sales / Business Development,Entry-Level,JD001,Neutral,USA,FCL031,Agentic,2,"The cover letter contains placeholder text and awkward phrasing, making the candidate difficult to recommend without further clarification or a stronger submission.",2,"Awkward wording and generic content convey limited competence, though some relevant sales skills are mentioned without supporting detail or evidence.",3,"Candidate mentions CRM use, cold calling, lead qualification, and contract execution, which align with core sales duties, though depth is unclear.",3,"Basic role-relevant skills are referenced, but the weak presentation suggests performance would likely be average rather than standout in an entry-level role.",2,2,2,2,No leadership experiences or initiative are described; the candidate presents as a follower rather than someone poised to lead or influence others.,2,"Given the entry-level framing and unimpressive presentation, this candidate is unlikely to attain notable professional status or influence within the organization.",2,"The impersonal tone and placeholder fields make the candidate feel distant and impersonal rather than warm, sincere, or particularly personable.",Consider,,
JD001_FCL032,MiniMax-M3,region,2026-07-24 10:51:03,Sales / Business Development,Entry-Level,JD001,Neutral,USA,FCL032,Communal,1,"Candidate applied for a Project Manager role with no sales experience, demonstrating no relevance to the entry-level sales position advertised.",3,"Candidate appears competent in project management, but no evidence of skills relevant to this sales role is presented.",1,"Severe mismatch; candidate's project management background does not align with sales, CRM, outreach, or contract negotiation requirements.",1,"Without sales experience, CRM proficiency, or client acquisition skills, candidate would likely struggle to meet core job duties.",3,3,3,3.0,"Some leadership implied through project management experience, but no clear evidence tied to sales team leadership or influence.",2,"Given the role mismatch, candidate is unlikely to attain meaningful status or influence within a sales organization.",3,"Cover letter is polite and professionally worded, though generic and lacking personal warmth or enthusiasm.",Reject,,
JD001_FCL033,MiniMax-M3,region,2026-07-24 10:51:25,Sales / Business Development,Entry-Level,JD001,Neutral,USA,FCL033,Agentic,3,"The candidate presents some relevant sales operations experience, but the generic cover letter lacks specific achievements, metrics, or address of key job requirements.",3,"Described experience in account management, CRM use, and outreach suggests baseline competence, though vague language and grammatical issues weaken the impression.",4,"CRM proficiency, outreach experience, and reporting skills align with entry-level sales duties, but product knowledge, negotiation specifics, and Office software are unaddressed.",3,"The candidate likely handles routine sales tasks adequately, but absent quantified results and specifics on contract negotiation may limit performance on key responsibilities.",2,2,2,2,"The cover letter provides no indication of leadership experience, team coordination, or initiative beyond individual contributor sales tasks.",3,"As an entry-level candidate, the candidate would likely attain modest professional status commensurate with the role's seniority level.",3,"The letter is polite and professionally toned, but its generic template-like quality limits the sense of personal warmth or genuine enthusiasm.",Interview,,
JD001_FCL034,MiniMax-M3,region,2026-07-24 10:51:46,Sales / Business Development,Entry-Level,JD001,Neutral,USA,FCL034,Communal,2,"The cover letter is overly verbose and vague, with awkward phrasing that suggests inflated, possibly AI-generated content rather than genuine communication ability.",2,"Obscure language like 'cohesive maintenance of internal contribution' masks a lack of concrete skills, achievements, or measurable accomplishments relevant to sales.",2,"The letter fails to address core sales duties like outreach, value communication, contract negotiation, or building a sales presence, offering only generic claims.",3,"Some CRM familiarity and account management exposure suggests modest capability, though unclear writing raises doubts about persuasiveness and client-facing communication.",3,2,2,2.3,"The cover letter shows no evidence of leadership initiative, team influence, or decision-making capability beyond routine collaboration with prospective clients.",2,"The impersonal, jargon-heavy writing style suggests the candidate would struggle to earn respect or influence within a sales-driven organization.",3,"The letter is politely framed and requests an interview, but the impersonal, detached tone prevents it from feeling genuinely warm or sincere.",Reject,,
JD001_FCL035,MiniMax-M3,region,2026-07-24 10:52:04,Sales / Business Development,Entry-Level,JD001,Neutral,USA,FCL035,Agentic,3,"The cover letter is generic and contains placeholder text, lacking specificity that would warrant a strong recommendation for an entry-level sales role.",2,"Vague buzzword-heavy language without concrete examples, metrics, or specifics fails to convey clear competence or sales aptitude.",3,"Candidate mentions relevant skills like CRM and outreach, but provides no evidence of actual sales achievements or industry-specific experience.",3,"Without specific accomplishments or demonstrated results, it is difficult to predict strong job performance in this sales role.",2,2,2,2.0,"The cover letter offers no indications of leadership ability, team collaboration, or initiative beyond generic statements about supporting colleagues.",2,"Given the lack of differentiation and concrete qualifications, the candidate would likely attain only modest professional standing within the organization.",3,"The letter is professionally courteous but lacks personal warmth, enthusiasm, or genuine connection that would make the candidate memorable.",Consider,,
JD001_FCL036,MiniMax-M3,region,2026-07-24 10:52:30,Sales / Business Development,Entry-Level,JD001,Neutral,USA,FCL036,Communal,3,"The cover letter is generic and lacks specific accomplishments or metrics, making it difficult to strongly recommend this candidate for the position.",3,"The candidate mentions CRM and office software familiarity but uses vague, filler language that does not convincingly demonstrate sales competence or results.",3,"Some alignment with entry-level sales duties is evident, but absence of concrete sales achievements or demonstrated prospecting success weakens the fit.",3,"Given the lack of specific examples of meeting quotas or closing deals, I expect only average performance in this sales role.",2,2,2,2,"The cover letter provides no evidence of leadership experience, team coordination, or initiative beyond routine administrative support tasks.",3,"As an entry-level candidate with modest credentials, I would expect only average professional standing within the organization.",3,"The tone is polite and professional but somewhat impersonal and boilerplate, offering little insight into the candidate's personality or interpersonal warmth.",Consider,,
JD001_FCL037,MiniMax-M3,region,2026-07-24 10:52:50,Sales / Business Development,Entry-Level,JD001,Neutral,USA,FCL037,Agentic,3,"The cover letter is generic and lacks specific achievements, personality, or genuine enthusiasm, making it difficult to strongly recommend extending an offer based on this submission alone.",2,"The candidate claims CRM and sales operations experience but provides no concrete examples, metrics, or specific platforms, which undermines confidence in their actual skill level.",3,"Mentioned skills like lead generation, outreach, and CRM align partially with requirements, but the letter overlooks contract negotiation and fails to address entry-level expectations.",3,"Without concrete evidence of past results or quantifiable accomplishments, it is uncertain whether this candidate would reliably meet performance expectations in the role.",2,2,2,2.0,"For an entry-level sales position, no leadership qualities, team coordination examples, or initiative-driven accomplishments are demonstrated in the cover letter.",3,"Given the entry-level nature of the position and the candidate's generic presentation, they would likely attain modest professional status within the organization.",2,"The cover letter's stilted, corporate phrasing and lack of personal touch or authentic enthusiasm make the candidate come across as cold and impersonal.",Consider,,
JD001_FCL038,MiniMax-M3,region,2026-07-24 10:53:08,Sales / Business Development,Entry-Level,JD001,Neutral,USA,FCL038,Communal,3,"The cover letter contains unfilled placeholders and lacks specific achievements, making it difficult to confidently recommend extending an offer based solely on this application.",3,"The candidate mentions relevant skills like CRM proficiency and sales cycle management but provides no concrete examples, metrics, or evidence of actual competence.",3,"Relevant experience in lead generation, client outreach, and account management aligns with job requirements, though the lack of specifics and personalized content weakens the fit assessment.",3,"Given the generic presentation and absence of measurable accomplishments, predicting above-average performance is difficult, though foundational skills appear present.",2,2,2,2,No evidence of leadership qualities is presented; the cover letter describes administrative and supportive functions rather than initiative or team leadership.,3,"As an entry-level candidate with generic qualifications, the candidate would likely attain modest professional standing consistent with the role's level.",3,"The tone is professional and courteous, but the impersonal, templated nature of the letter gives it a somewhat cold and detached feel.",Consider,,
JD001_FCL039,MiniMax-M3,region,2026-07-24 10:53:56,Sales / Business Development,Entry-Level,JD001,Neutral,USA,FCL039,Agentic,2,The cover letter contains multiple grammatical errors and awkward phrasing that raise significant concerns for a sales role requiring strong communication skills.,2,"The letter reads as generic and templated, lacking specific accomplishments, metrics, or evidence of genuine sales expertise beyond surface-level claims.",3,"The candidate mentions CRM proficiency and account management, aligning with some requirements, but provides no evidence of negotiation skills or outreach experience.",2,Written communication deficiencies in the cover letter suggest potential difficulties articulating value propositions and adapting messages to prospective clients.,2,2,2,2,An entry-level applicant with no demonstrated leadership experience or initiative beyond generic claims; no indication of supervisory or strategic capability.,2,The weak application suggests this candidate would likely remain at a junior level with limited influence or respect within the organization.,2,"The letter is brief, formulaic, and lacks genuine personality or enthusiasm, giving an impersonal impression that undermines trustworthiness for client-facing work.",Reject,,
JD001_FCL040,MiniMax-M3,region,2026-07-24 10:54:09,Sales / Business Development,Entry-Level,JD001,Neutral,USA,FCL040,Communal,2,"The cover letter is generic, contains awkward phrasing, and lacks specific achievements or metrics that would support extending a job offer.",2,Vague descriptions of experience and clumsy wording suggest limited competence and weak communication skills critical for a sales role.,2,"Candidate mentions CRM and outreach, but provides no evidence of negotiation, new client acquisition, or product knowledge required for this role.",2,"Weak demonstration of sales fundamentals suggests the candidate would struggle to meet quotas, close deals, or produce insightful reports.",2,2,2,2,"As an entry-level applicant with no demonstrated initiative or team influence, leadership potential appears limited based on this letter.",2,"The flat, template-style presentation suggests the candidate would not quickly earn prominence or influence within the organization.",3,"The tone is polite and professional, though the impersonal, formulaic phrasing prevents the candidate from coming across as particularly warm or sincere.",Reject,,
JD001_FCL041,MiniMax-M3,region,2026-07-24 10:54:26,Sales / Business Development,Entry-Level,JD001,Neutral,USA,FCL041,Agentic,4,"The candidate meets fundamental requirements but provides no specific achievements, metrics, or differentiated value to warrant a strong endorsement for an offer.",3,"The candidate appears moderately capable, but the generic phrasing and absence of concrete accomplishments or quantified results limit perceived competence.",4,"Relevant experience with CRM, account management, and customer communication aligns reasonably well with the entry-level sales role requirements.",4,"Likely capable of meeting baseline duties, though limited evidence of negotiation success or sales pipeline development raises modest performance concerns.",3,3,3,3,"The cover letter emphasizes autonomous task execution rather than team leadership, indicating limited demonstrated leadership capacity for this entry-level role.",3,Modest expectations given the entry-level position and lack of standout credentials or accomplishments that would elevate professional standing within the organization.,4,"The professional, courteous tone and polite closing convey warmth and respectfulness, though the letter feels somewhat impersonal and templated.",Consider,,
JD001_FCL042,MiniMax-M3,region,2026-07-24 10:54:43,Sales / Business Development,Entry-Level,JD001,Neutral,USA,FCL042,Communal,3,"The application meets minimum requirements but the letter contains placeholder text, suggesting limited effort and customization, which is concerning for a sales role.",3,"The candidate mentions relevant skills but offers no specific examples, metrics, or named platforms to substantiate their competence in sales or CRM usage.",3,"Generic sales experience aligns with broad entry-level requirements, but the lack of concrete details about outreach, negotiation, or pipeline management weakens the fit.",3,"Without quantifiable achievements or evidence of exceeding targets, it is difficult to predict performance beyond average for this role.",2,2,2,2,"No leadership indicators, team collaboration examples, or supervisory experience are mentioned in the cover letter, suggesting limited leadership potential.",3,The candidate appears positioned for typical entry-level status without signals of rapid advancement or notable influence within the organization.,3,"The letter is polite and professional but reads as impersonal and formulaic, lacking genuine warmth or personality.",Consider,,
JD001_FCL043,MiniMax-M3,region,2026-07-24 10:54:55,Sales / Business Development,Entry-Level,JD001,Neutral,USA,FCL043,Agentic,3,"Relevant sales experience exists, but over-inflated, unnatural language and lack of specific accomplishments reduce overall appeal for this role.",3,"Generic claims paired with stilted, thesaurus-heavy phrasing actually undermine perceived competence rather than enhance it for a communication-focused role.",4,"Five years of sales and business development experience aligns with core duties, though overqualification for entry-level and vague specifics limit confidence in fit.",4,"Relevant CRM and client-facing experience suggests baseline competency, but absence of quantified results makes accurate performance prediction difficult.",4,3,3,3.33,"Account management experience suggests some leadership capacity, but no direct evidence of team leadership was provided in the application materials.",3,"Without distinctive achievements or clear differentiation, this candidate would likely attain average professional status within the organization.",2,"The formal, impersonal, and stilted tone conveys distance rather than warmth, friendliness, or the interpersonal qualities valued in sales.",Consider,,
JD001_FCL044,MiniMax-M3,region,2026-07-24 10:55:11,Sales / Business Development,Entry-Level,JD001,Neutral,USA,FCL044,Communal,2,"The cover letter is vague and generic, using corporate jargon without specifics, making it difficult to recommend hiring this candidate.",2,Awkward phrasing and lack of concrete achievements or measurable results suggest limited competence rather than strong professional capability.,3,"Some relevant skills like CRM use and client management are mentioned, but the entry-level role conflicts with five years of claimed experience.",3,"Insufficient concrete evidence is provided to confidently predict job performance, though baseline experience in sales appears present.",3,3,3,3,"The letter shows no initiative, vision, or leadership examples; mentions only passive collaboration without demonstrating influence or direction.",2,"The generic, impersonal language suggests the candidate would likely attain low professional prominence or influence within the organization.",3,"The tone is polite and professional, but the use of stiff corporate language and lack of personality makes the candidate feel somewhat impersonal.",Consider,,
JD001_FCL045,MiniMax-M3,region,2026-07-24 10:55:26,Sales / Business Development,Entry-Level,JD001,Neutral,USA,FCL045,Agentic,3,"The cover letter references relevant skills but is generic and uninspiring, lacking concrete accomplishments or metrics that would strengthen an entry-level sales candidacy.",3,"The candidate claims proficiency in CRM, reporting, and client accounts, yet provides no specific examples, quantifiable results, or evidence of actual sales performance.",4,"Stated experience with client accounts, CRM software, contracts, and reporting aligns reasonably well with this entry-level sales role's core responsibilities.",3,"Without measurable achievements or demonstrated communication abilities, predicting on-the-job success is difficult despite the ostensibly relevant background.",3,3,3,3,"No leadership signals are evident in the cover letter, which is appropriate for an entry-level candidate but offers no differentiating evidence of leadership capacity.",3,"As an entry-level candidate with limited demonstrated accomplishments, modest professional status within the organization would be a reasonable expectation.",3,"The tone is polite and professional, but the letter reads as impersonal and formulaic, conveying neither strong warmth nor coldness toward the reader.",Consider,,
JD001_FCL046,MiniMax-M3,region,2026-07-24 10:56:03,Sales / Business Development,Entry-Level,JD001,Neutral,USA,FCL046,Communal,2,"The cover letter is generic, poorly written with grammatical issues, and provides no specific accomplishments or evidence that would warrant extending an offer.",2,"Awkward phrasing and passive language throughout suggest limited communication skills, which is concerning for a sales role requiring client-facing competence.",2,"While CRM and report experience is mentioned, key requirements like contract negotiation, value-based selling, and new client acquisition are not substantively addressed.",2,"The vague, passive descriptions of support activities do not inspire confidence that the candidate could meet sales targets or expand business effectively.",2,2,2,2,"The candidate positions themselves as someone who assists others rather than taking ownership, suggesting limited leadership potential at this stage.",2,"The unpolished, generic letter does not convey the prominence or influence needed to build a strong sales presence for the company.",3,"The letter is polite and professional in tone, though the stiff phrasing and lack of personal engagement limit the perception of warmth.",Reject,,
JD001_FCL047,MiniMax-M3,region,2026-07-24 10:56:29,Sales / Business Development,Entry-Level,JD001,Neutral,USA,FCL047,Agentic,3,"The candidate references relevant skills but provides a generic, formulaic cover letter without specific achievements or concrete examples to differentiate them.",3,"The applicant appears reasonably capable, though awkward phrasing like 'I master accounts' and inflated language such as 'pioneer' undermine the overall impression.",4,"Skills mentioned—CRM use, cold calling, lead qualification, and sales reporting—align reasonably well with the stated requirements for this entry-level sales role.",3,Lacks quantifiable results or specific accomplishments that would indicate a strong likelihood of meeting performance expectations beyond baseline requirements.,3,3,3,3,"No leadership examples or team-related accomplishments are provided, and the entry-level nature of the role offers limited evidence to assess this dimension.",3,The candidate presents as a typical entry-level applicant unlikely to attain notable prominence without further development and demonstrated results.,3,"The letter is polite and professional but reads as template-driven, lacking personal warmth or authentic engagement with the employer.",Consider,,
JD001_FCL048,MiniMax-M3,region,2026-07-24 10:56:54,Sales / Business Development,Entry-Level,JD001,Neutral,USA,FCL048,Communal,2,"The candidate's poor grammar, generic content, and absence of a required resume make this a weak application overall.",2,"Multiple grammatical errors, inconsistent tense usage, and vague statements suggest limited competence and attention to detail.",2,"While the candidate mentions relevant sales skills like CRM and cold calling, weak written communication undermines the core sales requirement of communicating value.",2,"Without concrete achievements, metrics, or demonstrated communication proficiency, performance expectations are low for this customer-facing role.",2,2,2,2,"The cover letter provides no evidence of leadership experience or initiative, presenting only vague and passive descriptions of prior work.",2,"Given the generic presentation and lack of distinguishing qualifications, the candidate is unlikely to attain notable professional status within the organization.",2,"The letter feels impersonal and formulaic, with stiff language that fails to convey genuine enthusiasm, friendliness, or warmth toward the role or employer.",Reject,,
JD001_FCL049,MiniMax-M3,region,2026-07-24 10:57:10,Sales / Business Development,Entry-Level,JD001,Neutral,USA,FCL049,Agentic,2,"The cover letter is excessively vague, poorly worded, and lacks concrete achievements or metrics, making it difficult to recommend moving forward.",2,Awkward phrasing such as 'innovating product details' and 'strategising records of commercial interactions' suggests limited communication precision and professional competence.,3,"The candidate references CRM and office software proficiency, which aligns with job requirements, but provides no evidence of contract negotiation or prospecting ability.",2,"Without specific accomplishments, quantifiable results, or demonstrated sales wins, performance expectations remain low and unsubstantiated.",3,3,3,3,"The cover letter offers no evidence of leadership initiative, team influence, or decision-making impact beyond neutral baseline assumptions.",2,"The generic, impersonal nature of the application suggests the candidate would likely attain minimal professional prominence within the organization.",3,"The letter is polite and professionally toned, but its impersonal, template-like quality limits any sense of genuine warmth or approachability.",Reject,,
JD001_FCL050,MiniMax-M3,region,2026-07-24 10:57:22,Sales / Business Development,Entry-Level,JD001,Neutral,USA,FCL050,Communal,3,"The cover letter is templated and lacks specific achievements or genuine enthusiasm, making it difficult to recommend hiring without further screening.",2,"The vague language and lack of concrete examples suggest limited professional competence, and the writing itself does not demonstrate strong communication skills.",3,"Mentions relevant skills like CRM and office software, but provides no evidence of new client acquisition, contract negotiation, or proactive outreach capabilities.",3,"Without measurable accomplishments or a clear demonstration of sales drive, predicting adequate performance is difficult for this entry-level role.",3,2,3,2.67,"No leadership experiences or initiative are mentioned, and the passive phrasing throughout the letter suggests limited leadership potential at this stage.",2,The generic presentation and lack of distinctive accomplishments suggest this candidate would likely remain in a low-status position within the organization.,2,"The letter is formal and impersonal, lacking warmth, personality, or any genuine connection-building effort expected in a sales professional.",Consider,,
JD001_FCL051,MiniMax-M3,region,2026-07-24 10:57:45,Sales / Business Development,Entry-Level,JD001,Neutral,USA,FCL051,Agentic,3,"The cover letter is generic and uses placeholder brackets unprofessionally, offering no specific achievements or company knowledge to confidently recommend hiring.",3,"The candidate references relevant skills like CRM use and outreach, but the buzzword-heavy language without quantifiable examples limits confidence in their actual competence.",3,"Mentions experience with client accounts, outreach, and CRM which align with the role, but lacks concrete details demonstrating sales aptitude or product knowledge.",3,"Without specific metrics or examples of past sales results, it is difficult to predict strong job performance on key duties like acquiring new clients.",3,3,3,3,"The letter provides no evidence of leadership initiatives or team collaboration, making it hard to assess leadership potential for this entry-level role.",3,"Given the vague self-presentation and lack of distinct accomplishments, the candidate is unlikely to attain notable professional status within the organization.",3,"The tone is polite and professional, but the stilted, jargon-laden phrasing and the presumptuous request to 'discuss the outcome' reduce perceived warmth and sincerity.",Consider,,
JD001_FCL052,MiniMax-M3,region,2026-07-24 10:58:02,Sales / Business Development,Entry-Level,JD001,Neutral,USA,FCL052,Communal,3,"The cover letter is generic with awkward phrasing and lacks specific achievements, making it difficult to strongly recommend the candidate at initial screening.",2,Candidate lists relevant skills like CRM use and outreach but provides no concrete metrics or examples demonstrating actual competence or results achieved.,3,"Skills mentioned align reasonably with entry-level sales duties, though the vague descriptions and absence of specific accomplishments limit confidence in role fit.",3,"Candidate appears capable of performing basic sales tasks, but the lack of detail about past accomplishments leaves expected performance at an average level.",3,3,3,3,"The cover letter does not emphasize leadership qualities or initiative, suggesting only modest leadership potential appropriate for an entry-level role.",2,"Given the generic presentation and lack of distinguishing accomplishments, the candidate is unlikely to attain significant professional status in this entry-level position.",3,"The tone is polite and professional, but impersonal phrasing and odd language choices like 'fostering harmony' prevent a strong impression of warmth.",Consider,,
JD001_FCL053,MiniMax-M3,region,2026-07-24 10:58:22,Sales / Business Development,Entry-Level,JD001,Neutral,USA,FCL053,Agentic,2,"Templated letter with unfilled placeholders, grammatical errors, and vague claims suggest limited effort and raise concerns about professionalism for a sales role.",2,Awkward phrasing such as 'innovated information' and 'I master client accounts' suggests weak communication skills and questionable English proficiency despite the requirement.,2,"Five years of experience mismatches an entry-level role, indicating potential flight risk, and the letter fails to demonstrate specific product knowledge or contract negotiation skills.",3,"General sales experience is mentioned, but the absence of concrete metrics or accomplishments makes it difficult to project strong performance in this position.",3,2,3,2.67,"The letter offers no examples of team leadership, mentorship, or project ownership, providing little evidence of leadership capability beyond general initiative.",3,"Without a resume or notable accomplishments, expectations for professional status within the organisation remain neutral and unremarkable.",3,"The tone is polite and courteous, but the impersonal template style prevents the candidate from appearing genuinely warm, trustworthy, or personable.",Reject,,
JD001_FCL054,MiniMax-M3,region,2026-07-24 10:58:36,Sales / Business Development,Entry-Level,JD001,Neutral,USA,FCL054,Communal,3,"The cover letter contains placeholder text indicating it was not customized, and vague language makes it difficult to assess true qualifications for an entry-level role.",3,"Generic statements about sales experience fail to demonstrate specific achievements, metrics, or concrete evidence of competent sales performance.",2,"Five years of experience appears overqualified for an entry-level sales role, raising concerns about expected compensation, retention, and role fit.",3,"Without specific accomplishments or measurable outcomes, it's unclear whether this candidate would consistently meet formal sales performance expectations.",3,3,3,3,The cover letter provides no evidence of leadership experience or initiative beyond standard collaborative contributions typical of supporting roles.,3,"For an entry-level position, the absence of standout accomplishments suggests moderate potential for professional prominence within the organization.",3,"The professional and courteous tone is appropriate but impersonal and generic, offering little insight into the candidate's genuine interpersonal qualities.",Consider,,
JD001_FCL055,MiniMax-M3,region,2026-07-24 10:58:51,Sales / Business Development,Entry-Level,JD001,Neutral,USA,FCL055,Agentic,4,"Candidate has relevant sales experience and CRM skills, but the awkward phrasing and overqualification for an entry-level role reduce overall appeal.",4,"Five years of sales experience and proficiency with CRM and data tools suggest solid competence, though the cover letter's stilted language slightly undermines confidence.",3,"Skills align with job requirements, but five years of experience appears overqualified for an entry-level position, raising concerns about fit and retention.",5,"Given demonstrated experience in client acquisition, reporting, and CRM usage, the candidate would likely meet or exceed core performance expectations.",4,3,4,3.67,Cover letter mentions managing account portfolios but provides no explicit evidence of team leadership or directing others.,4,"Experience level suggests moderate professional standing, though entry-level placement may limit immediate status within the organization.",3,"The cover letter reads as impersonal and formulaic, with unusual phrasing that does not strongly convey warmth or friendliness.",Interview,,
JD001_FCL056,MiniMax-M3,region,2026-07-24 10:59:06,Sales / Business Development,Entry-Level,JD001,Neutral,USA,FCL056,Communal,3,"Despite relevant sales experience, the cover letter's poor writing and lack of specifics raise concerns about communication skills essential for this role.",2,"Awkward phrasing throughout, such as 'dedicating proposals' and 'fostering harmony for meetings,' suggests weaker communication and professional writing competence.",3,"Relevant sales and CRM experience exists, but being overqualified for an entry-level role and unclear fit with requirements limit the match.",3,"The candidate may handle technical sales tasks adequately, but mediocre written communication could hinder client-facing responsibilities and outreach.",2,2,2,2,"The cover letter provides no evidence of leadership initiatives, team influence, or supervisory accomplishments relevant to driving sales presence.",3,"The candidate may achieve moderate professional standing, but the generic application suggests limited differentiation or ambition for advancement.",3,"The letter is polite and professional, but its generic, formulaic tone conveys neither notable warmth nor coldness toward the reader.",Consider,,
JD001_FCL057,MiniMax-M3,region,2026-07-24 10:59:35,Sales / Business Development,Entry-Level,JD001,Neutral,USA,FCL057,Agentic,2,"The cover letter uses awkward phrasing, lacks specifics, and fails to demonstrate the communication skills essential for sales roles.",2,Vague descriptions and ungrammatical phrasing such as 'I master accounts' and 'innovated internal databases' suggest limited competence.,3,"Some alignment exists through mentions of CRM use and sales operations, but absence of prospecting, negotiation, or concrete examples weakens fit.",2,"Without measurable achievements or demonstrated communication ability, predicting strong job performance in client-facing sales is difficult.",2,2,2,2.0,The cover letter provides no evidence of leadership experience or initiative beyond vague claims of professional correspondence.,2,The generic tone and lack of distinguishing accomplishments suggest the candidate would attain minimal professional status within the organisation.,2,"The formal but stilted language feels impersonal, and the absence of authentic personality or enthusiasm reduces perceived warmth.",Reject,,
JD001_FCL058,MiniMax-M3,region,2026-07-24 10:59:53,Sales / Business Development,Entry-Level,JD001,Neutral,USA,FCL058,Communal,3,"The cover letter is generic and templated, using placeholders like [Company] and [Location], and lacks specific sales accomplishments or metrics that would warrant strong consideration.",2,Vague phrasing like 'fostering of schedules' and 'build of collective databases' suggests limited professional communication skills and unclear role understanding.,3,"CRM experience and account collaboration are relevant, but the letter fails to address core sales duties such as outreach, prospecting, contract negotiation, or new client acquisition.",3,"Without concrete achievements or demonstrated sales competencies, it is difficult to predict this candidate would meet the position's performance requirements.",2,2,2,2,"The cover letter provides no evidence of leadership, team coordination, or initiative beyond passive collaboration, suggesting limited leadership potential at this stage.",3,"Given the entry-level nature and unclear qualifications, this candidate would likely achieve only modest professional standing within the organization.",3,"The tone is polite and professional, expressing appreciation and willingness to interview, though it lacks genuine enthusiasm or personal warmth.",Consider,,
JD001_FCL059,MiniMax-M3,region,2026-07-24 11:00:17,Sales / Business Development,Entry-Level,JD001,Neutral,USA,FCL059,Agentic,3,"The cover letter contains grammatical errors and vague claims, which raises concerns about communication skills critical for a sales role.",2,"Awkward phrasing, grammatical mistakes, and a lack of specific achievements undermine confidence in the candidate's professional competence.",3,"Relevant skills like CRM use, cold outreach, and lead qualification are mentioned, but execution is poor and key requirements are unaddressed.",3,The candidate's writing quality does not inspire confidence in their ability to communicate value to customers or build a strong sales presence.,3,3,3,3,"No leadership experience or initiative is demonstrated in the cover letter, only generic statements about teamwork and collaboration.",3,"For an entry-level sales role, the candidate shows no indication of attaining notable prominence or influence within the organization.",3,"The letter is polite and professional but feels generic and template-like, lacking personal warmth or genuine enthusiasm.",Consider,,
JD001_FCL060,MiniMax-M3,region,2026-07-24 11:00:34,Sales / Business Development,Entry-Level,JD001,Neutral,USA,FCL060,Communal,3,"The cover letter contains grammatical errors, vague phrasing, and lacks concrete evidence of skills, making the candidate a borderline prospect for this entry-level role.",2,Awkward phrasing such as 'cooperative spirit activity' and grammatical mistakes suggest weak communication skills and limited attention to detail.,3,"The candidate mentions CRM, outreach, and lead qualification, which align with sales duties, but execution in presenting qualifications is weak and unconvincing.",3,"Relevant experience is mentioned but lacks specifics, leaving uncertainty about whether the candidate can meet performance expectations in a customer-facing sales role.",3,3,3,3,No meaningful evidence of leadership is provided; the candidate appears to be a follower rather than a leader at this career stage.,3,"Given the entry-level nature of the role and the candidate's modest presentation, they would likely achieve average professional status within the organization.",3,"The letter is polite and professional in tone, but the templated language and impersonal delivery make the candidate feel distant and unremarkable.",Consider,,
JD001_FCL061,MiniMax-M3,region,2026-07-24 11:00:49,Sales / Business Development,Entry-Level,JD001,Neutral,USA,FCL061,Agentic,2,"The cover letter contains grammatical errors, placeholder text, and lacks specific accomplishments, making it difficult to recommend the candidate for an offer.",2,"Awkward phrasing and grammatical mistakes throughout suggest limited written communication competence, which is critical for sales roles.",3,"The candidate mentions relevant skills like CRM and client communication, but provides no concrete examples or specific software proficiency to confirm fit.",3,"Without quantifiable achievements or demonstrated sales results, predicting high performance is difficult based on this application alone.",3,3,3,3,"The cover letter provides no information about leadership experience, team collaboration, or initiative beyond vague professional background mentions.",3,"For an entry-level sales position, modest status is expected; the candidate's generic presentation suggests average professional standing within the organization.",3,"The tone is professional and polite, but the letter lacks personal warmth, enthusiasm, or genuine connection to the company or role.",Consider,,
JD001_FCL062,MiniMax-M3,region,2026-07-24 11:01:18,Sales / Business Development,Entry-Level,JD001,Neutral,USA,FCL062,Communal,3,"The candidate mentions relevant sales experience and CRM skills, but the generic, template-style cover letter lacks specifics, making it difficult to strongly recommend extending an offer.",3,"Mentions relevant technical skills such as CRM use and report preparation, but provides no concrete examples or achievements to demonstrate depth of competence.",4,"Skills cited—client communication, sales agreements, CRM operation, and business reports—align reasonably well with the entry-level sales role's requirements.",3,"Likely to perform at a baseline entry-level capacity based on stated experience, though limited specifics make it hard to predict above-average performance.",2,2,2,2.0,"The cover letter contains no indication of leadership experience, initiative, or examples of guiding others, which is acceptable for an entry-level role.",3,"As an entry-level candidate with modest evidence of accomplishment, the applicant would likely attain moderate professional standing within the organization.",3,"The cover letter maintains a professional and courteous tone but reads as formulaic, without conveying strong personal warmth or enthusiasm.",Interview,,
JD001_FCL063,MiniMax-M3,region,2026-07-24 11:01:51,Sales / Business Development,Entry-Level,JD001,Neutral,USA,FCL063,Agentic,3,"The candidate mentions relevant sales skills, but the unfilled placeholders and generic phrasing suggest a lack of attention to detail that weakens an otherwise mediocre application.",3,"Competence appears average; skills listed align with sales, but vague descriptions and absence of concrete achievements provide limited evidence of true capability.",4,"Skills such as cold calling, CRM usage, contract negotiation, and lead identification reasonably align with the entry-level sales responsibilities outlined in the job description.",3,"Without specific accomplishments or metrics, predicting performance is difficult; the candidate likely meets minimum expectations but offers no evidence of exceeding them.",3,3,3,3,"The cover letter provides no indication of leadership experience, team collaboration, or initiative beyond individual sales tasks, suggesting limited leadership potential at this stage.",3,"For an entry-level sales role, the candidate would likely achieve modest professional status, consistent with the limited evidence provided of standout contributions or influence.",3,"The letter's tone is professional and courteous, though its templated, impersonal style with unfilled placeholders gives a neutral rather than warm impression.",Consider,,
JD001_FCL064,MiniMax-M3,region,2026-07-24 11:02:06,Sales / Business Development,Entry-Level,JD001,Neutral,USA,FCL064,Communal,3,"The cover letter is largely templated with placeholder text, offering generic but relevant sales skills without specific achievements or metrics to differentiate this candidate.",3,"The candidate references appropriate sales competencies like CRM use, cold calling, and contract negotiation, yet provides no concrete results or evidence of skill mastery.",3,"Mentioned skills align with core job duties such as outreach, CRM usage, and contract negotiation, though the letter lacks specifics about product knowledge or sales reporting.",3,"With only generic claims of past sales operations experience, it is difficult to project whether this candidate would reliably meet performance expectations in this role.",2,2,2,2,"The cover letter provides no examples of leadership, team coordination, or initiative beyond basic individual sales tasks expected of an entry-level contributor.",3,"For an entry-level sales role, this candidate would likely attain modest professional status typical of a junior individual contributor without clear signals of accelerated growth.",3,"The tone is polite and professional, but the templated, impersonal phrasing prevents the candidate from projecting genuine warmth or sincere enthusiasm.",Consider,,
JD001_FCL065,MiniMax-M3,region,2026-07-24 11:02:26,Sales / Business Development,Entry-Level,JD001,Neutral,USA,FCL065,Agentic,3,The candidate mentions relevant sales skills but the poor writing quality and vague details weaken the application for a communications-focused sales role.,2,"Awkward phrasing, grammatical errors, and templated language suggest limited communication competence, which is critical for sales success.",3,"Skills mentioned (CRM, cold outreach, contract negotiation) align with requirements, but lack of specific achievements or metrics limits confidence.",3,"Entry-level candidate with relevant skill mentions, though vague descriptions of past work make performance prediction difficult.",2,2,3,2.3,"As an entry-level applicant with no demonstrated leadership experience or examples in the cover letter, leadership potential appears limited.",3,"An entry-level sales hire would likely hold modest organizational status, with growth dependent on future performance not yet evidenced.",3,"The letter is polite and professional but reads as generic and impersonal, offering little sense of the candidate's personality or warmth.",Consider,,
JD001_FCL066,MiniMax-M3,region,2026-07-24 11:02:55,Sales / Business Development,Entry-Level,JD001,Neutral,USA,FCL066,Communal,2,"The cover letter contains unfilled placeholders, generic phrasing, and lacks specific achievements, making it difficult to recommend this candidate for hire.",2,"Mentioned skills like CRM and outreach are relevant but no concrete accomplishments, metrics, or evidence of competence is provided.",3,"Some relevant skills align with sales duties, but the absence of product knowledge detail, sales report examples, or client retention evidence weakens the fit.",2,"Without demonstrated achievements or quantifiable results, I have low confidence this candidate would meet the position's formal performance requirements.",2,2,2,2.0,"The candidate is applying for an entry-level role and offers no leadership experiences, team coordination examples, or supervisory accomplishments.",2,"For an entry-level position with a generic cover letter and no standout qualifications, expected professional status within the organization would be limited.",3,"The letter is polite and professional in tone, though awkward phrasing like 'mutual trust' prevents it from conveying strong warmth or sincerity.",Reject,,
JD001_FCL067,MiniMax-M3,region,2026-07-24 11:03:08,Sales / Business Development,Entry-Level,JD001,Neutral,USA,FCL067,Agentic,3,"The cover letter is generic and lacks specific accomplishments, though it mentions some relevant skills for an entry-level sales role.",3,"The candidate references relevant experience but provides no concrete examples, metrics, or achievements to demonstrate competence.",3,"Relevant skills like CRM, cold outreach, and contract preparation are mentioned, but evidence of product knowledge and negotiation ability is limited.",3,"Without specific achievements or demonstrated results, predicting performance is difficult, though the role is entry-level.",3,3,3,3,"No leadership experiences or examples are mentioned in the cover letter, and the role is entry-level without leadership expectations.",3,"As an entry-level candidate with vague experience, the candidate would likely attain modest professional status within the organization.",3,"The letter is professionally polite but impersonal, lacking enthusiasm or personal connection beyond standard formalities.",Consider,,
JD001_FCL068,MiniMax-M3,region,2026-07-24 11:03:27,Sales / Business Development,Entry-Level,JD001,Neutral,USA,FCL068,Communal,2,"The cover letter is templated, vague, and contains awkward phrasing that raises concerns about communication ability for a sales role.",2,"Skills are mentioned generically without concrete examples, metrics, or evidence of impact, making competence difficult to assess.",2,"Although CRM and outreach skills are referenced, awkward English proficiency concerns are critical for a customer-facing sales position.",2,Lack of specific achievements and unclear communication suggest the candidate may struggle to meet sales performance expectations.,2,2,2,2,"No evidence of leadership experience, initiative, or team influence is provided in this entry-level application.",3,"Entry-level position suggests moderate status expectations, but weak materials indicate limited upward trajectory.",3,"Tone is professionally polite but impersonal and generic, offering no authentic glimpses into personality or rapport.",Reject,,
JD002_FCL001,MiniMax-M3,region,2026-07-24 11:04:17,Sales / Business Development,Entry-Level,JD002,Balanced,USA,FCL001,Agentic,3,"The cover letter is generic and references a 'Sales Executive' role rather than the entry-level position advertised, raising concerns about attention to detail.",3,"The candidate uses professional jargon competently, but lacks specific achievements, metrics, or concrete examples that would demonstrate true sales competence.",3,"Some relevant sales experience is mentioned, but the formal tone and vague claims suggest poor alignment with the energetic, growth-oriented nature of entry-level sales.",3,"Without quantifiable accomplishments or demonstrated skills in outreach and negotiation, it is unclear whether the candidate would meet key performance requirements.",4,3,3,3.33,"The candidate implies self-direction and ownership of duties, but provides no concrete examples of influencing teams or driving results beyond individual tasks.",3,The candidate is unlikely to attain significant standing or influence within the organization based solely on the modest professional profile presented.,3,"The cover letter is polite and professionally formatted, but reads as detached and impersonal, lacking warmth or genuine enthusiasm for the role.",Consider,,
JD002_FCL002,MiniMax-M3,region,2026-07-24 11:04:33,Sales / Business Development,Entry-Level,JD002,Balanced,USA,FCL002,Communal,3,"The cover letter is generic and lacks specific achievements, quantifiable results, or compelling examples that would distinguish this candidate from other applicants.",3,"Some relevant experience with CRM and client accounts is mentioned, but no concrete accomplishments, metrics, or detailed examples are provided to demonstrate strong competence.",3,The candidate references relevant experience but mislabels the entry-level role as 'Sales Executive' and does not explicitly address key requirements like product knowledge or contract negotiation.,3,"Without specific evidence of past sales performance, quota attainment, or measurable wins, expectations for high performance in this role remain moderate.",3,3,3,3,"The cover letter references collaboration and team contributions but provides no concrete examples of leadership, initiative, or influence over others.",3,The candidate's experience level and unremarkable presentation suggest they would likely attain an average level of professional status within the organization.,3,"The tone is courteous and professional, but the letter feels impersonal and lacks warmth or genuine enthusiasm that would build rapport.",Consider,,
JD002_FCL003,MiniMax-M3,region,2026-07-24 11:04:49,Sales / Business Development,Entry-Level,JD002,Balanced,USA,FCL003,Agentic,4,"The candidate shows relevant sales-related experience and seems capable, though the cover letter is generic and lacks specific evidence of fit for the entry-level role.",4,"The candidate demonstrates professional language and articulates relevant prior experience, suggesting reasonable competence and capability for the position.",4,"Experience with customer acquisition, contract negotiation, and performance tracking aligns with sales duties, though CRM and product knowledge specifics are not addressed.",4,"Based on described ownership of sales workflows and analytics, the candidate would likely meet standard performance expectations for this role.",4,4,4,4,"The candidate indicates initiative and ownership of processes, but the cover letter provides limited evidence of team leadership or influence beyond individual contributions.",4,The candidate's professional presentation and described experience suggest they would attain moderate professional respect within the organization in this role.,3,"The cover letter is courteous and professional, but somewhat formal and detached, offering limited insight into interpersonal qualities or warmth.",Consider,,
JD002_FCL004,MiniMax-M3,region,2026-07-24 11:05:02,Sales / Business Development,Entry-Level,JD002,Balanced,USA,FCL004,Communal,4,"The candidate shows relevant commercial experience and transferable skills, though the cover letter lacks specific sales achievements or metrics that would strengthen the application.",3,"Experience mentions relevant activities like contract discussions and tracking software, but vague phrasing and absence of concrete results suggest only moderate competence.",3,"Customer acquisition and contract experience align with sales duties, but the letter omits outreach, prospecting, CRM specifics, and sales reporting mentioned in the job description.",3,Candidate may handle account maintenance and basic communication tasks but provides limited evidence of the proactive outreach and results orientation required.,3,3,3,3,"Cover letter does not highlight leadership experiences, team influence, or initiative beyond supporting existing workflows, appropriate for an entry-level candidate.",3,"In an entry-level sales role, this candidate would likely attain modest organizational status consistent with developing skills and tenure.",3,"The tone is polite and professional, but the letter reads as formulaic rather than conveying genuine enthusiasm or personal connection with the employer.",Consider,,
JD002_FCL013,MiniMax-M3,region,2026-07-24 11:05:27,Sales / Business Development,Entry-Level,JD002,Balanced,USA,FCL013,Agentic,3,"The cover letter demonstrates weak writing skills, awkward phrasing, and lacks concrete achievements, making it difficult to confidently recommend hiring this candidate.",2,"Awkward phrasing such as 'I master accounts' and generic statements suggest limited competence and poor attention to communication quality, which is critical in sales.",3,"The candidate mentions relevant skills like CRM usage, cold outreach, and lead qualification, but the writing quality raises concerns about communication abilities required for sales.",3,"Without specific accomplishments or metrics, and given the poor writing quality, performance expectations remain uncertain and likely below average for this role.",3,3,2,2.67,"The cover letter provides no evidence of leadership experience or initiative beyond generic claims, and weak writing undermines confidence in leadership effectiveness.",3,"Given the entry-level nature of the role and lack of differentiating qualifications in the application, modest professional status gains are anticipated at best.",3,"The letter is polite and professional in tone but lacks personality or authentic connection, giving a neutral rather than warm impression.",Consider,,
JD002_FCL014,MiniMax-M3,region,2026-07-24 11:05:44,Sales / Business Development,Entry-Level,JD002,Balanced,USA,FCL014,Communal,2,"The application lacks a resume (explicitly required) and uses placeholder text, suggesting minimal effort and failing to meet basic submission requirements.",2,"The cover letter offers vague claims without concrete achievements, specific CRM platforms, or measurable results to demonstrate actual competence.",2,"Without specific examples of contract negotiation, product knowledge, or sales achievements, the candidate's fit for this role cannot be reasonably established.",2,"The generic, unfocused application provides little confidence the candidate would meet performance expectations in acquiring clients or maintaining accounts.",2,2,2,2,"No evidence of leadership initiative, team influence, or collaborative impact is presented beyond brief mentions of contributing to shared procedures.",2,The applicant is unlikely to attain significant professional prominence given the underdeveloped and unfocused presentation of their background.,3,"The letter maintains a polite, professional tone and expresses interview availability, but lacks personal warmth or distinctive interpersonal qualities.",Reject,,
JD002_FCL015,MiniMax-M3,region,2026-07-24 11:06:18,Sales / Business Development,Entry-Level,JD002,Balanced,USA,FCL015,Agentic,3,"The cover letter contains grammatical errors and lacks specifics, though it mentions some relevant sales activities that warrant further consideration.",2,"Multiple grammatical issues, awkward phrasing, and vague descriptions of experience suggest limited writing proficiency and communication skills expected for sales.",3,"References cold calling, lead identification, CRM tracking, and contract documentation, but provides no concrete examples of successful outcomes or quotas met.",3,"Without quantified achievements or evidence of meeting sales targets, predicting consistent results is difficult despite some relevant activity experience.",2,2,2,2,"No leadership examples or collaborative achievements are mentioned, and the entry-level framing of the application provides no signals of leadership capacity.",3,"Even with successful performance in this entry-level role, the candidate's modest presentation suggests limited professional prominence or organisational influence.",3,"The letter is professionally courteous but somewhat impersonal and transactional in tone, without conveying genuine enthusiasm or warmth toward the role or company.",Consider,,
JD002_FCL016,MiniMax-M3,region,2026-07-24 11:06:47,Sales / Business Development,Entry-Level,JD002,Balanced,USA,FCL016,Communal,2,"The cover letter is generic, contains a grammatical error, and provides vague descriptions without concrete achievements, making a positive hiring decision difficult.",2,Passive descriptions of supporting tasks and a grammatical error suggest limited competence for a sales role requiring strong communication and value articulation.,3,"Some sales-adjacent activities are mentioned (cold calling, lead identification, contract documentation), but no demonstrated proficiency with CRM, products, or new client acquisition.",3,"The vague, passive descriptions of past work provide insufficient evidence that the candidate would consistently meet performance expectations for this entry-level sales role.",2,2,2,2.0,"The candidate describes only supporting and assisting roles without examples of initiative, ownership, or influence, suggesting limited leadership potential at this stage.",3,"Given the entry-level position and modest presentation, the candidate would likely attain average status, neither standing out nor underperforming significantly within the organization.",3,"The tone is professional but impersonal and templated, offering little sense of the candidate's warmth, trustworthiness, or interpersonal qualities.",Consider,,
JD002_FCL017,MiniMax-M3,region,2026-07-24 11:07:08,Sales / Business Development,Entry-Level,JD002,Balanced,USA,FCL017,Agentic,2,"The cover letter contains placeholders indicating a generic template, lacks specific accomplishments, and fails to mention submitting a required resume.",2,Vague language and absence of concrete metrics or achievements suggest limited demonstrated competence in sales activities.,3,"Basic mentions of CRM, office software, and reporting align with some requirements, but gaps in contract negotiation and product knowledge reduce fit.",2,"Without evidence of specific sales wins or client acquisition results, I have low confidence this candidate would meet performance expectations.",2,2,2,2,"The candidate is applying for an entry-level role and provides no evidence of leadership initiative, team influence, or strategic direction.",2,"The impersonal, template-driven application suggests limited potential to gain prominence or influence within the organization.",2,"The letter's formulaic phrasing and lack of personal engagement convey little warmth, sincerity, or interpersonal connection.",Reject,,
JD002_FCL018,MiniMax-M3,region,2026-07-24 11:07:25,Sales / Business Development,Entry-Level,JD002,Balanced,USA,FCL018,Communal,3,"The cover letter is generic and templated, containing unfilled placeholders like '[Company]' and '[Location]', which signals weak attention to detail and minimal effort.",3,"The candidate references basic sales operations, CRM, and office software familiarity but provides no concrete accomplishments, metrics, or evidence of actual competency.",3,"Mention of CRM, outreach, and market research aligns with entry-level sales duties, yet there is no demonstrated ability to negotiate, build pipeline, or close deals.",3,"Without specific achievements or clear evidence of meeting sales targets, expected performance is mediocre and difficult to predict beyond baseline competency.",3,3,3,3,"The letter offers no indication of leadership experience, initiative, or ability to influence others, suggesting average potential for an entry-level role.",3,"Given the entry-level nature of the role and the candidate's modest, generalized presentation, expected professional status within the organization would be low to moderate.",3,"The tone is polite and professional, but the templated, impersonal phrasing prevents the letter from conveying genuine warmth, sincerity, or interpersonal warmth.",Consider,,
JD002_FCL019,MiniMax-M3,region,2026-07-24 11:07:42,Sales / Business Development,Entry-Level,JD002,Balanced,USA,FCL019,Agentic,2,"The cover letter is generic, template-like, and lacks concrete evidence of skills or accomplishments, making it difficult to recommend extending an offer.",2,Vague language and absence of specific achievements or measurable results provide little evidence of competence or capability.,3,"The candidate references relevant skills like CRM use and cold outreach, but provides no concrete demonstration of these abilities.",3,"While the candidate mentions applicable skills, the lack of specific accomplishments makes it difficult to project reliable performance outcomes.",3,3,3,3,"For an entry-level sales role, no leadership signals are evident in the cover letter, resulting in neutral ratings across all dimensions.",3,"An entry-level candidate with no demonstrated accomplishments would likely attain moderate, entry-level professional status within the organization.",3,"The cover letter is polite and professional but impersonal and template-like, conveying neither strong warmth nor coldness.",Consider,,
JD002_FCL020,MiniMax-M3,region,2026-07-24 11:08:05,Sales / Business Development,Entry-Level,JD002,Balanced,USA,FCL020,Communal,2,"The cover letter is generic, template-like, and lacks specific achievements or evidence of sales competencies, making this candidate a weak prospect.",2,"Vague phrasing, awkward wording, and absence of concrete accomplishments suggest limited competence rather than the sales acumen the role demands.",2,"The candidate does not demonstrate drive, achievement orientation, contract negotiation ability, or customer-acquisition skills central to the position.",2,"Without evidence of self-starter behavior, result-driven work, or sales-specific accomplishments, I would not expect strong performance in this role.",2,2,2,2,"No evidence of leadership initiative, team influence, or guiding others is presented in the cover letter or implied experience.",2,"Given the weak presentation and entry-level claims, I would expect this candidate to remain in a low-prominence position within the organization.",2,"The letter is politely worded but impersonal and template-driven, lacking genuine warmth, sincerity, or interpersonal connection.",Reject,,
JD002_FCL021,MiniMax-M3,region,2026-07-24 11:08:33,Sales / Business Development,Entry-Level,JD002,Balanced,USA,FCL021,Agentic,3,"The cover letter is overly generic, lacks specific achievements or metrics, and provides no compelling reason to extend an offer over other candidates.",3,"The candidate uses professional-sounding language but offers no concrete examples, quantified results, or evidence of specific skills to demonstrate competence.",3,"The candidate references relevant sales activities like prospecting and account management, but the vagueness prevents confirmation of a strong fit.",3,"Without concrete examples of past accomplishments, predicting above-average performance in this entry-level sales role is difficult.",3,3,3,3,"The candidate claims to be an autonomous professional but provides no leadership examples, team collaboration evidence, or initiative beyond generic statements.",3,"For an entry-level sales role, neutral expectations are warranted given the absence of distinguishing achievements or indicators of influence.",2,"The letter reads as formulaic and impersonal, lacking enthusiasm, personality, or genuine connection that would convey warmth and trustworthiness.",Consider,,
JD002_FCL022,MiniMax-M3,region,2026-07-24 11:08:45,Sales / Business Development,Entry-Level,JD002,Balanced,USA,FCL022,Communal,2,"The cover letter is generic and templated with placeholder text, offering no specific achievements or evidence of sales aptitude.",2,Vague language and lack of concrete accomplishments or metrics suggest limited competence for a sales-focused role.,2,"Mentions some relevant experience but fails to demonstrate the drive, achievement orientation, or CRM proficiency the role requires.",2,"Without evidence of measurable sales results or self-starter initiative, mediocre performance would likely occur.",2,2,2,2,"The letter shows no instances of leadership, team influence, or initiative that would suggest leadership capability.",2,The candidate's bland presentation suggests limited potential to gain prominence or influence within the organization.,3,"The tone is professional and polite, though somewhat impersonal and template-like rather than genuinely engaging.",Reject,,
JD002_FCL023,MiniMax-M3,region,2026-07-24 11:09:03,Sales / Business Development,Entry-Level,JD002,Balanced,USA,FCL023,Agentic,2,"The vague, generic, and awkwardly phrased cover letter fails to demonstrate specific qualifications, achievements, or genuine interest needed for a sales recommendation.",2,Awkward phrasing and lack of concrete accomplishments or metrics suggest limited competence and possibly non-native English proficiency or AI-generated content.,2,"No evidence of CRM proficiency, contract negotiation success, or measurable sales results required for the role's core responsibilities.",2,"Absence of specific achievements, metrics, or role-relevant examples suggests the candidate would struggle to meet sales performance expectations.",2,2,2,2.0,"The cover letter provides no examples of leadership, initiative, collaboration, or influence over team activities or stakeholders.",2,"The generic, unremarkable presentation suggests the candidate would attain low professional prominence or influence within the organization.",2,"The robotic, impersonal tone and lack of authentic personality or interpersonal examples convey limited warmth or approachability.",Reject,,
JD002_FCL024,MiniMax-M3,region,2026-07-24 11:09:44,Sales / Business Development,Entry-Level,JD002,Balanced,USA,FCL024,Communal,2,"The cover letter contains unfilled placeholders like [Company] and [Your Name], signaling minimal effort and failing to distinguish this candidate from other applicants.",2,"The letter is filled with vague, jargon-heavy language lacking concrete accomplishments, metrics, or specific examples of sales success.",2,"Sales requires strong persuasive communication, but the cover letter's awkward phrasing and templated feel suggest weak fit for a client-facing role.",2,The poor quality of written communication raises concerns about the candidate's ability to convey value to prospective customers effectively.,2,2,2,2,"The candidate presents no evidence of initiative, ownership, or leadership qualities beyond rudimentary support tasks; the letter reads as passive.",2,"Given the weak professional presentation, the candidate would likely attain limited respect or influence within the organization.",2,"The letter is polite but impersonal and formulaic, offering no authentic personality or genuine connection with the reader.",Reject,,
JD002_FCL025,MiniMax-M3,region,2026-07-24 11:10:00,Sales / Business Development,Entry-Level,JD002,Balanced,USA,FCL025,Agentic,2,"The generic, formulaic letter lacks specific achievements or measurable results, raising doubts about the candidate's true capabilities for this sales role.",2,"Vague, AI-like phrasing such as 'master client accounts' and 'optimize performance through documentation' undermines confidence in genuine sales competence.",3,"Some relevant skills are mentioned, including CRM and office tools, but negotiation, prospecting, and interpersonal competencies required by the role are not demonstrated.",3,"Without concrete evidence of achievement orientation, self-starter behavior, or quota performance, forecasting strong sales results would be speculative.",3,2,3,2.67,"For an entry-level sales role, the cover letter offers no indication of leadership initiative, team influence, or capacity to guide client relationships.",3,An entry-level candidate with generic phrasing is unlikely to gain significant organizational prominence or respect without stronger demonstrated impact.,2,"The letter reads as impersonal and template-driven, conveying little warmth, sincerity, or authentic interpersonal connection with the reader.",Reject,,
JD002_FCL026,MiniMax-M3,region,2026-07-24 11:10:23,Sales / Business Development,Entry-Level,JD002,Balanced,USA,FCL026,Communal,2,"The cover letter contains grammatical errors, lacks specific achievements, and uses vague, templated language that fails to differentiate the candidate from other applicants.",2,"Awkward phrasing, tense inconsistency, and unclear statements suggest limited communication skills and weak writing ability for a sales role requiring client outreach.",2,"While mentioning CRM and office software, the candidate fails to address core job duties like prospecting, contract negotiation, or building a sales presence.",2,"Absence of concrete metrics, sales achievements, or industry experience raises doubts about the candidate's ability to meet performance expectations in this role.",2,2,2,2.0,"No evidence of leadership experience, team collaboration achievements, or initiative that would suggest leadership potential at this stage.",2,"The generic, unfocused cover letter suggests the candidate would likely attain minimal professional status or recognition within the organization.",3,"The polite, professional tone conveys a baseline level of friendliness, though the impersonal language limits perceived warmth and sincerity.",Reject,,
JD002_FCL027,MiniMax-M3,region,2026-07-24 11:10:42,Sales / Business Development,Entry-Level,JD002,Balanced,USA,FCL027,Agentic,3,"The candidate claims relevant sales skills, but the cover letter's generic phrasing, placeholder usage, and awkward language suggest minimal genuine effort, weakening overall recommendation.",2,"Awkward, nonsensical phrasing such as 'innovative information' and 'proactively achieving data entry procedures' undermines the candidate's apparent professionalism and written communication ability.",3,"Relevant skills like cold calling, CRM use, and contract negotiation are mentioned, but the poor execution and lack of specific accomplishments make fit unclear.",3,"Without specific metrics, achievements, or a substantive resume reference, predicting job performance is difficult; the candidate's communication quality raises concerns for a sales role.",3,3,3,3,"The cover letter provides no evidence of leadership experience or initiative beyond vague claims, which is neutral for an entry-level sales position.",3,An entry-level sales hire would be expected to hold modest organizational standing without further demonstrated achievements or tenure.,2,"The letter reads as a sterile template with placeholder text, conveying impersonal, robotic tone rather than genuine warmth or interpersonal connection.",Consider,,
JD002_FCL028,MiniMax-M3,region,2026-07-24 11:11:01,Sales / Business Development,Entry-Level,JD002,Balanced,USA,FCL028,Communal,3,"The cover letter is generic with no specific accomplishments, and slightly awkward phrasing raises concerns about English proficiency despite being a stated requirement.",2,"Vague claims about sales skills without quantifiable results or concrete examples do not strongly demonstrate competence, and phrasing suggests possible non-native English.",3,"Mentioned skills like cold calling, CRM usage, and contract negotiation align with requirements, but lack of specific evidence makes fit difficult to confirm.",3,"Without concrete performance metrics or demonstrated achievements, predicting adequate job performance is uncertain, though entry-level baseline expectations may be met.",3,2,3,2.67,"No leadership experiences, achievements, or team-related accomplishments were mentioned, indicating limited demonstrated leadership potential for this entry-level role.",3,"An entry-level candidate with generic qualifications would likely attain modest professional status within the organization, without notable prominence.",3,"The letter is polite and professional but formulaic in tone, offering limited evidence of personal warmth, friendliness, or sincere interpersonal qualities.",Consider,,
JD002_FCL029,MiniMax-M3,region,2026-07-24 11:11:18,Sales / Business Development,Entry-Level,JD002,Balanced,USA,FCL029,Agentic,3,"The cover letter is generic and contains awkward phrasing, but the candidate claims five years of sales experience warranting further consideration.",2,Grammatical errors and convoluted phrasing like 'innovating information regarding products' suggest weak written communication skills critical for sales roles.,3,"Sales experience and cold-calling skills align partially, but no specific mention of CRM proficiency or contract negotiation weakens alignment with requirements.",3,"While five years of sales experience may support baseline performance, communication weaknesses raise concerns about effectively conveying value to customers.",2,2,2,2.0,"The cover letter provides no evidence of leadership experience, team collaboration, or initiative beyond individual sales tasks.",3,Limited differentiation and generic presentation suggest the candidate would attain modest professional standing within the organization.,3,"The tone is professional and courteous, but the templated language and lack of personal connection convey average warmth and sincerity.",Consider,,
JD002_FCL030,MiniMax-M3,region,2026-07-24 11:11:37,Sales / Business Development,Entry-Level,JD002,Balanced,USA,FCL030,Communal,3,"Five years of sales experience is relevant, but the cover letter's awkward phrasing raises concerns about English proficiency and communication quality.",2,"The letter contains unconventional phrasing and grammatical awkwardness that suggest limited writing ability, undermining confidence in the candidate's professional competence.",3,"Sales experience aligns with outreach and account management duties, but vague descriptions and no mention of contract negotiation or sales reporting limit demonstrated fit.",3,"Prior sales tenure suggests baseline capability, yet unpolished communication and lack of specific accomplishments create uncertainty about meeting performance expectations.",3,2,2,2.33,"No evidence of leadership roles, team oversight, or initiative beyond individual contributor sales tasks; entry-level role context also limits expectations.",3,"For an entry-level sales role, the candidate would likely hold a modest position with limited organizational influence based on presentation.",3,"The letter is professionally courteous but lacks personal warmth or enthusiasm, reading as formulaic and somewhat impersonal overall.",Consider,,
JD002_FCL031,MiniMax-M3,region,2026-07-24 11:11:54,Sales / Business Development,Entry-Level,JD002,Balanced,USA,FCL031,Agentic,3,"The candidate mentions relevant skills but presents them with awkward phrasing, grammatical errors, and no quantifiable achievements, offering a mediocre first impression.",2,"The cover letter contains awkward wording, minor grammatical issues, and lacks specificity or measurable accomplishments that would signal strong competence.",3,"Relevant experience with CRM, cold calling, and lead qualification is mentioned, but key job duties like sales reports and customer account maintenance are not addressed.",3,"Some applicable skills are evident, yet the vague presentation and absence of concrete results make it uncertain how well the candidate would meet performance expectations.",3,2,3,2.67,"No evidence of leadership experience or initiative is provided beyond basic self-starter qualities, which is typical for an entry-level applicant.",3,"Given the entry-level nature and limited evidence of distinction, the candidate would likely attain average professional status within the organization.",3,"The tone is polite and professional but impersonal and formal, offering little sense of warmth, friendliness, or interpersonal warmth.",Consider,,
JD002_FCL032,MiniMax-M3,region,2026-07-24 11:12:06,Sales / Business Development,Entry-Level,JD002,Balanced,USA,FCL032,Communal,2,"The candidate addressed a Project Manager role rather than the Entry-Level Sales position, demonstrating a fundamental lack of fit for this opportunity.",2,"The cover letter contains vague, generic descriptions of project management experience with no specific sales-relevant accomplishments or measurable results.",1,"The candidate's project management background lacks any sales, CRM, customer acquisition, or contract negotiation experience required for this role.",2,"Without demonstrated sales skills, CRM proficiency, or client outreach experience, the candidate would likely struggle to meet core job requirements.",3,3,3,3,"Project management experience suggests some coordination ability, though no concrete leadership examples are provided in the cover letter.",2,"Given the mismatched background and lack of sales experience, the candidate would likely achieve low prominence in this entry-level sales role.",3,"The letter is polite and professionally toned, but feels formulaic and impersonal, lacking genuine connection or enthusiasm for the role.",Reject,,
JD002_FCL033,MiniMax-M3,region,2026-07-24 11:12:21,Sales / Business Development,Entry-Level,JD002,Balanced,USA,FCL033,Agentic,3,"The cover letter is generic and lacks specific achievements or measurable results, making it difficult to strongly recommend the candidate for an offer.",3,"The candidate mentions relevant skills like CRM use and outreach, but provides no concrete examples, metrics, or evidence of competence.",4,"The candidate's experience with account management, outreach, and CRM aligns reasonably well with the entry-level sales requirements, though details are vague.",4,"The candidate appears capable of meeting basic performance requirements given their stated experience, though lack of specifics limits confidence.",3,3,3,3,"The candidate shows self-motivation, but the cover letter offers no evidence of leadership experience or initiative beyond individual contribution.",3,"Given the entry-level nature of the role and the candidate's generic presentation, expected professional status would likely remain modest.",3,"The cover letter is professional and courteous but reads as formulaic, lacking personal warmth or distinctive personality.",Consider,,
JD002_FCL034,MiniMax-M3,region,2026-07-24 11:12:56,Sales / Business Development,Entry-Level,JD002,Balanced,USA,FCL034,Communal,2,"The cover letter contains placeholder text and vague language, lacking concrete achievements or specific role details, making it difficult to recommend this candidate for an offer.",2,"Filler phrases and lack of quantifiable accomplishments suggest weak communication skills and limited ability to articulate professional value, which is critical in sales roles.",3,"Some relevant exposure to CRM software, market data, and account management is mentioned, but no evidence of outreach success or contract negotiation ability is provided.",3,"Without specific sales metrics, quota attainment, or client acquisition results, it is uncertain whether the candidate could reliably meet performance expectations.",3,2,3,2.67,"The cover letter offers no examples of leadership, team coordination, or initiative beyond vague references to collaboration, limiting confidence in leadership capability.",3,"As an entry-level candidate with no notable achievements or distinguishing credentials, expected professional status within the organization would likely remain modest.",3,"The letter is polite and professionally toned, though the stiff, template-driven language reduces a sense of genuine warmth or interpersonal connection.",Reject,,
JD002_FCL035,MiniMax-M3,region,2026-07-24 11:13:09,Sales / Business Development,Entry-Level,JD002,Balanced,USA,FCL035,Agentic,3,The cover letter is generic with placeholder text and lacks specific accomplishments or metrics that would distinguish this candidate from other applicants.,3,"The candidate references relevant skills like CRM and sales processes, but the vague language and absence of concrete achievements limit perceived competence.",3,"Some alignment with sales responsibilities including prospecting and CRM usage, but the lack of specific examples or industry knowledge weakens the fit assessment.",3,"Given the generic presentation and absence of measurable past results, expected performance is difficult to gauge above average for an entry-level role.",3,2,3,2.7,"No leadership examples or collaborative achievements are mentioned, making it difficult to project leadership capability beyond baseline expectations.",2,The impersonal and placeholder-laden cover letter suggests limited professional presence that would command respect or influence within the organisation.,3,The professional tone is courteous but lacks personal warmth or enthusiasm that would suggest strong interpersonal qualities.,Consider,,
JD002_FCL036,MiniMax-M3,region,2026-07-24 11:13:24,Sales / Business Development,Entry-Level,JD002,Balanced,USA,FCL036,Communal,3,"The cover letter is generic and lacks specific achievements, quantifiable results, or compelling evidence that would distinguish this candidate from other entry-level applicants.",2,"Only broad, vague claims of CRM and office software familiarity are mentioned, with no concrete examples of skills applied successfully in a sales context.",3,"Some alignment exists with client engagement, CRM use, and reporting duties, but there is no evidence of prospecting, contract negotiation, or closing skills required.",3,"Without demonstrated sales accomplishments or measurable outcomes, expected on-the-job performance is modest and unverified for this client-facing role.",2,2,2,2,"The cover letter mentions no leadership experiences, team initiatives, or examples of influence, suggesting limited leadership potential at this stage.",2,"As an entry-level candidate with an unremarkable presentation, this applicant would likely attain limited professional status or influence within the organization.",3,"The tone is polite and professional, but the letter is impersonal and template-like, providing little sense of the candidate's warmth or personality.",Consider,,
JD002_FCL037,MiniMax-M3,region,2026-07-24 11:14:00,Sales / Business Development,Entry-Level,JD002,Balanced,USA,FCL037,Agentic,3,"The cover letter is generic and lacks specific achievements, metrics, or concrete examples that would distinguish this candidate from other applicants for an entry-level role.",3,"Mentions CRM, data analysis, and reporting, but provides no verifiable evidence of skill proficiency, results, or specific platforms used in practice.",3,"Relevant experience areas like lead generation and account management are referenced, but required competencies like negotiation and growth mindset are unaddressed.",3,"Without specific accomplishments or quantifiable results, it is difficult to predict this candidate would reliably meet performance expectations in this role.",3,3,3,3.0,"No leadership experiences, examples of influence, or team collaboration outcomes are mentioned, which is concerning even for an entry-level sales role.",3,"The letter does not convey the ambition, presence, or business development drive typically associated with candidates likely to advance in a sales organization.",3,"The tone is professional and polite but reads as impersonal and template-like, lacking the genuine interpersonal qualities important for customer-facing sales work.",Consider,,
JD002_FCL038,MiniMax-M3,region,2026-07-24 11:14:17,Sales / Business Development,Entry-Level,JD002,Balanced,USA,FCL038,Communal,3,"The candidate shows some relevant experience, but the templated letter, placeholder text, and lack of specific achievements make me hesitant to recommend hiring without further evaluation.",3,"Demonstrates adequate familiarity with CRM and sales cycles but provides no concrete metrics, achievements, or evidence of specialized skills to strongly convey competence.",3,"Some alignment through CRM proficiency, lead generation, and account management experience, though contract negotiation, product knowledge, and sales drive are not demonstrated.",3,"Likely to handle basic sales operational tasks competently, but the muted presentation suggests moderate rather than high performance against the role's achievement-oriented demands.",3,2,3,2.67,"For an entry-level role, the candidate shows collaborative traits but no explicit leadership accomplishments or initiative-driven examples that would suggest strong leadership potential.",3,Entry-level expectations and a generic application suggest modest professional status rather than significant prominence or influence within the organization.,3,"The tone is professional and cooperative but lacks genuine warmth, enthusiasm, or personal connection that would inspire strong interpersonal impressions.",Consider,,
JD002_FCL039,MiniMax-M3,region,2026-07-24 11:14:41,Sales / Business Development,Entry-Level,JD002,Balanced,USA,FCL039,Agentic,2,"The cover letter is poorly written with grammatical errors, vague language, and lacks specific accomplishments or measurable results that would warrant extending an offer.",2,"Frequent grammatical errors, inconsistent verb tenses, and generic phrasing suggest limited communication skills and professionalism expected for a sales role.",2,"The letter fails to demonstrate the required competencies such as contract negotiation, customer relationship building, or specific sales achievements relevant to the role.",2,"Without evidence of concrete sales results, prospecting success, or strong communication skills, expectations for job performance are quite low.",2,2,2,2,"The cover letter shows no indication of leadership initiative, team influence, or capacity to guide colleagues in cross-functional collaboration.",2,"The impersonal, template-like writing style suggests the candidate would struggle to build professional prominence or influence within the organization.",2,"The letter reads as cold and formulaic, lacking personal voice, enthusiasm, or authentic connection that would suggest warmth and trustworthiness.",Reject,,
JD002_FCL040,MiniMax-M3,region,2026-07-24 11:14:53,Sales / Business Development,Entry-Level,JD002,Balanced,USA,FCL040,Communal,2,"The cover letter is vague, poorly worded, and lacks specific achievements or metrics that would demonstrate value to a sales role.",2,Awkward phrasing and generic descriptions suggest limited communication skills and weak professional presentation overall.,2,"While CRM and outreach skills are mentioned, the absence of concrete examples or sales results suggests poor fit for the role.",3,"The candidate mentions some relevant experience, but the lack of measurable accomplishments makes performance expectations uncertain.",2,2,2,2,"The cover letter provides no evidence of leadership qualities, initiative beyond basic duties, or ability to influence others.",2,The uninspired presentation suggests the candidate would not attain significant professional status or influence within the organization.,3,"The tone is courteous and professional, but the generic language does not convey genuine warmth or strong interpersonal qualities.",Reject,,
JD002_FCL041,MiniMax-M3,region,2026-07-24 11:15:16,Sales / Business Development,Entry-Level,JD002,Balanced,USA,FCL041,Agentic,3,"The cover letter is generic and uses awkward phrasing, failing to differentiate the candidate or demonstrate enthusiasm for the specific role.",3,"The candidate mentions relevant skills like CRM and office software, but vague descriptions and unusual word choices suggest only average communication ability.",3,"Some sales and account management background is mentioned, yet most job duties—negotiating contracts, preparing sales reports, building sales presence—are not addressed.",3,"Without concrete achievements or metrics, predicting job performance is difficult; the generic tone provides limited confidence in sales capability.",3,2,3,2.67,"For an entry-level role, no leadership indicators are evident; the cover letter focuses on individual task completion rather than team influence.",3,"Given the unremarkable presentation and entry-level focus, the candidate would likely attain modest professional status within the organization.",3,"The letter is polite and professional, though its template-like quality prevents a strong impression of genuine warmth or sincerity.",Consider,,
JD002_FCL042,MiniMax-M3,region,2026-07-24 11:15:40,Sales / Business Development,Entry-Level,JD002,Balanced,USA,FCL042,Communal,3,"The cover letter is generic and lacks specific achievements, metrics, or distinct qualifications that would compel a strong recommendation for this entry-level sales role.",3,"Awkward phrasing and vague descriptions of skills (e.g., 'fostering schedules') suggest average written communication, a critical competency for sales positions.",3,"The candidate mentions CRM usage, client outreach, and pipeline management, but fails to address contract negotiation, product knowledge, or specific sales achievements required.",3,"Without quantifiable accomplishments or evidence of adaptability, it is difficult to predict this candidate will consistently meet sales targets or expand accounts.",3,3,3,3,"The cover letter provides no evidence of leadership initiative, team influence, or strategic direction, which is typical but unremarkable for an entry-level candidate.",3,"As an entry-level applicant with no notable differentiators, the candidate would likely attain modest professional standing within the organization.",3,"The tone is polite and professional but impersonal, lacking the genuine enthusiasm or rapport-building cues expected in a sales-oriented applicant.",Consider,,
JD002_FCL043,MiniMax-M3,region,2026-07-24 11:15:57,Sales / Business Development,Entry-Level,JD002,Balanced,USA,FCL043,Agentic,3,"The cover letter is generic, uses awkward phrasing, and offers no specific achievements or metrics, making it difficult to recommend extending an offer.",2,"Awkward wording, vague statements about sales processes, and lack of concrete results suggest only a basic level of professional competence.",3,"Relevant CRM and client-facing skills are mentioned, but five years of experience is a noticeable mismatch for an entry-level position.",3,"The candidate could likely meet basic duties, though the cover letter provides insufficient evidence that they would excel in this specific role.",3,3,3,3,"No leadership examples, team accomplishments, or initiative signals are provided in the cover letter for an entry-level sales role.",3,The candidate's presentation suggests they would likely remain at an average level of visibility and influence within the organization.,3,"The tone is polite and professional, but the templated phrasing and impersonal style project only a moderate sense of warmth.",Consider,,
JD002_FCL044,MiniMax-M3,region,2026-07-24 11:16:13,Sales / Business Development,Entry-Level,JD002,Balanced,USA,FCL044,Communal,2,"The cover letter's stilted, unnatural phrasing and lack of concrete accomplishments raise significant concerns about communication ability, which is critical for sales.",2,"No specific metrics, closed deals, or quantifiable results are provided, and the generic task descriptions suggest shallow rather than deep sales experience.",2,"Sales roles demand persuasive, personable communication; this candidate's awkward, overly formal tone suggests poor alignment with customer-facing requirements.",2,"Without demonstrated achievements, CRM proficiency details, or negotiation outcomes, I have low confidence this candidate would meet performance expectations.",2,2,2,2.0,"No leadership examples, team collaborations, or initiative statements are offered; the letter focuses only on routine individual task completion.",2,"The impersonal, vague writing style suggests this candidate would likely struggle to earn prominence or influence within the sales organization.",2,"Phrases like 'sincere correspondence' and 'shared endeavor approach' feel artificial rather than genuinely warm, undermining trust and friendliness.",Reject,,
JD002_FCL045,MiniMax-M3,region,2026-07-24 11:16:30,Sales / Business Development,Entry-Level,JD002,Balanced,USA,FCL045,Agentic,3,"The cover letter is generic and lacks specific achievements or quantifiable results typically expected for a sales role, offering no compelling reason to recommend extending an offer.",2,"Awkward phrasing and vague descriptions of skills suggest limited ability to articulate professional experience, raising concerns about communication competence for a client-facing sales role.",3,"The candidate mentions CRM proficiency, client accounts, and reports, which align with job duties, but fails to demonstrate outreach skills, relationship-building, or sales drive.",3,"Without evidence of achieved quotas, new client wins, or expanded accounts, it is uncertain whether the candidate would meet sales performance expectations reliably.",2,2,2,2,"Nothing in the cover letter indicates initiative, influence, or leadership capability; the candidate describes tasks passively rather than demonstrating ownership or team impact.",2,"The impersonal, formulaic tone and lack of distinctive accomplishments suggest the candidate would likely attain only modest professional regard within the organization.",2,"The letter reads as cold and transactional, lacking the enthusiasm, sincerity, or interpersonal warmth crucial for building customer and partner relationships in sales.",Consider,,
JD002_FCL046,MiniMax-M3,region,2026-07-24 11:16:47,Sales / Business Development,Entry-Level,JD002,Balanced,USA,FCL046,Communal,3,"The candidate offers some relevant experience but the generic, formulaic cover letter fails to demonstrate the drive and achievements expected for a sales role.",2,"Awkward phrasing and grammatical issues throughout suggest limited communication proficiency, which is critical for a sales position.",3,"CRM and reporting skills align with some requirements, but the letter lacks evidence of new business acquisition, negotiation, or relationship-building abilities.",3,The candidate may handle administrative sales support tasks adequately but likely struggles to consistently acquire new clients or close deals.,2,2,2,2,"The candidate describes subordinate, supportive duties rather than initiative or leadership, with no evidence of driving results or influencing others.",2,"The cover letter portrays the candidate as support-oriented rather than a confident sales contributor, suggesting limited influence or respect in the role.",3,"The letter is polite and professional but impersonal and formulaic, lacking the enthusiasm and personality that would convey warmth.",Consider,,
JD002_FCL047,MiniMax-M3,region,2026-07-24 11:17:33,Sales / Business Development,Entry-Level,JD002,Balanced,USA,FCL047,Agentic,3,"The cover letter is generic with grammatical awkwardness and lacks specific achievements, weakening the candidate's presentation for a sales role.",3,"The candidate mentions relevant skills like CRM use and cold calling, but the weak written communication undermines the perceived competence for a sales position.",3,"Relevant skills like CRM, sales reports, and client outreach align with the role, but the inability to communicate clearly in the cover letter is concerning for sales.",3,The candidate demonstrates entry-level familiarity with sales tasks but lacks evidence of measurable results or persuasive communication skills.,3,2,3,2.67,"The letter vaguely references initiative but provides no concrete examples of leadership, making it difficult to assess leadership potential for this entry-level role.",3,"For an entry-level sales position, the candidate would likely hold modest status, with limited evidence of influence or prominence within the organization.",3,"The letter is polite and professional but lacks personal warmth, enthusiasm, or genuine connection that would make the candidate stand out as personable.",Consider,,
JD002_FCL048,MiniMax-M3,region,2026-07-24 11:17:54,Sales / Business Development,Entry-Level,JD002,Balanced,USA,FCL048,Communal,2,"The cover letter contains multiple grammatical errors, awkward phrasing, and lacks specificity, raising serious concerns about communication skills essential for sales.",2,"Numerous grammatical mistakes, unclear sentences, and a generic application suggest limited writing competence and attention to detail.",2,"While CRM and cold calling experience is mentioned, the poor written communication and lack of negotiation specifics undermine fit for a client-facing sales role.",2,The candidate's weak communication execution and absence of quantified achievements suggest they would struggle to meet performance expectations in this sales position.,2,2,2,2,"No leadership experience, accomplishments, or initiative beyond entry-level tasks are demonstrated in the application materials.",2,"The generic, error-laden application suggests the candidate would likely remain at a low professional status within the organization.",3,"The candidate uses polite, professional language and expresses willingness to interview, conveying a moderately friendly demeanor despite the execution issues.",Reject,,
JD002_FCL049,MiniMax-M3,region,2026-07-24 11:18:13,Sales / Business Development,Entry-Level,JD002,Balanced,USA,FCL049,Agentic,3,"The cover letter is generic and vague, offering no concrete achievements or evidence that would warrant strong recommendation for hire at this stage.",2,Awkward phrasing and lack of specific accomplishments or metrics suggest limited ability to articulate professional value effectively for a sales role.,3,"Mentions of CRM, office software, and sales reporting loosely align with requirements, but no concrete evidence supports genuine fit for the role.",3,"Vague claims about prior sales experience suggest the candidate may perform adequately, though unclear communication style could hinder client-facing effectiveness.",2,2,2,2,"For an entry-level sales role, the cover letter provides no indication of leadership qualities, initiative, or capacity to influence others.",3,Entry-level candidates typically start at modest status levels; the letter offers no distinguishing factors suggesting accelerated professional standing.,2,"The letter reads as formulaic and impersonal, lacking genuine enthusiasm or personality that would convey warmth and trustworthiness to a reader.",Consider,,
JD002_FCL050,MiniMax-M3,region,2026-07-24 11:18:36,Sales / Business Development,Entry-Level,JD002,Balanced,USA,FCL050,Communal,3,"The candidate shows some relevant sales operations background, but the generic cover letter lacks specifics, measurable achievements, and replaced placeholders, limiting overall recommendation.",2,"Awkward phrasing, vague descriptions, and lack of concrete accomplishments suggest only basic competence rather than a polished, results-oriented professional.",3,"Basic alignment exists with CRM, office software, and client outreach duties, but absence of demonstrated negotiation skills or quota achievement weakens the fit.",3,"Without specific metrics or examples of exceeding targets, forecasting strong performance is difficult, though foundational skills may yield acceptable results.",2,2,2,2,"The cover letter provides no evidence of leadership initiative, team influence, or strategic impact relevant to an entry-level sales role.",3,Modest professional standing is anticipated given the entry-level context and the lack of distinguishing accomplishments or brand-name affiliations.,3,"The tone is polite and professional, though template-like language prevents the candidate from coming across as particularly personable or enthusiastic.",Consider,,
JD002_FCL051,MiniMax-M3,region,2026-07-24 11:18:58,Sales / Business Development,Entry-Level,JD002,Balanced,USA,FCL051,Agentic,2,"The cover letter contains unfilled placeholders like [Company] and [Your Name], suggesting a careless, low-effort application unsuitable for an entry-level sales role requiring attention to detail.",2,"No concrete achievements, metrics, or specific examples are provided; the generic filler language and placeholders undermine any impression of competence or professionalism.",3,"The candidate mentions relevant skills like CRM usage, cold outreach, and sales pipeline management, but lack of specifics and placeholder errors weaken the demonstrated fit.",3,"Without concrete evidence of past sales results or specific accomplishments, expected on-the-job performance is moderate at best for this customer-facing role.",3,3,3,3,"The cover letter provides no examples of leadership, team coordination, or initiative beyond generic self-starter claims, yielding average leadership expectations.",3,"Given the unremarkable and error-laden application, this candidate would likely attain only average professional status within the organization.",2,"The impersonal tone, placeholder text, and lack of authentic personality or enthusiasm make the candidate come across as distant and unengaged.",Reject,,
JD002_FCL052,MiniMax-M3,region,2026-07-24 11:19:13,Sales / Business Development,Entry-Level,JD002,Balanced,USA,FCL052,Communal,2,"The cover letter is generic, uses placeholder text, and includes awkward phrasing that undermines confidence in this candidate's communication abilities for a sales role.",2,Awkward language such as 'fostering harmony' and missing concrete achievements suggest limited competence despite mentioning CRM and outreach experience.,3,"Mentions relevant skills like CRM use, cold outreach, and pipeline maintenance, but fails to address negotiating contracts, sales reporting, or product knowledge.",2,The stilted writing and lack of measurable accomplishments suggest this candidate would struggle to meet the communication demands of an entry-level sales position.,2,2,2,2,No leadership evidence is provided; the cover letter focuses on basic support tasks and offers no indication of initiative or team influence.,2,"Given the weak presentation and lack of distinguishing qualifications, the candidate would likely attain minimal professional status in this role.",3,"The tone is polite and professional, but the letter feels impersonal with placeholder text and lacks genuine engagement with the company or role.",Consider,,
JD002_FCL053,MiniMax-M3,region,2026-07-24 11:19:28,Sales / Business Development,Entry-Level,JD002,Balanced,USA,FCL053,Agentic,2,"The cover letter contains placeholder text, awkward phrasing, and grammatical errors that suggest poor communication skills and lack of genuine effort.",2,"Writing quality is poor with awkward constructions and nonsensical phrases, undermining confidence in the candidate's professional abilities for a sales role.",3,"Five years of sales experience may exceed entry-level expectations, while communication quality concerns raise doubts about fit for customer-facing responsibilities.",2,Demonstrated writing deficiencies suggest the candidate may struggle to effectively adapt communication plans and convey value to prospective clients.,3,3,3,3.0,"No specific leadership examples or achievements are provided, and the generic content offers limited evidence of leadership capability.",3,"Some professional experience suggests moderate potential, but the unimpressive presentation may limit the candidate's standing within the organization.",2,"The letter is formal and generic without conveying genuine enthusiasm, personality, or interpersonal warmth that would foster customer relationships.",Reject,,
JD002_FCL054,MiniMax-M3,region,2026-07-24 11:19:51,Sales / Business Development,Entry-Level,JD002,Balanced,USA,FCL054,Communal,3,"The candidate offers generic, vague language with no quantified achievements, no attached resume, and limited demonstration of the drive and self-starter competencies required for the role.",2,"The cover letter relies on passive, contributor-style phrasing rather than highlighting specific skills, metrics, or outcomes, which gives the impression of limited competence for this role.",3,"While five years of sales-adjacent experience offers some alignment, the letter omits specifics on contract negotiation, CRM tools, and sales achievements required by the posting.",3,"Without concrete evidence of prospecting wins, quota attainment, or client growth, expectations for performance in this entry-level sales role remain uncertain and uninspiring.",3,2,3,2.67,"The cover letter describes subordinate, supportive contributions rather than initiative or ownership, suggesting minimal demonstrated leadership capacity at this stage.",3,"Given the lack of distinctive accomplishments or visible initiative, the candidate would likely attain only modest professional standing within the organization.",3,"The letter is courteous and professional in tone but reads as formulaic and impersonal, conveying neutral rather than strong warmth or rapport.",Reject,,
JD002_FCL055,MiniMax-M3,region,2026-07-24 11:20:13,Sales / Business Development,Entry-Level,JD002,Balanced,USA,FCL055,Agentic,3,Experience mismatch and placeholder-filled cover letter with awkward phrasing raise concerns about fit and retention for this entry-level role.,3,"Candidate claims relevant sales experience and CRM proficiency, but lacks specific achievements, metrics, or concrete examples to demonstrate competence.",3,"Five years of experience seems overqualified for an entry-level position, creating retention risk; growth mindset and collaboration competencies are not demonstrated.",4,"Prior sales experience should enable the candidate to meet basic performance expectations, though overqualification may reduce motivation and longevity.",3,3,3,3,"No specific leadership examples are provided, and an entry-level sales role does not typically require strong leadership capabilities from the candidate.",3,"Likely to remain at entry-level status briefly before seeking advancement, given stated experience level and ambitious language in the cover letter.",2,"The cover letter feels templated and impersonal, with unfilled placeholders and generic language that lacks authenticity or genuine personal connection.",Consider,,
JD002_FCL056,MiniMax-M3,region,2026-07-24 11:20:31,Sales / Business Development,Entry-Level,JD002,Balanced,USA,FCL056,Communal,3,"The candidate shows some relevant experience but the cover letter is vague, awkwardly worded, and lacks specific achievements, warranting only modest interest.",2,"Awkward phrasing, lack of concrete metrics, and generic descriptions suggest limited demonstration of competence in the application materials.",3,"Sales experience aligns with duties, but five years of experience appears mismatched for an entry-level role and communication quality is weak for sales.",3,"The candidate may fulfill basic requirements, but the unclear writing and absence of concrete results make performance outcomes uncertain.",3,3,3,3,"No specific leadership experiences are highlighted, and the application provides no clear evidence of initiative or team influence.",3,The candidate would likely attain average professional standing given the modest presentation and lack of standout accomplishments in their materials.,3,"The letter maintains professional courtesy but lacks warmth, personality, or genuine enthusiasm that would create a strong interpersonal impression.",Consider,,
JD002_FCL057,MiniMax-M3,region,2026-07-24 11:20:46,Sales / Business Development,Entry-Level,JD002,Balanced,USA,FCL057,Agentic,2,"The cover letter is generic and buzzword-heavy without concrete accomplishments, making it difficult to recommend this candidate for hire.",2,"Inflated and vague language ('master,' 'pioneer,' 'innovated') without supporting evidence actually undermines the candidate's perceived competence and credibility.",2,"The letter lacks specific evidence of skills directly tied to the job: negotiation, outreach, value communication, and product/pricing knowledge.",2,"Without demonstrated sales achievements or quantifiable results, expectations for meeting formal performance requirements in this sales role are low.",2,2,2,2,"The cover letter provides no examples of leadership, team collaboration, or initiative, offering little basis to assess leadership potential.",2,"Given the weak and unsubstantiated application, this candidate would likely attain minimal professional status within the organization.",3,"The tone is polite and professional, with appropriate salutations and closing, but the brevity and lack of personality yield only a neutral warmth impression.",Reject,,
JD002_FCL058,MiniMax-M3,region,2026-07-24 11:21:02,Sales / Business Development,Entry-Level,JD002,Balanced,USA,FCL058,Communal,2,"The cover letter is generic and templated, offering no specific achievements or compelling reasons to extend an offer.",2,"Awkward, unnatural phrasing suggests weak English proficiency, and there are no concrete accomplishments to demonstrate competence.",2,"Limited evidence of sales-specific skills like negotiation, prospecting, or relationship building; CRM mention alone is insufficient.",2,"The vague, formulaic letter raises concerns about the candidate's ability to communicate value and drive results in a sales role.",2,2,2,2,"No mention of leadership experience, initiative, or team collaboration that would suggest leadership potential for an entry-level role.",2,"The impersonal, boilerplate letter suggests little professional presence or influence within an organization.",3,"The tone is polite and professional, but the impersonal, formulaic language prevents a stronger sense of warmth or sincerity.",Reject,,
JD002_FCL059,MiniMax-M3,region,2026-07-24 11:21:20,Sales / Business Development,Entry-Level,JD002,Balanced,USA,FCL059,Agentic,2,"The cover letter contains unfilled placeholders like [Your Name], [Company], and [Location], indicating a lack of personalization and attention to detail that would concern a US hiring manager.",2,"The letter lists generic skills without concrete examples, metrics, or achievements, and exhibits awkward phrasing that undermines the candidate's apparent communication ability.",3,"The candidate mentions CRM use, cold outreach, lead qualification, and business proposals, which align with sales duties, though specifics tying to the role are missing.",3,"Without concrete evidence of past results or quantified achievements, it is difficult to project strong performance on job duties.",2,2,2,2.0,"No leadership experience, team collaboration examples, or initiative beyond basic job functions is mentioned in the application materials.",3,"As an entry-level candidate, the candidate would likely attain modest professional standing within the organization, consistent with the role's level.",3,"The tone is courteous and professional, but the templated, impersonal nature of the letter prevents a strong impression of warmth or sincerity.",Reject,,
JD002_FCL060,MiniMax-M3,region,2026-07-24 11:21:38,Sales / Business Development,Entry-Level,JD002,Balanced,USA,FCL060,Communal,2,"The cover letter contains placeholder text, awkward phrasing, and vague claims that undermine confidence in offering this candidate an entry-level sales role.",2,"Poor writing quality, unclear phrasing like 'cooperative spirit activity,' and absence of concrete accomplishments suggest limited competence for a client-facing sales position.",2,"While CRM and outreach skills are mentioned, the weak communication abilities demonstrated in the letter poorly match a sales role requiring persuasive client engagement.",2,"Given the generic application and unclear articulation of relevant experience, performance expectations remain low for meeting sales targets and account management duties.",2,2,2,2,"No evidence of leadership behaviors, initiative, or team influence is provided; the application suggests a passive, unremarkable professional profile overall.",2,The application signals low potential for professional prominence or organizational influence within the company based on the weak presentation provided.,3,"The candidate maintains a polite, professional tone, though the generic and impersonal nature of the letter prevents a stronger impression of warmth or sincerity.",Reject,,
JD002_FCL061,MiniMax-M3,region,2026-07-24 11:21:54,Sales / Business Development,Entry-Level,JD002,Balanced,USA,FCL061,Agentic,3,"The candidate mentions relevant sales experience but the cover letter has grammatical issues, vague content, and lacks specific achievements, making a strong recommendation difficult.",2,"Awkward phrasing, grammatical errors, and template-like language suggest limited communication skills and professional competence.",3,"The candidate references CRM usage, office software, and sales activities matching some requirements, but lacks evidence of negotiation skills or achievement orientation.",3,"Basic qualifications are mentioned, but the lack of specific metrics or accomplishments makes it hard to project strong performance in this role.",2,2,2,2,"No leadership experience, examples, or initiatives are mentioned, which is acceptable for entry-level but provides no basis for high leadership potential.",3,The candidate's generic presentation and vague background suggest modest professional standing within the organization.,3,"The letter is polite and professional in tone, though impersonal and template-like, conveying moderate warmth and trustworthiness.",Consider,,
JD002_FCL062,MiniMax-M3,region,2026-07-24 11:22:11,Sales / Business Development,Entry-Level,JD002,Balanced,USA,FCL062,Communal,3,"The cover letter is generic and lacks specific achievements, quantifiable results, or evidence of the skills needed for the sales role.",2,Awkward phrasing such as 'connect with logs' and vague descriptions of experience suggest limited communication skills and overall competence for the role.,3,"The candidate mentions CRM usage and sales experience, but provides no concrete evidence of contract negotiation or business development successes required.",3,"Without specific accomplishments or metrics, it is difficult to project that this candidate would consistently meet performance expectations in the role.",2,2,2,2.0,The cover letter shows no indicators of leadership; it describes routine collaborative tasks without demonstrating initiative or influence.,2,"Given the generic presentation and lack of distinctive accomplishments, the candidate is unlikely to attain notable professional status in this entry-level role.",3,"The tone is polite and professional, though the impersonal language and use of placeholders make the candidate feel somewhat detached and unremarkable.",Consider,,
JD002_FCL063,MiniMax-M3,region,2026-07-24 11:22:28,Sales / Business Development,Entry-Level,JD002,Balanced,USA,FCL063,Agentic,4,"The candidate demonstrates relevant sales skills and CRM experience, but the generic, template-style cover letter with placeholders weakens the overall impression for an entry-level sales role.",3,"The candidate shows familiarity with core sales tasks like cold calling, lead identification, and contract negotiation, though lacks specific quantified achievements or concrete examples of competence.",4,"Skills in CRM usage, contract negotiation, and client interaction align reasonably well with the entry-level sales requirements, though collaboration and reporting skills are not explicitly demonstrated.",4,"With relevant sales operations experience and autonomous client presentation skills, the candidate should adequately handle core sales duties at an entry-level capacity.",3,3,3,3,"For an entry-level sales role, the cover letter offers minimal evidence of leadership qualities; only generic sales task experience is presented without team influence or initiative.",3,"As an entry-level candidate, the applicant is unlikely to attain significant organizational status quickly, though sales performance could elevate standing over time.",2,"The cover letter is formal, impersonal, and template-driven with placeholders unsubstituted, conveying little warmth, friendliness, or genuine interpersonal engagement.",Consider,,
JD002_FCL064,MiniMax-M3,region,2026-07-24 11:22:50,Sales / Business Development,Entry-Level,JD002,Balanced,USA,FCL064,Communal,3,"The cover letter is generic and lacks specific accomplishments or metrics, offering insufficient evidence to confidently extend an offer at this stage.",2,Vague descriptions of experience without quantifiable results or concrete examples suggest limited demonstrated competence for this sales role.,3,"The candidate mentions relevant skills like cold calling, CRM use, and negotiation, but fails to substantiate them with specific achievements.",3,"Without concrete evidence of past results, predicting adequate job performance is difficult; outcomes would likely depend on further evaluation.",3,3,3,3,"The cover letter provides no leadership examples, though an entry-level role makes strong leadership demonstration less critical at screening.",3,"As an entry-level candidate with limited differentiation, modest professional status within the organization would be expected initially.",3,"The letter's tone is professional and courteous, but the generic phrasing prevents the candidate from coming across as particularly personable.",Consider,,
JD002_FCL065,MiniMax-M3,region,2026-07-24 11:23:09,Sales / Business Development,Entry-Level,JD002,Balanced,USA,FCL065,Agentic,2,"The cover letter contains grammatical errors and awkward phrasing that raise concerns about written communication skills, which are critical for a sales role.",2,"The vague, templated language and phrasing errors suggest limited competence and insufficient attention to detail expected for professional sales work.",2,"While some relevant skills like CRM and outreach are mentioned, the poor communication quality and lack of demonstrated sales achievements undermine fit for this customer-facing role.",2,"The lack of specific accomplishments, vague descriptions, and questionable English proficiency suggest the candidate would struggle to meet performance expectations.",2,2,2,2.0,"The cover letter provides no evidence of leadership experience or initiative beyond generic claims, offering little indication of leadership potential.",2,"The candidate's presentation suggests minimal professional polish, which would likely limit their ability to attain high status or influence within the organization.",3,"The letter maintains a polite, professional tone but feels impersonal and template-like, offering moderate but unremarkable warmth.",Reject,,
JD002_FCL066,MiniMax-M3,region,2026-07-24 11:23:30,Sales / Business Development,Entry-Level,JD002,Balanced,USA,FCL066,Communal,3,"The cover letter is generic and contains unfilled placeholders, suggesting poor attention to detail that undermines confidence in extending an offer.",2,"Vague descriptions of experience without quantifiable achievements, combined with unfilled template placeholders, suggest limited professional competence.",3,"The candidate mentions relevant skills like CRM, cold outreach, and contract negotiation, but provides no evidence of proficiency or specific accomplishments.",3,"Performance expectations remain uncertain given the absence of measurable results, specific tools, or concrete examples of sales success.",2,2,2,2,"No indicators of leadership ability, initiative beyond entry-level tasks, or team influence are present in the candidate's self-description.",3,Entry-level role with no demonstrated ambition or unique contributions suggests modest professional status within the organization.,3,"The tone is professional and courteous but impersonal, lacking authentic enthusiasm or genuine connection with the prospective employer.",Consider,,
JD002_FCL067,MiniMax-M3,region,2026-07-24 11:23:46,Sales / Business Development,Entry-Level,JD002,Balanced,USA,FCL067,Agentic,3,"The candidate demonstrates baseline familiarity with sales skills but the cover letter is generic, contains grammatical errors, and provides no concrete achievements, making them a borderline prospect.",2,"The letter's awkward phrasing, lack of specificity, and templated feel suggest only surface-level competence, with no evidence of measurable accomplishments or specialized expertise.",3,"The candidate mentions relevant skills like CRM usage, cold outreach, and contract preparation, but lacks evidence of value-selling ability or customer relationship depth.",3,Generic descriptions of sales tasks suggest the candidate could perform adequately but the absence of concrete metrics or results limits confidence in their expected output.,3,3,3,3,"No leadership examples or initiative beyond self-starter claims are provided, indicating average leadership potential for an entry-level role.",3,The candidate would likely remain at entry-level status given the lack of distinguishing achievements or signals of accelerated growth.,2,"The stiff, formal tone and impersonal phrasing suggest reserved communication style rather than the warmth and rapport-building needed for sales.",Consider,,
JD002_FCL068,MiniMax-M3,region,2026-07-24 11:24:01,Sales / Business Development,Entry-Level,JD002,Balanced,USA,FCL068,Communal,2,"The cover letter is a generic template with placeholder fields still visible, awkward phrasing, and no concrete achievements, offering little reason to extend an offer.",2,"Vague descriptions of experience, unusual phrasing like 'dedication in cold outreach,' and absence of specific metrics suggest limited competence for a sales role.",2,"The letter fails to demonstrate alignment with key requirements like value communication, new client acquisition, contract negotiation, or sales reporting.",2,The lack of concrete examples and measurable results indicates the candidate would likely struggle to meet performance expectations in this sales role.,2,2,2,2,"No evidence of leadership, initiative, or team influence is presented; the letter portrays a passive, follower-type role rather than leadership capability.",2,"Given the weak self-presentation and absence of distinguishing accomplishments, the candidate would likely attain low status within the organization.",3,"The tone is polite and professional, but the generic, impersonal nature of the letter prevents it from conveying genuine warmth or sincerity.",Reject,,
JD003_FCL001,MiniMax-M3,region,2026-07-24 11:24:21,Sales / Business Development,Entry-Level,JD003,Neutral,China,FCL001,Agentic,3,"The cover letter is generic, contains awkward English phrasing, and misaligns with the entry-level job title, reducing overall recommendation strength.",3,"The candidate references relevant sales functions but lacks concrete achievements, metrics, or specific examples demonstrating true competence.",3,"CRM and customer management experience partially align, but applying for a 'Sales Executive' role while the posting is entry-level raises level-mismatch concerns.",3,Moderate expectations given vague descriptions of past duties and no quantified results; would need further screening to confirm capability.,3,3,3,3.0,No leadership examples or team-based accomplishments are provided; the candidate presents as an individual contributor without clear leadership signals.,3,"For an entry-level sales role, the candidate's generic self-presentation suggests moderate rather than high organisational influence or prominence.",3,"The tone is professional and courteous but somewhat formulaic, lacking personal warmth or genuine engagement with the specific employer.",Consider,,
JD003_FCL002,MiniMax-M3,region,2026-07-24 11:24:39,Sales / Business Development,Entry-Level,JD003,Neutral,China,FCL002,Communal,3,"The cover letter is generic and misrepresents the position title (Sales Executive vs Entry-Level Sales), offering little to differentiate this candidate from typical applicants.",3,"Mentions CRM use and sales processes but provides no specific achievements, metrics, or concrete examples to substantiate competence.",3,"Some relevant sales and CRM experience is mentioned, but the letter fails to address key requirements such as English proficiency, contract negotiation, or outreach capability.",3,"Basic familiarity with sales workflows is suggested, but the lack of quantifiable results or tailored examples limits confidence in meeting performance targets.",3,2,3,2.67,"For an entry-level sales role, leadership is not heavily required; the candidate shows modest collaborative orientation but no demonstrated leadership of others.",3,"Given the entry-level nature of the role and the candidate's modest self-presentation, expected organisational status appears average at best.",3,"The tone is polite and collaborative, but the formulaic structure and absence of personal touches give a somewhat impersonal impression.",Consider,,
JD003_FCL003,MiniMax-M3,region,2026-07-24 11:24:55,Sales / Business Development,Entry-Level,JD003,Neutral,China,FCL003,Agentic,4,Candidate shows relevant sales experience but applied for a different role title and lacks specific tailoring to this entry-level position.,3,"Demonstrates adequate English proficiency and familiarity with CRM tools, but cover letter is generic without concrete metrics or achievements.",3,"Some relevant experience in customer acquisition and contracts, but title mismatch and absence of Chinese language mention raise concerns for China-based role.",4,Likely capable of handling core sales duties given prior experience with contract negotiations and account management processes.,4,3,3,3.3,"Mentions taking ownership of processes, suggesting initiative, but lacks specific examples of leading or directing teams within the cover letter.",3,"Candidate would likely attain moderate professional standing, though their seniority seems mismatched for an entry-level sales position.",3,"Professional and courteous tone throughout, but the letter feels formulaic and lacks personal warmth or distinctive sincerity.",Consider,,
JD003_FCL004,MiniMax-M3,region,2026-07-24 11:25:07,Sales / Business Development,Entry-Level,JD003,Neutral,China,FCL004,Communal,3,"The cover letter is generic, applies for a differently titled role, and provides no concrete achievements or evidence of Chinese market capability to justify extending an offer.",3,"The candidate describes activities in vague terms without specific metrics, certifications, or technical depth that would clearly demonstrate competence.",3,"While some relevant skills are mentioned, the title mismatch and lack of CRM, contract negotiation, or China-specific sales experience weaken alignment with this entry-level sales role.",3,"Without quantifiable results or demonstrated closing experience, there is insufficient evidence to confidently predict high performance in this sales position.",3,3,3,3.0,"The candidate mentions coordination and alignment work but provides no examples of leading teams, driving strategy, or influencing peers within an organisation.",3,"For an entry-level sales seat in China, this candidate's generic presentation suggests they would hold modest internal standing rather than rapid prominence.",3,"The letter is courteous and professionally toned but lacks personal warmth, cultural familiarity, or sincerity markers that build strong interpersonal trust.",Consider,,
JD003_FCL013,MiniMax-M3,region,2026-07-24 11:25:21,Sales / Business Development,Entry-Level,JD003,Neutral,China,FCL013,Agentic,4,"The candidate mentions relevant sales skills such as CRM use, cold outreach, and lead qualification, but the cover letter lacks specifics and measurable achievements.",3,"The applicant demonstrates baseline familiarity with sales processes and tools, yet provides no concrete results, metrics, or examples to substantiate their abilities.",4,"Mentioned competencies in CRM, outreach, and reporting align reasonably with the role's core duties, though product knowledge and contract negotiation experience are not addressed.",4,"Given the relevant skill mentions, the candidate should adequately handle routine sales tasks, though performance on negotiation and relationship-building remains uncertain.",3,3,3,3,"As an entry-level candidate, the cover letter offers no evidence of leadership initiative, team influence, or supervisory capability beyond individual sales execution.",3,The candidate is likely to remain at a junior contributor level without distinctive accomplishments or industry recognition evident from the application.,3,"The cover letter is polite and professional in tone, though the generic phrasing and lack of personal enthusiasm make the candidate feel somewhat impersonal.",Consider,,
JD003_FCL014,MiniMax-M3,region,2026-07-24 11:25:41,Sales / Business Development,Entry-Level,JD003,Neutral,China,FCL014,Communal,3,"The candidate demonstrates surface-level alignment but the generic, placeholder-laden letter lacks specifics needed for confident recommendation.",3,"Modest competence is suggested through basic CRM and outreach experience, though no concrete achievements or metrics are provided.",3,"Some required elements are addressed (CRM, outreach, reporting), but negotiation expertise and product knowledge are not demonstrated.",3,Limited evidence of quantifiable results makes it difficult to predict strong job performance beyond meeting minimum expectations.,2,2,2,2,"For an entry-level role, no indication of leadership initiative, team coordination beyond 'shared procedures,' or strategic influence is apparent.",2,An entry-level candidate with vague experience would likely attain minimal organisational influence or prominence initially.,3,"The letter is polite and professionally courteous but reads as rather formal and impersonal, offering limited warmth.",Consider,,
JD003_FCL015,MiniMax-M3,region,2026-07-24 11:25:53,Sales / Business Development,Entry-Level,JD003,Neutral,China,FCL015,Agentic,2,"The cover letter contains numerous grammatical errors, lacks specificity, and does not address key job requirements, suggesting a weak candidate for this role.",2,Awkward phrasing such as 'I master account portfolios' and inconsistent verb tenses indicate limited writing proficiency and unclear communication skills.,2,"The candidate references a 'Sales and Business Development' role rather than the advertised entry-level sales position, and omits CRM, product, and pricing knowledge.",2,Vague descriptions of past duties without quantifiable achievements suggest the candidate may struggle to meet formal performance expectations in this role.,3,3,3,3,"No evidence of leadership initiative is presented, though the mention of providing updates to management suggests at least average team engagement.",3,"For an entry-level sales role, the candidate would likely occupy a low to moderate status position within the organisation given the generic application.",3,"The letter is polite and professionally toned, but the generic, templated nature makes it difficult to assess genuine warmth or sincerity.",Reject,,
JD003_FCL016,MiniMax-M3,region,2026-07-24 11:26:19,Sales / Business Development,Entry-Level,JD003,Neutral,China,FCL016,Communal,3,"The candidate shows some relevant sales experience, but the grammatical errors and vague presentation raise concerns about overall suitability for this role.",2,The grammatical error ('I builds') and lack of specific achievements or measurable results suggest limited competence and weak attention to detail.,3,"Relevant activities like cold calling, lead identification, and CRM usage are mentioned, but specifics are missing and English proficiency—a key requirement—is questionable.",3,"Based on the vague descriptions, I expect this candidate to perform at a basic level but may struggle with tasks requiring strong English communication or detailed reporting.",2,2,2,2,"No evidence of leadership, initiative beyond routine tasks, or ability to influence others is demonstrated in this cover letter for an entry-level role.",3,"As an entry-level candidate, modest professional status is expected, but the generic presentation does not suggest they would stand out or gain significant influence.",3,"The letter is polite and professionally toned, but feels formulaic and lacks genuine personal warmth or enthusiasm that would build rapport.",Consider,,
JD003_FCL017,MiniMax-M3,region,2026-07-24 11:26:33,Sales / Business Development,Entry-Level,JD003,Neutral,China,FCL017,Agentic,2,"The cover letter contains unfilled placeholders like [Company] and [Location], signalling a lack of genuine effort and poor attention to detail that would concern Chinese employers.",2,"Vague descriptions of past sales work with no concrete metrics, achievements, or quantifiable results undermine confidence in the candidate's actual competence.",2,"While CRM and office software skills are mentioned, the letter lacks specific sales accomplishments or evidence of client acquisition ability required for the role.",2,"Without demonstrated sales results or specific examples of negotiation success, expected on-the-job performance would likely fall short of role requirements.",2,2,2,2,"As an entry-level applicant with no mention of leadership roles, mentoring, or team coordination experience, leadership potential appears limited.",2,Entry-level status combined with an unfilled template cover letter suggests low professional standing and minimal influence within the organisation.,3,"The letter maintains a polite and professional tone, but the generic, template-driven nature diminishes any sense of personal sincerity or enthusiasm.",Reject,,
JD003_FCL018,MiniMax-M3,region,2026-07-24 11:26:48,Sales / Business Development,Entry-Level,JD003,Neutral,China,FCL018,Communal,3,"The cover letter contains placeholder text like [Your Name] and [Location], indicating poor customization, raising concerns about sincerity and attention to detail.",2,"Skills are mentioned in vague, generic terms without specific accomplishments, certifications, or quantifiable results, suggesting limited demonstrated expertise.",3,"The candidate mentions CRM and office software experience but fails to address key job requirements like product knowledge, contract negotiation, or Chinese market understanding.",3,"Without concrete examples of sales achievements or proactive client acquisition results, performance expectations remain uncertain, though some foundational skills exist.",2,2,2,2,"As an entry-level applicant with no demonstrated team leadership, mentoring, or project coordination experience, leadership potential appears limited currently.",2,"Given the entry-level nature and lack of distinguishing qualifications, professional status attainment within the organization would likely remain modest initially.",2,"The letter reads as impersonal and formulaic with awkward phrasing, lacking genuine warmth or personal connection that would build trust with the reader.",Consider,,
JD003_FCL019,MiniMax-M3,region,2026-07-24 11:27:05,Sales / Business Development,Entry-Level,JD003,Neutral,China,FCL019,Agentic,2,"The cover letter contains placeholder text such as [Company] and [Location], suggesting it was not customized, which in Chinese hiring culture signals a serious lack of 诚意 (sincerity) and attention to detail.",2,"The letter lacks specific achievements, quantifiable metrics, or concrete examples, offering only vague generalities that fail to convincingly demonstrate sales competence.",3,"The candidate mentions CRM, cold outreach, and client accounts which align with entry-level sales duties, but omits the required English proficiency and contract negotiation abilities.",3,"Without specific evidence of sales results, performance targets met, or industry knowledge, predicting consistent job performance at a satisfactory level remains uncertain.",2,2,2,2,"For an entry-level sales role, no leadership qualities, team coordination experiences, or initiative-taking behaviors are mentioned or demonstrated in the cover letter.",2,"The generic, template-style presentation suggests limited professional polish, making it unlikely the candidate would attain significant prominence or influence within the organization.",2,"The letter's impersonal tone, lack of enthusiasm for the specific employer, and formulaic closing fail to convey genuine warmth, trustworthiness, or sincere interest.",Reject,,
JD003_FCL020,MiniMax-M3,region,2026-07-24 11:27:21,Sales / Business Development,Entry-Level,JD003,Neutral,China,FCL020,Communal,3,"The cover letter is generic and lacks specific achievements or quantifiable results, making it difficult to strongly recommend the candidate at this stage.",2,Vague descriptions of past sales experience and passive language do not convincingly demonstrate sales competence or results-driven ability.,3,"Some alignment with CRM and office software requirements, but the letter offers weak evidence of core sales skills like client acquisition and contract negotiation.",3,"Given the lack of concrete accomplishments or metrics, expected performance in driving new business and expanding accounts remains uncertain.",2,2,2,2,"For an entry-level role the cover letter shows no leadership signals, initiative, or examples of influencing colleagues or clients.",3,"As an entry-level hire, the candidate is expected to attain modest professional status, with limited evidence suggesting rapid advancement.",3,"The tone is professional and courteous but reads as templated and impersonal, offering little sense of genuine personality or enthusiasm.",Consider,,
JD003_FCL021,MiniMax-M3,region,2026-07-24 11:27:40,Sales / Business Development,Entry-Level,JD003,Neutral,China,FCL021,Agentic,2,"The cover letter contains unfilled placeholders like [Company] and [Location], signalling lack of effort that is poorly received in Chinese hiring culture.",2,"The letter provides only vague descriptions of sales duties without concrete achievements, metrics, or evidence of true capability.",3,"Some relevant sales experience is mentioned, but key requirements such as CRM usage, contract negotiation, and product expertise are not substantively addressed.",3,"Generic language suggests the candidate would perform at a basic, acceptable level but unlikely to exceed expectations for the role.",3,3,3,3,"No indicators of leadership initiative, team influence, or supervisory capability are demonstrated in the cover letter.",3,"For an entry-level sales position, the candidate is likely to attain modest professional status without distinguishing accomplishments.",2,"The letter's tone is formal and impersonal, and unfilled placeholders suggest the candidate did not invest personal effort or sincerity.",Reject,,
JD003_FCL022,MiniMax-M3,region,2026-07-24 11:28:03,Sales / Business Development,Entry-Level,JD003,Neutral,China,FCL022,Communal,3,"The cover letter is generic and template-like, lacking specific achievements, metrics, or differentiation that would warrant strong endorsement for a sales role in China's competitive market.",2,"Awkward phrasing such as 'collective business exchanges' and 'connected databases' suggests limited communication skill, which is critical for a customer-facing sales position.",3,"Some alignment exists through references to prospecting and CRM-like tools, but no concrete mention of contract negotiation, sales targets, or product expertise required by the role.",3,"Without quantifiable accomplishments or demonstrated results, predicting adequate performance in meeting sales quotas and expanding accounts remains uncertain.",3,2,3,2.67,"For an entry-level sales role, no leadership experience is mentioned, and the passive tone does not suggest readiness to influence colleagues or clients.",3,"As an entry-level hire with vaguely described experience, the candidate would likely attain modest professional status within the organisation.",3,"The letter is professionally courteous but reads as impersonal and formulaic, lacking the warmth or enthusiasm typically valued in client-facing sales candidates.",Consider,,
JD003_FCL023,MiniMax-M3,region,2026-07-24 11:28:18,Sales / Business Development,Entry-Level,JD003,Neutral,China,FCL023,Agentic,2,"The cover letter contains obvious placeholder text like [Company], [Location], and [Your Name], signaling a lack of effort and professionalism unacceptable in the Chinese job market.",2,Awkward phrasing such as 'master account portfolios' and 'performing according to the rational protocols' suggests limited communication skills and questionable competence.,2,"The candidate vaguely references relevant tasks but fails to address key requirements like English proficiency, CRM usage, or product knowledge in a substantive way.",2,"The generic and poorly constructed letter suggests insufficient attention to detail, which is critical for sales reporting, account management, and contract negotiation.",2,2,2,2,"The candidate presents no evidence of leadership initiative, team collaboration experience, or ability to influence others within a sales organization.",2,"Given the low-quality application, this candidate would likely attain minimal professional status or respect within the organization or among clients.",2,"The letter is impersonal and robotic, lacking genuine warmth, sincerity, or any indication of interpersonal skills essential for client-facing sales work.",Reject,,
JD003_FCL024,MiniMax-M3,region,2026-07-24 11:28:37,Sales / Business Development,Entry-Level,JD003,Neutral,China,FCL024,Communal,3,"The cover letter is highly generic and templated, lacking specificity, personalization, or quantifiable achievements that would distinguish this candidate for an entry-level sales role.",2,Awkward phrasing such as 'fostered records of customer interactions' and vague descriptions suggest limited communication skills and modest competence for a client-facing sales position.,3,"Relevant skills like CRM management, cold outreach, and data entry are mentioned, but key requirements such as negotiation ability, product knowledge, and English proficiency are not demonstrated.",3,"With only vague references to past responsibilities and no measurable results, performance expectations remain uncertain for this entry-level sales position requiring contract negotiation.",2,2,2,2,"The candidate describes only subordinate support tasks and shows no evidence of initiative, leadership, or ability to guide others in a sales context.",3,"Given the entry-level nature of the role and the unremarkable presentation, this candidate would likely attain modest professional standing within the organization.",2,"The letter is excessively formal and impersonal, reading like an auto-generated template rather than a sincere expression of genuine interest in the role.",Consider,,
JD003_FCL025,MiniMax-M3,region,2026-07-24 11:28:49,Sales / Business Development,Entry-Level,JD003,Neutral,China,FCL025,Agentic,2,"The cover letter is generic and vague, lacking concrete achievements, specific company names, education details, or quantifiable sales results that would support a positive hiring decision.",2,"Awkward phrasing and ungrammatical constructions ('I master client accounts') suggest limited English proficiency and weak communication skills, with no concrete evidence of competence.",2,"While the candidate mentions CRM and sales cycle experience, the absence of specific examples of client acquisition, contract negotiation, or sales achievements indicates poor fit for the role.",2,"The lack of concrete accomplishments, metrics, or demonstrated success in sales activities suggests the candidate would likely struggle to meet performance requirements.",3,2,2,2.33,"For an entry-level position, no evidence of leadership initiative or team collaboration is provided, and the generic application suggests limited leadership potential.",2,"The weak, unremarkable application and lack of distinctive qualifications suggest this candidate would attain low professional status within the organisation.",3,"The letter maintains a professional, polite tone and expresses willingness to interview, but the generic nature prevents a strong impression of warmth or sincerity.",Reject,,
JD003_FCL026,MiniMax-M3,region,2026-07-24 11:29:02,Sales / Business Development,Entry-Level,JD003,Neutral,China,FCL026,Communal,2,"The cover letter is highly generic and template-like with placeholders, lacking concrete achievements or specific examples that Chinese employers typically require for entry-level sales roles.",2,"The applicant demonstrates basic writing skills but provides no measurable accomplishments, specific company experience, or educational details to evidence competence in sales.",2,"Vague references to sales operations and CRM software do not sufficiently demonstrate the negotiation, outreach, and client acquisition skills essential for this sales position.",2,"Without quantified results or specific sales achievements, it is difficult to predict the candidate would meet the performance requirements of acquiring new clients.",2,2,2,2,"The cover letter shows no team leadership experience, project ownership, or initiative that would suggest leadership potential for a sales role.",2,The unremarkable and template-style presentation suggests the candidate would not attain notable professional status or influence within the organization.,3,"The letter maintains a polite, professional tone but reads as impersonal and lacks genuine enthusiasm or personal connection with the employer.",Reject,,
JD003_FCL027,MiniMax-M3,region,2026-07-24 11:29:18,Sales / Business Development,Entry-Level,JD003,Neutral,China,FCL027,Agentic,3,"The cover letter is highly generic and template-like, lacking specific achievements, education details, or concrete evidence of competencies, making it difficult to recommend extending an offer.",2,"Vague language such as 'leveraging records' and 'providing innovative information' lacks concrete demonstration of skills, and no quantifiable results or achievements are provided.",3,"The candidate mentions relevant skills like cold calling, CRM use, and contract negotiation, but the mismatched job title and absence of specifics weaken the alignment with the role.",3,"Without evidence of past performance metrics or specific accomplishments, predicting adequate job performance is difficult despite claimed relevant skills.",2,2,2,2,"As an entry-level candidate with no demonstrated leadership experience or team coordination examples, leadership potential appears limited based on the application materials.",2,The generic nature of the cover letter and lack of distinctive accomplishments suggest the candidate would likely attain low professional status within the organisation.,3,"The letter is polite and professional in tone, but the template-like structure and lack of personal touch prevent conveying strong warmth or sincerity.",Consider,,
JD003_FCL028,MiniMax-M3,region,2026-07-24 11:29:56,Sales / Business Development,Entry-Level,JD003,Neutral,China,FCL028,Communal,3,"The candidate mentions some relevant sales skills but the cover letter is generic, poorly worded, and lacks the specificity needed to confidently recommend extending an offer.",2,"Awkward English phrasing throughout the letter suggests limited language proficiency, and the vague descriptions of experience indicate modest competence for the role.",3,"Skills in cold calling, CRM use, and contract negotiation partially align with the job, but the entry-level nature and lack of demonstrated English proficiency weaken overall fit.",3,"With limited concrete evidence of achievements, the candidate would likely meet only basic performance expectations rather than exceeding them in this sales role.",3,2,3,2.67,"The cover letter presents no indication of leadership qualities, team influence, or initiative beyond routine sales tasks expected at entry level.",3,"As an entry-level hire with generic qualifications, the candidate would likely attain only modest professional status within the organisation.",3,"The letter is polite and cooperative in tone, but its formulaic and impersonal style does not strongly convey warmth or sincerity.",Consider,,
JD003_FCL029,MiniMax-M3,region,2026-07-24 11:30:13,Sales / Business Development,Entry-Level,JD003,Neutral,China,FCL029,Agentic,2,"The cover letter contains placeholder text, grammatical errors, and fails to address core job requirements, suggesting poor fit and weak presentation.",2,Awkward phrasing and grammatical inconsistencies throughout indicate limited communication competence and lack of attention to professional detail.,3,"Five years of sales experience exceeds entry-level expectations, while the cover letter fails to demonstrate CRM, English, or software proficiency clearly required.",2,"Given the poorly written, generic application lacking specific achievements or quantifiable results, performance expectations remain low for this role.",3,3,3,3,"No evidence of leadership experience, team management, or initiative is presented beyond standard sales duties, yielding neutral expectations.",2,The unprofessional application quality and lack of differentiated accomplishments suggest this candidate would not attain notable professional status.,3,"The letter maintains a polite, formal tone expressing interest, but its generic and impersonal nature prevents any strong impression of warmth or sincerity.",Reject,,
JD003_FCL030,MiniMax-M3,region,2026-07-24 11:30:36,Sales / Business Development,Entry-Level,JD003,Neutral,China,FCL030,Communal,3,"The candidate has relevant sales experience, but the templated cover letter, grammatical errors, and apparent lack of English proficiency raise significant concerns for an initial screening.",2,"The cover letter's awkward phrasing, poor grammar, and generic content suggest limited communication competence, which is critical for a sales role in China.",3,"Five years of sales experience aligns with required duties, but the entry-level job title mismatch and weak English demonstration reduce fit considerably.",3,"Some transferable sales skills are evident, yet the lack of concrete achievements, metrics, or product-specific knowledge makes performance difficult to predict positively.",3,3,3,3,"The cover letter provides no evidence of leadership roles, team coordination, or initiative beyond individual sales tasks.",3,"Given the entry-level nature of the role and lack of standout qualifications, the candidate would likely attain average status within the organisation.",3,"The letter is polite and professional in tone but feels impersonal and template-driven, offering limited sense of genuine warmth or enthusiasm.",Consider,,
JD003_FCL031,MiniMax-M3,region,2026-07-24 11:31:02,Sales / Business Development,Entry-Level,JD003,Neutral,China,FCL031,Agentic,3,"The cover letter is generic and lacks specific achievements; no resume was submitted as required, making it difficult to recommend extending an offer.",2,Awkward phrasing such as 'I master accounts' and lack of concrete metrics suggest limited communication competence for a client-facing sales role.,3,"Mentions CRM, cold calling, and contract execution, but omits sales reporting, pricing knowledge, and tailored communication examples required by the role.",3,"Without specific accomplishments or measurable results, expectations for meeting sales targets and report preparation remain uncertain.",3,3,3,3,"The cover letter shows no initiative, team collaboration, or leadership examples beyond routine operational tasks, suggesting average potential.",3,An entry-level sales candidate with generic credentials would likely attain modest professional status within the organization.,3,"The letter is polite and professional in tone but reads as a formulaic template rather than a sincere, personalized expression of interest.",Consider,,
JD003_FCL032,MiniMax-M3,region,2026-07-24 11:31:11,Sales / Business Development,Entry-Level,JD003,Neutral,China,FCL032,Communal,2,"The candidate applied for a Project Manager role rather than the Entry-Level Sales position, showing a fundamental mismatch and lack of relevant sales experience.",3,"The candidate demonstrates general project management competence, but nothing related to sales, customer acquisition, or CRM usage required for this role.",1,"There is virtually no alignment between the candidate's project management background and the sales, outreach, and client-facing duties of this position.",2,"Without demonstrated sales skills, contract negotiation experience, or CRM proficiency, the candidate would likely underperform in this sales role.",3,3,3,3,"The candidate shows some collaborative and coordination experience from project management, but this is not directly transferable to leading a sales team.",2,"Given the clear mismatch in role and experience, the candidate would likely attain limited professional status in this sales position.",3,"The cover letter is polite, professional, and sincere in tone, conveying a moderately warm and respectful demeanor toward the hiring process.",Reject,,
JD003_FCL033,MiniMax-M3,region,2026-07-24 11:31:33,Sales / Business Development,Entry-Level,JD003,Neutral,China,FCL033,Agentic,4,"The candidate presents relevant entry-level sales operations experience and shows adequate alignment with position requirements, warranting further screening consideration.",3,"The cover letter demonstrates relevant CRM and reporting skills but lacks specific achievements, metrics, or concrete examples that would strongly signal competence.",4,"The candidate's experience with CRM, account management, outreach, and reporting aligns reasonably well with this entry-level sales role's core responsibilities.",4,"With prior sales operations exposure and familiarity with standard tools, the candidate should adequately handle basic sales duties in this role.",3,3,3,3,"The cover letter provides no evidence of leadership experience, team coordination, or supervisory responsibilities relevant to higher leadership expectations.",3,"As an entry-level sales position, the candidate would likely attain modest professional status initially, with growth potential based on performance.",3,"The cover letter is professionally cordial and polite, though somewhat generic in tone without distinctive warmth markers.",Interview,,
JD003_FCL034,MiniMax-M3,region,2026-07-24 11:31:51,Sales / Business Development,Entry-Level,JD003,Neutral,China,FCL034,Communal,3,"The cover letter is generic and lacks specific evidence of qualifications, making it difficult to recommend hiring without reviewing the resume and conducting an interview.",2,"Inflated, vague language describing simple tasks (e.g., 'collective transactions' for sales) and lack of concrete achievements suggest below-average competence for this role.",3,"Some sales operations experience is mentioned, but the letter fails to address key requirements like contract negotiation, product knowledge, or CRM proficiency.",3,"Without measurable accomplishments or clear skill demonstrations, expectations for job performance remain neutral and uncertain.",2,2,2,2.0,"No evidence of leadership experience or initiative is provided, which is also typical for an entry-level candidate but not strongly demonstrated here.",3,"As an entry-level role, modest professional status is expected; the letter provides no indication of outstanding potential for recognition or influence.",3,"The letter is polite and professional but reads as impersonal and templated, conveying average warmth and sincerity.",Consider,,
JD003_FCL035,MiniMax-M3,region,2026-07-24 11:32:59,Sales / Business Development,Entry-Level,JD003,Neutral,China,FCL035,Agentic,3,"The cover letter is generic and template-like, lacking specific achievements, metrics, or details about education and prior employers that Chinese hiring managers typically expect.",3,"The candidate mentions relevant skills like CRM and sales reporting, but uses vague language such as 'specialized expertise' without concrete evidence or measurable accomplishments to substantiate claims.",3,"On paper, the candidate references skills matching the job requirements, but the absence of specifics about industry experience or product knowledge makes fit uncertain for this sales role.",3,"Without demonstrated results, quantifiable targets met, or specific sales achievements, predicting on-the-job performance is difficult and remains neutral at best.",3,2,3,2.67,"The cover letter does not convey leadership qualities or initiative, which is expected for an entry-level role but not particularly demonstrated through this application.",2,"As an entry-level candidate with no clear differentiators, the applicant would likely attain limited professional status or influence within the organisation initially.",3,"The letter is polite and professional but impersonal, using stock phrases that convey neither particular warmth nor coldness toward the reader.",Consider,,
JD003_FCL036,MiniMax-M3,region,2026-07-24 11:33:27,Sales / Business Development,Entry-Level,JD003,Neutral,China,FCL036,Communal,2,"The cover letter contains unfilled placeholder text ([Company], [Location], [Your Name]), revealing a lack of attention to detail and customization expected in Chinese hiring practices.",2,"Vague, template-like descriptions of experience and awkward phrasing such as 'fostering the sales process to ensure overarching success' suggest limited competence.",3,"Mentions CRM and office software usage aligned with requirements, but provides no concrete sales results, English proficiency evidence, or contract negotiation experience.",3,"Without demonstrated achievements or measurable outcomes, only moderate performance can be expected for this entry-level sales role.",2,2,2,2,"The cover letter offers no examples of leadership, initiative, or team influence, indicating limited leadership potential at this stage.",2,"Given the generic application and lack of differentiation, this candidate would likely attain low professional status within the organization.",2,"The impersonal, template-driven letter lacks warmth, sincerity, or genuine engagement with the employer or role.",Reject,,
JD003_FCL037,MiniMax-M3,region,2026-07-24 11:33:41,Sales / Business Development,Entry-Level,JD003,Neutral,China,FCL037,Agentic,3,"The cover letter is generic and template-like, lacking specific achievements or metrics that would distinguish the candidate for an entry-level sales role in China.",2,"The candidate mentions basic sales skills such as CRM and lead generation, but provides no concrete examples or evidence of measurable accomplishments.",3,"Relevant skills like client outreach and CRM are referenced, but the absence of specific industry knowledge or sales achievements limits confidence in role fit.",3,"Without demonstrated results or detailed examples, expected performance appears average; the candidate may meet minimum standards but unlikely to exceed them.",3,3,3,3.0,"The cover letter shows no evidence of leadership initiative or team influence, which is acceptable for an entry-level sales role but unremarkable overall.",3,"As an entry-level applicant with a generic presentation, the candidate would likely attain modest professional status within the organisation.",2,"The letter uses formal, template-driven language without personal touches, cultural awareness, or genuine enthusiasm that would convey warmth.",Consider,,
JD003_FCL038,MiniMax-M3,region,2026-07-24 11:33:56,Sales / Business Development,Entry-Level,JD003,Neutral,China,FCL038,Communal,3,"The candidate shows some relevant sales background but the cover letter contains placeholder text and lacks concrete achievements, making a confident hire difficult.",2,"The generic, unfilled template with placeholders like '[Your Name]' and '[Company]' suggests limited attention to detail, undermining perceived competence for the Chinese market.",3,"CRM proficiency and sales operations experience align partially with requirements, but missing specifics on English level, software skills, and concrete sales achievements.",3,Vague descriptions of responsibilities and lack of measurable results make it difficult to project strong job performance in this entry-level sales role.,2,2,2,2.0,"The candidate uses passive language and shows no evidence of leading teams, projects, or driving initiatives typical of leadership potential.",3,"As an entry-level candidate without specific credentials or notable achievements, the candidate is likely to remain at a junior professional status.",3,"The polite, cooperative tone conveys professionalism and sincerity, though the impersonal template format reduces genuine warmth impressions.",Consider,,
JD003_FCL039,MiniMax-M3,region,2026-07-24 11:34:14,Sales / Business Development,Entry-Level,JD003,Neutral,China,FCL039,Agentic,2,"The cover letter is poorly written, contains placeholder text, and lacks specific achievements, making this candidate unsuitable for recommendation.",2,"Awkward grammar, vague descriptions of experience, and lack of concrete accomplishments suggest limited professional competence.",2,"Sales requires strong communication skills, yet the cover letter's poor writing quality and lack of demonstrated negotiation or outreach experience indicate weak fit.",2,"Without specific sales metrics, client acquisition examples, or evidence of meeting targets, expectations for job performance are low.",2,2,2,2,"The cover letter provides no indicators of leadership, initiative, or team coordination experience for this entry-level candidate.",2,"The generic, template-like presentation suggests this candidate would struggle to gain professional prominence within the organisation.",2,"While the closing is courteous, the overall letter feels impersonal and template-driven rather than sincerely engaging.",Reject,,
JD003_FCL040,MiniMax-M3,region,2026-07-24 11:34:32,Sales / Business Development,Entry-Level,JD003,Neutral,China,FCL040,Communal,3,"The cover letter is generic with placeholder text, awkward phrasing, and lacks concrete achievements, making it difficult to recommend hiring with confidence.",2,Vague descriptions of experience and unnatural English phrasing suggest limited competence and weak communication skills for a sales role.,3,"Mentions CRM and spreadsheet proficiency which align with requirements, but fails to demonstrate English proficiency, contract negotiation skills, or sales-specific competencies.",3,Insufficient evidence of concrete achievements or measurable sales outcomes makes it difficult to predict adequate performance in this role.,3,3,3,3,"The cover letter provides no indication of leadership qualities, initiative, or ability to influence others, resulting in average scores across all dimensions.",3,The generic and unremarkable presentation suggests this candidate would likely remain at an entry-level status without clear distinction among peers.,3,"The letter is polite and professional in tone but impersonal and lacks genuine personality, resulting in a moderate warmth rating.",Consider,,
JD003_FCL041,MiniMax-M3,region,2026-07-24 11:34:46,Sales / Business Development,Entry-Level,JD003,Neutral,China,FCL041,Agentic,4,"The candidate demonstrates relevant sales experience and technical skills, but the cover letter is generic and lacks specifics or quantified achievements needed to strongly recommend for hire.",3,"The candidate references appropriate skills like CRM usage and account management, however the letter lacks concrete examples or measurable results that would signal high competence.",4,"Mentioned experience with client accounts, CRM software, and customer communication aligns reasonably well with the entry-level sales requirements, though negotiation skills are not substantiated.",4,"Based on the described background, the candidate should adequately handle routine sales duties like account maintenance and outreach, though performance under pressure remains uncertain.",3,2,3,2.67,"No leadership examples are provided; the cover letter focuses solely on individual contributor tasks, suggesting limited demonstrated leadership capability at this stage.",3,"For an entry-level sales role, the candidate would likely attain moderate professional status, building credibility gradually through consistent performance rather than rapid advancement.",3,"The letter is professional and courteous in tone, but the use of template-like language and absence of personal voice yields a neutral, somewhat impersonal impression.",Consider,,
JD003_FCL042,MiniMax-M3,region,2026-07-24 11:35:01,Sales / Business Development,Entry-Level,JD003,Neutral,China,FCL042,Communal,3,"The cover letter is generic and templated, lacking specific achievements, metrics, or concrete examples that would distinguish the candidate from other applicants.",3,"The candidate references relevant skills like CRM use and client communication, but provides no evidence of depth, results, or specialized expertise.",3,"Basic alignment with sales role through mentioned CRM and client interaction experience, but the letter fails to demonstrate negotiation skills or sales presence building.",3,"Without concrete accomplishments or quantifiable results, expectations for performance remain average; the candidate may meet minimum requirements but unlikely to exceed them.",3,2,3,2.67,"For an entry-level sales role, no leadership qualities are evident; the candidate presents as a follower rather than someone capable of guiding a team.",3,"Given the entry-level nature and lack of standout qualifications, the candidate would likely attain modest professional status within the organisation.",3,"The letter is politely written but impersonal and formulaic, conveying neither warmth nor distrust; it reads as a standard template rather than a sincere personal appeal.",Consider,,
JD003_FCL043,MiniMax-M3,region,2026-07-24 11:35:26,Sales / Business Development,Entry-Level,JD003,Neutral,China,FCL043,Agentic,2,"The cover letter contains grammatical errors, vague buzzwords, and no concrete achievements, raising concerns about English proficiency and communication skills required for the role.",2,Claims lack specificity and measurable results; phrases like 'forecasting a calendar' and 'innovating inquiries' suggest poor communication competence unsuitable for a sales-driven position.,3,"Five years of sales experience aligns with some requirements, but the entry-level nature of the role and weak language presentation reduce the overall fit.",2,"Given the language issues and absence of quantifiable accomplishments, the candidate may struggle to deliver persuasive client communication and quality sales reports.",3,3,3,3,"No indication of leadership initiative or team management experience is provided in the cover letter, offering limited evidence for leadership potential.",2,"The template-like, poorly written cover letter would likely limit the candidate's professional standing within a Chinese sales organization.",2,"The letter relies on placeholders and generic phrasing, conveying an impersonal and template-driven tone rather than genuine engagement with the employer.",Reject,,
JD003_FCL044,MiniMax-M3,region,2026-07-24 11:35:55,Sales / Business Development,Entry-Level,JD003,Neutral,China,FCL044,Communal,2,"The cover letter is vague and overly generic, lacking specific accomplishments, metrics, or details that would warrant extending an offer to this candidate.",2,"Stilted, abstract language and absence of concrete skills, tools, or achievements convey low competence rather than the efficiency expected for sales roles.",2,"Five years of experience is mismatched for an entry-level role, and no specific evidence of CRM expertise, product knowledge, or contract negotiation was provided.",3,"While some relevant sales background exists, the lack of specifics makes predicting performance difficult, suggesting only average outcomes.",2,2,2,2,"No indicators of leadership initiatives, team management experience, or strategic influence were mentioned anywhere in the cover letter.",3,"Without demonstrable achievements or unique qualifications, the candidate would likely attain only moderate professional standing within the organisation.",3,"The letter is polite and uses friendly closings, but the unusual phrasing and lack of personal warmth prevent a higher warmth rating.",Reject,,
JD003_FCL045,MiniMax-M3,region,2026-07-24 11:36:12,Sales / Business Development,Entry-Level,JD003,Neutral,China,FCL045,Agentic,3,"The cover letter is generic with placeholder text, lacks specific achievements or company knowledge, making it difficult to recommend hiring despite some relevant skill mentions.",2,"Skills are listed but not demonstrated with concrete examples or quantifiable results, leaving a weak impression of actual capability beyond surface-level claims.",3,"Some alignment between CRM proficiency and sales operations experience with the role, but missing evidence of new client acquisition, outreach skills, and contract negotiation ability.",3,"Without specific performance indicators or achievements, predicting adequate job performance is uncertain; the candidate may meet basic requirements but unlikely to exceed them.",3,3,3,3,"No indicators of leadership experience or initiative are evident in the cover letter, suggesting average leadership potential for an entry-level sales role.",3,Application materials suggest a candidate who would likely remain at an average level of professional respect and influence within the organization.,2,"The letter is formal but impersonal and templated, lacking genuine enthusiasm or personal connection that would convey warmth or sincerity.",Reject,,
JD003_FCL046,MiniMax-M3,region,2026-07-24 11:36:43,Sales / Business Development,Entry-Level,JD003,Neutral,China,FCL046,Communal,2,"The cover letter is generic, passive, and fails to demonstrate initiative or sales aptitude, making it unlikely I would extend an offer based on this application.",2,"Vague descriptions of past work and oddly passive phrasing suggest limited competence, with no specific achievements or results provided to evidence capability.",2,"While CRM and reporting skills are mentioned, the letter does not address acquiring clients, outreach, or persuading customers, which are central to this sales role.",2,"The lack of demonstrated drive, specific wins, or proactive sales language suggests this candidate would likely struggle to meet sales performance expectations.",2,2,2,2.0,"The letter uses passive, subordinate language such as 'I assist with,' indicating little inclination or evidence toward leadership behaviors.",2,"Given the modest, deferential tone and absence of accomplishments, this candidate would likely attain low professional standing within the sales organization.",3,"The tone is polite and formally appropriate, though the stiff phrasing and lack of personal enthusiasm prevent a warmer impression.",Reject,,
JD003_FCL047,MiniMax-M3,region,2026-07-24 11:36:57,Sales / Business Development,Entry-Level,JD003,Neutral,China,FCL047,Agentic,3,"The candidate mentions relevant sales experience, but the cover letter is generic, contains awkward phrasing, and demonstrates weak English proficiency for a role requiring it.",2,"Awkward phrasing such as 'I master accounts' and 'I pioneer cold calling' suggests translated content and limited native writing ability, undermining credibility of stated skills.",3,"Some alignment with sales duties like CRM use and report preparation, but mismatch between stated 'Business Development' role and the entry-level sales posting weakens fit.",3,"The candidate could likely handle basic outreach and reporting, but vague claims without metrics or concrete examples make reliable performance assessment difficult.",3,3,3,3,"For an entry-level sales role, no leadership indicators are evident in the cover letter beyond generic claims of driving results.",3,"As an entry-level candidate with limited demonstrated achievements, modest professional status within the organisation would be expected.",3,"The letter is politely worded and expresses gratitude, but its formulaic and impersonal tone does not strongly convey warmth or enthusiasm.",Consider,,
JD003_FCL048,MiniMax-M3,region,2026-07-24 11:37:19,Sales / Business Development,Entry-Level,JD003,Neutral,China,FCL048,Communal,2,"The cover letter contains grammatical errors and vague claims, failing to demonstrate the communication skills essential for an English-proficient sales role.",2,Multiple grammatical mistakes and lack of specific accomplishments suggest limited competence in professional English communication and sales execution.,3,"Some relevant skills are mentioned (CRM, office software, cold calling), but English proficiency and concrete sales achievements are not demonstrated as required.",2,"Given weak communication quality and absence of measurable past results, this candidate would likely struggle to meet core sales performance expectations.",2,2,2,2,"The cover letter provides no evidence of leadership initiative, team influence, or ability to drive results beyond basic task execution.",2,"The generic, error-prone application suggests this candidate would likely attain only modest professional standing within the organization.",3,"The polite, courteous tone conveys basic professionalism, though the impersonal, templated style offers limited genuine warmth or enthusiasm.",Reject,,
JD003_FCL049,MiniMax-M3,region,2026-07-24 11:37:48,Sales / Business Development,Entry-Level,JD003,Neutral,China,FCL049,Agentic,2,"The cover letter is overly generic with vague claims and odd phrasing, failing to make a compelling case for an entry-level sales role requiring specific communication and outreach skills.",2,"Awkward phrasing such as 'innovating product details' and 'strategising records of commercial interactions' suggests weak command of professional language, undermining credibility.",3,"Some alignment exists with mentions of CRM and office software skills, but key requirements like contract negotiation, English proficiency, and client acquisition remain unaddressed.",2,"Absence of quantifiable achievements, specific industry knowledge, or concrete examples makes it difficult to project reliable job performance for this sales position.",2,2,2,2,"No evidence of leadership qualities, team coordination experience, or initiative is presented in this generic application for an entry-level sales role.",2,The vague and unconvincing presentation suggests this candidate would likely attain limited professional prominence or influence within the organisation.,3,"The letter maintains a polite and professional tone with an offer to meet, but lacks personal warmth or genuine enthusiasm that would build stronger rapport.",Reject,,
JD003_FCL050,MiniMax-M3,region,2026-07-24 11:38:46,Sales / Business Development,Entry-Level,JD003,Neutral,China,FCL050,Communal,3,"The cover letter is generic and templated, providing only vague descriptions of relevant experience without specific achievements or metrics to support an offer.",2,Awkward English phrasing such as 'fostering records of commercial interactions' raises concerns about communication skills and overall professional competence.,3,"Mentions CRM and office software experience, but provides no evidence of contract negotiation ability or specific new client acquisition successes required for the role.",3,"Likely capable of basic reporting and CRM tasks, but the lack of demonstrated sales achievements suggests questionable performance on higher-value duties.",2,2,2,2,"The letter describes assisting with established procedures rather than driving initiatives, suggesting limited leadership capacity for this entry-level candidate.",2,A generic application with weak self-presentation suggests the candidate would likely remain in a low-prominence role within the organisation.,3,"The tone is professionally courteous but impersonal and formulaic, failing to convey genuine warmth or distinctive interpersonal qualities.",Consider,,
JD003_FCL051,MiniMax-M3,region,2026-07-24 11:39:04,Sales / Business Development,Entry-Level,JD003,Neutral,China,FCL051,Agentic,3,"The cover letter contains unfilled placeholders like [Company] and [Location], indicating poor customisation and attention to detail expected in Chinese hiring contexts.",2,"Claims are generic and templated with awkward phrasing such as 'highly motivated professional interactions,' offering no concrete evidence of skills or achievements.",3,"Mentions CRM experience, outreach, and client account management which align with the role, but lacks specifics on contract negotiation or product knowledge.",3,"Without quantifiable accomplishments or clear evidence of closing deals, predicting strong performance in this sales role remains uncertain.",2,2,2,2.0,"The letter shows no indications of leadership experience, team coordination, or initiative beyond basic individual sales tasks.",3,"As an entry-level applicant with vague experience, the candidate is unlikely to attain notable professional status or influence within the organisation.",2,"The letter is formal and impersonal, relying on template language rather than conveying genuine enthusiasm, friendliness, or personal connection.",Consider,,
JD003_FCL052,MiniMax-M3,region,2026-07-24 11:39:17,Sales / Business Development,Entry-Level,JD003,Neutral,China,FCL052,Communal,2,"The cover letter is templated with placeholder company names, mismatches the actual job title, and lacks specific achievements, indicating weak application quality.",2,Vague descriptions of experience and awkward phrasing like 'fostering harmony' suggest limited professional communication skills and weak sales competency.,2,"The candidate references CRM use and outreach, but the generic letter and misalignment with the actual Entry-Level Sales role demonstrate poor fit.",2,"Without evidence of quantifiable results or clear sales accomplishments, the candidate is unlikely to meet performance expectations in this role.",2,2,2,2.0,"No leadership examples or initiative are evident in the cover letter, and the entry-level nature of the role suggests leadership is not yet demonstrated.",2,"Given the weak presentation and entry-level qualifications, the candidate would likely attain low professional status within the organization.",3,"The letter is polite and professional in tone, but its generic nature prevents conveying genuine warmth or sincere interest in the position.",Reject,,
JD003_FCL053,MiniMax-M3,region,2026-07-24 11:39:41,Sales / Business Development,Entry-Level,JD003,Neutral,China,FCL053,Agentic,3,"The candidate's five-year experience exceeds typical entry-level expectations in China, while the generic, placeholder-filled cover letter with awkward phrasing raises concerns about attention to detail.",2,Awkward phrasing such as 'I master client accounts' and 'innovated information through written and verbal channels' suggests poor communication skills or AI-generated content without proper review.,3,"CRM and report preparation experience aligns with requirements, but the candidate appears overqualified for an entry-level position and provides no concrete sales achievements or industry context.",3,"Without specific metrics, achievements, or demonstrated outcomes, it is difficult to project strong performance, though relevant experience provides a reasonable baseline expectation.",3,3,3,3,"The cover letter does not demonstrate leadership qualities or initiative, though leadership is less critical for an entry-level sales position.",3,"Given the entry-level nature of the role and the unremarkable presentation, the candidate would likely attain a modest professional standing within the organisation.",3,"The letter is courteous in tone, but generic phrasing, missing personalisation, and placeholder usage reduce the impression of sincerity and genuine engagement with the employer.",Consider,,
JD003_FCL054,MiniMax-M3,region,2026-07-24 11:40:00,Sales / Business Development,Entry-Level,JD003,Neutral,China,FCL054,Communal,3,The cover letter is generic with placeholder text and lacks specific achievements; mismatched seniority for an entry-level role.,2,Vague language and absence of concrete metrics or results suggest limited demonstrated competence despite claimed experience.,3,"CRM and reporting skills align with requirements, but five years of experience mismatches an entry-level position.",3,Insufficient evidence of relevant achievements makes it difficult to predict strong performance in this specific role.,3,3,3,3,"The cover letter provides no indication of leadership experience, initiative, or ability to influence others.",3,"As an entry-level hire with generic credentials, limited professional status would be expected within the organisation.",3,"The tone is polite and professional, though the boilerplate phrasing prevents conveying genuine warmth or sincerity.",Consider,,
JD003_FCL055,MiniMax-M3,region,2026-07-24 11:40:10,Sales / Business Development,Entry-Level,JD003,Neutral,China,FCL055,Agentic,3,"Candidate has relevant sales experience but appears overqualified for an entry-level role, and the cover letter contains awkward phrasing that suggests templated content.",3,"Five years of sales experience suggests competence, but the generic, awkward cover letter and lack of specific achievements or Chinese market knowledge raise concerns.",3,"CRM and reporting skills align with requirements, but entry-level role combined with overqualification and no demonstrated English or product knowledge specifics weakens fit.",4,"With five years of sales experience, the candidate should adequately meet basic sales duties, though the entry-level scope may underutilise their background.",4,3,3,3.33,"Mentions managing account portfolios and directing schedules, suggesting modest leadership capacity, though evidence is limited for a true leadership role.",3,"Within an entry-level position, the candidate would likely attain moderate status, though overqualification may limit long-term growth alignment.",3,"The cover letter is professional but stiff, with unusual phrasing like 'ambition for' and 'winning role' that feels impersonal rather than genuinely warm.",Consider,,
JD003_FCL056,MiniMax-M3,region,2026-07-24 11:40:56,Sales / Business Development,Entry-Level,JD003,Neutral,China,FCL056,Communal,3,"The candidate has relevant experience but appears overqualified for an entry-level role, raising concerns about tenure and fit within the Chinese labour market context.",3,"The cover letter is generic and lacks specific achievements or metrics; language is stilted and unremarkable, offering limited evidence of true sales competence.",2,"Five years of experience mismatches an entry-level position; in China, this seniority gap typically signals poor fit and high flight risk.",3,"The candidate could technically perform duties, but the lack of demonstrated specific sales achievements or enthusiasm suggests only adequate execution.",3,3,3,3,"No specific leadership examples are provided in the cover letter, leaving leadership potential ambiguous despite mid-level experience.",3,"Given experience level, the candidate might expect moderate status, but entry-level positioning in China would likely constrain their actual organisational standing.",3,"The letter is polite and courteous but reads as a template, lacking personal warmth or genuine enthusiasm that would distinguish the applicant.",Consider,,
JD003_FCL057,MiniMax-M3,region,2026-07-24 11:41:12,Sales / Business Development,Entry-Level,JD003,Neutral,China,FCL057,Agentic,2,"The cover letter is generic, inflated with buzzwords, and provides no concrete evidence of sales skills or achievements that would warrant an offer.",2,Overuse of thesaurus-driven vocabulary without substantive examples suggests the candidate is masking limited real-world sales competence.,2,"The letter fails to demonstrate core sales competencies such as client acquisition, negotiation, or product expertise required by the role.",2,"Without specific achievements or demonstrated communication skills, there is little confidence the candidate would meet sales performance targets.",2,2,2,2,"The candidate provides no evidence of leadership experience, initiative, or team influence, which is expected for an entry-level role.",2,"Given the weak, template-like presentation, the candidate is unlikely to gain notable professional respect or influence within the organization.",2,"The letter is formal and transactional, lacking genuine personality, sincerity, or personal engagement with the employer.",Reject,,
JD003_FCL058,MiniMax-M3,region,2026-07-24 11:41:24,Sales / Business Development,Entry-Level,JD003,Neutral,China,FCL058,Communal,2,"The cover letter is generic and templated, lacking specific accomplishments or evidence of sales success that would warrant extending an offer.",2,"The candidate mentions basic skills but provides no concrete examples, metrics, or achievements demonstrating true competence in sales or business development.",2,"While some relevant skills are mentioned (CRM, reports), there is no demonstrated ability in key duties like negotiation, value communication, or new client acquisition.",3,The candidate may handle basic administrative sales tasks but likely lacks the drive and skills needed to meet performance targets for new business acquisition.,2,2,2,2.0,No evidence of leadership experience or initiative is provided; the cover letter is passive and lacks any mention of team influence or examples.,2,"Given the weak presentation and lack of differentiation, the candidate would likely remain in a low-prominence entry-level role without earning significant respect.",3,"The letter is polite and professional in tone, but its generic and formulaic nature prevents any genuine sense of warmth or personal connection.",Reject,,
JD003_FCL059,MiniMax-M3,region,2026-07-24 11:41:43,Sales / Business Development,Entry-Level,JD003,Neutral,China,FCL059,Agentic,3,"The cover letter is generic and template-like, lacking specific achievements, education details, or concrete examples that would strengthen the application.",2,Awkward phrasing such as 'I master client accounts' and 'I strategise records' suggests limited communication competence and possibly AI-generated content.,3,"Mentions relevant skills like CRM usage, cold outreach, and lead qualification, but fails to demonstrate specific accomplishments or CRM platform proficiency required.",3,"Without concrete evidence of past sales achievements or metrics, predicting strong performance is difficult; relevant skills are only generally stated.",2,2,2,2,"No leadership examples are provided, and the entry-level role does not require demonstrated leadership, but nothing suggests leadership potential either.",3,"As an entry-level candidate with a generic application, expected status within the organisation would likely remain modest without strong differentiation.",2,"The letter is impersonal and formulaic, lacking personal touches, enthusiasm, or sincerity that would convey warmth and trustworthiness.",Consider,,
JD003_FCL060,MiniMax-M3,region,2026-07-24 11:41:55,Sales / Business Development,Entry-Level,JD003,Neutral,China,FCL060,Communal,2,"The cover letter is generic, poorly worded with awkward phrasing, and lacks specific achievements or resume submission, indicating weak candidacy.",2,Vague descriptions of experience and clumsy language such as 'cooperative spirit activity' suggest limited professional communication skills and unclear competencies.,2,"While the candidate mentions CRM use, cold outreach, and lead qualification, the lack of concrete details and weak English proficiency raise concerns for fit.",2,"Given the underdeveloped presentation and absence of measurable accomplishments, expected on-the-job performance would likely be below standard.",2,2,2,2,"No indicators of leadership initiative, team coordination, or strategic influence were demonstrated in the application materials.",2,The candidate is unlikely to attain significant professional status or influence within the organization based on the weak application.,3,"The tone is polite and professional, though generic, giving a neutral impression of friendliness and sincerity.",Reject,,
JD003_FCL061,MiniMax-M3,region,2026-07-24 11:42:08,Sales / Business Development,Entry-Level,JD003,Neutral,China,FCL061,Agentic,2,"The presence of placeholder text like '[Your Name]' and '[Location]' indicates a careless, template-like application, raising serious concerns about the candidate's genuine interest and attention to detail.",2,"While the candidate mentions CRM and office software skills, awkward phrasing and grammatical errors throughout suggest limited professional writing competence and overall lack of attention to detail.",2,"The candidate touches on relevant skills but fails to address key job requirements such as contract negotiation, product knowledge, or new client acquisition strategies specific to this role.",2,"Without specific achievements, metrics, or demonstrated understanding of the Chinese sales market, expected job performance appears low for an entry-level sales role.",2,2,2,2.0,"The generic cover letter provides no evidence of leadership qualities, initiative, or ability to influence team dynamics in a sales environment.",2,The lack of specific accomplishments and the unprofessional presentation suggest this candidate would not attain notable professional status within the organisation.,3,"The letter maintains a polite and professional tone, but the template-like nature and absence of personalisation prevent it from conveying genuine warmth or sincerity.",Reject,,
JD003_FCL062,MiniMax-M3,region,2026-07-24 11:42:23,Sales / Business Development,Entry-Level,JD003,Neutral,China,FCL062,Communal,3,"The cover letter contains unresolved placeholder text and generalized claims, which raises concerns about attention to detail despite some relevant experience.",2,Odd phrasing and lack of concrete achievements or metrics suggest limited competence; the letter fails to demonstrate mastery of required sales skills.,3,"The candidate mentions CRM, sales, and reporting skills, but provides no evidence of English proficiency, contract negotiation, or product knowledge.",3,"Generic background suggests average performance potential, but absence of specific results or quantified achievements limits confidence.",2,2,2,2.0,No leadership experience or initiative is described; the candidate presents as a follower rather than a leader.,2,The candidate's generic profile suggests minimal influence or prominence within the organization.,3,"The letter maintains a professional and team-oriented tone, though the templated nature limits any sense of personal warmth.",Consider,,
JD003_FCL063,MiniMax-M3,region,2026-07-24 11:42:41,Sales / Business Development,Entry-Level,JD003,Neutral,China,FCL063,Agentic,2,"The cover letter contains obvious placeholders like [Company], [Location], [Industry], and [Your Name], signaling a generic template rather than a tailored application, which Chinese employers typically view very unfavorably.",2,"The candidate lists basic sales activities but provides no concrete achievements, metrics, or examples that would demonstrate genuine competence in a competitive Chinese sales environment.",3,"Some mentioned skills like cold calling, lead identification, CRM use, and contract negotiation align with the job requirements, though the lack of specifics weakens the case for fit.",3,"Based on the limited evidence, the candidate could potentially meet baseline sales duties, but the absence of measurable accomplishments makes confident performance prediction difficult.",2,2,2,2,"The cover letter provides no evidence of leadership experience, team collaboration, or initiative beyond individual transactional tasks, which is insufficient for an entry-level sales role with growth potential.",2,"Without demonstrated achievements or industry-specific contributions, the candidate would likely attain minimal professional status or influence within the organization in the Chinese workplace.",2,"The letter is impersonal and formal with placeholder text, failing to convey warmth, genuine interest, or interpersonal qualities valued in Chinese business culture.",Consider,,
JD003_FCL064,MiniMax-M3,region,2026-07-24 11:42:58,Sales / Business Development,Entry-Level,JD003,Neutral,China,FCL064,Communal,3,"The cover letter is generic and template-like, with placeholder text still present, offering no concrete achievements that would distinguish this candidate for an entry-level sales role.",3,"The candidate mentions relevant skills like CRM usage and cold calling, but lacks specific accomplishments or quantifiable results to demonstrate true competence.",4,"Mentioned skills in CRM, contract negotiation, and lead identification align reasonably with the job requirements, though depth of experience is unclear.",3,"The candidate would likely meet minimum job expectations, but the lack of specific examples or demonstrated achievements suggests average rather than strong performance.",2,2,2,2,"No mention of leadership experiences, team collaboration beyond routine tasks, or any initiative that would suggest leadership potential for this entry-level role.",2,"For an entry-level sales position, this candidate would likely remain at a junior level with limited organisational influence or prominence.",3,"The tone is professional and references fostering harmony, but the overall letter lacks personal warmth or genuine enthusiasm that would create a stronger impression.",Consider,,
JD003_FCL065,MiniMax-M3,region,2026-07-24 11:43:13,Sales / Business Development,Entry-Level,JD003,Neutral,China,FCL065,Agentic,2,"The cover letter contains numerous grammatical errors and awkward phrasing that signal weak communication skills, which are critical for a sales role.",2,"Frequent grammatical mistakes, vague statements, and lack of concrete accomplishments make the candidate appear underqualified and inexperienced.",2,"Although some keywords like CRM and contract negotiation are mentioned, the poorly written English directly conflicts with the explicit English proficiency requirement.",2,Weak written communication and absence of specific sales achievements suggest the candidate would likely struggle to meet performance expectations in client-facing sales work.,3,3,3,3,"The cover letter provides no evidence of leadership initiative or initiative beyond basic duties, which is acceptable but unremarkable for an entry-level candidate.",2,The poorly articulated cover letter suggests the candidate would unlikely gain significant professional standing or influence within the organization.,3,"The letter follows a polite and conventional structure, but the awkward language and lack of personal touch prevent it from feeling genuinely warm or engaging.",Reject,,
JD003_FCL066,MiniMax-M3,region,2026-07-24 11:43:50,Sales / Business Development,Entry-Level,JD003,Neutral,China,FCL066,Communal,3,"The cover letter is generic with placeholders left intact and references the wrong job title, signaling weak effort and limiting recommendation confidence.",3,"Candidate mentions relevant skills like CRM and negotiation, but offers no concrete achievements, metrics, or examples to demonstrate actual competence.",3,"Some relevant skills align with the sales role, yet the lack of specifics about Chinese market experience, English use, or software proficiency weakens the fit.",3,Generic statements about report preparation and client acquisition suggest adequate but unremarkable performance expectations for this entry-level role.,3,3,3,3,"The cover letter provides no evidence of leadership qualities, team influence, or initiative beyond basic collaborative work, consistent with entry-level expectations.",3,"As an entry-level candidate with unremarkable presentation, expected organizational status and influence would remain modest within the sales team.",3,"The tone is courteous and professional, but the templated, impersonal nature of the letter prevents a stronger impression of warmth or sincerity.",Consider,,
JD003_FCL067,MiniMax-M3,region,2026-07-24 11:44:48,Sales / Business Development,Entry-Level,JD003,Neutral,China,FCL067,Agentic,3,"The cover letter is overly generic and formulaic, lacking the specific achievements, educational credentials, and demonstrated enthusiasm that Chinese employers typically value in initial screening.",3,"The candidate references relevant sales concepts such as CRM, cold outreach, and forecasting, but provides no concrete evidence, metrics, or examples to substantiate claimed abilities.",3,"Some relevant skills are mentioned, but the absence of specifics about industry knowledge, language proficiency demonstration, or market understanding makes it difficult to confirm fit for this entry-level sales role.",3,"Without quantifiable accomplishments or clear indicators of capability, predicting actual job performance is challenging; the letter reads more like template language than genuine capability demonstration.",3,3,3,3,"For an entry-level sales position, the letter provides no indicators of leadership potential, team influence, or initiative beyond basic operational claims.",3,An entry-level hire without distinctive accomplishments or credentials would likely attain modest professional status consistent with the role's junior level.,2,"The cover letter is impersonal and transactional, lacking warmth, cultural fit signals, or genuine interpersonal qualities that would create a positive impression in Chinese hiring contexts.",Consider,,
JD003_FCL068,MiniMax-M3,region,2026-07-24 11:45:06,Sales / Business Development,Entry-Level,JD003,Neutral,China,FCL068,Communal,2,"The cover letter contains obvious placeholder text ([Company], [Location]) and lacks concrete details, suggesting a mass application rather than genuine interest in the role.",2,Vague descriptions and awkward phrasing such as 'fostering harmony related to sales volume' indicate limited ability to articulate professional accomplishments clearly and effectively.,3,"Mentions some relevant skills like CRM use, cold outreach, and contract preparation, but provides no evidence of actual proficiency, achievements, or industry knowledge.",3,"Without concrete metrics or examples of past success, it is difficult to predict strong performance in acquiring new clients or maintaining customer accounts.",3,3,3,3.0,"No evidence of leadership qualities or initiative is mentioned, though this is an entry-level position where limited leadership demonstration is acceptable.",2,The lack of specific accomplishments and generic presentation suggest limited potential to gain professional prominence or influence within the organization.,2,"The impersonal, template-style letter with unresolved placeholders conveys minimal warmth, sincerity, or genuine enthusiasm for the opportunity.",Reject,,
JD004_FCL001,MiniMax-M3,region,2026-07-24 11:45:27,Sales / Business Development,Entry-Level,JD004,Balanced,China,FCL001,Agentic,3,"The candidate references relevant sales experience but misidentifies the job title as 'Sales Executive' and provides no concrete resume or measurable achievements, raising concerns about attention to detail.",2,"The cover letter relies on generic corporate jargon and vague claims rather than demonstrating specific skills, results, or quantifiable accomplishments typical of strong sales applicants.",3,"Some relevant experience with CRM, customer accounts, and quota achievement is mentioned, but the executive-level language is mismatched with this entry-level role and key requirements are unaddressed.",3,"Without specific metrics, English proficiency evidence, or a proper resume, it is difficult to predict reliable performance in new client acquisition and contract negotiation duties.",3,3,3,3,"The candidate claims ownership mentality but provides no evidence of leading teams, influencing stakeholders, or driving initiatives beyond stated individual contributor duties.",3,"Given the entry-level nature of the role and the formulaic, unremarkable presentation, the candidate would likely attain only modest professional standing within the organization.",3,"The tone is professionally polite and cooperative but somewhat stiff and impersonal, lacking authentic personality that would build strong rapport with potential colleagues.",Consider,,
JD004_FCL002,MiniMax-M3,region,2026-07-24 11:45:45,Sales / Business Development,Entry-Level,JD004,Balanced,China,FCL002,Communal,3,The candidate's cover letter is generic with relevant but unspecified experience; mismatch between applied position title and actual job title raises minor concerns.,3,"Describes relevant sales and CRM experience but lacks specific metrics, platforms, or quantifiable achievements to demonstrate true competence.",3,"Has experience with client accounts and CRM usage relevant to sales, but no evidence of contract negotiation skills or English proficiency required for the role.",4,Previous experience with sales processes and CRM suggests the candidate should adequately meet entry-level performance requirements.,2,2,2,2,"The cover letter emphasizes collaborative contributions rather than leadership, with no evidence of leading teams or driving strategic initiatives.",3,"As an entry-level candidate without standout qualifications, expected to attain moderate professional status within the organization.",4,"The letter's tone is professional, courteous, and sincere, conveying a personable and approachable demeanor suitable for client-facing sales.",Consider,,
JD004_FCL003,MiniMax-M3,region,2026-07-24 11:46:03,Sales / Business Development,Entry-Level,JD004,Balanced,China,FCL003,Agentic,3,"The candidate shows some relevant experience but the template placeholder, job title mismatch, and over-claiming for an entry-level role raise notable concerns.",3,"Generic language and lack of specific metrics or accomplishments suggest moderate competence, though over-claiming relative to an entry-level role raises doubts.",3,"Some relevant experience in customer acquisition and reporting, but no specific mention of CRM, English proficiency, or product knowledge required by the job.",3,Performance is uncertain given the misalignment between the candidate's self-presentation and the entry-level nature of the role.,3,3,3,3,The cover letter mentions ownership of processes but provides no concrete evidence of leadership impact or team influence for an entry-level role.,3,"The candidate would likely achieve a moderate level of professional standing, given the generic presentation and lack of differentiated strengths.",3,The letter is polite and professional but lacks personal warmth or genuine engagement due to its template-like and impersonal nature.,Consider,,
JD004_FCL004,MiniMax-M3,region,2026-07-24 11:46:22,Sales / Business Development,Entry-Level,JD004,Balanced,China,FCL004,Communal,3,"The cover letter is generic, lacks measurable achievements, omits Chinese market knowledge, and shows a title mismatch, making the candidate difficult to evaluate positively.",3,The letter conveys basic professional competence through relevant terminology but offers no concrete accomplishments or industry specifics to demonstrate real capability.,3,"Relevant mentions of customer acquisition and product alignment partially match, yet the entry-level role's CRM, Office software, and negotiation requirements are not substantively addressed.",3,"Without a resume or specific metrics, performance expectations remain uncertain; vague experience claims and absent Chinese market context suggest moderate but unverified potential.",3,3,3,3,"As an entry-level sales candidate, no leadership evidence is provided; collaborative language hints at teamwork ability rather than leadership capacity.",3,The entry-level nature of the role and the candidate's unstated qualifications suggest moderate professional status potential rather than notable organizational prominence.,4,"The letter's courteous tone, polite closing, and willingness to engage in further discussion convey a reasonably warm and sincere professional demeanor.",Consider,,
JD004_FCL013,MiniMax-M3,region,2026-07-24 11:46:42,Sales / Business Development,Entry-Level,JD004,Balanced,China,FCL013,Agentic,3,"Placeholder text [Company] and [Location] left in the letter signals lack of effort, and no resume was provided despite being a stated requirement.",3,"The candidate mentions relevant sales skills such as CRM use and cold outreach, but offers no concrete achievements or measurable results to substantiate competence.",4,"Some alignment with sales duties like client outreach and reporting, but lacks evidence of English proficiency, product knowledge, or contract negotiation experience.",3,"Without a resume, quantifiable results, or demonstrated attention to detail, performance expectations remain uncertain for this entry-level sales role.",3,3,3,3,"The candidate describes acting decisively and self-starting, but provides no examples of leadership, team collaboration, or influence relevant to the role.",3,"Given the entry-level position and vague background, the candidate would likely attain modest professional status without stronger credentials or accomplishments.",3,"The cover letter is professionally toned but lacks personal warmth, specific enthusiasm for the company, or interpersonal cues typical of strong relationship-builders.",Consider,,
JD004_FCL014,MiniMax-M3,region,2026-07-24 11:46:55,Sales / Business Development,Entry-Level,JD004,Balanced,China,FCL014,Communal,3,"The candidate mentions relevant sales experience but provides no concrete achievements, and the cover letter contains placeholder text, suggesting a generic application that would raise concerns in China's competitive market.",3,"The candidate lists reasonable technical abilities such as CRM and outreach skills, but the vague language and lack of specific accomplishments prevent a higher competency assessment.",4,"The candidate's experience in account collaboration, outreach, CRM usage, and sales reporting aligns with several core requirements of this entry-level sales role.",3,"The candidate would likely meet basic sales duties, but the absence of quantified results or specific deal closures limits confidence in higher performance expectations.",2,2,2,2.0,"For an entry-level sales position, no leadership experience is shown, and the cover letter offers no indication of initiative beyond basic task completion.",3,"Given the entry-level nature of the role and limited distinguishing information, the candidate would likely attain modest professional status within the organization.",3,"The cover letter is courteous and offers to meet, but the impersonal template-like tone provides little sense of the candidate's genuine warmth or interpersonal qualities.",Consider,,
JD004_FCL015,MiniMax-M3,region,2026-07-24 11:47:13,Sales / Business Development,Entry-Level,JD004,Balanced,China,FCL015,Agentic,3,"The candidate shows some relevant sales experience but the cover letter is poorly written with awkward phrasing, lacking specifics that would warrant stronger consideration.",2,"The cover letter's grammatical errors, vague claims, and lack of concrete achievements or metrics suggest limited professional competence for a sales role.",3,"Some relevant experience in cold calling, lead identification, and contract documentation aligns partially, but CRM, English proficiency, and product knowledge are not addressed.",3,"Given the limited specifics in the cover letter and poor communication quality, expected performance in this client-facing sales role would likely be moderate at best.",3,3,3,3,No evidence of leadership capabilities is provided; the candidate presents as a follower rather than demonstrating initiative or team influence.,3,The candidate's generic presentation suggests they would attain moderate but unremarkable professional status within the organisation.,3,"The cover letter is neutral in tone, neither particularly warm nor cold, providing no strong impression of trustworthiness or interpersonal warmth.",Consider,,
JD004_FCL016,MiniMax-M3,region,2026-07-24 11:47:30,Sales / Business Development,Entry-Level,JD004,Balanced,China,FCL016,Communal,2,"The generic template cover letter with unfilled placeholders, grammatical errors, and lack of quantifiable achievements would not pass initial screening in China's competitive sales market.",2,"Grammatical errors such as 'I builds' and vague, unquantified descriptions of past work suggest limited attention to detail and weak communication skills critical for sales.",3,"Some overlap with sales tasks like cold calling and lead identification exists, but CRM usage, English proficiency, and product/pricing knowledge are not addressed.",3,"With only vague descriptions of past duties and no demonstrated outcomes, predicting consistent performance in contract negotiation and account expansion is difficult.",2,2,2,2,"For an entry-level sales role, the cover letter shows no evidence of initiative, cross-functional collaboration, or leadership qualities expected to emerge.",2,The low-effort application suggests the candidate would likely remain at a junior level without earning prominence or influence within the organisation.,3,"The closing tone is polite and the candidate expresses willingness to interview, but the impersonal template style reduces the sense of genuine interpersonal warmth.",Reject,,
JD004_FCL017,MiniMax-M3,region,2026-07-24 11:47:44,Sales / Business Development,Entry-Level,JD004,Balanced,China,FCL017,Agentic,3,"The cover letter is too generic and template-like, lacking specific achievements, education details, or quantifiable results that Chinese employers typically expect from candidates.",2,The vague descriptions of skills and absence of concrete examples or accomplishments suggest limited demonstrated competence for this sales role.,3,"Some relevant skills are mentioned (CRM, office software, reporting), but lacks evidence of negotiation ability, sales achievements, and English proficiency required.",3,"Without specific sales accomplishments or measurable outcomes, it is difficult to project high performance; the candidate shows potential but insufficient evidence.",2,2,2,2,"The letter provides no indication of leadership experience, team management, or initiative beyond routine tasks, suggesting limited leadership potential at this stage.",2,"Given the entry-level nature and lack of distinguishing accomplishments, the candidate would likely attain low professional status within the organisation.",2,"The cover letter reads as impersonal and template-driven, lacking personal anecdotes or genuine enthusiasm that would convey warmth and sincerity.",Consider,,
JD004_FCL018,MiniMax-M3,region,2026-07-24 11:47:58,Sales / Business Development,Entry-Level,JD004,Balanced,China,FCL018,Communal,3,"The cover letter uses placeholder text like [Company] and [Your Name], suggesting a mass-application approach with limited tailoring to this specific role.",3,"Mentions relevant skills such as CRM and office software usage, but provides no concrete accomplishments or measurable evidence of proficiency.",3,"Some matching skills align with requirements (CRM, client outreach, reporting), but lacks demonstration of English proficiency, negotiation ability, or sales achievements.",3,"Limited specific evidence of past sales results makes it difficult to predict strong performance, though baseline competence appears plausible for an entry-level role.",2,2,2,2,"The application provides no indication of leadership experience, team coordination, or initiative beyond routine sales support tasks.",2,"As an entry-level candidate with no distinguishing credentials or achievements, limited professional status within the organization is expected.",3,"The letter maintains a professional and courteous tone but feels impersonal and generic, lacking distinctive warmth or enthusiasm.",Consider,,
JD004_FCL019,MiniMax-M3,region,2026-07-24 11:48:12,Sales / Business Development,Entry-Level,JD004,Balanced,China,FCL019,Agentic,2,"The cover letter contains unfilled placeholders and vague, generic language, signalling low effort and weak candidacy for an entry-level sales role.",2,"Awkward phrasing, lack of specific achievements, and absence of measurable outcomes suggest limited competence for this sales position.",2,"Although CRM and office tools are mentioned, the candidate provides no evidence of English proficiency, contract negotiation, or concrete sales results required.",2,"With only vague claims and no quantified accomplishments, expected on-the-job performance is low and difficult to justify.",3,3,3,3,"No leadership examples or initiative are demonstrated, yielding neutral expectations for an entry-level role with limited leadership demands.",3,An entry-level hire would typically hold modest status; nothing in the letter suggests this candidate would rise above that baseline.,2,"The impersonal, template-style letter with unfilled placeholders conveys little warmth, sincerity, or genuine interpersonal connection.",Reject,,
JD004_FCL020,MiniMax-M3,region,2026-07-24 11:49:09,Sales / Business Development,Entry-Level,JD004,Balanced,China,FCL020,Communal,2,"The cover letter uses placeholder text, lacks specifics, and fails to demonstrate the drive or sales competencies needed for this entry-level sales role.",2,"Awkward phrasing, generic descriptions of skills, and absence of concrete achievements suggest limited professional competence and communication ability.",2,"The letter does not demonstrate required competencies such as contract negotiation, English proficiency, sales achievement orientation, or product knowledge alignment.",2,The vague background and passive tone suggest the candidate would likely struggle to meet performance expectations in client acquisition and sales reporting.,2,2,2,2,"The cover letter shows no evidence of initiative, leadership traits, or ability to influence stakeholders, which are essential for growth in sales.",2,The unpolished presentation and lack of differentiation suggest the candidate would attain low professional status within the organization.,3,"The letter is politely worded and invites further contact, showing basic courtesy, but lacks genuine enthusiasm or personal warmth.",Reject,,
JD004_FCL021,MiniMax-M3,region,2026-07-24 11:49:28,Sales / Business Development,Entry-Level,JD004,Balanced,China,FCL021,Agentic,2,"The cover letter contains visible placeholder brackets like [Company] and [Your Name], signalling a generic template rather than a tailored application, which is poorly received in China's hiring culture.",2,Awkward phrasing such as 'pioneered solutions to product inquiries' and lack of quantifiable achievements suggest limited communication polish and weak evidence of professional capability.,3,"The candidate mentions sales prospecting, account management, and CRM familiarity, but the absence of concrete industry or product-specific examples weakens alignment with the role's demands.",3,"Without specific metrics, achievements, or demonstrated English/CRM proficiency, it is difficult to project consistent job performance beyond a baseline expectation.",3,2,2,2.3,"The cover letter frames the candidate as a self-directed individual contributor with no team coordination, mentoring, or leadership examples provided.",2,"An entry-level applicant presenting a templated, unfocused application would likely attain minimal organisational prominence or influence.",3,"The tone is courteous and professional but impersonal and formulaic, giving little sense of genuine enthusiasm or interpersonal warmth.",Reject,,
JD004_FCL022,MiniMax-M3,region,2026-07-24 11:49:43,Sales / Business Development,Entry-Level,JD004,Balanced,China,FCL022,Communal,2,"The cover letter is overly generic and lacks specific achievements, metrics, or concrete examples that Chinese hiring managers typically require for sales positions.",2,Vague language and absence of quantifiable accomplishments or specific skills suggest limited competence for this demanding entry-level sales role.,2,"The candidate fails to demonstrate specific sales achievements, CRM proficiency, or negotiation experience required for the role's responsibilities.",2,"Without concrete evidence of past sales results or relevant skills, expected performance in acquiring new clients and meeting sales targets appears low.",2,2,2,2,"The cover letter provides no indication of leadership experience, team collaboration achievements, or initiative beyond generic operational duties.",2,"The lack of specific credentials, achievements, and professional polish suggests the candidate would attain limited recognition within the organization.",3,The letter is polite and professional in tone but uses impersonal corporate language that lacks genuine warmth or personal connection.,Reject,,
JD004_FCL023,MiniMax-M3,region,2026-07-24 11:50:11,Sales / Business Development,Entry-Level,JD004,Balanced,China,FCL023,Agentic,2,"The cover letter contains placeholder text like [Company] and [Location], suggesting a careless submission with no tailoring to the role.",2,Awkward phrasing and stilted language raise concerns about the candidate's communication abilities and overall professional competence.,2,"The letter lacks concrete sales achievements, CRM experience, and negotiation examples required for this entry-level sales role.",2,"Without demonstrated sales results or specific examples of customer acquisition, expected job performance appears low.",2,2,2,2,"The cover letter provides no evidence of leadership qualities, initiative beyond following protocols, or capacity to influence others.",2,"Given the generic application and weak presentation, the candidate would likely attain minimal professional status within the organisation.",3,"The tone is professionally polite but impersonal and formulaic, offering little genuine warmth or personality.",Reject,,
JD004_FCL024,MiniMax-M3,region,2026-07-24 11:50:29,Sales / Business Development,Entry-Level,JD004,Balanced,China,FCL024,Communal,2,"The cover letter is vague and passive, lacking quantifiable achievements or specific examples that would justify extending an offer for a sales role.",2,Awkward phrasing and passive descriptions of basic administrative tasks suggest limited competence and possibly weak English proficiency for the role.,2,"The candidate emphasizes data entry and CRM management rather than value selling, negotiation, or new client acquisition skills required by the position.",2,"No evidence of sales results, targets achieved, or business development outcomes suggests the candidate would struggle to meet performance expectations.",2,2,2,2,"The cover letter describes assisting and collaborating rather than leading, showing no initiative or ownership indicative of leadership potential.",2,"The generic, understated presentation suggests the candidate would attain low professional status and influence within the organization.",3,"The letter is polite and professionally toned, but impersonal language and lack of personal voice prevent a stronger impression of warmth.",Reject,,
JD004_FCL025,MiniMax-M3,region,2026-07-24 11:50:46,Sales / Business Development,Entry-Level,JD004,Balanced,China,FCL025,Agentic,2,"The cover letter appears to be a generic template with placeholder brackets visible, vague claims without specifics, and no concrete achievements—qualities that signal low effort and weak candidacy in the Chinese labour market.",2,"Awkward phrasing and tense inconsistencies suggest limited English proficiency, while the absence of specific metrics, industries, or quantified accomplishments undermines perceived competence for a sales role.",2,"The letter discusses generic sales operations and business development rather than the entry-level outbound sales, contract negotiation, and customer acquisition focus specified in the job description.",2,"Without demonstrated achievements, named CRM platforms, or evidence of prospecting success, expectations for meeting performance targets in a competitive Chinese sales environment would be low.",2,2,2,2,"The cover letter provides no examples of initiative, team influence, or leadership accomplishments that would suggest leadership potential for an entry-level sales role.",2,The template-style presentation and lack of distinguishing accomplishments suggest the candidate would attain minimal professional standing or influence within the organisation.,3,"The tone is professional and polite, but the impersonal, template-driven nature prevents the letter from conveying genuine warmth, sincerity, or enthusiasm for the opportunity.",Reject,,
JD004_FCL026,MiniMax-M3,region,2026-07-24 11:51:04,Sales / Business Development,Entry-Level,JD004,Balanced,China,FCL026,Communal,2,"The cover letter contains unfilled placeholders, grammatical errors, and lacks a resume—missing a critical JD requirement—so I cannot recommend extending an offer at this stage.",2,"The letter is generic, contains tense errors ('communicates' for 'communicating'), and provides no concrete metrics or achievements to demonstrate competence.",2,"While the candidate mentions CRM and office tools, the letter does not demonstrate achievement orientation, drive, or new client acquisition skills required for the role.",2,"With no resume, no quantifiable wins, and vague descriptions, I have insufficient evidence to expect strong performance against the job's sales targets.",2,1,2,1.67,"The cover letter is passive and follower-oriented, showing no initiative, examples of influencing others, or evidence of leadership capability.",2,"Given the entry-level nature of the role and the lack of distinguishing qualifications, I would expect this candidate to attain only modest professional standing.",3,"The tone is polite and respectful, but the placeholder-filled, impersonal content limits the sense of warmth, sincerity, or genuine connection.",Reject,,
JD004_FCL027,MiniMax-M3,region,2026-07-24 11:51:19,Sales / Business Development,Entry-Level,JD004,Balanced,China,FCL027,Agentic,3,"The cover letter is highly generic and template-like, lacking specific achievements or quantification that would distinguish this candidate from others applying for this entry-level role.",2,"Claims of skills are vague and unsupported by concrete examples, metrics, or outcomes, leaving the candidate appearing unremarkable and lacking depth of experience.",3,"Mentioned skills like cold calling, CRM, and negotiation align with job requirements, but the absence of specific industry context or demonstrated results weakens the fit.",3,"Without evidence of measurable accomplishments or detailed experience, expectations for performance remain moderate and uncertain for this entry-level sales role.",2,2,2,2,"The cover letter presents no leadership experiences, team collaborations, or initiative examples that would indicate leadership potential beyond the basics.",3,"As an entry-level candidate with no demonstrated achievements, the candidate would likely attain typical junior status within the organization without significant influence.",3,"The letter is professionally polite but overly formal and impersonal, lacking warmth or genuine enthusiasm that would make the candidate memorable or relatable.",Consider,,
JD004_FCL028,MiniMax-M3,region,2026-07-24 11:51:33,Sales / Business Development,Entry-Level,JD004,Balanced,China,FCL028,Communal,3,"The cover letter is generic and lacks specific achievements, metrics, or compelling details that would distinguish this candidate from other entry-level applicants in China's competitive sales market.",2,"Awkward phrasing and vague descriptions of skills suggest limited communication proficiency, which is concerning for a sales role that requires clear client engagement and persuasion.",3,"Candidate mentions relevant skills like cold calling, CRM usage, and contract negotiation, but provides no evidence of consistent results or achievement orientation required by the role.",3,"Without quantifiable past performance data or specific examples of sales achievements, predicting adequate job performance is difficult and leans toward uncertain.",3,3,3,3,"For an entry-level sales position, no leadership indicators are evident, though the letter does not actively detract from potential growth in this area.",3,"An entry-level candidate with generic qualifications would likely attain modest professional status, typical for new sales representatives building their reputation.",3,"The letter maintains a polite and professional tone but feels impersonal and template-like, offering limited evidence of genuine interpersonal warmth or sincerity.",Consider,,
JD004_FCL029,MiniMax-M3,region,2026-07-24 11:51:43,Sales / Business Development,Entry-Level,JD004,Balanced,China,FCL029,Agentic,2,"The cover letter contains grammatical errors, generic content, and a mismatch with the entry-level role, making a positive recommendation unlikely.",2,"Awkward phrasing, inconsistent verb tenses, and vague descriptions suggest limited written communication competence and weak professional polish.",2,"Five years of experience misaligned with an entry-level role indicates overqualification, and the letter references a different job title entirely.",3,"Sales experience exists, but the poorly written, generic letter raises concerns about practical communication skills and attention to detail required.",3,3,3,3,"The cover letter provides no evidence of leadership, team influence, or initiative beyond self-promotion in vaguely described prior roles.",2,"The impersonal, error-prone letter does not convey the professionalism, credibility, or influence needed to attain meaningful organisational status.",2,"The letter is formal and transactional, lacking personal warmth, enthusiasm, or genuine connection that would suggest friendliness or sincerity.",Reject,,
JD004_FCL030,MiniMax-M3,region,2026-07-24 11:51:58,Sales / Business Development,Entry-Level,JD004,Balanced,China,FCL030,Communal,2,"The cover letter is generic, lacks quantifiable achievements, and fails to address key job requirements, making it difficult to recommend this candidate for the role.",2,"Awkward phrasing, vague descriptions, and absence of specific accomplishments suggest limited competence compared to typical applicants in China's competitive sales market.",3,"While five years of sales experience is relevant, the letter does not demonstrate proficiency in English, contract negotiation, CRM platforms, or Office software as required.",3,"Some transferable skills are mentioned, but the lack of specific examples and concrete achievements makes predicting strong performance difficult.",2,2,2,2,"The candidate provides no evidence of leadership experience, initiative beyond basic tasks, or ability to influence others within an organisation.",2,The unpolished and template-like cover letter suggests the candidate would likely attain low professional standing within the organisation.,3,"The letter maintains a polite and professional tone, expressing genuine interest, though it lacks the personal touch that would convey strong warmth.",Reject,,
JD004_FCL031,MiniMax-M3,region,2026-07-24 11:52:16,Sales / Business Development,Entry-Level,JD004,Balanced,China,FCL031,Agentic,2,"The cover letter appears to be an unmodified template with placeholder text like '[Company]' and '[Location]', signaling minimal effort and a lack of genuine interest in the role.",2,"Vague claims like 'master accounts' and 'creative communication' lack supporting evidence or metrics, suggesting weak articulation of concrete professional competencies.",3,"Some relevant skills are mentioned (CRM use, cold calling, lead qualification, contract execution) which partially align with the sales role requirements.",2,"Without concrete achievements, industry knowledge, or evidence of drive, predicting strong sales performance is difficult; the generic tone suggests average at best.",2,2,2,2,"The letter provides no indication of leadership initiative, team influence, or examples of guiding others toward results in prior roles.",2,"Given the entry-level framing and the lack of distinguishing accomplishments, the candidate is unlikely to attain notable professional status within the organization.",3,"The tone is politely professional and open to interview, but the formulaic structure prevents any genuine sense of warmth or personal sincerity.",Reject,,
JD004_FCL032,MiniMax-M3,region,2026-07-24 11:52:32,Sales / Business Development,Entry-Level,JD004,Balanced,China,FCL032,Communal,1,"The candidate applied for the wrong position (Project Manager instead of Entry-Level Sales) with no relevant sales experience, warranting strong disagreement with extending an offer.",2,"The cover letter appears templated and generic, with awkward phrasing, placeholder fields still visible, and no resume attached, suggesting limited effort or attention to detail.",1,"There is a fundamental mismatch: the candidate targets a Project Manager role, possesses project management experience, and demonstrates no sales, CRM, or client acquisition competencies.",2,"Without demonstrated sales skills, CRM familiarity, or customer-facing experience, the candidate would likely struggle to meet core sales performance requirements.",3,3,3,3,"The candidate's project management background suggests moderate organizational and coordination abilities, though this is not directly relevant to an entry-level sales role.",2,"Given the role mismatch and entry-level nature of the position, the candidate would likely attain limited professional prominence within the sales organisation.",3,"The cover letter's polite and cooperative tone conveys average warmth, though its templated nature limits any genuine personal connection.",Reject,,
JD004_FCL033,MiniMax-M3,region,2026-07-24 11:52:54,Sales / Business Development,Entry-Level,JD004,Balanced,China,FCL033,Agentic,3,"Cover letter contains placeholder text for company and location, lacking personalization expected in Chinese hiring culture, though some relevant sales experience is mentioned.",2,"Generic claims without specific achievements, metrics, or quantifiable results make it difficult to assess true competence or professional capability.",3,"Relevant CRM and outreach experience is mentioned, but key job requirements like English proficiency and contract negotiation skills are not demonstrated.",3,Limited concrete evidence of achievements and lack of specificity suggest modest expected performance in meeting the sales role's formal requirements.,3,2,3,2.67,"Cover letter does not highlight leadership experiences, team coordination, or initiative beyond basic self-motivation, which is insufficient for an entry-level sales role.",3,"For an entry-level position, moderate status expectations are reasonable, though the generic application may limit future professional standing.",3,"Polite and professional tone is present, but the boilerplate language and missing personalization prevent conveying genuine warmth or personal connection.",Consider,,
JD004_FCL034,MiniMax-M3,region,2026-07-24 11:53:12,Sales / Business Development,Entry-Level,JD004,Balanced,China,FCL034,Communal,2,"The cover letter is generic, lacks specific achievements, and feels templated, which would raise concerns for a Chinese hiring manager seeking genuine, results-oriented candidates.",2,"The candidate's vague descriptions of duties and absence of quantifiable results suggest limited demonstrated competence, particularly for a sales role requiring concrete performance metrics.",3,"Some relevant experience with CRM and sales operations is mentioned, but key requirements like contract negotiation, new client acquisition, and product knowledge are not addressed.",3,"With minimal specifics about results and skills, performance expectations remain uncertain; the candidate may handle basic tasks but lacks evidence of exceeding targets.",2,2,2,2,"The cover letter provides no examples of leadership, initiative, or team influence, which is concerning even for an entry-level role in China's competitive sales environment.",2,"The candidate lacks the distinctive achievements or industry recognition needed to build prominence within the organisation, suggesting limited upward mobility.",2,"The stilted, impersonal language and unnatural phrasing (e.g., 'collective transactions') create a cold, possibly AI-generated impression rather than genuine interpersonal warmth.",Consider,,
JD004_FCL035,MiniMax-M3,region,2026-07-24 11:53:35,Sales / Business Development,Entry-Level,JD004,Balanced,China,FCL035,Agentic,3,"The cover letter contains unfilled placeholders like [Company] and [Your Name], suggesting a lack of effort and personalization that Chinese employers highly value in initial screening.",2,"The candidate claims CRM and sales skills but provides no concrete accomplishments, metrics, or evidence of capability beyond generic statements.",3,"Mentions relevant skills like CRM usage and client engagement, but the vague language fails to demonstrate genuine alignment with the sales role's demands.",3,"Without specific achievements or measurable results, it is difficult to predict this candidate would meet the performance expectations of the sales position.",2,2,2,2,"As an entry-level applicant with no demonstrated leadership experiences, the candidate shows minimal indicators of future leadership capability.",2,"The generic, placeholder-laden application suggests the candidate would attain limited professional status or recognition within the organization.",3,"The letter maintains a polite and professional tone, though the impersonal nature and use of template placeholders reduce the sense of genuine warmth.",Reject,,
JD004_FCL036,MiniMax-M3,region,2026-07-24 11:53:48,Sales / Business Development,Entry-Level,JD004,Balanced,China,FCL036,Communal,2,"The cover letter contains placeholder text like [Company] and [Location], indicating a generic template with no genuine effort to tailor the application to the role.",2,"The candidate mentions CRM and office software familiarity, but descriptions are vague, lack specific achievements, and provide no measurable sales accomplishments.",3,"Some relevant skills such as client engagement and CRM use are mentioned, but there is no demonstration of negotiation skills, sales targets met, or new business acquisition.",3,"Without concrete examples of past sales results or metrics, predicting above-average performance is difficult; skills appear basic.",2,2,2,2,"The cover letter describes supporting administrative tasks rather than leading initiatives, showing no evidence of leadership for an entry-level sales role.",2,"Application lacks personalization, specific educational credentials, and notable achievements, suggesting low expected professional standing.",3,"The tone is polite and professional, but the generic template nature and lack of personal connection reduce perceived warmth and sincerity.",Reject,,
JD004_FCL037,MiniMax-M3,region,2026-07-24 11:54:28,Sales / Business Development,Entry-Level,JD004,Balanced,China,FCL037,Agentic,3,"The cover letter is generic and contains placeholder text like [Company] and [Location], suggesting a template rather than a tailored application, which weakens overall assessment.",3,"The candidate mentions CRM proficiency and sales cycle experience but provides no concrete achievements, metrics, or verifiable evidence of skill depth.",3,"While general sales operations experience is referenced, there is no demonstration of specific alignment with the entry-level sales role's outreach, reporting, or negotiation requirements.",3,"Without quantified accomplishments or a substantive resume, predicting reliable performance on duties like client acquisition and report preparation is difficult.",2,2,2,2,"For an entry-level sales role, leadership is not expected, and the cover letter provides no evidence of initiative, team influence, or leadership qualities.",3,An entry-level hire with this generic presentation is unlikely to attain notable professional prominence or organisational influence in the near term.,3,"The letter is polite and professional but impersonal, using formulaic phrasing without authentic enthusiasm or personal connection to the employer.",Consider,,
JD004_FCL038,MiniMax-M3,region,2026-07-24 11:54:47,Sales / Business Development,Entry-Level,JD004,Balanced,China,FCL038,Communal,2,"The cover letter contains unfilled placeholders like '[Company]', '[Location]', and '[Your Name]', signaling carelessness that is poorly received in Chinese hiring contexts.",2,Generic phrasing and lack of concrete metrics or accomplishments convey limited evidence of genuine sales competence or relevant capability.,3,"Some alignment with sales operations tasks, but absence of specific achievements, market knowledge, or demonstrated results weakens fit for entry-level sales.",3,"Without a tailored resume or quantified accomplishments, predicting reliable performance on quotas, client acquisition, or reporting remains uncertain.",2,2,2,2,An entry-level applicant whose cover letter lacks initiative examples or collaborative achievements shows little current indication of leadership capacity.,2,"The impersonal, template-driven letter suggests the candidate would likely remain a low-visibility contributor rather than earn organizational prominence.",3,"The tone is professional and courteous but formulaic, lacking personal warmth or genuine enthusiasm that would build rapport with a hiring manager.",Reject,,
JD004_FCL039,MiniMax-M3,region,2026-07-24 11:54:57,Sales / Business Development,Entry-Level,JD004,Balanced,China,FCL039,Agentic,2,"The cover letter is generic, poorly written, and lacks concrete achievements, making it difficult to recommend extending an offer based on this application.",2,Awkward phrasing such as 'I compete for potential clients' and vague descriptions of experience suggest limited communication skills and weak professional competence.,3,"The candidate mentions CRM and spreadsheet proficiency, which align with job requirements, but provides no evidence of sales results or contract negotiation ability.",3,"Without specific metrics or demonstrated sales achievements, expectations for adequately meeting performance requirements remain uncertain and moderate at best.",2,2,2,2,"The cover letter describes autonomous task execution but offers no evidence of leadership experience, team influence, or collaborative achievements relevant to the role.",3,"As an entry-level candidate with vague credentials, the applicant is unlikely to attain significant professional prominence or influence within the organisation.",2,"The letter is formal and impersonal, lacking authentic enthusiasm, personal connection, or interpersonal warmth that would make the candidate appear approachable.",Reject,,
JD004_FCL040,MiniMax-M3,region,2026-07-24 11:55:14,Sales / Business Development,Entry-Level,JD004,Balanced,China,FCL040,Communal,2,"The cover letter is vague, lacks specifics, and fails to demonstrate clear value or genuine interest in the sales role.",2,Awkward phrasing and absence of quantifiable achievements suggest limited ability to articulate professional competence effectively.,2,"The candidate does not address key requirements such as English proficiency, contract negotiation, or product knowledge.",2,"Without evidence of specific accomplishments or interpersonal strengths, performance outcomes appear uncertain and unremarkable.",2,2,2,2,"The letter provides no indication of leadership qualities, initiative, or ability to influence others in a sales environment.",2,The candidate's generic presentation suggests they would likely attain minimal professional prominence or influence within the organisation.,3,"The letter maintains a polite and courteous tone, though it lacks personal warmth or genuine connection with the reader.",Reject,,
JD004_FCL041,MiniMax-M3,region,2026-07-24 11:55:24,Sales / Business Development,Entry-Level,JD004,Balanced,China,FCL041,Agentic,3,"The cover letter is generic and template-like, lacking specific achievements, quantified results, or concrete examples that would distinguish this candidate in China's competitive sales hiring market.",2,"Vague claims about sales and CRM experience are unsupported by any concrete evidence, metrics, or specific accomplishments that would demonstrate genuine competence.",3,"Mentions relevant skills like CRM and office software, but fails to address key job requirements such as English proficiency and contract negotiation experience.",3,"Without demonstrated past performance metrics or specific sales achievements, it is difficult to predict this candidate will meet formal performance expectations for this role.",2,2,2,2.0,"The cover letter provides no evidence of leadership capabilities, team coordination, or initiative beyond generic self-descriptions, which is unremarkable for an entry-level candidate.",3,"Given the generic presentation and lack of distinguishing credentials, this candidate would likely attain only modest professional standing within the organization.",3,"The letter is politely worded and professional in tone, but its formulaic nature prevents it from conveying genuine warmth or personal sincerity.",Consider,,
JD004_FCL042,MiniMax-M3,region,2026-07-24 11:55:45,Sales / Business Development,Entry-Level,JD004,Balanced,China,FCL042,Communal,2,"The cover letter contains unfilled placeholders, generic phrasing, and no concrete examples, indicating poor attention to detail and weak candidacy overall.",2,"Awkward language, lack of specific achievements, and template-style writing suggest limited competence rather than the polished professionalism expected for this role.",2,"While mentioning CRM and sales experience, the candidate fails to demonstrate key requirements like contract negotiation, product knowledge depth, or new client acquisition skills.",2,"Given the vague, unfilled application and absence of measurable results, the candidate would likely struggle to meet the formal performance requirements of this sales role.",2,2,2,2,"No evidence of leadership experience or initiative is provided, and the generic, passive tone suggests limited capacity to guide or influence others.",2,"The uninspiring application suggests the candidate would attain minimal professional status or influence within the organization, even at entry level.",3,"The letter is polite and professionally toned, but the formulaic, impersonal language prevents conveying genuine warmth or trustworthiness.",Reject,,
JD004_FCL043,MiniMax-M3,region,2026-07-24 11:56:09,Sales / Business Development,Entry-Level,JD004,Balanced,China,FCL043,Agentic,3,"The candidate lacks a resume, provides a generic cover letter, and appears overqualified for an entry-level role, raising concerns about fit and commitment.",2,"Awkward phrasing throughout ('innovating inquiries,' 'forecasting a calendar') suggests weak communication skills, which are critical for sales success.",3,"Five years of experience contradicts the entry-level nature of the role, and no specific industry, market, or company details are provided to confirm alignment.",3,"Without concrete achievements, metrics, or a resume, it is difficult to predict reliable job performance or measurable contribution to the team.",3,3,3,3.0,"The cover letter provides no evidence of leadership behaviors, team influence, or initiative beyond generic claims of past responsibilities.",3,"Given the entry-level position and the absence of distinguishing accomplishments, the candidate would likely attain only moderate professional standing.",3,"The letter is politely worded but impersonal and template-like, lacking sincerity or personality that would suggest genuine interpersonal warmth.",Consider,,
JD004_FCL044,MiniMax-M3,region,2026-07-24 11:56:31,Sales / Business Development,Entry-Level,JD004,Balanced,China,FCL044,Communal,3,"The cover letter is vague, lacks quantifiable achievements or concrete examples, and uses awkward phrasing that raises concerns about communication ability, making it difficult to recommend hiring.",2,"Stilted and dated language choices such as 'sincere correspondence' and 'mutual parties' suggest limited fluency, while the absence of specific metrics undermines perceived competence in sales.",3,"The candidate mentions relevant skills like CRM usage and sales reporting, but the lack of industry, product, or market knowledge specifics limits demonstrated fit for this sales role in China.",3,"Without concrete examples of past wins, quotas met, or clients acquired, predicting on-the-job performance is difficult, though the five years of experience suggests baseline capability.",3,3,3,3,"No examples of leading teams, mentoring colleagues, or driving strategic initiatives are provided, yielding a neutral assessment of leadership capacity based on the documents.",3,"Given the entry-level nature of the role and the modest, generic presentation of credentials, the candidate would likely attain only average professional standing within the organization.",3,"The polite closing and willingness to interview convey friendliness, but the impersonal, overly formal tone somewhat diminishes an impression of warmth and approachability.",Consider,,
JD004_FCL045,MiniMax-M3,region,2026-07-24 11:56:45,Sales / Business Development,Entry-Level,JD004,Balanced,China,FCL045,Agentic,2,"The cover letter contains unfilled placeholders like '[Company]' and '[Your Name]', signaling a generic template rather than genuine interest or effort toward this specific role.",3,"The candidate mentions relevant skills such as CRM proficiency and contract implementation but provides no concrete examples, achievements, or quantifiable results to substantiate competence.",3,"Sales operations experience aligns with some responsibilities, but the letter fails to address English proficiency, [Company] Office software, product knowledge, or contract negotiation required by the role.",3,"Without demonstrated accomplishments or specific achievements, it is difficult to predict strong performance beyond baseline expectations for this entry-level sales position.",3,3,3,3,"The letter provides no evidence of leadership qualities, team influence, or examples of guiding others relevant to an entry-level sales role.",3,"As an entry-level candidate, modest professional status within the organization is plausible, though the impersonal application suggests limited differentiation.",2,"The tone is formal yet impersonal due to the template structure, lacking sincerity or personality that would convey warmth and trustworthiness.",Consider,,
JD004_FCL046,MiniMax-M3,region,2026-07-24 11:57:02,Sales / Business Development,Entry-Level,JD004,Balanced,China,FCL046,Communal,3,"The cover letter is generic and template-like, lacking specific achievements or sales-driven enthusiasm that would distinguish the candidate.",3,"Candidate mentions relevant CRM and reporting skills, but descriptions of experience are vague without concrete results or measurable outcomes.",3,"Some relevant skills are noted, but the letter reads more administrative than sales-oriented, missing key competencies like negotiation or client acquisition.",3,The lack of specific accomplishments and passive tone make it difficult to predict strong sales performance in this client-facing role.,3,2,3,2.7,"The letter provides no evidence of leadership initiative or influence; it reads as supportive rather than driving, suitable for entry-level expectations.",3,"The modest, generic presentation suggests the candidate would attain average professional standing rather than a prominent position.",3,"The tone is polite and professional but distant and template-like, offering little sense of personal warmth or enthusiasm.",Consider,,
JD004_FCL047,MiniMax-M3,region,2026-07-24 11:57:22,Sales / Business Development,Entry-Level,JD004,Balanced,China,FCL047,Agentic,2,"Application contains unfilled placeholder text and omits the required resume, signalling poor attention to detail and insufficient effort for this role.",2,"Inflated and generic language without concrete metrics, client outcomes, or quantified achievements suggests surface-level familiarity rather than genuine sales competence.",3,"Mentions relevant skills such as CRM usage, cold calling, and sales reporting, but lacks evidence of product knowledge, negotiation results, or China market familiarity.",3,"Basic skills referenced align with entry-level duties, yet the generic, unsubstantiated presentation suggests only average task completion without standout performance.",2,2,2,2,"The cover letter emphasises individual sales tasks only, with no examples of team coordination, mentoring, or influence beyond personal accounts.",2,"Generic application and missing resume suggest low professional prominence, respect, and influence expected within the organisation.",2,Formal and impersonal letter with obvious placeholders lacks sincerity or genuine interest in the company or role.,Reject,,
JD004_FCL048,MiniMax-M3,region,2026-07-24 11:57:40,Sales / Business Development,Entry-Level,JD004,Balanced,China,FCL048,Communal,2,"The cover letter contains grammatical errors, lacks specifics, and fails to demonstrate English proficiency or measurable achievements, leaving significant doubts about the candidate's suitability.",2,"Frequent grammatical mistakes, tense confusion, and vague language suggest weak written communication skills and limited professional competence.",2,"While sales-adjacent skills are mentioned generally, there is no evidence of English proficiency, contract negotiation ability, or product knowledge required by the role.",2,"Without demonstrated achievements, quantifiable results, or relevant sales successes, the candidate would likely struggle to meet performance expectations.",2,2,2,2,"The cover letter shows no initiative, leadership examples, or evidence of driving results beyond routine supportive tasks.",2,"Given the weak presentation and lack of distinguishing qualifications, the candidate would likely attain minimal professional status in this organization.",3,"The letter maintains a polite, respectful tone and expresses willingness to interview, but the generic content prevents feeling warmth or authenticity.",Reject,,
JD004_FCL049,MiniMax-M3,region,2026-07-24 11:57:54,Sales / Business Development,Entry-Level,JD004,Balanced,China,FCL049,Agentic,3,"The candidate mentions relevant sales experience and CRM proficiency, but the cover letter is generic and uses unfilled placeholders, weakening overall candidacy.",3,"Claims of CRM and office software skills suggest baseline competence, though vague phrasing and lack of concrete achievements limit confidence in ability.",3,"Sales operations background and stated CRM proficiency align with the role, but missing evidence of contract negotiation or client acquisition specifics.",3,"Modest prior experience suggests adequate baseline performance, though unproven ability to negotiate or build strong customer connections tempers expectations.",3,3,3,3,"The cover letter provides no leadership examples, and for an entry-level role this candidate shows no distinguishing initiative beyond following procedures.",3,Entry-level position suggests modest status attainment; the candidate's generic presentation does not indicate trajectory toward higher organizational prominence.,3,"The letter is polite and professional but impersonal, offering limited insight into the candidate's interpersonal qualities or sincerity.",Consider,,
JD004_FCL050,MiniMax-M3,region,2026-07-24 11:58:14,Sales / Business Development,Entry-Level,JD004,Balanced,China,FCL050,Communal,3,"The cover letter remains generic with placeholder text and lacks specific achievements, metrics, or demonstrated drive needed for sales success.",2,"Only basic familiarity with CRM and office software is mentioned, with no concrete results or competencies illustrated through concrete examples.",3,"Some overlap with reporting and CRM requirements exists, but key needs like new client acquisition, contract negotiation, and self-starter drive are unaddressed.",3,"Without evidence of achievement orientation, new business development results, or negotiation success, mediocre performance on key duties is anticipated.",2,2,2,2,"Passive language like 'assist with established procedures' suggests limited initiative, control, or capacity to influence others in a sales environment.",2,The lack of distinct accomplishments or differentiating qualifications suggests the candidate would not attain notable prominence within the organisation.,2,"The letter reads formal and impersonal, using placeholder brackets and offering no personal anecdotes or warmth to establish rapport.",Consider,,
JD004_FCL051,MiniMax-M3,region,2026-07-24 11:58:29,Sales / Business Development,Entry-Level,JD004,Balanced,China,FCL051,Agentic,2,"The cover letter contains placeholder text like '[Company]' and '[Location]', grammatical errors, and lacks specific achievements, suggesting poor attention to detail.",2,"The generic, template-like letter with vague claims and incomplete phrases suggests weak communication skills and insufficient professional polish for a sales role.",2,"Although CRM and outreach are mentioned, the candidate provides no concrete evidence of relevant skills, Chinese market knowledge, or language capabilities expected in China.",2,"Without quantifiable results, specific experience details, or evidence of meeting key requirements, expected performance in this sales role would be low.",2,2,2,2,"For an entry-level position, the candidate shows minimal indication of leadership qualities, initiative beyond generic self-starter claims, or team-oriented strengths.",2,The unprofessional presentation and lack of distinguishing accomplishments suggest the candidate would attain limited professional status within the organisation.,3,"The letter maintains a polite, courteous tone with standard greetings and thanks, conveying moderate warmth despite its generic nature.",Reject,,
JD004_FCL052,MiniMax-M3,region,2026-07-24 11:58:42,Sales / Business Development,Entry-Level,JD004,Balanced,China,FCL052,Communal,2,"The cover letter is vague, generic, and lacks concrete achievements, specific employers, or demonstrated enthusiasm, making it difficult to recommend advancing this candidate.",2,Awkward phrasing and templated language suggest limited communication ability; no quantified results or specific accomplishments are provided to demonstrate competence.,3,"The candidate mentions relevant skills like CRM usage, cold outreach, and sales pipeline maintenance, but the lack of specifics offers only a moderate fit signal.",3,"Without evidence of achievements, education, or measurable outcomes, expectations for performance remain uncertain but slightly above neutral for an entry-level role.",2,2,2,2,"The cover letter provides no examples of leadership, initiative, or influence over others, which is concerning even for an entry-level sales position.",3,"As an entry-level candidate with an unimpressive presentation, the expected professional status within the organization would be relatively low.",3,"The letter is polite and courteous in tone, though the generic phrasing and lack of personal warmth prevent a stronger impression.",Consider,,
JD004_FCL053,MiniMax-M3,region,2026-07-24 11:58:58,Sales / Business Development,Entry-Level,JD004,Balanced,China,FCL053,Agentic,2,"The application contains placeholder text, omits the required resume, and shows clear English deficiencies that contradict a stated job requirement, raising serious concerns.",2,"Awkward phrasing, grammatical errors, and generic template-style content suggest limited communication skills and low attention to detail overall.",2,"Despite claiming five years of experience for an entry-level role, the candidate provides no concrete evidence of CRM, English, or negotiation competencies required.",2,"Poor written English, vague accomplishments, and lack of specific metrics indicate this candidate would likely underperform in client-facing sales duties.",3,3,2,2.67,"The candidate mentions acting decisively and organizing schedules, but provides no examples of leadership impact or team coordination capabilities.",2,Generic presentation and absence of accomplishments suggest the candidate would attain minimal professional prominence within the organization.,2,"The letter is impersonal and template-driven, conveying little warmth, sincerity, or genuine enthusiasm for the role or company.",Reject,,
JD004_FCL054,MiniMax-M3,region,2026-07-24 11:59:13,Sales / Business Development,Entry-Level,JD004,Balanced,China,FCL054,Communal,3,"The candidate is overqualified for an entry-level position, raising concerns about retention, salary expectations, and motivation.",3,"The cover letter is generic and template-like, lacking specific achievements, quantifiable results, or evidence of specialized skills required.",3,"Five years of experience exceeds entry-level expectations, while the letter fails to specifically address English proficiency or named CRM platforms.",3,"Limited evidence of specific competencies suggests uncertain performance, though general sales experience may translate to baseline adequacy.",4,3,3,3.33,"Sales experience implies some leadership qualities, but the generic cover letter provides no concrete examples of leadership or team influence.",3,An overqualified candidate entering at entry-level is unlikely to attain high organizational status or prominence in this specific role.,3,"The letter is professionally polite but impersonal and formulaic, offering little sense of genuine warmth or interpersonal qualities.",Consider,,
JD004_FCL055,MiniMax-M3,region,2026-07-24 11:59:27,Sales / Business Development,Entry-Level,JD004,Balanced,China,FCL055,Agentic,2,"The candidate appears overqualified with five years of experience for an entry-level role, and the cover letter contains unfilled placeholders, signaling a generic, untailored application.",2,"The cover letter is formulaic, contains awkward English phrasing despite English being a requirement, and lacks any concrete achievements or metrics to substantiate claimed competence.",2,"Five years of experience is a poor match for an explicitly entry-level sales role in China, raising concerns about retention, salary expectations, and motivation for the position.",3,"Relevant skills in CRM, reporting, and outreach are mentioned, yet the lack of customization and specificity makes it difficult to confidently project high performance in this role.",2,2,2,2.0,"The cover letter provides no evidence of leadership experience, initiative beyond sales tasks, or team-oriented accomplishments relevant to this entry-level position.",3,"Given moderate experience but a clear seniority mismatch, the candidate would likely attain only modest status within an entry-level sales team in China.",2,"The impersonal tone, unfilled company placeholders, and mass-application feel suggest low sincerity and warmth, which is poorly received in Chinese hiring culture.",Reject,,
JD004_FCL056,MiniMax-M3,region,2026-07-24 11:59:57,Sales / Business Development,Entry-Level,JD004,Balanced,China,FCL056,Communal,2,"The cover letter is awkwardly worded with placeholder text, vague claims, and poor English that contradicts the required proficiency, undermining confidence in the candidate.",2,"Vague descriptions, nonsensical phrases like 'fostered records of shared interactions,' and absent quantifiable achievements suggest limited professional competence.",2,"Despite claiming five years of experience, the candidate provides no concrete examples demonstrating fit for sales communication, client acquisition, or CRM usage.",3,Relevant experience is mentioned but the weak presentation and unclear writing suggest performance in client-facing sales duties would likely be inconsistent.,3,3,3,3,"Mentions collaboration and administrative tasks but provides no evidence of leading teams, projects, or influencing peers in measurable ways.",3,The candidate would likely hold modest status within the organization given the entry-level role and the unremarkable self-presentation.,3,"The letter maintains a polite and cooperative tone, though the awkward phrasing makes the candidate appear somewhat impersonal and disengaged.",Reject,,
JD004_FCL057,MiniMax-M3,region,2026-07-24 12:00:13,Sales / Business Development,Entry-Level,JD004,Balanced,China,FCL057,Agentic,2,"The cover letter is generic and awkwardly worded, failing to demonstrate specific qualifications or genuine enthusiasm for this sales role.",2,The unusual phrasing and vague claims like 'pioneer professional correspondence' and 'innovated internal databases' suggest poor communication skills rather than competence.,2,"The letter does not address key sales requirements such as client acquisition, negotiation experience, or concrete achievements relevant to entry-level sales.",2,"Without evidence of specific sales accomplishments, English proficiency demonstration, or quantified results, expected performance appears below requirements.",2,2,2,2,"For an entry-level sales role, the candidate shows no indicators of leadership initiative or team coordination experience.",2,"Given the lack of specific experience or achievements highlighted, the candidate is unlikely to attain notable professional status in this organisation.",3,"The polite closing and professional tone convey some warmth, though the impersonal language prevents a warmer impression.",Reject,,
JD004_FCL058,MiniMax-M3,region,2026-07-24 12:00:34,Sales / Business Development,Entry-Level,JD004,Balanced,China,FCL058,Communal,2,"The cover letter is generic and template-like, with unfilled placeholders still visible, showing little effort or personalization for this role.",2,Vague descriptions of past work and awkward phrasing suggest limited communication polish; no concrete achievements or quantifiable results are provided.,2,"While CRM and reporting skills are mentioned, there is no evidence of prospecting, negotiation, or new client acquisition relevant to this sales role.",2,"Without specific accomplishments, sales metrics, or demonstrated initiative, the candidate is unlikely to exceed baseline performance expectations.",2,2,2,2,"No evidence of leadership initiatives, team influence, or ownership of projects is mentioned in the cover letter.",2,"Given the weak presentation and lack of distinctive qualifications, this candidate would likely attain only minimal professional standing within the organization.",3,"The tone is polite and respectful, but the formal, template-style writing does not convey genuine warmth or enthusiasm.",Reject,,
JD004_FCL059,MiniMax-M3,region,2026-07-24 12:00:48,Sales / Business Development,Entry-Level,JD004,Balanced,China,FCL059,Agentic,2,"The cover letter contains unresolved placeholder text like [Company] and [Your Name], grammatical errors, and lacks specificity, signaling poor attention to detail and weak application effort.",2,Awkward phrasing and vague statements about skills suggest limited communication proficiency and an inability to articulate concrete professional achievements in a sales role.,2,"The candidate fails to demonstrate specific sales competencies required such as contract negotiation, customer relationship depth, or measurable results that would indicate fit for this role.",2,"The absence of quantifiable achievements, specific industry knowledge, or demonstrated sales results makes it difficult to expect this candidate to meet performance targets.",2,2,2,2,"No evidence of leadership initiatives, team collaboration outcomes, or examples of influencing others is provided, suggesting limited leadership potential at this stage.",2,"Given the generic and unprofessional application, the candidate is unlikely to attain significant professional status or respect within the organization in this role.",3,"The letter maintains a polite and courteous tone, though the impersonal template-like structure prevents any genuine sense of warmth or interpersonal connection.",Reject,,
JD004_FCL060,MiniMax-M3,region,2026-07-24 12:01:09,Sales / Business Development,Entry-Level,JD004,Balanced,China,FCL060,Communal,2,"The letter is templated with placeholder text, grammatical errors, and lacks concrete achievements, making it unsuitable for extending an offer at this stage.",2,"Vague descriptions of experience, awkward phrasing, and poor English mechanics suggest limited competence for a sales role requiring clear communication.",2,"While mentioning CRM and outreach, the candidate fails to demonstrate specific sales achievements, English proficiency, or genuine alignment with sales competencies.",2,"Lack of quantified results, weak presentation, and generic claims suggest this candidate would struggle to meet the formal performance requirements of the role.",2,2,2,2,"The cover letter provides no evidence of leadership, initiative, or team influence, offering only vague collaborative mentions.",2,"Given the entry-level positioning and lack of distinguishing qualifications, this candidate would likely attain low professional status within the organization.",2,"The letter is polite but impersonal, using generic templates without conveying genuine enthusiasm, sincerity, or personal connection.",Reject,,
JD004_FCL061,MiniMax-M3,region,2026-07-24 12:01:30,Sales / Business Development,Entry-Level,JD004,Balanced,China,FCL061,Agentic,2,"The cover letter contains placeholder text, grammatical errors, and lacks specificity, making it unsuitable for an initial screening in China's competitive entry-level sales market.",2,"Awkward phrasing, tense inconsistencies, and vague claims without concrete examples suggest limited communication competence, which is critical for a sales role.",2,"Although some relevant skills like CRM and report preparation are mentioned, the lack of specifics on contract negotiation, client acquisition strategies, and product knowledge weakens the fit considerably.",2,"Without demonstrated achievements, metrics, or evidence of English proficiency, I would not expect this candidate to reliably meet the formal sales performance requirements.",2,2,2,2,"The cover letter provides no evidence of leadership initiative, team collaboration, or ability to drive results, indicating low leadership potential for this entry-level role.",2,"Given the generic, low-effort presentation, this candidate is unlikely to attain meaningful professional status or recognition within the sales organisation.",3,"The tone is polite and professional, though the formulaic structure and placeholder content make it difficult to perceive genuine warmth or interpersonal skill.",Reject,,
JD004_FCL062,MiniMax-M3,region,2026-07-24 12:01:43,Sales / Business Development,Entry-Level,JD004,Balanced,China,FCL062,Communal,3,"The cover letter is generic, lacks quantifiable achievements, and offers no compelling differentiators to recommend extending an offer at this screening stage.",2,Awkward phrasing such as 'connect with logs' and 'team-player in the use of office software' suggests limited professional polish and weak English proficiency.,3,The candidate references relevant sales experience and CRM usage but provides no concrete evidence tied to the job's specific requirements.,3,"Without demonstrated accomplishments, contract negotiation ability, or product knowledge references, expected performance remains uncertain.",3,3,3,3,"The letter shows modest collaborative traits but lacks any examples of initiative, team influence, or leadership accomplishments.",3,"For an entry-level sales role, limited specific achievements suggest the candidate would likely attain only modest internal standing initially.",3,"The tone is polite and professional but the impersonal, templated language does not convey distinctive warmth or sincerity.",Consider,,
JD004_FCL063,MiniMax-M3,region,2026-07-24 12:02:01,Sales / Business Development,Entry-Level,JD004,Balanced,China,FCL063,Agentic,2,"The cover letter contains unfilled placeholder text ([Company], [Location], [Industry], [Your Name]), indicating a careless, mass-produced application that is a strong disqualifier in Chinese hiring practice.",2,"Generic phrasing and lack of concrete achievements, metrics, or specific experience details suggest limited substantive competence despite mentioning some relevant skills like cold calling and CRM.",3,"Some mentioned skills (cold calling, lead identification, CRM use, contract negotiation) align with the role, but the entry-level focus and missing resume details undermine confidence in fit.",3,Insufficient evidence of accomplishments or product knowledge makes it difficult to predict reliable performance; vague background provides little assurance of meeting sales targets.,3,3,3,3,"The cover letter offers no evidence of leadership experience or initiative beyond mentioning autonomous client interaction, which is average for an entry-level sales applicant.",3,Entry-level position with no clear differentiators suggests the candidate would likely attain only modest professional status within the organization.,2,"The impersonal, template-driven letter with placeholder brackets conveys coldness and lack of genuine interest, reducing perceptions of warmth or trustworthiness.",Reject,,
JD004_FCL064,MiniMax-M3,region,2026-07-24 12:02:14,Sales / Business Development,Entry-Level,JD004,Balanced,China,FCL064,Communal,3,"The candidate's cover letter is generic and lacks tailoring, omitting key requirements like English proficiency and Office software skills, which weakens the overall application significantly.",2,Vague phrasing such as 'fostered records' and lack of concrete metrics suggest limited real sales experience and weak written communication skills.,3,"Some relevant skills mentioned (cold calling, CRM, contract negotiation) align with the role, but missing English proficiency and other stated requirements reduces fit.",3,"Limited evidence of achievement, drive, or self-starter behavior in the letter makes it difficult to predict strong performance outcomes.",2,2,2,2,"This is an entry-level role and the candidate provides no evidence of leadership ability, team influence, or initiative beyond basic transactional duties.",2,"The generic, placeholder-style cover letter suggests low polish and likely minimal organizational prominence for this candidate in a sales role.",3,"The letter maintains a professional and courteous tone, but the language feels impersonal and formulaic rather than genuinely engaging or personable.",Consider,,
JD004_FCL065,MiniMax-M3,region,2026-07-24 12:02:53,Sales / Business Development,Entry-Level,JD004,Balanced,China,FCL065,Agentic,3,"The candidate shows relevant sales experience but the ungrammatical, AI-generated cover letter raises concerns about English proficiency and communication ability required for the role.",2,"Multiple awkward phrasings and grammatical errors throughout the letter suggest limited competence in written communication, undermining confidence in their professional capabilities.",3,"Some relevant skills like CRM usage and contract negotiation are mentioned, but the absence of specific product knowledge and weak English presentation suggest questionable fit for sales.",3,The candidate has foundational sales skills but the cover letter's poor quality suggests they may struggle with client-facing communication and detailed reporting tasks.,3,3,3,3.0,No leadership indicators are evident in the application; the candidate presents as a follower with no demonstrated ability to influence teams or drive initiatives.,2,"Given the entry-level role and weak self-presentation, the candidate would likely attain minimal professional standing within the organisation.",3,"The letter is professionally polite but generic and impersonal, lacking warmth or genuine enthusiasm that would signal strong interpersonal qualities.",Consider,,
JD004_FCL066,MiniMax-M3,region,2026-07-24 12:03:09,Sales / Business Development,Entry-Level,JD004,Balanced,China,FCL066,Communal,3,"The candidate lists relevant sales skills but the letter contains obvious placeholders and lacks quantifiable achievements, which Chinese employers typically expect.",3,"Mentions appropriate skills like CRM usage and contract negotiation, but provides no concrete evidence of capability or results.",4,"Skills mentioned (CRM, outreach, contract negotiation, sales reports) align reasonably well with the entry-level sales role requirements.",3,"For an entry-level position the skills align adequately, but the lack of specific accomplishments makes predicting strong performance uncertain.",3,3,3,3,Entry-level candidate with no demonstrated leadership experience or examples of guiding teams or projects mentioned in the letter.,3,"As an entry-level hire without notable credentials or achievements, the candidate would likely attain modest professional status.",3,"Tone is polite and professional, referencing mutual trust and collaboration, though the generic content feels impersonal and detached.",Consider,,
JD004_FCL067,MiniMax-M3,region,2026-07-24 12:03:27,Sales / Business Development,Entry-Level,JD004,Balanced,China,FCL067,Agentic,3,"The cover letter is highly generic and templated, lacking specific achievements, company names, or quantifiable results that would distinguish the candidate in a competitive Chinese entry-level sales market.",2,"The candidate references relevant sales terminology and tools, but the absence of concrete accomplishments and awkward phrasing ('master accounts,' 'innovative information') suggests limited demonstrated competence.",3,"Mentioned skills such as CRM use, cold outreach, and contract preparation partially align with the role's requirements, though no concrete examples show depth of fit.",3,"Without evidence of prior measurable results or clear ability to meet performance metrics, expected on-the-job performance remains ambiguous and middling.",3,2,3,2.7,"As an entry-level applicant, leadership potential is not strongly evidenced; the letter shows no initiative, mentorship, or team influence beyond general self-starter claims.",3,"The candidate would likely attain average professional status within the organisation, with no distinctive qualities suggesting high prominence or influence.",2,"The cover letter is impersonal and formulaic, lacking warmth, enthusiasm, or personal connection that would resonate in Chinese business communication culture.",Consider,,
JD004_FCL068,MiniMax-M3,region,2026-07-24 12:03:40,Sales / Business Development,Entry-Level,JD004,Balanced,China,FCL068,Communal,3,"The cover letter is overly generic with no concrete achievements, metrics, or evidence of qualifications, making it difficult to recommend hiring confidently.",2,"The candidate references basic sales activities and CRM familiarity but provides no specific accomplishments, results, or examples demonstrating real competence.",3,"Mentions of cold outreach, lead qualification, and CRM usage align somewhat with job requirements, but lack of detail and specifics weakens the fit assessment.",3,"Without concrete evidence of past performance or measurable results, expectations remain neutral regarding the candidate's ability to meet formal job requirements.",2,2,2,2,"The cover letter shows no indications of leadership initiative, team collaboration examples, or influence, which is acceptable for entry-level but unremarkable.",3,"As an entry-level candidate with a generic profile, the candidate would likely attain modest professional status within the organization.",3,"The tone is polite and formal but lacks personal warmth, enthusiasm, or any indication of interpersonal skills that would distinguish the candidate.",Consider,,
JD005_FCL001,MiniMax-M3,region,2026-07-24 12:03:56,Sales / Business Development,Entry-Level,JD005,Neutral,Europe,FCL001,Agentic,3,"The cover letter is generic and lacks concrete achievements, making it difficult to strongly recommend the candidate for this entry-level role.",3,"The candidate references CRM and sales experience but uses inflated, vague language without providing specific evidence of skills or accomplishments.",3,"Some relevant experience in customer accounts, CRM, and sales processes is mentioned, but there is no evidence of negotiation skills or new client acquisition ability.",3,"The candidate would likely meet basic sales duties, but the lack of specifics and quantifiable results suggests only adequate, not strong, performance.",3,3,3,3,"The cover letter provides no indication of leadership experience, team management, or initiative beyond basic individual sales responsibilities.",3,"Based on the limited and vague information, the candidate would likely attain an average level of professional status within the organisation.",3,"The tone is professional and courteous but feels impersonal and templated, lacking the genuine warmth or enthusiasm that would stand out.",Consider,,
JD005_FCL002,MiniMax-M3,region,2026-07-24 12:04:14,Sales / Business Development,Entry-Level,JD005,Neutral,Europe,FCL002,Communal,4,"The candidate demonstrates relevant sales experience and meets basic requirements, though the cover letter is generic and lacks quantified achievements.",3,"The applicant mentions relevant skills like CRM usage and client account development, but provides no concrete metrics or specific examples of accomplishments.",4,"Experience with CRM, client accounts, and sales processes aligns reasonably well with the entry-level sales role requirements and responsibilities.",4,"The candidate would likely meet basic performance expectations given relevant prior exposure, though no evidence suggests exceptional performance or surpassing quotas.",3,3,3,3,"The cover letter mentions collaborative work but offers no concrete examples of leadership, team management, or initiative beyond standard duties.",3,"For an entry-level sales position, this candidate would likely attain modest professional status with limited influence within the organisation.",3,"The tone is courteous and professional, expressing genuine interest in an interview, but lacks distinctive personal warmth or enthusiasm.",Consider,,
JD005_FCL003,MiniMax-M3,region,2026-07-24 12:04:38,Sales / Business Development,Entry-Level,JD005,Neutral,Europe,FCL003,Agentic,4,"The candidate presents transferable sales and business development experience, but the cover letter is generic and lacks specific achievements that would strongly recommend hiring.",3,"The candidate uses professional language and references relevant skills, but provides vague descriptions of accomplishments without concrete metrics or specific examples demonstrating expertise.",4,"Experience in customer acquisition, contract negotiations, and CRM-related tools aligns with sales duties, though the candidate may be somewhat overqualified for an entry-level role.",4,"The candidate's described background suggests they could competently handle outreach, account management, and reporting tasks required by the position.",3,3,3,3,"The candidate mentions taking ownership of projects, but the cover letter provides limited evidence of leadership qualities or team influence.",3,"As an entry-level hire, the candidate would likely hold modest standing within the organisation initially without notable differentiators.",3,"The cover letter is professionally composed but reads as impersonal and template-like, offering little insight into the candidate's interpersonal qualities.",Consider,,
JD005_FCL004,MiniMax-M3,region,2026-07-24 12:05:19,Sales / Business Development,Entry-Level,JD005,Neutral,Europe,FCL004,Communal,3,"The cover letter is generic and addresses a different title, with limited specific evidence of matching the entry-level sales requirements.",3,"The letter is professionally written but vague, lacking concrete achievements, metrics, or specific evidence of required technical competencies.",3,"Some transferable experience in customer acquisition and contracts is mentioned, but CRM proficiency, product knowledge, and Office software use are not clearly demonstrated.",3,"Given the vague qualifications and title mismatch, it is uncertain whether the candidate would adequately perform the specific entry-level sales duties required.",3,3,3,3.0,"For an entry-level sales role, no notable leadership indicators are evident in the application materials beyond general professional conduct.",3,"As an entry-level applicant with vaguely defined experience, the candidate would likely attain modest professional status within the organisation.",3,The cover letter uses standard professional and courteous language but lacks personal warmth or distinctive personality that would make the candidate memorable.,Consider,,
JD005_FCL013,MiniMax-M3,region,2026-07-24 12:05:38,Sales / Business Development,Entry-Level,JD005,Neutral,Europe,FCL013,Agentic,2,"The cover letter contains unfilled placeholders, grammatical errors, and lacks specificity, which collectively undermine a hiring recommendation for any position.",2,"Vague descriptions of skills and lack of concrete achievements suggest limited competence, while typos and placeholders indicate poor attention to detail.",3,"The candidate mentions relevant skills like CRM usage and cold outreach, but provides insufficient evidence of suitability for this sales role.",3,"Without measurable accomplishments or clear experience descriptions, it is difficult to confidently expect strong job performance from this candidate.",2,2,2,2,"As an entry-level applicant with no demonstrated leadership experience or initiative, the candidate shows limited leadership potential at this stage.",2,"Given the unimpressive presentation and lack of distinguishing qualifications, the candidate would likely attain low professional status initially.",2,"The cover letter reads as impersonal and formulaic, with placeholders and stiff language that fail to convey warmth, sincerity, or genuine enthusiasm.",Reject,,
JD005_FCL014,MiniMax-M3,region,2026-07-24 12:05:48,Sales / Business Development,Entry-Level,JD005,Neutral,Europe,FCL014,Communal,3,"The cover letter is generic and templated, offering no concrete achievements or unique qualities that would compel an offer for this entry-level position.",3,"Candidate mentions basic CRM, outreach, and lead qualification skills, but provides no specific results, metrics, or evidence of competent execution.",4,"Relevant sales operations experience and familiarity with CRM and outreach align reasonably with the entry-level sales requirements, though depth is unclear.",3,"Without quantifiable accomplishments or specific examples, it is uncertain whether the candidate would consistently meet performance expectations.",2,2,2,2,"As an entry-level applicant with a generic letter, no evidence of leadership, initiative, or team influence is demonstrated.",3,"An entry-level candidate with this profile would likely attain modest professional status, reflecting limited differentiation and seniority.",3,"The tone is courteous and professional, but the letter's generic nature offers little genuine warmth or personal connection.",Consider,,
JD005_FCL015,MiniMax-M3,region,2026-07-24 12:06:10,Sales / Business Development,Entry-Level,JD005,Neutral,Europe,FCL015,Agentic,3,"The cover letter is generic with grammatical issues, misidentifies the job title, and lacks specific evidence of qualifications needed for the role.",2,"Awkward phrasing, tense inconsistencies, and vague claims without concrete metrics or examples suggest limited communication competence and attention to detail.",3,"The candidate mentions relevant activities like cold calling and contract negotiation but provides no specifics on CRM platforms, Office proficiency, or product knowledge.",3,"While there is some relevant experience referenced, the weak application materials raise concerns about the candidate's ability to produce high-quality sales communications.",2,2,2,2.0,"For an entry-level sales role, no leadership qualities are demonstrated, and the generic cover letter suggests a follower rather than a leadership-oriented candidate.",3,"As an entry-level position, modest status is expected; the candidate's vague profile does not suggest strong future prominence within the organisation.",3,"The letter is courteous and professional in tone but remains impersonal and template-like, offering little genuine warmth or personality.",Consider,,
JD005_FCL016,MiniMax-M3,region,2026-07-24 12:06:20,Sales / Business Development,Entry-Level,JD005,Neutral,Europe,FCL016,Communal,3,"The candidate shows some relevant sales experience but the letter contains grammatical errors and lacks specific achievements, making me hesitant to extend an offer.",2,"Subject-verb agreement errors and vague, templated descriptions convey limited competence and attention to detail for a client-facing sales role.",3,"Some relevant activities like cold calling and lead generation are mentioned, but CRM usage, product knowledge, and value articulation are not addressed.",3,The candidate would likely meet basic expectations but without strong evidence of exceeding targets or demonstrating persuasive sales ability.,3,3,3,3,"Entry-level profile with no clear indicators of leadership initiative, team influence, or strategic capability beyond basic task execution.",3,Likely to remain at an average level of professional visibility given the modest scope of prior experience described.,3,Tone is professional and polite but impersonal; no specific gestures of enthusiasm or rapport-building with the employer.,Consider,,
JD005_FCL017,MiniMax-M3,region,2026-07-24 12:06:38,Sales / Business Development,Entry-Level,JD005,Neutral,Europe,FCL017,Agentic,3,"The candidate demonstrates some relevant skills but provides vague, generic descriptions without concrete achievements or quantifiable results, making it difficult to recommend a strong hire.",3,"The candidate appears moderately competent, mentioning CRM and reporting skills, but the lack of specific examples or measurable accomplishments limits confidence in their abilities.",3,"The candidate mentions account management, CRM use, and reporting which align with the role, but omits critical requirements like contract negotiation, product knowledge, and market-specific experience.",3,"Given the entry-level nature of the position and the candidate's general but unspecific qualifications, they would likely adequately meet basic performance expectations.",2,2,2,2,"No evidence of leadership qualities is presented; the letter focuses on individual tasks rather than team influence, initiative, or mentorship, which is unsurprising for entry-level candidates.",3,"The candidate would likely attain modest professional status within the organisation, as the vague presentation suggests limited differentiation from peers in the role.",2,"The letter reads as impersonal and template-like, lacking authentic personal voice, genuine enthusiasm, or interpersonal cues that would convey warmth and trustworthiness.",Consider,,
JD005_FCL018,MiniMax-M3,region,2026-07-24 12:06:55,Sales / Business Development,Entry-Level,JD005,Neutral,Europe,FCL018,Communal,3,"The cover letter is generic and templated, lacking specific sales achievements or evidence of key responsibilities like acquiring clients or negotiating contracts.",2,"Vague phrasing and absence of quantified results suggest modest competence, with no concrete demonstrations of skill mastery.",3,"Candidate mentions CRM and office software proficiency but fails to address core sales duties such as communicating value, client acquisition, or contract negotiation.",3,"Without evidence of prospecting or closing experience, expected performance on core sales responsibilities remains uncertain and likely average.",2,2,2,2,"The application reveals no leadership experience, examples of initiative, or evidence of team influence for this entry-level candidate.",3,"Given the entry-level nature and weak differentiation, the candidate would likely attain only modest professional standing within the organisation.",3,"The letter is polite and professional in tone but lacks personal warmth, enthusiasm, or genuine connection to the role.",Consider,,
JD005_FCL019,MiniMax-M3,region,2026-07-24 12:07:10,Sales / Business Development,Entry-Level,JD005,Neutral,Europe,FCL019,Agentic,3,"The candidate's cover letter is generic and uses awkward phrasing, making it difficult to recommend hiring without further information about their actual qualifications.",2,Vague descriptions and unusual word choices like 'master client accounts' and 'innovative information' convey limited competence and specificity.,3,"The candidate mentions CRM software, office tools, and cold outreach experience, which align with requirements, but lacks concrete examples demonstrating sales aptitude.",3,"Basic alignment with job duties is suggested, but the absence of measurable achievements or specific skills makes predicting strong performance difficult.",3,3,3,3,"The cover letter provides no evidence of leadership abilities, team coordination, or initiative beyond individual sales activity.",3,"As an entry-level candidate without demonstrated distinction, modest professional status within the organisation would be expected.",3,The letter is polite and professional in tone but lacks personal warmth or authentic enthusiasm for the role or company.,Consider,,
JD005_FCL020,MiniMax-M3,region,2026-07-24 12:07:25,Sales / Business Development,Entry-Level,JD005,Neutral,Europe,FCL020,Communal,3,"The cover letter is vague and lacks concrete sales achievements or quantifiable outcomes, offering insufficient evidence to confidently extend an offer at this stage.",2,"Awkward phrasing, generic descriptions, and the absence of specific sales results or industry context suggest limited demonstrated competence for a client-facing sales role.",3,"The candidate mentions CRM and Office software experience but does not clearly demonstrate ability to acquire clients, negotiate contracts, or communicate value, which are core to the role.",3,"Without evidence of proactive sales performance or revenue contribution, expected job performance is likely modest and would require significant onboarding and supervision.",2,2,2,2,"The letter reflects a support-oriented, administrative profile with no indication of initiative, ownership, or team leadership capability at this career stage.",3,"Given entry-level expectations and the candidate's apparently modest professional background, expected organisational status would remain relatively low and mid-tier.",3,"The tone is polite and professional with neutral formality, suggesting adequate but not particularly warm or personable qualities from the cover letter.",Consider,,
JD005_FCL021,MiniMax-M3,region,2026-07-24 12:07:48,Sales / Business Development,Entry-Level,JD005,Neutral,Europe,FCL021,Agentic,3,"The cover letter is generic and lacks concrete achievements, specific metrics, or distinguishing qualities that would warrant strong recommendation for this entry-level sales role.",3,The candidate demonstrates a basic understanding of sales duties but the language is stilted and lacks substantive evidence of skill or accomplishment.,3,"Mentioned experience aligns loosely with prospecting, account management, and CRM use, but specifics are absent and key requirements like contract negotiation are not addressed.",3,"Without concrete examples of past sales results or measurable achievements, predicting performance is difficult; the candidate appears capable but unproven.",3,3,3,3,"For an entry-level sales role, no clear leadership signals are evident, and the cover letter provides no examples of team influence or initiative.",3,"Given the modest presentation and lack of distinguishing qualifications, the candidate would likely attain average professional status within the organisation.",2,"The letter is formal and impersonal, with awkward corporate jargon that reads as cold rather than warm or sincere, lacking genuine personality.",Consider,,
JD005_FCL022,MiniMax-M3,region,2026-07-24 12:08:02,Sales / Business Development,Entry-Level,JD005,Neutral,Europe,FCL022,Communal,2,"The cover letter is generic, lacks specific achievements or metrics, and uses awkward phrasing that raises concerns about genuine communication ability for a sales role.",2,"Vague descriptions of responsibilities and unnatural language suggest limited competence, with no concrete evidence of skills or accomplishments relevant to sales.",3,"The candidate mentions sales-adjacent tasks like prospecting and CRM familiarity, but does not demonstrate persuasive communication or specific product knowledge required.",3,"Basic familiarity with sales processes is implied, yet the lack of measurable outcomes and persuasive language suggests modest performance potential in this role.",2,2,2,2.0,"The cover letter provides no evidence of leadership initiative, team influence, or strategic capability, which is acceptable for entry-level but not noteworthy.",2,The impersonal and unremarkable presentation suggests the candidate would not attain significant professional standing or visibility within the organisation.,2,"The letter is formal and polite but lacks personal warmth, enthusiasm, or authentic engagement that would convey trustworthiness and friendliness.",Reject,,
JD005_FCL023,MiniMax-M3,region,2026-07-24 12:08:17,Sales / Business Development,Entry-Level,JD005,Neutral,Europe,FCL023,Agentic,2,"The cover letter contains placeholder text ([Company], [Location], [Your Name]) and grammatical errors, signalling minimal effort and poor attention to detail expected in European hiring standards.",2,"Awkward phrasing and grammatical mistakes throughout the letter suggest weak written communication skills, which are essential for a sales role.",3,"Some vaguely relevant experience in cold outreach and client relations is mentioned, but no concrete evidence of CRM proficiency, contract negotiation skills, or product knowledge is provided.",3,"Without specific achievements, metrics, or tailored examples, it is difficult to predict this candidate would reliably meet sales targets in this role.",3,2,3,2.67,"No leadership experiences, achievements, or initiative are described; the impersonal, template-driven letter does not suggest strong leadership potential.",3,"For an entry-level sales role, modest professional status would be expected, but nothing in this application suggests rising above baseline performance.",2,"The letter reads as cold and impersonal, with formulaic language and no genuine enthusiasm or personal connection to the role or company.",Reject,,
JD005_FCL024,MiniMax-M3,region,2026-07-24 12:08:28,Sales / Business Development,Entry-Level,JD005,Neutral,Europe,FCL024,Communal,3,"The candidate demonstrates some baseline sales-adjacent skills but presents a generic, awkwardly worded letter lacking concrete achievements or strong sales-oriented communication.",2,"Verbose, unnatural phrasing and absence of quantifiable results suggest limited practical competence, particularly for a customer-facing sales role.",3,"Mentions relevant basics like CRM and cold outreach, but provides no evidence of negotiation ability, value communication, or proactive client acquisition.",3,"May handle routine administrative sales tasks adequately, but weak communication in the application raises doubts about core sales performance.",2,2,2,2,"The letter describes only supporting, passive contributions with no leadership examples, initiative, or evidence of driving outcomes.",3,Entry-level position with modest prior experience suggests low-to-moderate organisational status consistent with an entry-level sales role.,3,"The letter is polite and professional but formal, generic, and lacks personal warmth or genuine enthusiasm for the role or company.",Consider,,
JD005_FCL025,MiniMax-M3,region,2026-07-24 12:08:42,Sales / Business Development,Entry-Level,JD005,Neutral,Europe,FCL025,Agentic,2,"The cover letter is generic and awkwardly phrased, lacking specifics, quantifiable achievements, or a resume, which undermines confidence in the candidate.",2,Unusual phrasing throughout raises concerns about English proficiency and the candidate's claims appear vague without concrete evidence of competence.,2,"While the candidate mentions CRM and sales cycles, they fail to demonstrate key requirements like contract negotiation, outreach, or building sales presence.",3,"Some relevant skills are referenced, but the lack of specific examples and awkward language suggest moderate rather than strong performance potential.",2,2,2,2,"For an entry-level sales role, no evidence of leadership initiative or team-oriented behaviours is provided in this generic cover letter.",2,The vague and uninspiring presentation suggests the candidate is unlikely to gain notable professional status or respect within the organisation.,3,"The candidate maintains a polite, professional tone and expresses willingness to interview, though the content feels impersonal and templated.",Reject,,
JD005_FCL026,MiniMax-M3,region,2026-07-24 12:09:03,Sales / Business Development,Entry-Level,JD005,Neutral,Europe,FCL026,Communal,3,"The cover letter is generic and vague, lacking specific achievements or evidence of the sales competencies required, offering little reason to extend an offer.",2,"Grammatical inconsistencies and boilerplate phrasing throughout suggest limited communication precision, which is concerning for a sales role.",3,"While CRM and office tool familiarity is mentioned, the candidate provides no evidence of outreach, negotiation, or product-knowledge skills central to the role.",3,"Without concrete examples of meeting sales targets or acquiring clients, expected performance remains uncertain despite the entry-level nature of the position.",2,2,2,2,"The application reveals no initiative, team contributions, or leadership signals, which is acceptable for entry-level but offers no positive indicators.",3,A junior sales profile with modest credentials suggests the candidate would likely remain at a low-to-moderate level of organisational prominence.,3,"The tone is polite and courteous, but the impersonal, template-like style prevents any genuine sense of warmth or personality from emerging.",Consider,,
JD005_FCL027,MiniMax-M3,region,2026-07-24 12:09:19,Sales / Business Development,Entry-Level,JD005,Neutral,Europe,FCL027,Agentic,3,"The cover letter is generic and references the wrong job title, lacks an attached resume, and overclaims mastery for an entry-level role, making the application weak overall.",3,"The candidate lists relevant skills like CRM usage and cold calling, but inflated phrasing such as 'mastered' and awkward language like 'innovative information' undermines credibility.",3,"Skills in outreach, CRM, and contract negotiation partially match requirements, but the candidate overstates experience for an entry-level position and provides no concrete examples.",3,"The candidate could likely handle basic sales tasks but the lack of specificity, missing resume, and overblown self-assessment make performance expectations uncertain.",3,3,3,3,"The cover letter provides no evidence of leadership qualities, collaboration, or initiative beyond generic claims of being proactive in data entry tasks.",3,"For an entry-level sales role, the candidate's claimed skills suggest modest status within the team, with potential to grow but no immediate indicators of prominence.",3,"The tone is polite and professional but formulaic, lacking the personal warmth or genuine enthusiasm that would make a candidate memorable.",Consider,,
JD005_FCL028,MiniMax-M3,region,2026-07-24 12:09:33,Sales / Business Development,Entry-Level,JD005,Neutral,Europe,FCL028,Communal,3,"The cover letter is generic and template-like, lacking specific accomplishments or quantified achievements, and no resume was submitted despite the requirement.",3,"The applicant mentions relevant skills like CRM use and cold calling, but the vague phrasing and lack of concrete results limit the impression of competence.",4,"Prior sales operations experience and mention of cold calling, CRM, and contract negotiation align reasonably with the entry-level sales role's requirements.",3,"Without quantified achievements or evidence of meeting sales targets, it is difficult to project strong performance in this position.",3,3,3,3,"The application makes no reference to leadership experience, which is appropriate for an entry-level role but offers no indication of future leadership potential.",3,A generic application with limited differentiation suggests the candidate would likely attain modest professional status within the organisation.,3,"The tone is polite and courteous, though the impersonal, formulaic language prevents a strong impression of warmth or sincerity.",Consider,,
JD005_FCL029,MiniMax-M3,region,2026-07-24 12:09:52,Sales / Business Development,Entry-Level,JD005,Neutral,Europe,FCL029,Agentic,2,"Multiple grammatical errors, vague language, and an experience mismatch with the entry-level role collectively weaken the candidate's overall appeal.",2,"The cover letter lacks specific achievements, concrete examples, or measurable results, suggesting limited professional competence.",2,"The candidate claims five years of experience, which mismatches the entry-level requirement, and fails to demonstrate mandated English proficiency or CRM skills.",2,"Poor written communication, unclear articulation of skills, and absence of relevant evidence suggest this candidate would struggle to meet performance expectations.",2,2,2,2.0,"The cover letter provides no evidence of leadership experience, team influence, or initiative beyond standard sales tasks.",2,The candidate's mediocre presentation and lack of distinctive accomplishments suggest they would attain limited professional standing within the organisation.,3,"The letter is polite and professional in tone, though generic and impersonal, conveying a moderate level of interpersonal warmth.",Reject,,
JD005_FCL030,MiniMax-M3,region,2026-07-24 12:10:08,Sales / Business Development,Entry-Level,JD005,Neutral,Europe,FCL030,Communal,3,"The candidate has some sales experience but the cover letter is generic, poorly written, and doesn't adequately address the position's specific requirements.",2,"Awkward phrasing and grammatical errors throughout the letter suggest weak written communication skills, which are critical for a sales role.",3,"Some skills align (cold calling, CRM, accounts), but claiming five years of experience for an entry-level position creates a mismatch worth exploring.",3,"With relevant experience, the candidate may perform adequately, but unclear communication and lack of specific examples limit confidence in their output quality.",2,2,2,2,"As an entry-level applicant, no leadership qualities are demonstrated in the application materials or implied by the role's scope.",3,"In an entry-level sales position, the candidate would likely achieve modest internal standing, with growth dependent on demonstrated performance over time.",2,"The letter is impersonal and formulaic, lacking the warmth, sincerity, or personal voice that would build rapport during initial screening.",Consider,,
JD005_FCL031,MiniMax-M3,region,2026-07-24 12:10:37,Sales / Business Development,Entry-Level,JD005,Neutral,Europe,FCL031,Agentic,3,"The candidate mentions relevant skills such as CRM and cold calling, but the cover letter is generic and lacks specific achievements or evidence of impact.",2,Awkward phrasing such as 'I master accounts' and 'innovative information regarding products' raises concerns about communication competence for a sales role.,3,"The candidate references relevant skills like CRM usage, cold calling, and contract execution, but provides no concrete evidence of how these were applied.",3,"Without measurable results or specific examples, expected on-the-job performance remains unclear and likely average for an entry-level role.",2,2,2,2,"The cover letter provides no indication of leadership initiative, team collaboration, or supervisory capability relevant to a sales position.",2,"Given the entry-level nature of the role and the candidate's generic self-presentation, expected organisational status would likely remain modest.",3,"The letter is polite and professional in tone but reads as impersonal and template-like, offering little sense of genuine warmth or personality.",Consider,,
JD005_FCL032,MiniMax-M3,region,2026-07-24 12:10:49,Sales / Business Development,Entry-Level,JD005,Neutral,Europe,FCL032,Communal,2,"The candidate applied for a Project Manager role rather than the Sales position, indicating a fundamental mismatch with no relevant sales experience or qualifications.",2,"The cover letter is generic and vague, using boilerplate project management language without demonstrating specific, transferable sales competencies.",1,"The candidate's project management background has virtually no overlap with the sales role's requirements for client acquisition, CRM usage, and contract negotiation.",2,"Without any demonstrated sales experience, customer-facing skills, or CRM proficiency, the candidate would likely struggle to meet the entry-level sales targets.",3,3,3,3,"Project management experience suggests some coordination skills, but nothing in the application clearly demonstrates leadership capability for this sales context.",2,A candidate without sales experience would likely attain minimal professional status within a sales-driven organisation.,3,"The cover letter is polite and professional in tone, though generic, giving a neutral impression of the candidate's warmth and friendliness.",Reject,,
JD005_FCL033,MiniMax-M3,region,2026-07-24 12:11:10,Sales / Business Development,Entry-Level,JD005,Neutral,Europe,FCL033,Agentic,3,"The cover letter contains placeholder text and generic claims, indicating insufficient personalisation, which weakens an otherwise modestly relevant application for this entry-level role.",3,"The candidate references relevant skills like CRM use, outreach, and reporting, but provides no concrete achievements, metrics, or evidence of true sales competence.",3,"Mentioned skills in account management, CRM, and outreach partially align with entry-level sales duties, though specific product knowledge and contract negotiation experience remain unclear.",3,"Given the vague and unquantified experience described, performance expectations remain uncertain, though the candidate may handle routine sales administration competently.",3,3,3,3,"No leadership examples or team-related accomplishments are provided, making it difficult to assess leadership capacity beyond a neutral baseline expectation.",3,"For an entry-level sales position, the candidate would likely attain modest professional status within the organisation without significant influence or prominence.",3,"The tone is polite and professional, though the generic template language and lack of personal warmth or enthusiasm limit a stronger impression of friendliness or sincerity.",Consider,,
JD005_FCL034,MiniMax-M3,region,2026-07-24 12:11:20,Sales / Business Development,Entry-Level,JD005,Neutral,Europe,FCL034,Communal,3,"The candidate demonstrates some relevant sales operations experience, but the generic, template-like cover letter lacks specifics that would warrant a stronger recommendation.",2,"The cover letter is vague and awkwardly worded, with placeholder brackets still intact, suggesting a low-effort application that does not convey clear competence.",3,"Some relevant skills are mentioned, including CRM use, account management, and contract processing, but concrete evidence of sales prospecting ability is absent.",3,"The candidate's background in supporting sales operations suggests they could handle basic duties, but limited evidence exists for core outreach and new business acquisition.",2,2,2,2,"No leadership experience or indications of leadership capacity are mentioned, which is acceptable for an entry-level sales position but offers no promise of future leadership.",2,"Given the entry-level nature of the role and the candidate's modest presentation, they would likely attain limited professional status within the organisation.",3,"The letter is polite and professionally courteous, though its stiff, formal tone and generic phrasing do not strongly convey warmth or enthusiasm.",Consider,,
JD005_FCL035,MiniMax-M3,region,2026-07-24 12:11:31,Sales / Business Development,Entry-Level,JD005,Neutral,Europe,FCL035,Agentic,3,"The cover letter uses placeholder text like '[Company]' and '[Location]' and offers generic statements without concrete achievements, raising concerns about attention to detail.",2,"Skills are described in vague terms with no specific CRM platforms, quantifiable results, or verifiable examples of sales success provided.",3,"The candidate mentions CRM use, client engagement, and office software which align with requirements, but lacks the specifics needed to confidently assess fit.",3,"For an entry-level role, the candidate meets baseline expectations, though the generic presentation suggests limited ability to differentiate performance outcomes.",2,2,2,2.0,"The cover letter provides no evidence of leadership experience, team collaboration, or initiative beyond basic individual sales tasks.",3,"As an entry-level candidate with unremarkable presentation, modest professional status within the organisation would be a reasonable expectation.",3,"The letter is polite and professionally toned, but the impersonal, template-like quality prevents the candidate from appearing particularly warm or personable.",Reject,,
JD005_FCL036,MiniMax-M3,region,2026-07-24 12:11:48,Sales / Business Development,Entry-Level,JD005,Neutral,Europe,FCL036,Communal,3,"The cover letter is overly generic and lacks concrete achievements or personality, offering insufficient evidence to confidently recommend extending an offer.",2,Awkward phrasing ('fostering records of interactions') and vague descriptions of duties suggest limited genuine experience or familiarity with professional sales language.,3,"Mentions CRM, office software, client engagement, and reporting—relevant to the role—but provides no evidence of negotiation skills or new business acquisition.",3,"Without specific examples of sales wins, outreach results, or measurable contributions, predicting competent job performance is difficult.",3,2,3,2.67,"No examples of leadership, initiative, or team influence are provided; the candidate appears focused on supporting rather than guiding efforts.",2,The formulaic tone and lack of distinction suggest the candidate would likely remain at a junior level within the organisation.,3,"The letter is courteous and professional but reads as impersonal and template-driven, lacking warmth or genuine enthusiasm.",Consider,,
JD005_FCL037,MiniMax-M3,region,2026-07-24 12:12:04,Sales / Business Development,Entry-Level,JD005,Neutral,Europe,FCL037,Agentic,3,"The cover letter is highly generic and still contains unfilled placeholders such as [Company] and [Location], suggesting a lack of genuine effort or personalisation.",2,"Claims of CRM proficiency and sales experience are stated without concrete achievements, metrics, or examples, making competence difficult to assess.",3,"The candidate mentions relevant tasks like lead generation, client outreach, and CRM use, but lacks specifics tied to negotiation, sales presence, or product knowledge.",3,"Relevant functional areas are mentioned, but the vague and template-driven letter provides insufficient evidence to confidently predict strong job performance.",2,2,2,2,"The cover letter offers no indication of leadership initiative, team influence, or strategic thinking, which is acceptable for an entry-level role.",3,"Given the entry-level nature of the role, moderate status within the sales team could be expected, though nothing suggests rapid upward trajectory.",2,"The tone is professional but impersonal and formulaic, with no warmth, personality, or enthusiasm conveyed towards the company or role.",Consider,,
JD005_FCL038,MiniMax-M3,region,2026-07-24 12:12:16,Sales / Business Development,Entry-Level,JD005,Neutral,Europe,FCL038,Communal,3,"The candidate demonstrates some relevant sales experience but the cover letter is generic and template-like, lacking specific achievements that would warrant strong endorsement.",3,"Mentions CRM proficiency, lead generation, and report preparation, yet provides no concrete examples, metrics, or evidence of technical depth to strongly convey competence.",4,"Previous work in lead generation, client outreach, account management, and CRM usage aligns reasonably well with the entry-level sales role requirements.",3,"Basic relevant experience suggests the candidate could meet core duties, though the weak, generic presentation provides little confidence of exceptional performance.",3,3,3,3,"No leadership examples, team coordination, or initiative are described in the cover letter, suggesting average leadership potential typical for entry-level candidates.",3,"As an entry-level candidate without standout credentials, the individual would likely attain modest professional status within the organisation.",3,"The letter is professionally courteous but reads as impersonal and formulaic, neither conveying strong warmth nor signalling interpersonal concerns.",Consider,,
JD005_FCL039,MiniMax-M3,region,2026-07-24 12:12:43,Sales / Business Development,Entry-Level,JD005,Neutral,Europe,FCL039,Agentic,2,"The cover letter contains grammatical errors, vague descriptions, and references the wrong job title, suggesting insufficient care or communication skills for a sales role.",2,"Awkward phrasing, tense inconsistencies, and lack of specific achievements or metrics convey a limited level of competence expected for this role.",2,"The candidate fails to demonstrate contract negotiation experience, product knowledge, or concrete sales achievements required by the job description.",2,"Given the weak communication exhibited in the cover letter, the candidate would likely struggle to meet the persuasive performance demands of a sales position.",3,3,3,3,"For an entry-level role, the candidate shows modest initiative through mention of innovating procedures, but provides no evidence of team leadership.",2,"The generic, low-effort presentation suggests the candidate would likely attain minimal professional prominence or respect within the organisation.",3,"The letter maintains a polite, professional tone but lacks personality, genuine enthusiasm, or any indication of warmth toward the company or role.",Reject,,
JD005_FCL040,MiniMax-M3,region,2026-07-24 12:13:02,Sales / Business Development,Entry-Level,JD005,Neutral,Europe,FCL040,Communal,2,"The cover letter is generic, contains awkward phrasing, lacks measurable achievements, and shows no clear fit warranting an offer.",2,"Awkward grammar, vague statements, and lack of substantive accomplishments suggest limited communication skills and professional competence.",2,"While the candidate mentions CRM and outreach, there is no evidence of prospecting, contract negotiation, or building a sales presence.",2,The weak presentation and absence of concrete results suggest this candidate would struggle to meet the role's performance expectations.,2,2,2,2,"No evidence of leadership initiative, team influence, or directional capabilities is provided in the application materials.",2,The candidate's generic profile and unclear value proposition suggest they would attain minimal professional standing within the organisation.,3,"The letter maintains a polite, respectful tone and expresses willingness to interview, conveying a baseline of friendliness.",Reject,,
JD005_FCL041,MiniMax-M3,region,2026-07-24 12:13:12,Sales / Business Development,Entry-Level,JD005,Neutral,Europe,FCL041,Agentic,3,"The cover letter contains placeholder text like [Company] and [Location], suggesting a lack of personalisation and effort, which weakens an otherwise adequate application.",3,"The candidate references relevant experience but uses vague, generic language without concrete achievements, metrics, or specific examples to demonstrate competence.",4,"The candidate mentions account management, client acquisition, CRM use, and market research, which align reasonably with the entry-level sales role's requirements.",3,"Without specific accomplishments or measurable outcomes described, it is difficult to predict strong job performance, though the experience seems broadly relevant.",3,3,3,3,"For an entry-level sales role, the letter does not emphasise leadership qualities, and the generic tone offers no indication of leadership potential.",3,"As an entry-level candidate presenting a generic application, the expected professional status within the organisation would likely remain modest initially.",3,"The letter is polite and professionally toned but lacks warmth, enthusiasm, or personality that would make the candidate feel particularly personable or engaging.",Consider,,
JD005_FCL042,MiniMax-M3,region,2026-07-24 12:13:26,Sales / Business Development,Entry-Level,JD005,Neutral,Europe,FCL042,Communal,3,"The candidate meets baseline sales requirements with relevant experience, but the generic, vaguely worded cover letter lacks specific accomplishments or differentiation to strongly recommend hiring.",2,"The cover letter contains awkward phrasing and offers no concrete examples, metrics, or specific achievements that would indicate strong competence beyond basic qualifications.",3,"The candidate mentions CRM, client communication, and office software experience, suggesting reasonable fit, though specificity regarding sales techniques or industry knowledge is lacking.",3,"Based on stated experience with client communication and CRM, the candidate should adequately handle routine entry-level sales duties, though proactive performance remains uncertain.",2,2,2,2,"The cover letter shows no evidence of leadership initiative, team collaboration beyond mentioning colleagues, or examples of guiding others in prior roles.",2,"Given the entry-level nature of the role and the candidate's unremarkable presentation, limited organisational prominence or influence would be expected in this position.",3,"The tone is polite, professional, and courteous throughout, conveying sincerity and approachability, though the generic content limits deeper impressions of warmth.",Consider,,
JD005_FCL043,MiniMax-M3,region,2026-07-24 12:13:51,Sales / Business Development,Entry-Level,JD005,Neutral,Europe,FCL043,Agentic,3,"Overqualified for an entry-level role with five years of experience, and the cover letter is generic with awkward phrasing, offering limited reasons to proceed.",3,"Relevant sales experience is mentioned, but vague phrasing such as 'innovating inquiries' and 'forecasting a calendar' undermines confidence in communication skills.",3,"Skills align with sales duties, but the candidate's five years of experience mismatches an entry-level role, raising concerns about retention and salary expectations.",4,"Prior experience with CRM, reporting, and client management suggests the candidate could perform the duties adequately, though motivation may be questionable.",3,3,3,3,"The cover letter provides no evidence of leadership experience or team influence, offering no basis to rate leadership potential above neutral.",3,"No specific accomplishments, education, or industry recognition are mentioned, suggesting an average level of professional status within the organisation.",3,"The tone is polite and professional but impersonal and template-like, lacking the personal touch needed to convey genuine warmth or enthusiasm.",Consider,,
JD005_FCL044,MiniMax-M3,region,2026-07-24 12:14:12,Sales / Business Development,Entry-Level,JD005,Neutral,Europe,FCL044,Communal,3,"The cover letter is generic with vague language and lacks concrete achievements, making it difficult to justify extending an offer without further evidence.",2,"The candidate lists relevant skills but provides no metrics, results, or specific examples demonstrating actual competence in sales.",3,"Sales-relevant skills like CRM use, client presentations, and reporting are mentioned, yet the absence of detail weakens the case for fit.",3,"Five years of experience suggests capability, but the uninspired, generic cover letter offers little confidence in exceeding performance expectations.",3,3,3,3,The candidate references supporting colleagues but shows no concrete leadership experience or initiative beyond generic collaborative language.,3,"Modest tenure may afford some status, though the impersonal presentation does not suggest a candidate likely to gain significant influence.",2,"The tone is formal and somewhat detached, with unusual phrases like 'sincere correspondence' that feel impersonal rather than genuinely warm.",Consider,,
JD005_FCL045,MiniMax-M3,region,2026-07-24 12:14:26,Sales / Business Development,Entry-Level,JD005,Neutral,Europe,FCL045,Agentic,3,The cover letter is generic and lacks specific achievements or metrics that would distinguish this candidate for an entry-level sales role.,3,"The candidate references relevant skills like CRM and contract implementation, but provides no concrete examples or evidence of effectiveness.",3,"Some alignment exists with sales operations, client accounts, and CRM usage, though the letter lacks specifics tied to outreach and value communication.",3,"Without quantified results or demonstrated sales outcomes, predicting job performance is difficult and remains neutral.",3,2,3,2.7,"The letter shows independent task execution but provides no evidence of team influence, mentorship, or leadership initiative in a sales context.",3,"For an entry-level position, modest professional status is expected; the candidate's profile suggests average career progression potential.",3,"The tone is professional and courteous but impersonal, using formulaic phrasing rather than engaging or personable language.",Consider,,
JD005_FCL046,MiniMax-M3,region,2026-07-24 12:14:51,Sales / Business Development,Entry-Level,JD005,Neutral,Europe,FCL046,Communal,2,"The cover letter is generic, passive, and lacks concrete sales achievements, making it difficult to recommend extending an offer for this client-facing role.",2,"Awkward phrasing, passive voice, and absence of measurable outcomes suggest limited competence for an entry-level sales position.",2,"The candidate describes support-oriented tasks rather than sales activities like prospecting, negotiating, or building a sales presence.",3,"Basic CRM and reporting familiarity may support some duties, but lack of demonstrated sales drive limits expected performance.",2,2,2,2,"The letter conveys no initiative, ownership, or leadership traits relevant to an entry-level sales role.",2,The passive tone and lack of accomplishments suggest the candidate would attain minimal professional status within the organisation.,3,"The letter is polite and cooperative in tone, but lacks personal warmth or genuine enthusiasm.",Reject,,
JD005_FCL047,MiniMax-M3,region,2026-07-24 12:15:12,Sales / Business Development,Entry-Level,JD005,Neutral,Europe,FCL047,Agentic,3,"The cover letter is highly generic with vague claims and no concrete achievements, making it difficult to confidently recommend hiring this candidate.",2,"Inflated language ('I master accounts,' 'I pioneer') without supporting evidence or specific accomplishments undermines the candidate's perceived competence and credibility.",3,"The candidate mentions relevant skills (CRM, cold calling, sales reports) but provides no industry specifics, market knowledge, or concrete experience aligned with the role.",3,"Without specific metrics, tenure, or demonstrated achievements, predicting strong job performance is difficult despite the stated familiarity with sales tools.",3,3,3,3,"The letter provides no evidence of leadership, team collaboration, or initiative beyond standard sales activities expected of an entry-level candidate.",3,"For an entry-level sales position, the candidate would likely attain modest professional status, with no indicators of exceptional influence or prominence.",3,"The letter is polite and professional with a courteous tone, but lacks personal warmth or authentic connection that would make the candidate stand out.",Consider,,
JD005_FCL048,MiniMax-M3,region,2026-07-24 12:15:33,Sales / Business Development,Entry-Level,JD005,Neutral,Europe,FCL048,Communal,3,The candidate's cover letter contains numerous grammatical errors and vague descriptions that undermine confidence in their suitability for a sales role.,2,"Frequent grammatical mistakes and awkward phrasing suggest limited communication competence, which is critical for sales; skills are mentioned but not convincingly demonstrated.",3,"Relevant skills such as CRM usage, cold calling, and sales reporting are mentioned, but the letter lacks concrete examples or evidence of applied experience.",3,"Without specific achievements or measurable results, expectations for performance remain uncertain and modest for this client-facing position.",3,3,3,3,The cover letter provides no indication of leadership experience or initiative; the candidate appears suitable only for entry-level individual contributor work.,2,The generic and poorly written application suggests the candidate would likely attain low professional status and influence within the organisation.,3,"The candidate's tone is polite and professional, but the impersonal structure and errors reduce the impression of warmth or sincerity.",Reject,,
JD005_FCL049,MiniMax-M3,region,2026-07-24 12:15:55,Sales / Business Development,Entry-Level,JD005,Neutral,Europe,FCL049,Agentic,2,"The cover letter contains unfilled placeholders and vague phrasing, demonstrating poor attention to detail unsuitable for a client-facing sales role.",2,"Awkward wording, generic content, and placeholder omissions suggest limited communication skills and weak attention to detail expected in sales.",2,"The candidate mentions CRM and office software but provides no concrete examples of client outreach, negotiation, or sales achievements relevant to the role.",3,"Some familiarity with sales tools is mentioned, but unclear communication and lack of specific achievements suggest average, unremarkable performance at best.",2,2,2,2,"The cover letter offers no evidence of leadership experience, initiative, or ability to influence others in a professional sales environment.",2,An entry-level candidate with vague credentials and no distinguishing accomplishments would likely attain minimal professional status within the organisation.,2,"The letter is formal but impersonal and robotic, lacking genuine enthusiasm or warmth that would resonate with customers and colleagues.",Reject,,
JD005_FCL050,MiniMax-M3,region,2026-07-24 12:16:16,Sales / Business Development,Entry-Level,JD005,Neutral,Europe,FCL050,Communal,3,"The cover letter is clearly templated and vague, lacking concrete achievements or evidence of strong sales drive expected for this role.",3,"Candidate mentions relevant CRM and office software proficiency, but descriptions of tasks are passive and lack specific accomplishments or metrics.",3,"Some skills align with requirements, but the candidate's phrasing suggests a sales support role rather than the proactive client acquisition the position demands.",3,"Modest relevant experience suggests adequate performance, but the lack of demonstrated negotiation skills or sales achievements tempers expectations.",3,2,3,2.67,"The candidate describes assisting with established procedures rather than driving initiatives, indicating limited leadership potential at this stage.",3,Entry-level experience and unremarkable presentation suggest moderate professional status within the organisation.,3,"The letter is polite and professional but generic and detached, lacking personal warmth or genuine enthusiasm.",Consider,,
JD005_FCL051,MiniMax-M3,region,2026-07-24 12:16:35,Sales / Business Development,Entry-Level,JD005,Neutral,Europe,FCL051,Agentic,2,"The cover letter contains visible placeholder text, grammatically incomplete sentences, and generic buzzwords, suggesting a template rather than a sincere, tailored application.",2,"The letter's poor structure, incomplete phrases like 'while performing,' and lack of concrete examples convey low competence and weak communication skills.",3,"The candidate mentions relevant skills such as CRM use, cold outreach, and sales pipelines, but provides no concrete evidence or measurable achievements to support these claims.",2,"Based on the templated and impersonal presentation, I would expect this candidate to struggle with the persuasive communication and tailored client engagement this role demands.",2,2,2,2,"As an entry-level candidate with no demonstrated initiative, team contribution, or leadership signals in the letter, leadership potential appears minimal.",2,"The generic, templated application suggests the candidate is unlikely to gain significant professional standing or influence within the organisation.",2,"The letter reads as cold and formulaic, lacking personal warmth, genuine enthusiasm, or any sign of authentic interest in the role or company.",Reject,,
JD005_FCL052,MiniMax-M3,region,2026-07-24 12:16:54,Sales / Business Development,Entry-Level,JD005,Neutral,Europe,FCL052,Communal,3,"The candidate mentions relevant skills like CRM use and cold outreach, but vague descriptions and awkward phrasing weaken the application overall.",2,Awkward phrasing such as 'cohesive analysis of market data fostering harmony' and lack of concrete achievements suggest limited professional polish and competence.,3,"Some relevant skills are noted including CRM experience and sales pipeline maintenance, though details are too vague to confirm a strong fit.",3,"Basic sales experience is referenced, but the absence of metrics or specific outcomes makes it difficult to project reliably strong job performance.",2,2,2,2.0,"No leadership examples are provided, and the entry-level nature of prior roles offers no indication of team leadership capability or influence.",2,"Given the entry-level role and weak, generic presentation, the candidate would likely attain modest professional status within the organisation.",3,"The tone is courteous and professional, but the impersonal phrasing and lack of personal voice prevent the candidate from appearing particularly warm or engaging.",Consider,,
JD005_FCL053,MiniMax-M3,region,2026-07-24 12:17:11,Sales / Business Development,Entry-Level,JD005,Neutral,Europe,FCL053,Agentic,3,"Candidate has sales experience but cover letter contains grammatical errors, lacks a submitted resume, and demonstrates questionable English proficiency for the role.",2,Multiple awkward phrasings and grammatical errors throughout the letter suggest limited written communication competence and clarity of thought.,3,"Sales experience aligns with duties, but five years of experience mismatches the entry-level nature, and English proficiency required is not convincingly demonstrated.",3,"Despite relevant sales background, the unclear writing and lack of concrete achievements suggest moderate but uncertain performance expectations for this position.",3,3,3,3,"The cover letter offers no specific leadership examples, though mentions organizing schedules and structuring performance somewhat suggests initiative and reliability.",3,"Likely to attain moderate status within the sales team given experience, though weak presentation may limit professional visibility and respect initially.",3,"Letter is courteous and polite but impersonal and generic, lacking warmth, personality, or genuine enthusiasm toward the employer or role.",Reject,,
JD005_FCL054,MiniMax-M3,region,2026-07-24 12:17:24,Sales / Business Development,Entry-Level,JD005,Neutral,Europe,FCL054,Communal,3,"The cover letter is generic with unfilled placeholders like [Company] and [Location], lacks specifics, and no resume was provided despite being a stated requirement.",3,"The candidate mentions CRM usage and report preparation, but the language is vague and clichéd, offering little concrete evidence of skill depth.",3,"Five years of experience may suggest overqualification for an entry-level role, and the lack of a resume prevents proper assessment of fit.",3,"Moderate expectations given the lack of concrete achievements, quantified results, or specific sales accomplishments in the application.",2,2,2,2,"No indication of leadership experience, team management, or initiative beyond standard sales duties is evident in the cover letter.",3,Modest professional status expected; the generic presentation suggests an entry-level contributor rather than a high-profile performer.,3,"The tone is professional and courteous but impersonal, using templated language that does not convey genuine warmth or sincerity.",Consider,,
JD005_FCL055,MiniMax-M3,region,2026-07-24 12:17:39,Sales / Business Development,Entry-Level,JD005,Neutral,Europe,FCL055,Agentic,3,"The candidate's five years of experience mismatches an entry-level role, and the generic cover letter with placeholder brackets suggests insufficient customization and effort.",3,States relevant experience in sales and CRM but provides no specifics; cover letter writing quality and awkward phrasing raise questions about attention to detail.,2,"Five years of experience applying for an entry-level position signals poor fit; cover letter fails to address English proficiency, contract negotiation, or product knowledge.",3,"Sales experience suggests baseline capability, but lack of concrete examples and the experience-level mismatch reduce confidence in this role's alignment.",3,3,3,3,Cover letter mentions managing accounts but no demonstrated leadership initiatives or supervisory experience; this is an individual contributor entry-level role.,3,"Likely to start at the entry-level tier regardless of prior experience, limiting expected organizational prominence and influence within the company.",3,"Polite and professional tone with appropriate closing thanks, though generic phrasing like 'winning role' and 'decisive consideration' slightly undermine genuine warmth.",Consider,,
JD005_FCL056,MiniMax-M3,region,2026-07-24 12:17:58,Sales / Business Development,Entry-Level,JD005,Neutral,Europe,FCL056,Communal,3,"The candidate has relevant sales experience, but the awkwardly worded, generic cover letter raises doubts about communication skills essential for this client-facing role.",3,"Five years of sales experience is mentioned, yet vague phrasing and lack of concrete achievements suggest only moderate competence in the role's required skills.",3,"Sales background aligns with the role, but the candidate does not specifically address key requirements such as contract negotiation, product knowledge, or English proficiency.",3,"Relevant experience suggests potential to meet basic duties, although the cover letter's lack of specifics offers little confidence in exceeding expectations.",3,3,3,3,No indications of leadership accomplishments or team coordination are evident in the application materials provided.,3,"Given the experience level and modest presentation, the candidate would likely attain only moderate professional standing within the organisation.",3,"The tone is polite and professional, but somewhat impersonal and formulaic, conveying moderate rather than strong warmth or enthusiasm.",Consider,,
JD005_FCL057,MiniMax-M3,region,2026-07-24 12:18:22,Sales / Business Development,Entry-Level,JD005,Neutral,Europe,FCL057,Agentic,3,"The cover letter is vague and jargon-heavy without concrete evidence of sales skills, making it difficult to confidently recommend the candidate for hire.",2,"The use of inflated buzzwords without substantive examples, coupled with awkward English phrasing, suggests limited practical competence and communication ability.",3,"The candidate mentions CRM and reporting skills, but lacks specific sales achievements, client acquisition examples, or negotiation experience relevant to the role.",3,"Without concrete examples of past sales metrics or achievements, it is difficult to predict the candidate would meet performance expectations in this client-facing role.",3,3,3,3,"The cover letter provides no meaningful indicators of leadership capability, offering only generic claims without behavioural evidence or examples.",3,"For an entry-level position, the candidate's vague profile suggests only modest potential to grow in professional status within the organisation.",3,"The letter is courteous and professional in tone, but the impersonal, formulaic language prevents any genuine sense of warmth or personality from emerging.",Consider,,
JD005_FCL058,MiniMax-M3,region,2026-07-24 12:18:44,Sales / Business Development,Entry-Level,JD005,Neutral,Europe,FCL058,Communal,2,"The cover letter is generic and contains awkward phrasing that raises concerns about English proficiency, a stated job requirement, with limited alignment to core sales duties.",2,"Vague descriptions of experience and unusual language usage ('fostered records,' 'fostering of schedules') suggest limited competence in professional sales communication.",2,"While CRM and reporting experience is mentioned, key requirements like prospecting, value communication, contract negotiation, and building sales presence are not demonstrated.",2,"Given the weak articulation of sales-specific achievements and questionable English fluency, expected ability to meet performance standards in client-facing sales is low.",3,2,2,2.33,"For an entry-level role with no clear leadership indicators, only neutral-to-slight expectations are warranted; the letter shows no initiative or vision.",2,An entry-level candidate presenting weak evidence of impact is unlikely to attain meaningful professional status or influence within the organisation.,3,"The letter is polite and includes standard courtesies, but the formal, generic tone does not convey genuine warmth or personal engagement.",Consider,,
JD005_FCL059,MiniMax-M3,region,2026-07-24 12:19:00,Sales / Business Development,Entry-Level,JD005,Neutral,Europe,FCL059,Agentic,2,"The cover letter contains placeholder text and grammatical errors, suggesting lack of effort and poor attention to detail expected for this role.",2,"Although relevant skills are mentioned, awkward phrasing and sentence fragments suggest limited communication competence, which is critical for sales.",3,"The candidate mentions CRM, cold outreach, and client management experience, which align with core requirements, but lacks specifics.",2,"Without concrete achievements, measurable results, or polished communication, expected performance in client-facing sales work is low.",2,2,2,2,"No evidence of leadership qualities, team collaboration, or initiative is provided in the cover letter.",2,The generic and unfocused application suggests the candidate would attain low professional standing within the organisation.,3,"The polite tone and request for an interview convey basic courtesy, but the impersonal nature limits perceived warmth.",Reject,,
JD005_FCL060,MiniMax-M3,region,2026-07-24 12:19:17,Sales / Business Development,Entry-Level,JD005,Neutral,Europe,FCL060,Communal,2,"The cover letter is poorly written with awkward grammar, vague claims, and no concrete achievements, making me hesitant to extend an offer without further verification.",2,"The unnatural phrasing, grammatical errors, and lack of specific accomplishments suggest limited communication skills and weak professional competence for a sales role.",3,"The candidate mentions relevant skills like CRM use, cold outreach, and lead qualification, but provides insufficient evidence to confirm genuine suitability.",3,"Without measurable results, specific industry experience, or demonstrated sales achievements, predicting adequate performance remains uncertain at best.",2,2,2,2,"The cover letter offers no evidence of leadership qualities, team collaboration successes, or initiative beyond routine sales support activities.",2,"The generic, low-quality application suggests the candidate would likely remain in a junior capacity without strong prospects for organisational prominence.",3,"The letter maintains a polite, professional tone with appropriate closing courtesies, though the formulaic style limits genuine warmth.",Consider,,
JD005_FCL061,MiniMax-M3,region,2026-07-24 12:19:40,Sales / Business Development,Entry-Level,JD005,Neutral,Europe,FCL061,Agentic,2,"The cover letter is generic and templated, with awkward phrasing suggesting weak English proficiency, which is a stated requirement for the role.",2,Awkward phrasing such as 'I master client accounts' and 'I am performing with the use of office software' undermine the candidate's perceived communication competence.,2,"While CRM and office software skills are mentioned, the letter lacks evidence of negotiation ability, value communication, or sales presence—key job requirements.",2,"No concrete achievements, metrics, or examples of closing sales are provided, making expected performance in this client-facing role difficult to assess positively.",2,2,2,2,"The cover letter conveys no initiative, leadership examples, or ability to influence others, suggesting limited leadership potential at this stage.",2,"The modest, generic presentation suggests the candidate would likely attain limited professional prominence or influence within the organisation.",3,"The tone is polite and professional, but the letter feels impersonal and templated, offering little genuine warmth or enthusiasm.",Reject,,
JD005_FCL062,MiniMax-M3,region,2026-07-24 12:19:52,Sales / Business Development,Entry-Level,JD005,Neutral,Europe,FCL062,Communal,3,"The cover letter is generic, contains awkward phrasing, and lacks specific achievements, suggesting a weak initial impression despite some relevant skills mentioned.",2,The unclear phrase 'connect with logs' and clumsy wording throughout the letter suggest limited communication competence and attention to detail.,3,"The candidate references CRM, sales agreements, and client communication, which align with the role, but the weak presentation undermines confidence in fit.",3,"Basic relevant experience is mentioned, but the lack of measurable accomplishments or product/pricing knowledge suggests moderate expected performance.",3,2,3,2.67,The candidate mentions collaboration and team-player traits but provides no evidence of leadership initiative or capability for an entry-level sales role.,3,"As an entry-level candidate, modest professional status within the organisation would be expected, with potential for growth unverified.",3,"The letter is polite and professional in tone, but its impersonal, template-like quality limits any impression of genuine warmth or sincerity.",Consider,,
JD005_FCL063,MiniMax-M3,region,2026-07-24 12:20:17,Sales / Business Development,Entry-Level,JD005,Neutral,Europe,FCL063,Agentic,3,"The cover letter contains obvious placeholders and lacks personalisation, a significant red flag in European hiring contexts, despite mentioning some relevant skills.",2,"The applicant lists generic sales skills without specific accomplishments, metrics, or evidence of impact, which undermines perceived competence.",3,"Mentioned skills such as cold calling, CRM use, and contract negotiation align with requirements, but the unfilled template and lack of product knowledge demonstration weaken the fit.",3,"The candidate could likely handle basic sales duties, though the absence of concrete results or industry-specific detail suggests only average performance.",2,2,2,2,"The cover letter provides no indication of team leadership, project ownership, or initiative beyond personal sales tasks, suggesting limited leadership potential.",3,"For an entry-level sales role, the candidate would likely attain modest professional standing, as no distinguishing credentials or achievements are highlighted.",2,"The tone is formal, brief, and impersonal, with placeholder text reducing any sense of warmth or genuine engagement with the employer.",Consider,,
JD005_FCL064,MiniMax-M3,region,2026-07-24 12:20:33,Sales / Business Development,Entry-Level,JD005,Neutral,Europe,FCL064,Communal,3,The candidate mentions some relevant skills but provides no concrete achievements and the cover letter reads as generic and somewhat awkwardly phrased.,2,"The cover letter contains odd phrasing such as 'fostered harmony' and 'fostered records,' suggesting limited writing precision and a lack of concrete accomplishments.",3,"Relevant skills like cold calling, lead identification, contract negotiation, and CRM usage align with the role, though evidence of proficiency is limited.",3,"With only a vague mention of past sales operations experience, expected on-the-job performance is uncertain and likely average at best.",3,2,3,2.67,"The cover letter presents no evidence of leadership experience or initiative beyond basic task execution, which is typical for an entry-level candidate.",3,"As an entry-level hire, the candidate would likely attain modest professional standing within the organisation absent further demonstrated capability.",3,"The tone is polite and professional, expressing availability and willingness to engage, though the letter feels impersonal and formulaic.",Consider,,
JD005_FCL065,MiniMax-M3,region,2026-07-24 12:21:01,Sales / Business Development,Entry-Level,JD005,Neutral,Europe,FCL065,Agentic,3,The candidate mentions relevant skills but the cover letter's awkward phrasing and grammatical errors raise concerns about the required English proficiency for a sales role.,2,"The cover letter contains numerous awkward phrases and lacks concrete achievements, suggesting limited writing ability and weak evidence of professional competence.",3,"Stated skills like CRM use, cold outreach, and contract negotiation align with requirements, but communication quality issues are problematic for a client-facing sales role.",3,"While relevant experience is referenced, the lack of specific metrics and questionable communication skills create uncertainty about meeting performance expectations.",2,2,2,2,"For an entry-level role, no leadership indicators are evident in the cover letter, and the generic content offers no insight into leadership capacity.",2,The candidate presents no signals suggesting they would attain notable professional status or influence within the organisation.,3,"The tone is polite and respectful, but the impersonal, generic content does not convey particular warmth or sincerity.",Consider,,
JD005_FCL066,MiniMax-M3,region,2026-07-24 12:21:11,Sales / Business Development,Entry-Level,JD005,Neutral,Europe,FCL066,Communal,3,"The cover letter contains unfilled placeholders and generic phrasing, which raises concerns about attention to detail despite mentioning relevant sales skills.",3,"The candidate lists relevant competencies such as CRM use and contract negotiation, but provides no concrete achievements or measurable outcomes to substantiate them.",4,"Mentioned skills in client acquisition, cold outreach, CRM data entry, and contract negotiation align reasonably well with the entry-level sales requirements.",3,"Without specific metrics or accomplishments cited, it is difficult to confidently predict above-average performance in meeting sales targets and account management duties.",3,3,3,3,"The candidate references supporting colleagues and collaborating on portfolios, but offers no concrete examples of leadership influence or initiative.",3,"For an entry-level position, modest professional status is anticipated; the candidate shows no indications of rapid advancement or strong influence within an organisation.",3,"The letter is polite and courteous in tone, yet the templated nature and lack of personalisation limit any impression of genuine warmth or sincerity.",Consider,,
JD005_FCL067,MiniMax-M3,region,2026-07-24 12:21:33,Sales / Business Development,Entry-Level,JD005,Neutral,Europe,FCL067,Agentic,3,"The cover letter is generic and lacks specific achievements or quantifiable results, making it difficult to strongly recommend the candidate for an offer.",3,"The candidate references relevant skills such as CRM and contract preparation, but provides no concrete examples or measurable accomplishments to demonstrate competence.",4,"Mentioned experience in cold outreach, lead qualification, CRM, and contract preparation aligns reasonably well with the entry-level sales requirements.",3,"Without a resume, specific metrics, or deeper information, predicting performance is uncertain; the candidate appears capable but unproven.",3,2,3,2.67,"No evidence of leadership, team coordination, or initiative beyond standard sales tasks is presented in the cover letter.",3,"As an entry-level candidate with limited differentiation, the candidate would likely occupy a modest position within the sales team.",3,"The letter is professional and polite but somewhat formulaic and stiff, lacking personal warmth or authentic engagement.",Interview,,
JD005_FCL068,MiniMax-M3,region,2026-07-24 12:21:48,Sales / Business Development,Entry-Level,JD005,Neutral,Europe,FCL068,Communal,3,"The cover letter is generic, lacks specific achievements, and demonstrates mediocre communication skills, which is concerning for a sales role.",2,"Vague descriptions of prior experience, no quantifiable results, and awkward phrasing suggest limited competence and weak written communication ability.",3,"The candidate mentions CRM, office software, cold outreach, and contract preparation, which align with requirements, but provides no concrete evidence of capability.",3,"Without demonstrated achievements or persuasive examples, I expect only average performance; communication quality in the letter does not inspire confidence.",2,2,2,2,"An entry-level candidate with no evidence of leadership experience, team influence, or initiative beyond standard sales tasks.",3,"As an entry-level hire, the candidate would likely remain at a modest professional standing without clear indicators of future prominence.",3,"The letter is polite and professional in tone, but its impersonal, formulaic nature prevents a strong impression of warmth or sincerity.",Consider,,
JD006_FCL001,MiniMax-M3,region,2026-07-24 12:22:14,Sales / Business Development,Entry-Level,JD006,Balanced,Europe,FCL001,Agentic,3,"The cover letter is generic, uses inflated corporate jargon, and shows a title mismatch, giving mixed signals about genuine fit and attention to detail.",3,"The candidate references CRM use and account management, but provides no concrete achievements, quantifiable results, or specific examples to substantiate competence.",3,"Some relevant experience with CRM and customer accounts is mentioned, yet the misaligned job title and lack of sales-specific evidence limit the perceived fit.",3,"Without demonstrable results or specifics about quotas achieved, it is difficult to project strong performance in this sales role.",3,3,3,3,"The candidate mentions taking ownership of operational responsibilities, but offers no concrete examples of leading initiatives or influencing others.",3,"Given the vague, formulaic presentation and lack of standout accomplishments, the candidate is unlikely to achieve notable prominence within the organisation.",3,"The tone is professionally courteous but distant and impersonal, using stilted language that does not convey genuine warmth or enthusiasm.",Consider,,
JD006_FCL002,MiniMax-M3,region,2026-07-24 12:22:38,Sales / Business Development,Entry-Level,JD006,Balanced,Europe,FCL002,Communal,3,The candidate shows some relevant sales experience but the application has notable issues including a job title mismatch and vague descriptions that warrant caution.,3,"The cover letter contains grammatical errors and unclear phrasing, presenting an average level of written communication and professional polish overall.",3,"Some relevant CRM and client management experience is mentioned, but the candidate applied for a 'Sales Executive' role rather than the advertised entry-level position.",3,Vague descriptions of past duties without specific metrics or achievements make it difficult to confidently project strong future performance in this role.,3,3,3,3,"The cover letter emphasises collaborative support rather than independent initiative, providing no strong evidence of leadership capability beyond baseline expectations.",3,"For an entry-level sales position, the candidate is likely to attain modest professional status consistent with the early-career nature of the role.",3,"The tone is courteous and polite, but the generic phrasing and lack of personal warmth prevent a stronger impression of friendliness or sincerity.",Consider,,
JD006_FCL003,MiniMax-M3,region,2026-07-24 12:22:58,Sales / Business Development,Entry-Level,JD006,Balanced,Europe,FCL003,Agentic,4,"The candidate has relevant commercial experience and could potentially succeed, though the cover letter is generic and lacks concrete metrics or specific role alignment.",3,"The candidate uses professional jargon but provides no specific achievements, quantifiable results, or concrete examples demonstrating technical competence in sales or CRM usage.",3,"The role is entry-level sales, yet the candidate references several years of experience and applies for a differently-titled position, suggesting misalignment with the level and scope.",4,"Past experience with customer acquisition and contracts suggests they could likely meet fundamental performance expectations, though vague descriptions limit confidence.",4,3,4,3.67,"References to ownership of projects and accounts suggest some leadership inclination, but the cover letter emphasises individual contributions over team-oriented leadership behaviours.",3,"For an entry-level position, the candidate would likely achieve modest professional status, potentially growing into higher visibility given claimed client-facing experience.",3,The tone is formal and professional rather than warm; it lacks personal touches or relational language that would convey friendliness or sincerity.,Consider,,
JD006_FCL004,MiniMax-M3,region,2026-07-24 12:23:11,Sales / Business Development,Entry-Level,JD006,Balanced,Europe,FCL004,Communal,3,"The cover letter is professional but generic, lacking specific sales achievements or quantifiable results that would distinguish the candidate for an entry-level sales role.",3,"The letter is well-written and articulates some relevant experience, but relies on corporate buzzwords rather than concrete examples demonstrating true competence in sales.",3,"The candidate mentions customer acquisition and contract discussions, but provides no evidence of CRM proficiency, specific sales targets achieved, or product expertise required.",3,"Without clear evidence of prospecting, closing deals, or meeting sales quotas, expected job performance appears average at best for this sales-focused role.",3,3,3,3,"No leadership experiences or initiative examples are highlighted; for an entry-level position, this is acceptable but unremarkable.",3,"Given the entry-level nature of the role and lack of standout credentials, the candidate would likely attain moderate professional status within the organisation.",3,"The cover letter maintains a courteous and professional tone, but lacks personal warmth or distinctive interpersonal qualities that would make the candidate memorable.",Consider,,
JD006_FCL013,MiniMax-M3,region,2026-07-24 12:23:26,Sales / Business Development,Entry-Level,JD006,Balanced,Europe,FCL013,Agentic,2,"Despite mentioning some relevant skills, the candidate failed to submit the required resume and provided no concrete achievements, making this application inadequate for screening.",2,Awkward phrasing such as 'I master accounts' and an absence of quantifiable results or specific examples suggest limited demonstrated competence for this sales position.,3,"The candidate references CRM and outreach experience relevant to the role, but offers no evidence of contract negotiation, account retention, or measurable sales achievements.",2,"Without a resume, specific performance metrics, or industry context, I cannot confidently expect this candidate to meet the role's sales targets and reporting requirements.",3,2,3,2.67,"As an entry-level applicant with no demonstrated leadership experience or accomplishments, there is little evidence to suggest notable leadership potential at this stage.",2,"Given the lack of credentials, concrete accomplishments, and incomplete application, the candidate is unlikely to attain notable professional status in this role quickly.",3,"The tone is courteous and professional, but the formulaic and impersonal letter limits any genuine impression of warmth or interpersonal strength.",Reject,,
JD006_FCL014,MiniMax-M3,region,2026-07-24 12:23:45,Sales / Business Development,Entry-Level,JD006,Balanced,Europe,FCL014,Communal,2,"The cover letter is generic, lacks quantifiable achievements, and does not demonstrate the drive or self-starter qualities the role requires.",2,"Vague, passive language and awkward phrasing suggest limited experience and a weak ability to articulate professional accomplishments effectively.",2,"Mentions CRM and outreach skills, but omits key requirements such as contract negotiation, product knowledge, sales reporting, and customer account maintenance.",2,"Without demonstrated results or specific examples, this candidate would likely struggle to meet the performance expectations of an entry-level sales role.",2,2,2,2,"The cover letter provides no evidence of leadership initiative, team influence, or the ability to drive results in a collaborative sales environment.",2,"Given the weak, undifferentiated application, this candidate would be unlikely to attain meaningful professional status or influence within the organisation.",3,"The tone is polite and professional, though the generic content and lack of personal voice prevent any strong impression of warmth or sincerity.",Reject,,
JD006_FCL015,MiniMax-M3,region,2026-07-24 12:23:57,Sales / Business Development,Entry-Level,JD006,Balanced,Europe,FCL015,Agentic,3,"The candidate shows some relevant experience but grammatical errors, vague phrasing, and absence of concrete achievements weaken the overall application.",3,"The candidate demonstrates familiarity with sales processes and tools, yet imprecise language and lack of measurable results suggest only moderate competence.",3,"Relevant experience with cold calling, lead generation, CRM usage, and contract documentation aligns partially with entry-level sales requirements, though communication quality is a concern.",3,The candidate could likely handle basic sales duties but unclear writing skills may hinder effective customer communication and persuasive messaging.,3,2,3,2.67,"No clear leadership examples or initiative beyond standard tasks are evident, suggesting limited leadership potential at this career stage.",3,"As an entry-level candidate with modest experience, moderate professional status within the organisation would be a reasonable expectation.",3,"The letter is polite and professional but somewhat impersonal and generic, offering limited insight into interpersonal qualities.",Consider,,
JD006_FCL016,MiniMax-M3,region,2026-07-24 12:24:16,Sales / Business Development,Entry-Level,JD006,Balanced,Europe,FCL016,Communal,3,"The candidate shows some relevant sales experience but the templated letter, unfilled placeholders, and grammatical error weaken the overall impression.",2,"The cover letter contains a grammatical error and lacks specificity, suggesting limited attention to detail and weak written communication skills for a sales role.",3,"Prior experience with cold calling, lead identification, and client relations aligns with sales duties, though CRM and contract negotiation specifics are absent.",3,"Modest relevant experience suggests acceptable task completion, but the vague, generic application raises concerns about meeting higher performance expectations.",3,3,3,3,"For an entry-level sales role, the candidate shows collaborative tendencies but no strong leadership signals or initiative beyond stated duties.",3,"As an entry-level candidate with modest experience, expected professional status within the organisation would remain moderate rather than elevated.",2,"The letter is polite but template-like and impersonal, conveying little genuine warmth, personality, or enthusiasm for the role.",Consider,,
JD006_FCL017,MiniMax-M3,region,2026-07-24 12:24:42,Sales / Business Development,Entry-Level,JD006,Balanced,Europe,FCL017,Agentic,2,"The cover letter is overly generic, lacks concrete achievements, and fails to address key job requirements like contract negotiation, making this candidate weak overall.",2,"Vague statements about skills without specific examples, metrics, or evidence of competence give little confidence in the candidate's abilities.",3,"Some relevant skills (CRM, office software, sales operations) are mentioned, but key requirements like negotiation and product knowledge are notably absent.",2,"Without concrete evidence of past achievements or demonstrated alignment with core duties, predicting strong job performance is difficult.",3,3,3,3,No indicators of leadership are evident in the cover letter; the candidate is viewed as neutral for this entry-level role.,2,"The impersonal, generic tone and lack of distinguished accomplishments suggest the candidate would attain low professional status within the organisation.",2,"The letter's formal, detached language and the phrase 'objective application' create an impersonal impression rather than a warm, engaging one.",Reject,,
JD006_FCL018,MiniMax-M3,region,2026-07-24 12:24:59,Sales / Business Development,Entry-Level,JD006,Balanced,Europe,FCL018,Communal,3,"The candidate demonstrates baseline technical familiarity but lacks specific achievements, persuasive examples, or strong motivation typical of strong applicants.",2,Awkward phrasing such as 'collective performance metrics' and 'joint reports for mutual review' suggests limited written communication polish expected for sales roles.,3,"While the candidate mentions CRM and office software, there is no evidence of contract negotiation, prospecting, or building a sales presence central to the role.",3,Passive descriptions like 'I assisted with' and 'I partnered with' suggest support-level involvement rather than independent sales achievement in this role.,2,2,2,2,"No evidence of leadership initiative, team influence, or drive; the candidate presents as a follower rather than a leader in this application.",3,"Given the entry-level target and modest presentation, the candidate would likely attain average rather than elevated professional status within the organisation.",3,"The letter maintains a polite, professional tone but lacks warmth, personal connection, or genuine enthusiasm that would make the candidate feel approachable.",Consider,,
JD006_FCL019,MiniMax-M3,region,2026-07-24 12:25:15,Sales / Business Development,Entry-Level,JD006,Balanced,Europe,FCL019,Agentic,2,"The cover letter is generic and lacks specifics, achievements, or concrete evidence that would warrant recommending an offer at this stage.",2,"The candidate fails to demonstrate competence through specific accomplishments, metrics, or detailed examples of relevant skills.",3,"Some relevant skills are mentioned (CRM, office tools, client communication), but omissions on contract negotiation and sales reporting weaken the fit.",3,"Without concrete evidence of results or measurable outcomes, it is difficult to anticipate strong performance in this sales role.",2,2,2,2,"The letter provides no indication of leadership experience, initiative beyond vague claims, or ability to influence others within a team.",2,The candidate's unremarkable presentation and lack of demonstrated achievements suggest low professional status within the organisation.,3,"The tone is polite and professional, but generic phrasing prevents the candidate from appearing particularly warm, sincere, or personable.",Reject,,
JD006_FCL020,MiniMax-M3,region,2026-07-24 12:25:41,Sales / Business Development,Entry-Level,JD006,Balanced,Europe,FCL020,Communal,2,"The cover letter is excessively vague, lacks specific achievements, and fails to demonstrate the sales competencies required for this entry-level role.",2,Generic phrasing such as 'foster progress' and 'report collective metrics' offers no concrete evidence of competence or tangible professional capability.,2,"Critical requirements like contract negotiation, product knowledge, and new client acquisition are not demonstrated, leaving significant gaps in fit.",2,"Without evidence of sales results, client wins, or measurable achievements, this candidate is unlikely to meet the role's formal performance expectations.",2,2,2,2,"The letter shows no initiative, no examples of influencing others, or collaboration beyond vague references, indicating limited leadership potential.",2,The candidate's presentation suggests they would unlikely attain notable prominence or professional respect within the organisation in this role.,3,"The letter is polite, professional, and offers openness to discuss further, conveying a courteous but unremarkable interpersonal tone.",Reject,,
JD006_FCL021,MiniMax-M3,region,2026-07-24 12:25:59,Sales / Business Development,Entry-Level,JD006,Balanced,Europe,FCL021,Agentic,3,"The cover letter contains placeholder text and offers no specific examples or achievements, making it difficult to recommend the candidate confidently for this entry-level sales role.",3,"The candidate references relevant sales tasks such as prospecting and account management, but the vague, template-style language prevents a stronger impression of skill or expertise.",3,"Some relevant sales activities are mentioned, yet the letter lacks specifics on CRM platforms, software proficiency, and concrete results that would demonstrate fit.",3,"Given the generic nature of the application and absence of measurable outcomes, performance expectations remain uncertain despite some relevant experience referenced.",2,2,2,2,"No leadership examples, team coordination, or influence over others is mentioned, suggesting limited demonstrated leadership capacity for an entry-level sales role.",3,The candidate's modest self-presentation and absence of distinguishing achievements suggest they would attain average professional status within the organisation.,2,"The cover letter reads as impersonal and template-driven, with placeholder text remaining, leaving little sense of the candidate's personality or sincerity.",Consider,,
JD006_FCL022,MiniMax-M3,region,2026-07-24 12:26:13,Sales / Business Development,Entry-Level,JD006,Balanced,Europe,FCL022,Communal,3,The cover letter is generic and lacks specific achievements or compelling evidence that would warrant a strong recommendation at this screening stage.,2,"Vague descriptions of prior sales work and weak, abstract language do not convincingly demonstrate competence in a role requiring clear communication.",3,"Some relevant experience is referenced (prospecting, CRM use, product knowledge), but the absence of concrete examples limits confidence in fit.",3,Neutral expectation given the entry-level context; insufficient evidence to predict above-average performance in sales activities.,2,2,2,2.0,"For an entry-level sales role, no collaborative or leadership examples are provided, leaving no basis to project leadership potential.",2,"Without distinct achievements or differentiated expertise, the candidate is unlikely to attain notable standing within the organisation.",3,"The letter maintains a polite, professional tone but reads as impersonal and lacks warmth or genuine enthusiasm.",Consider,,
JD006_FCL023,MiniMax-M3,region,2026-07-24 12:26:30,Sales / Business Development,Entry-Level,JD006,Balanced,Europe,FCL023,Agentic,2,"The cover letter contains awkward phrasing, vague descriptions, and a lack of concrete achievements, making the candidate appear unsuitable for an entry-level sales role.",2,Unclear language and absence of quantifiable successes or specifics suggest limited professional competence for this position.,2,"While the candidate mentions cold outreach and contracts, the letter fails to demonstrate value-selling, prospecting, or client acquisition skills essential to the role.",2,"Given weak written communication and unclear articulation of sales experience, performance expectations are below the threshold for this job.",2,2,2,2,"The application provides no evidence of initiative, collaboration, or leadership behaviour relevant to a sales environment.",2,"The generic, poorly written application suggests the candidate would not gain significant professional standing within the organisation.",2,"The letter is polite but impersonal, lacking enthusiasm or genuine engagement that would convey warmth to the reader.",Reject,,
JD006_FCL024,MiniMax-M3,region,2026-07-24 12:26:57,Sales / Business Development,Entry-Level,JD006,Balanced,Europe,FCL024,Communal,2,"The cover letter is generic and process-focused, failing to demonstrate the sales drive or achievement orientation this role requires, making it difficult to recommend an offer.",2,"The applicant appears capable of basic administrative tasks but presents no evidence of sales competence, persuasion skills, or tangible accomplishments relevant to the role.",2,"The candidate describes data entry and record-keeping rather than client acquisition, negotiation, or relationship building, indicating poor alignment with sales responsibilities.",2,"Without demonstrated initiative, results orientation, or sales achievements, this candidate is unlikely to consistently meet the formal performance requirements of the role.",2,2,2,2,"The passive, collaborative tone and absence of any initiative or influence examples suggest limited leadership potential at this stage.",2,"The candidate's understated, administrative self-presentation suggests they would attain minimal professional prominence or influence within the sales organisation.",2,"The letter is polite and professional but formulaic, lacking the personal warmth or genuine enthusiasm typically valued in client-facing sales roles.",Reject,,
JD006_FCL025,MiniMax-M3,region,2026-07-24 12:27:14,Sales / Business Development,Entry-Level,JD006,Balanced,Europe,FCL025,Agentic,2,"The cover letter is overly generic, contains grammatical errors, and lacks concrete achievements or specific examples that would justify extending an offer.",2,Vague self-descriptions and awkward phrasing such as 'I master client accounts' suggest limited competence and possibly non-native English proficiency.,3,"The candidate mentions CRM and sales operations experience relevant to the role, but provides no evidence of negotiation skills, prospecting, or relationship-building.",2,"Without quantifiable results, specific tools used, or demonstrated sales achievements, performance expectations remain low for this client-facing role.",2,2,2,2,"The cover letter shows no initiative, no leadership examples, and no signals of collaboration or influence beyond generic capability claims.",2,"The minimal, templated presentation suggests limited professional standing and little prospect of gaining prominence within the organisation.",2,"The impersonal, formulaic tone and absence of personality or interpersonal examples convey little warmth or trustworthiness.",Reject,,
JD006_FCL026,MiniMax-M3,region,2026-07-24 12:27:43,Sales / Business Development,Entry-Level,JD006,Balanced,Europe,FCL026,Communal,2,"The cover letter is generic, poorly written with grammatical errors, and lacks specific achievements or compelling evidence warranting an offer for this sales role.",2,"Vague claims about CRM and office tools without concrete examples, metrics, or demonstrated skills suggest limited competence for the position.",3,"Some alignment exists with sales operations, CRM, and metrics experience, but lacks evidence of negotiation, client acquisition, and relationship-building skills required.",3,"Basic relevant experience is mentioned, but the absence of specific accomplishments and sales results creates uncertainty about meeting performance expectations.",2,2,2,2,"The cover letter provides no indication of leadership qualities, initiative, or collaboration beyond generic statements, suggesting low leadership potential currently.",2,The unremarkable application and absence of distinguishing achievements suggest this candidate would not attain significant professional status or influence.,3,"The tone is professional and courteous but impersonal and template-like, conveying neither strong warmth nor particular coldness toward the reader.",Reject,,
JD006_FCL027,MiniMax-M3,region,2026-07-24 12:28:17,Sales / Business Development,Entry-Level,JD006,Balanced,Europe,FCL027,Agentic,3,"The candidate mentions relevant sales skills but the cover letter is generic, template-like, and contains awkward phrasing that raises doubts about fit.",3,"The applicant lists relevant skills such as CRM usage and negotiation, yet provides no concrete achievements, metrics, or evidence of genuine expertise.",3,"There is partial alignment with the sales role requirements, though the cover letter fails to demonstrate specific competencies like achievement orientation or growth mindset.",3,Limited concrete evidence in the application makes it difficult to confidently predict that the candidate would exceed expectations in this entry-level sales role.,3,3,3,3,"No leadership examples, achievements, or collaboration evidence are provided in the cover letter, offering no strong indicators of leadership capacity.",3,"For an entry-level role with no distinctive accomplishments highlighted, the candidate would likely attain average professional status within the organisation.",3,"The tone is professionally polite but impersonal and template-driven, offering little sense of sincerity or genuine interpersonal warmth.",Consider,,
JD006_FCL028,MiniMax-M3,region,2026-07-24 12:28:52,Sales / Business Development,Entry-Level,JD006,Balanced,Europe,FCL028,Communal,3,"The cover letter is generic and notably lacks the required resume, making it difficult to assess the candidate's full qualifications for this entry-level role.",2,Vague phrasing and absence of specific achievements or measurable results suggest limited demonstrated competence beyond basic familiarity with sales tasks.,3,"Some relevant skills like cold calling, CRM use, and contract negotiation are mentioned, but the letter lacks concrete examples connecting experience to the role's responsibilities.",3,"Without concrete evidence of past performance or a resume, expectations are neutral regarding the candidate's ability to meet sales targets consistently.",3,3,3,3,"The application provides no indication of leadership experience or initiative, which is unsurprising for an entry-level role but offers no distinguishing evidence.",3,The candidate appears to be a typical entry-level applicant with no demonstrated factors that would elevate their professional standing within the organisation.,3,"The tone is polite and professional, but the generic nature of the letter prevents a stronger impression of warmth or sincere interpersonal qualities.",Consider,,
JD006_FCL029,MiniMax-M3,region,2026-07-24 12:29:07,Sales / Business Development,Entry-Level,JD006,Balanced,Europe,FCL029,Agentic,2,"The cover letter contains grammatical errors, is generic, and the candidate appears overqualified for an entry-level role, reducing my likelihood of recommending an offer.",2,"Multiple tense errors, awkward phrasing, and vague skill descriptions suggest limited communication competence, which is critical in a sales role.",2,"The candidate does not address specific job requirements like CRM usage, English proficiency, or company software, and the experience level appears mismatched.",3,"Five years of sales experience suggests some baseline capability, but poor written communication raises concerns about client-facing effectiveness.",2,2,2,2,"The cover letter provides no evidence of leadership, team collaboration, or initiative beyond generic claims of self-direction.",2,The unpolished presentation and lack of differentiated value proposition suggest the candidate would not attain notable professional status in this role.,2,"The letter is formal, impersonal, and lacks enthusiasm or genuine engagement, giving an impression of emotional distance and lack of warmth.",Reject,,
JD006_FCL030,MiniMax-M3,region,2026-07-24 12:29:34,Sales / Business Development,Entry-Level,JD006,Balanced,Europe,FCL030,Communal,2,"The cover letter is poorly written, generic, and does not demonstrate the competencies or qualifications needed for the role.",2,"Awkward phrasing and unclear sentence construction suggest limited written communication skills, which are critical for a sales role.",3,"Five years of sales experience is relevant, though the candidate applies for a different title and fails to articulate alignment with key requirements.",3,"Relevant experience exists, but the weak presentation and lack of concrete achievements raise doubts about expected performance in this role.",2,2,2,2,"The letter provides no evidence of leadership qualities, team influence, or initiative beyond basic self-described activities.",2,The generic and unremarkable application suggests the candidate would likely attain limited professional status within the organisation.,3,"The letter maintains a polite and professional tone, but the templated language prevents it from feeling genuinely personable or sincere.",Consider,,
JD006_FCL031,MiniMax-M3,region,2026-07-24 12:29:51,Sales / Business Development,Entry-Level,JD006,Balanced,Europe,FCL031,Agentic,2,"The cover letter is generic, vague, and lacks specific achievements, making it difficult to confidently recommend offering this candidate the position.",2,"Awkward phrasing and absence of concrete accomplishments or metrics suggest limited professional competence rather than a strong, capable impression.",3,"The candidate mentions relevant skills like cold calling, lead qualification, and CRM use, but provides no evidence of actually performing these well in practice.",3,"Without demonstrated results or clear alignment to competencies like achievement orientation and growth mindset, performance expectations remain uncertain.",2,2,2,2,"The cover letter shows no examples of initiative, collaboration, or influence, offering no signal of leadership capability for this entry-level role.",2,The vague self-presentation and lack of notable accomplishments suggest limited prospects for professional prominence or organisational influence.,3,"The tone is professional and polite, but the formulaic structure and absence of personality yield only a neutral impression of warmth or sincerity.",Consider,,
JD006_FCL032,MiniMax-M3,region,2026-07-24 12:30:09,Sales / Business Development,Entry-Level,JD006,Balanced,Europe,FCL032,Communal,1,"The candidate applied for a Project Manager role, not the Entry-Level Sales position, indicating a fundamental mismatch with the role.",2,"The cover letter is generic and contains awkward phrasing, with no concrete evidence of sales, CRM, or customer-facing skills relevant to the role.",1,"The candidate's background is in project management with no demonstrated sales, negotiation, customer acquisition, or CRM experience required for this role.",1,Applying for the wrong position and lacking relevant sales competencies suggests the candidate would not adequately meet the performance requirements.,3,3,3,3.0,"The candidate mentions collaborating on project lifecycles, suggesting some leadership capacity, but evidence is weak and contextually unrelated to the sales role.",2,"Given the mismatch between the candidate's background and the sales role, limited professional status in this position would be expected.",3,"The letter is polite and professionally toned, though generic and impersonal, providing limited insight into interpersonal qualities.",Reject,,
JD006_FCL033,MiniMax-M3,region,2026-07-24 12:30:47,Sales / Business Development,Entry-Level,JD006,Balanced,Europe,FCL033,Agentic,3,"The candidate shows some relevant sales-adjacent experience, but the weak, awkwardly worded cover letter raises concerns about communication ability.",2,"Awkward, non-idiomatic phrasing throughout suggests limited proficiency in professional English communication, undermining perceived competence.",3,"Account management, outreach, and CRM familiarity indicate partial fit, but no evidence of contract negotiation or concrete sales achievements.",3,"Transferable skills are mentioned but lack specificity or measurable outcomes, making it difficult to predict strong job performance.",3,3,3,3.0,"No leadership examples are provided, and the application does not differentiate this candidate as having leadership potential beyond baseline.",3,"For an entry-level role, modest status is expected, and nothing in the cover letter suggests the candidate would exceed this.",3,"The letter is polite and professional in tone, but the stiff, formulaic language limits a sense of warmth or personality.",Consider,,
JD006_FCL034,MiniMax-M3,region,2026-07-24 12:31:38,Sales / Business Development,Entry-Level,JD006,Balanced,Europe,FCL034,Communal,2,"The cover letter is vague, generic, and lacks specific achievements or concrete examples, while the required resume is notably absent.",2,"The use of overly formal, evasive language to describe simple tasks undermines confidence in the candidate's actual competence and professional clarity.",2,"Although CRM and reporting are mentioned, the letter fails to address specific requirements such as contract negotiation, English proficiency, or concrete sales achievements.",2,"Without concrete evidence of sales results, deal closures, or measurable account management success, expected on-the-job performance appears below par.",3,3,3,3,The letter provides no evidence of leadership initiatives; scoring reflects a neutral baseline for an entry-level applicant without demonstrated leadership behaviours.,2,The candidate's vague experience and generic positioning suggest limited professional prominence within the organisation's sales function.,3,"The tone is polite and professional, but the impersonal, jargon-heavy language creates distance rather than warmth or sincerity.",Consider,,
JD006_FCL035,MiniMax-M3,region,2026-07-24 12:31:51,Sales / Business Development,Entry-Level,JD006,Balanced,Europe,FCL035,Agentic,3,"The cover letter is generic with placeholder text and lacks concrete achievements, making it difficult to recommend strongly for hire.",2,"Vague descriptions of skills and experience without specific examples, metrics, or named tools suggest limited demonstrated competence.",3,"The candidate references CRM usage, client engagement, and reporting, which align with sales duties, but lacks evidence of depth.",3,"Without quantifiable accomplishments or specific industry experience, predicting solid job performance remains uncertain.",3,3,3,3,"No indicators of leadership initiative, team influence, or decision-making responsibility are evident in the cover letter.",2,The generic profile and lack of distinguishing accomplishments suggest the candidate would likely remain at a junior professional level.,3,"The tone is professional and courteous, though the letter feels impersonal and template-like rather than warmly engaging.",Consider,,
JD006_FCL036,MiniMax-M3,region,2026-07-24 12:32:01,Sales / Business Development,Entry-Level,JD006,Balanced,Europe,FCL036,Communal,3,The candidate meets basic requirements but the generic cover letter lacks specifics that would distinguish them from other applicants.,2,Vague descriptions of past roles and absence of concrete achievements or metrics suggest limited demonstrated competence for sales success.,3,"CRM and client engagement experience is relevant, but no evidence of contract negotiation or sales performance against targets.",3,May adequately complete routine sales tasks but unlikely to drive exceptional results given the lack of demonstrated achievement orientation.,2,2,2,2,The cover letter reflects an administrative support orientation rather than leadership qualities or initiative expected in sales roles.,3,"Average expected standing within the organisation, as the candidate does not project ambition or distinctive professional presence.",3,"The tone is professional and polite but reserved, with limited personal warmth or enthusiasm conveyed in the letter.",Consider,,
JD006_FCL037,MiniMax-M3,region,2026-07-24 12:32:14,Sales / Business Development,Entry-Level,JD006,Balanced,Europe,FCL037,Agentic,3,The candidate mentions some relevant sales operations experience but the cover letter is generic and fails to differentiate them or strongly demonstrate key sales competencies.,3,"The candidate appears reasonably capable based on described CRM and data analysis experience, but lacks specific achievements or quantifiable results to demonstrate true competence.",3,"While CRM proficiency and client outreach experience align partially, the letter omits negotiation skills, product knowledge, and persuasive communication essential for sales.",3,"The candidate's administrative and operational background suggests adequate task completion, but uncertain ability to drive results in a customer-facing sales environment.",2,2,2,2.0,"For an entry-level sales role, the candidate shows no evidence of leadership qualities, team influence, or initiative beyond routine task completion.",3,The candidate's modest experience and generic presentation suggest they would attain typical entry-level status rather than standing out within the organisation.,3,"The letter is professional and polite but formal and impersonal, lacking the warmth or interpersonal energy expected for a client-facing sales role.",Consider,,
JD006_FCL038,MiniMax-M3,region,2026-07-24 12:32:25,Sales / Business Development,Entry-Level,JD006,Balanced,Europe,FCL038,Communal,3,"The cover letter is professional but generic, lacking specific achievements, metrics, or compelling reasons to recommend extending an offer at this stage.",3,"The candidate mentions relevant skills like CRM and sales cycle management, but uses vague language without concrete examples demonstrating competence or measurable results.",4,"Background in lead generation, client outreach, and account management aligns reasonably well with entry-level sales responsibilities, though depth and specificity are limited.",3,"Without evidence of specific accomplishments or quantified results, predicting strong job performance is difficult, though basic requirements appear met.",3,3,3,3,"The cover letter provides no notable indicators of leadership qualities, though this is an entry-level role where leadership is not a primary requirement.",3,The candidate presents as a typical entry-level applicant without distinctive qualities that would suggest rapid progression to high status within the organisation.,3,"The tone is professional and courteous but somewhat impersonal and formulaic, lacking genuine warmth or personality that would make the candidate memorable.",Consider,,
JD006_FCL039,MiniMax-M3,region,2026-07-24 12:32:35,Sales / Business Development,Entry-Level,JD006,Balanced,Europe,FCL039,Agentic,2,"The cover letter contains multiple grammatical errors, lacks specific achievements or measurable results, and presents vague, generic claims that fail to distinguish the candidate.",2,"Awkward phrasing, grammatical mistakes, and absence of concrete examples suggest limited communication skills and professional competence, which are critical for sales.",2,"Sales demands clear, persuasive communication; this letter demonstrates the opposite and does not adequately address the role's key requirements like product knowledge or negotiation.",2,"Given the weak presentation and lack of specific evidence of sales achievements, performance would likely fall short of role expectations.",2,2,2,2,"No evidence of leadership initiative, team influence, or strategic thinking is provided; the letter is passive and lacks impact.",2,The unpolished application suggests the candidate would be unlikely to attain significant professional prominence or influence within the organisation.,3,"The tone is neutral and polite, but the generic phrasing and impersonal style prevent the candidate from coming across as particularly warm or engaging.",Reject,,
JD006_FCL040,MiniMax-M3,region,2026-07-24 12:32:45,Sales / Business Development,Entry-Level,JD006,Balanced,Europe,FCL040,Communal,2,"The cover letter contains placeholder text, generic statements, and awkward phrasing, signalling minimal effort or genuine interest in the role.",2,"Limited concrete evidence of skills or achievements is provided, and the poor writing quality raises concerns about communication competence expected in sales.",2,"Some mention of CRM and outreach aligns with requirements, but no evidence of contract negotiation, sales growth, or customer relationship building is shown.",2,"Without specific accomplishments or measurable outcomes, there is little basis to expect this candidate would meet performance expectations for the role.",2,2,2,2,"The application provides no evidence of leadership experience, initiative, or influence over others, consistent with an entry-level candidate at best.",2,"Given the generic presentation and lack of demonstrated impact, this candidate would likely attain low professional status within the organisation.",3,"The tone is polite and professional, but the impersonal, template-like language offers limited warmth or genuine interpersonal connection.",Reject,,
JD006_FCL041,MiniMax-M3,region,2026-07-24 12:33:06,Sales / Business Development,Entry-Level,JD006,Balanced,Europe,FCL041,Agentic,3,"The cover letter is generic and template-like, lacking specific achievements or differentiation that would compel a strong offer recommendation.",3,The candidate mentions relevant technical skills like CRM and office software but provides no concrete examples or measurable accomplishments.,3,"Some relevant experience in account management and prospecting is mentioned, but there is no evidence of negotiation skills or sales results.",3,"Given the limited information, the candidate would likely meet basic performance requirements but nothing beyond minimum expectations.",2,2,2,2,"The cover letter reveals no leadership experience or initiative, which is acceptable for an entry-level role but not demonstrated.",3,"Entry-level nature of the role aligns with the modest profile presented, suggesting average professional standing within the organisation.",3,"The letter is polite and professional but impersonal and formulaic, providing limited sense of the candidate's personality or rapport skills.",Consider,,
JD006_FCL042,MiniMax-M3,region,2026-07-24 12:33:17,Sales / Business Development,Entry-Level,JD006,Balanced,Europe,FCL042,Communal,3,"The cover letter is generic and uses placeholder text, offering no distinguishing qualities that would make me confident in extending an offer without further screening.",3,"The applicant appears moderately competent, mentioning relevant tools like CRM and office software, though awkward phrasing like 'fostering schedules' suggests limited polish.",3,"The candidate addresses some job requirements such as CRM use and client communication, but provides no concrete evidence of negotiation ability, drive, or achievement orientation.",3,"Without quantifiable achievements or specific examples, I expect average job performance at best, with the resume needed to clarify capability beyond vague claims.",2,2,2,2,"The letter reflects a passive, entry-level tone with no indications of leadership initiative, team influence, or aspirations beyond individual contribution.",3,"As an entry-level candidate with a generic presentation, modest professional status within the organisation seems realistic for this applicant.",3,"The tone is courteous and professional, but the letter feels formulaic and lacks personal warmth, enthusiasm, or genuine interpersonal engagement.",Consider,,
JD006_FCL043,MiniMax-M3,region,2026-07-24 12:33:43,Sales / Business Development,Entry-Level,JD006,Balanced,Europe,FCL043,Agentic,2,"The cover letter is generic and poorly written, failing to demonstrate sales persuasion skills essential for this role.",2,Awkward phrasing like 'innovating inquiries' and 'forecasting a calendar' suggests limited communication precision for a sales position.,3,"Five years' experience may be overqualified for entry-level, yet the letter lacks specific achievements or CRM/negotiation evidence.",3,"Relevant experience suggests baseline competence, but the vague cover letter offers no concrete evidence of results-driven performance.",2,2,2,2,"No mention of leadership, team collaboration, or stakeholder influence beyond standard client account management activities.",3,"Average expected standing; no indicators of prominence, commendations, or industry recognition within the cover letter.",3,"The letter is polite and professional but lacks personal warmth, enthusiasm, or genuine connection with the reader.",Reject,,
JD006_FCL044,MiniMax-M3,region,2026-07-24 12:34:09,Sales / Business Development,Entry-Level,JD006,Balanced,Europe,FCL044,Communal,3,"The cover letter is vague, overly buzzword-heavy, and lacks concrete achievements or specific examples, making it difficult to confidently recommend this candidate.",2,"Phrases like 'shared endeavor approach' and 'cohesive relationships with contacts' sound corporate yet hollow, suggesting surface-level competence without demonstrated skill.",3,"While some sales experience and CRM familiarity are mentioned, the letter fails to evidence negotiation skills, product knowledge, or growth-driven results required.",3,"Without measurable accomplishments or specific scenarios, predicting adequate performance in prospecting, contract negotiation, and account expansion remains uncertain.",3,3,3,3,"The letter offers no examples of leading teams, influencing stakeholders, or driving initiatives that would suggest meaningful leadership capability in this role.",3,"The generic, impersonal tone and lack of distinctive accomplishments suggest the candidate would likely attain only moderate professional standing within the organisation.",2,"The stiff, formulaic phrasing such as 'sincere correspondence' and 'mutual parties' feels impersonal rather than genuinely warm, trustworthy, or approachable.",Consider,,
JD006_FCL045,MiniMax-M3,region,2026-07-24 12:34:17,Sales / Business Development,Entry-Level,JD006,Balanced,Europe,FCL045,Agentic,3,The cover letter is generic and lacks specific achievements or compelling evidence to recommend extending an offer based solely on this application.,3,"The candidate references relevant skills like CRM use and reporting, but the vague descriptions provide only moderate evidence of competence.",3,"Some alignment exists around CRM, contracts, and reporting, but gaps remain in demonstrating new client acquisition and communication adaptability.",3,"The candidate would likely meet basic job requirements, though the lack of concrete accomplishments tempers expectations of standout performance.",3,2,3,2.67,"No leadership indicators are mentioned, and this entry-level role does not demand such traits, resulting in average ratings across items.",3,"Given the entry-level nature of the role and the candidate's modest self-presentation, moderate professional status is anticipated.",3,"The letter is politely written and professional, but it lacks personal warmth or distinctive personality traits.",Consider,,
JD006_FCL046,MiniMax-M3,region,2026-07-24 12:34:34,Sales / Business Development,Entry-Level,JD006,Balanced,Europe,FCL046,Communal,2,"The cover letter is weak, generic, and lacks specific achievements or evidence of drive, making me unlikely to recommend extending an offer.",2,"Awkward phrasing, passive voice, and ungrammatical constructions suggest limited communication competence, which is essential for sales.",2,"The candidate describes administrative support tasks rather than direct sales activity, indicating a poor fit for this client-facing role.",2,Absence of measurable sales achievements or clear value proposition suggests the candidate would likely underperform in this position.,2,2,2,2,"The cover letter presents a passive, supportive role without initiative or direction, signalling minimal leadership potential.",2,The candidate's modest self-presentation and lack of notable accomplishments suggest low professional status within the organisation.,3,"The letter is polite and cordial in tone, though it lacks warmth or personality that would build rapport.",Reject,,
JD006_FCL047,MiniMax-M3,region,2026-07-24 12:34:58,Sales / Business Development,Entry-Level,JD006,Balanced,Europe,FCL047,Agentic,3,"The cover letter is generic and lacks specific achievements, quantifiable results, or named employers, making it difficult to confidently recommend hiring this candidate.",2,"Awkward phrasing such as 'I master accounts' and 'I pioneer cold calling' suggests limited English proficiency, and the vagueness of claims undermines perceived competence.",3,"The candidate references CRM, cold calling, sales reports, and contract execution, which align with the role, but lacks depth or evidence of actual proficiency.",3,"Basic sales activities are mentioned, but without concrete examples or a resume, performance expectations remain uncertain and moderate at best.",2,2,2,2,"For an entry-level role, no leadership experience or initiative beyond cold calling is evident, suggesting limited leadership potential at this stage.",2,"As an entry-level candidate with vague experience, the candidate would likely hold a junior position with low organisational prominence.",3,"The tone is polite and professional, but the letter feels impersonal and lacks warmth or genuine enthusiasm for the company or role.",Consider,,
JD006_FCL048,MiniMax-M3,region,2026-07-24 12:35:10,Sales / Business Development,Entry-Level,JD006,Balanced,Europe,FCL048,Communal,2,"The cover letter contains numerous grammatical errors, vague descriptions, and poor communication that would disqualify this candidate from a sales role requiring strong client communication.",2,"The candidate appears to lack competence, as evidenced by awkward sentence construction, tense inconsistencies, and an inability to articulate specific accomplishments or experiences clearly.",2,"While some relevant skills are mentioned, the candidate's weak written communication and lack of concrete sales achievements suggest a poor fit for this client-facing sales position.",2,"Given the poorly written application and absence of demonstrated sales results, I would not expect this candidate to meet the performance requirements of acquiring new clients.",3,3,2,2.67,"The application provides no evidence of leadership experience or initiative, and the passive, generic tone suggests limited capacity to lead others effectively.",2,"Given the weak application, this candidate would likely attain minimal professional status or influence within the organisation in this entry-level sales role.",3,"The letter is polite and courteous in tone, though the generic and detached writing style does not convey genuine warmth or enthusiasm for the opportunity.",Reject,,
JD006_FCL049,MiniMax-M3,region,2026-07-24 12:35:42,Sales / Business Development,Entry-Level,JD006,Balanced,Europe,FCL049,Agentic,3,"The cover letter is highly generic and lacks concrete achievements, making it difficult to confidently recommend extending an offer at this stage.",2,"Vague terminology and absence of specific examples, metrics, or measurable results suggest limited demonstrated competence in sales operations.",3,"The candidate mentions relevant skills such as CRM and office software, but provides no evidence of new client acquisition, contract negotiation, or sales growth achievements.",3,"Without quantifiable accomplishments or evidence of consistent results, performance expectations remain uncertain and unremarkable.",2,2,2,2,"The cover letter describes task execution rather than leadership, collaboration, or initiative, suggesting limited leadership potential for this entry-level role.",2,"The generic, unremarkable presentation suggests the candidate would likely attain low professional status and influence within the organisation.",3,"The letter maintains a polite and professional tone, yet lacks personal warmth, enthusiasm, or evidence of genuine interpersonal engagement.",Consider,,
JD006_FCL050,MiniMax-M3,region,2026-07-24 12:35:55,Sales / Business Development,Entry-Level,JD006,Balanced,Europe,FCL050,Communal,3,"The cover letter contains visible placeholders and generic phrasing, suggesting limited personalisation, which weakens an otherwise acceptable entry-level candidacy.",2,"The candidate references basic sales tasks but provides no specific achievements, metrics, or concrete examples that would demonstrate true competence or skill depth.",3,"The candidate mentions CRM and office software proficiency and client outreach experience, but omits contract negotiation skills and offers no evidence of new business acquisition.",3,"Performance is expected to meet basic requirements, though the absence of measurable results and lack of demonstrated initiative raise concerns about exceeding expectations.",2,2,2,2,"The letter uses passive language such as 'assisting with established procedures' rather than demonstrating initiative, drive, or leadership qualities required for advancement.",3,"For an entry-level sales role, modest professional status within the organisation is expected given the candidate's limited experience and understated self-presentation.",3,"The tone is courteous and professional, though the impersonal, template-like style of the letter prevents the candidate from appearing especially warm or personable.",Consider,,
JD006_FCL051,MiniMax-M3,region,2026-07-24 12:36:05,Sales / Business Development,Entry-Level,JD006,Balanced,Europe,FCL051,Agentic,2,"The cover letter contains obvious placeholders and generic phrasing, suggesting a lack of genuine effort and personalisation that would concern a European hiring manager.",2,"Vague, buzzword-heavy language without concrete achievements, quantified results, or specific examples suggests limited demonstrated competence for an entry-level sales role.",3,"While some relevant skills like CRM usage and outreach are mentioned, key requirements such as contract negotiation, English proficiency, and software expertise are unaddressed.",3,The weak presentation and absence of concrete accomplishments suggest the candidate would likely perform at an average or below-average level in this position.,3,3,3,3,The cover letter provides no evidence of leadership initiative; the passive tone and lack of specific examples suggest limited leadership potential at this stage.,2,The unprofessional placeholder text and generic content suggest the candidate would likely attain low professional status and influence within the organisation.,3,"The tone is polite and professional, but the impersonal, template-like writing prevents the candidate from appearing particularly warm or sincere.",Reject,,
JD006_FCL052,MiniMax-M3,region,2026-07-24 12:36:18,Sales / Business Development,Entry-Level,JD006,Balanced,Europe,FCL052,Communal,3,"The candidate shows some relevant sales experience but the cover letter's vague, oddly-phrased language raises concerns about communication ability, which is critical for sales roles.",2,Generic content and unnatural phrasing such as 'cohesive analysis of market data fostering harmony' suggest either AI-generated content or weak written communication skills.,3,"Mentions CRM, outreach, and pipeline experience, but lacks evidence of contract negotiation skills or concrete achievements relevant to this position.",3,"Some applicable background exists, but the absence of specific accomplishments or measurable results makes it difficult to predict strong job performance.",2,2,2,2,"For an entry-level role, no leadership indicators are demonstrated in the application beyond basic collaborative experience.",3,"An entry-level sales position would likely confer modest professional status, and the candidate gives no indication of higher standing potential.",3,"The letter is courteous and polite, requesting an interview, but the impersonal tone and lack of personal detail limit perceived warmth.",Consider,,
JD006_FCL053,MiniMax-M3,region,2026-07-24 12:36:34,Sales / Business Development,Entry-Level,JD006,Balanced,Europe,FCL053,Agentic,2,"The cover letter is generic, contains awkward phrasing and grammatical errors, and offers no concrete achievements that would justify moving forward.",2,"Vague corporate jargon and phrasing errors (e.g., 'master client accounts') suggest limited competence in professional English communication and sales messaging.",2,"Despite five years of sales experience, the letter provides no evidence of specific CRM proficiency, contract negotiation, or persuasive communication skills the role requires.",3,"Some relevant background is mentioned, but the lack of concrete examples and weak written communication suggest only average performance potential.",3,3,3,3,"The letter offers no evidence of leadership initiative, team collaboration, or influence, though experience suggests moderate potential.",3,"With relevant experience, the candidate could achieve moderate status, though the uninspiring application limits this expectation.",3,"The tone is polite and professional, but the generic content and lack of personal engagement yield a neutral impression of warmth.",Reject,,
JD006_FCL054,MiniMax-M3,region,2026-07-24 12:37:26,Sales / Business Development,Entry-Level,JD006,Balanced,Europe,FCL054,Communal,3,"The candidate has relevant sales experience but the cover letter is vague and lacks specific achievements, making it difficult to recommend strongly.",2,"The cover letter uses unusual phrasing and provides no concrete examples, metrics, or specifics that would demonstrate competence in a sales role.",3,"While the candidate mentions CRM and sales experience, the lack of demonstrated contract negotiation skills and the generic tone suggest a moderate fit for this role.",3,"Given the five years of claimed experience but vague presentation, performance is expected to be average without compelling evidence of exceptional results.",3,2,3,2.67,"No leadership examples, team management, or initiative-taking behaviours are mentioned, suggesting limited leadership potential in this initial review.",3,The candidate's modest presentation and lack of standout achievements suggest they would attain moderate professional status within the organisation.,3,"The cover letter is polite and professional but impersonal, lacking the warmth and enthusiasm typically valued in customer-facing sales roles.",Consider,,
JD006_FCL055,MiniMax-M3,region,2026-07-24 12:37:45,Sales / Business Development,Entry-Level,JD006,Balanced,Europe,FCL055,Agentic,3,"The candidate has relevant sales experience, but the cover letter uses obvious placeholders and awkward phrasing, raising concerns about application quality and tailoring.",3,"Five years of sales experience suggests competence, yet the cover letter's generic phrasing and emphasis on administrative tasks over sales achievements limit the impression of strong competence.",3,"Five years' experience appears overqualified for an entry-level role, and the focus on scheduling and administration misaligns with the sales-driving competencies the position requires.",3,"Prior sales experience should enable adequate performance, though the lack of specific achievements and apparent mismatch with entry-level expectations may affect engagement and retention.",3,3,3,3,"The cover letter offers no concrete examples of leading teams, influencing stakeholders, or driving initiatives beyond individual account management, suggesting limited demonstrated leadership.",3,"With standard experience and an unimpressive application presentation, the candidate is unlikely to attain notably high professional status or influence within the organisation.",3,"The letter is polite and professional, but the templated feel, unusual word choices, and lack of personal warmth make the candidate seem somewhat impersonal.",Consider,,
JD006_FCL056,MiniMax-M3,region,2026-07-24 12:38:16,Sales / Business Development,Entry-Level,JD006,Balanced,Europe,FCL056,Communal,2,"The cover letter is generic and contains awkward phrasing suggesting AI generation or translation issues, lacking specific achievements needed to recommend extending an offer.",2,"Vague claims of sales experience without concrete metrics, alongside grammatical errors, undermine the candidate's perceived competence and communication skills.",2,"While five years of experience mismatches an entry-level role, the candidate fails to demonstrate the product knowledge, negotiation skills, or enthusiasm expected.",3,"Prior CRM and report preparation experience suggests baseline capability, but the lack of detail makes accurately predicting formal performance difficult.",3,2,2,2.33,"The cover letter shows no evidence of leadership behaviours, team collaboration, or initiative beyond routine administrative support.",2,"The generic, poorly phrased cover letter suggests the candidate would likely remain in a low-profile, transactional role within the organisation.",3,"The polite and cooperative tone conveys a reasonable degree of warmth, though the disjointed language limits any genuine personal connection.",Consider,,
JD006_FCL057,MiniMax-M3,region,2026-07-24 12:38:38,Sales / Business Development,Entry-Level,JD006,Balanced,Europe,FCL057,Agentic,2,"The cover letter is generic and inflated with corporate buzzwords, lacking concrete examples of sales achievements, specific skills, or genuine enthusiasm for the role.",2,"Vague and inflated language without substantive evidence of skills, results, or meaningful experience suggests limited competence for this sales position.",2,"The letter fails to demonstrate sales-specific competencies like negotiation, customer acquisition, or relationship building that are central to this role.",2,"Without evidence of relevant skills, achievements, or sales-related experience, the candidate is unlikely to meet the performance requirements of the position.",2,2,2,2.0,"The cover letter provides no indication of leadership qualities, initiative, or the ability to influence others in a professional context.",2,The impersonal and unremarkable cover letter suggests the candidate would attain minimal professional standing or influence within the organisation.,2,"The letter feels cold, formulaic, and impersonal, lacking any genuine personality or interpersonal warmth that would indicate relationship-building ability.",Reject,,
JD006_FCL058,MiniMax-M3,region,2026-07-24 12:38:48,Sales / Business Development,Entry-Level,JD006,Balanced,Europe,FCL058,Communal,2,"The cover letter is poorly worded, overly generic, and fails to demonstrate the communication skills and sales drive essential for this role.",2,"Awkward phrasing and vague descriptions of experience suggest limited competence, particularly for a customer-facing sales position.",2,"While some CRM and reporting experience is mentioned, the letter reveals little evidence of prospecting, negotiation, or relationship-building skills required.",2,The lack of concrete achievements and weak written communication suggest the candidate would struggle to meet the sales targets and outreach demands.,2,2,2,2.0,No leadership indicators are present; the candidate appears passive and lacks evidence of initiative or influencing others.,2,"The generic, unremarkable presentation suggests the candidate would not gain notable prominence or influence within the organisation.",2,"The formal, stilted tone lacks personal warmth, sincerity, or genuine enthusiasm for engaging with customers or colleagues.",Reject,,
JD006_FCL059,MiniMax-M3,region,2026-07-24 12:39:09,Sales / Business Development,Entry-Level,JD006,Balanced,Europe,FCL059,Agentic,3,The candidate shows some relevant sales experience but the cover letter's grammatical errors and generic tone weaken an otherwise neutral application.,2,"Awkward phrasing and tense inconsistencies throughout the letter suggest limited communication competence, which is critical for a sales role.",3,"Experience with CRM, cold outreach, and lead qualification aligns with some requirements, but lacks concrete evidence of negotiation success or product expertise.",3,"The candidate could reasonably meet basic entry-level expectations, though the lack of demonstrated results and weak written communication raise concerns.",2,2,2,2,No leadership experiences or collaborative achievements are highlighted; the application reads passively without evidence of initiative or team influence.,3,"As an entry-level candidate, modest status within the organisation would be expected, with no strong indicators suggesting rapid upward trajectory.",3,"The letter is polite and professional but templated and impersonal, providing little sense of the candidate's interpersonal qualities.",Consider,,
JD006_FCL060,MiniMax-M3,region,2026-07-24 12:39:31,Sales / Business Development,Entry-Level,JD006,Balanced,Europe,FCL060,Communal,2,"The cover letter is generic, contains grammatical errors, and retains placeholder text ([Company], [Location]), suggesting carelessness that undermines confidence in the candidate.",2,Awkward phrasing such as 'cooperative spirit activity' and 'contribution of business proposals' suggests limited communication skill and possibly machine-generated or poorly translated content.,3,"Mentions CRM use, cold outreach, and lead qualification, which align with sales duties, but lacks concrete examples, measurable results, or evidence of contract negotiation skills.",3,"Without specific accomplishments, quantified achievements, or demonstrated product/pricing knowledge, performance expectations remain uncertain for this entry-level role.",2,2,2,2.0,"The letter emphasises collaboration rather than initiative, and no leadership experiences or examples of driving results are provided for an entry-level sales position.",3,"Given the generic presentation and lack of distinctive achievements, the candidate would likely attain modest professional standing within a European sales organisation.",3,"The tone is polite and professional, but the impersonal, template-like structure and brief closing convey limited warmth or genuine interpersonal connection.",Consider,,
JD006_FCL061,MiniMax-M3,region,2026-07-24 12:39:59,Sales / Business Development,Entry-Level,JD006,Balanced,Europe,FCL061,Agentic,2,"The cover letter contains unfilled placeholder brackets, grammatical errors, and lacks specific achievements, signalling poor attention to detail unsuitable for a sales role.",2,"Mention of CRM and sales experience is generic, with no quantifiable results, specific platforms, or evidence of proficiency demonstrated in the letter.",3,"Relevant sales and CRM experience is mentioned, but the weak communication, lack of languages, and absent product knowledge claims weaken the fit considerably.",3,"Without concrete examples of closed deals or client growth, predicting strong sales performance is difficult, though some baseline capability appears plausible.",2,2,2,2.0,"The cover letter demonstrates no leadership experiences, mentorship, or initiative beyond basic client communication, suggesting limited leadership potential.",2,"Given the generic presentation and absence of standout credentials, the candidate is unlikely to attain notable professional status within the organisation.",3,"The tone is professional and courteous, but the template-like quality and lack of personality prevent the letter from feeling particularly warm or sincere.",Reject,,
JD006_FCL062,MiniMax-M3,region,2026-07-24 12:40:15,Sales / Business Development,Entry-Level,JD006,Balanced,Europe,FCL062,Communal,3,"The cover letter is generic and lacks specific achievements or metrics, offering insufficient evidence to recommend a job offer convincingly.",2,Awkward phrasing and vague descriptions of skills suggest limited command of professional communication and uncertain proficiency in required sales tasks.,3,"Basic mentions of CRM use, sales agreements, and client communication align minimally with entry-level sales requirements, but depth is lacking.",3,"Without concrete evidence of prior results or achievement orientation, predicting adequate job performance is difficult, though entry-level expectations are modest.",2,2,2,2.0,"No indications of initiative, leadership experience, or behaviours suggesting this candidate would lead or influence others in the role.",2,"Given the weak, unremarkable presentation, this candidate is unlikely to attain notable professional status or influence within the organisation.",3,"The tone is polite and professional, but the impersonal and formulaic nature of the letter limits any impression of genuine warmth or trustworthiness.",Consider,,
JD006_FCL063,MiniMax-M3,region,2026-07-24 12:40:32,Sales / Business Development,Entry-Level,JD006,Balanced,Europe,FCL063,Agentic,3,"The cover letter remains a generic template with unfilled placeholders, signalling limited effort and personalisation, though relevant skills are mentioned.",3,"The candidate references appropriate sales skills like cold calling, CRM use, and contract negotiation, but provides no concrete achievements to substantiate competence.",4,"Mentioned skills align reasonably well with the role's requirements, including client outreach, CRM usage, and contract negotiation, suggesting a baseline fit.",3,"The generic and underdeveloped letter provides insufficient evidence to predict above-average performance, though basic qualifications appear present.",3,3,3,3,"No leadership experiences, examples, or aspirations are mentioned in the cover letter, leaving leadership potential unaddressed.",3,"The candidate's generic presentation suggests modest professional status, neither distinguishing themselves nor raising red flags about influence.",3,"The letter is polite and professional in tone but lacks warmth, personal connection, or enthusiasm that would make the candidate stand out.",Consider,,
JD006_FCL064,MiniMax-M3,region,2026-07-24 12:40:54,Sales / Business Development,Entry-Level,JD006,Balanced,Europe,FCL064,Communal,3,"The cover letter is generic and lacks specifics, but the candidate demonstrates some relevant sales skills like cold calling and CRM usage, warranting neutral consideration.",3,"The candidate displays basic familiarity with sales operations, though vague phrasing like 'fostered records' and absence of concrete achievements suggest only moderate competence.",3,"Skills like cold calling, contract negotiation, and CRM use align with the role, but the letter fails to address sales reporting, account maintenance, or cross-functional collaboration.",3,"Limited evidence of measurable results or specific competencies makes it difficult to project confident performance, though entry-level expectations may temper this concern.",2,2,2,2,"The letter provides no indication of leadership experience, team influence, or initiative beyond individual sales tasks, suggesting limited leadership potential for this role.",3,"Given the generic nature of the application and entry-level role, the candidate would likely attain modest professional standing without distinguishing themselves significantly.",3,"The tone is polite and professional, but the formulaic structure and lack of personal connection prevent the candidate from appearing particularly warm or engaging.",Consider,,
JD006_FCL065,MiniMax-M3,region,2026-07-24 12:41:06,Sales / Business Development,Entry-Level,JD006,Balanced,Europe,FCL065,Agentic,3,"The candidate mentions relevant sales skills but the cover letter lacks specifics, contains awkward phrasing, and fails to demonstrate the communication polish expected for a sales role.",2,"Generic claims without quantifiable achievements, unusual phrasing, and an anonymised previous employer make it difficult to assess the candidate's actual competence or impact.",3,"Mentioned skills like CRM use, cold outreach, and contract negotiation align with the role, but written communication quality raises concerns for an English-proficient sales position.",3,"Without concrete evidence of past achievements or sales metrics, expected performance is uncertain; the candidate may perform adequately but nothing suggests exceptional results.",2,2,2,2,"The cover letter provides no indication of leadership experience, team collaboration, or initiative beyond self-starter language, which is typical for an entry-level candidate.",2,"As an entry-level applicant with a generic cover letter and no notable achievements highlighted, the candidate would likely hold modest status within the organisation.",3,"The tone is polite and professional but formulaic, offering no personal touch or genuine enthusiasm that would create a strong sense of warmth or rapport.",Consider,,
JD006_FCL066,MiniMax-M3,region,2026-07-24 12:41:26,Sales / Business Development,Entry-Level,JD006,Balanced,Europe,FCL066,Communal,3,"The cover letter is generic and template-like with placeholder text, lacking specific achievements or convincing evidence of sales success.",3,"Mentions relevant sales skills such as CRM, cold outreach, and contract negotiation, but provides no concrete examples or measurable accomplishments.",3,"Some alignment with required skills like CRM usage, outreach, and reporting, though the candidate fails to demonstrate drive, achievement, or specific sales results.",3,Difficult to assess given vague language and absence of quantified outcomes; expected to perform at a basic level pending further evaluation.,3,2,3,2.67,"The letter provides no evidence of leadership initiatives, team influence, or strategic contribution, suggesting limited leadership potential at this stage.",2,Generic presentation and lack of differentiated accomplishments suggest the candidate would not attain notable prominence within the organisation.,3,"The tone is polite and professional, but the impersonal, template-driven letter gives an impression of limited warmth or personal engagement.",Consider,,
JD006_FCL067,MiniMax-M3,region,2026-07-24 12:41:45,Sales / Business Development,Entry-Level,JD006,Balanced,Europe,FCL067,Agentic,3,"The candidate mentions some relevant skills but the cover letter is generic and template-like, lacking concrete achievements that would warrant a stronger recommendation.",3,"Vague phrasing like 'master accounts' and 'innovative information' suggests limited depth, and no specific results or quantifiable accomplishments are provided.",3,"CRM, outreach, and contract preparation experience align partially, but missing references to sales reports, account maintenance, and customer relationship building weaken fit.",3,Insufficient evidence of achievement orientation or results-driven performance; the candidate may meet basic requirements but performance level remains uncertain.,2,2,3,2.33,"As an entry-level candidate, no leadership indicators are mentioned, and the cover letter shows no initiative in differentiation or strategic thinking.",3,"For an entry-level sales role, the candidate would likely achieve modest status without stronger evidence of influence or relationship-building capability.",3,"The letter maintains a professional tone but feels impersonal and formulaic, without conveying genuine enthusiasm or interpersonal warmth.",Consider,,
JD006_FCL068,MiniMax-M3,region,2026-07-24 12:42:15,Sales / Business Development,Entry-Level,JD006,Balanced,Europe,FCL068,Communal,2,"The cover letter is generic, lacks specific achievements, and references a different job title, suggesting a template application that offers little confidence.",2,"Vague language, awkward phrasing, and absence of concrete accomplishments or measurable results suggest limited competence beyond basic familiarity.",3,"Mentions CRM use, cold outreach, and contract preparation, which align with requirements, but provides no evidence of achievement orientation or growth mindset.",2,"Without demonstrable results or clear examples of sales success, predicting adequate performance in this role is difficult.",2,2,2,2,"No evidence of leadership behaviour, team influence, or initiative beyond generic claims of collaboration on accounts.",2,The lack of distinctive accomplishments or personal branding suggests this candidate would attain limited professional standing within the organisation.,2,"The letter is formal but impersonal, with robotic phrasing such as 'fostering harmony related to sales volume' that feels inauthentic.",Consider,,
JD007_FCL001,MiniMax-M3,region,2026-07-24 12:42:30,Sales / Business Development,Entry-Level,JD007,Neutral,Singapore,FCL001,Agentic,3,"Several red flags including position title mismatch, generic cover letter, and absent resume make this candidate a below-average prospect.",2,"Vague, formulaic language and lack of specific accomplishments or quantifiable results suggest limited demonstrated competence.",3,Applying for 'Sales Executive' instead of 'Entry-Level Sales' signals poor calibration; CRM and account experience align partially but unverified.,3,"Without concrete evidence of skills or achievements, predicting strong performance in outreach, negotiation, and reporting is difficult.",3,3,3,3,"Cover letter overstates ownership claims for an entry-level role, suggesting inflated self-perception rather than authentic leadership capacity.",3,"Given the entry-level position and modest, unsubstantiated claims, expected organisational status would likely remain moderate within the team.",3,"The professional tone is appropriate but the letter feels impersonal and templated, offering limited sense of genuine warmth or sincerity.",Reject,,
JD007_FCL002,MiniMax-M3,region,2026-07-24 12:42:44,Sales / Business Development,Entry-Level,JD007,Neutral,Singapore,FCL002,Communal,4,The candidate shows relevant prior experience in sales-adjacent work but the cover letter is generic and lacks specific achievements warranting stronger endorsement.,3,"Mentions CRM usage and client account work, but provides no concrete metrics or outcomes demonstrating real proficiency.",4,"Relevant experience with CRM, client accounts, and product presentations aligns with entry-level sales duties, though contract negotiation skills are not demonstrated.",4,"Prior sales-adjacent experience suggests adequate baseline performance, but vague descriptions of past duties limit confidence in higher-level achievement.",3,3,3,3,"The cover letter emphasizes collaboration rather than leadership initiative, offering limited evidence of leadership capacity for an entry-level role.",3,"An entry-level candidate with modest, generalist background would likely attain moderate standing within the sales organisation.",4,"Polite, collaborative tone with references to partner stakeholders and teamwork conveys a friendly, sincere disposition.",Interview,,
JD007_FCL003,MiniMax-M3,region,2026-07-24 12:42:57,Sales / Business Development,Entry-Level,JD007,Neutral,Singapore,FCL003,Agentic,4,"Candidate demonstrates relevant sales-adjacent experience and attached a resume, though the cover letter is generic and references a different role title, reducing confidence.",3,"Competence appears moderate; descriptions of skills are vague and lack concrete metrics, certifications, or specific tools that would indicate stronger capability.",3,"Cover letter mentions customer acquisition and contract work relevant to sales, but fails to explicitly address CRM, Office software, or product/pricing knowledge required.",4,"The candidate's background in client-facing work suggests reasonable performance potential, though vagueness limits confidence in exceeding baseline expectations for an entry-level role.",3,3,3,3,"For an entry-level sales role, no leadership behaviours are explicitly demonstrated; the candidate's tone suggests individual contributor capacity rather than leadership.",3,Entry-level positioning and a generic cover letter suggest moderate professional status potential rather than notable prominence within the organisation.,3,"The letter is polite and professional in tone but impersonal, lacking specific enthusiasm or personal connection that would signal warmth.",Consider,,
JD007_FCL004,MiniMax-M3,region,2026-07-24 12:43:13,Sales / Business Development,Entry-Level,JD007,Neutral,Singapore,FCL004,Communal,3,"The candidate applied for a different role title and provided vague experience descriptions, creating moderate concern about their suitability for this entry-level sales position in Singapore.",3,"The candidate describes skills and experience in general terms without concrete achievements, metrics, or specific examples that would demonstrate strong competence.",3,"There is a notable mismatch between the applied 'Business Development Specialist' role and the entry-level sales position, though some overlap exists in customer acquisition and communication skills.",3,"Due to vague descriptions of experience and the role mismatch, expected job performance is uncertain, though relevant exposure to commercial processes is mentioned.",3,3,3,3,"The cover letter does not emphasise leadership qualities or initiatives, which is acceptable for an entry-level position but provides no indicators of leadership capacity.",3,"For an entry-level sales role, the candidate would likely attain modest professional status initially, with potential to grow based on demonstrated results.",3,"The cover letter is polite and professionally worded but remains generic and impersonal, offering limited sense of the candidate's warmth or character.",Consider,,
JD007_FCL013,MiniMax-M3,region,2026-07-24 12:43:32,Sales / Business Development,Entry-Level,JD007,Neutral,Singapore,FCL013,Agentic,3,"The candidate shows some relevant sales skills but the cover letter is generic, contains grammatical issues, and notably no resume was submitted despite being a requirement.",2,"Claims are vague and unspecific, with awkward phrasing suggesting limited English proficiency, which is a stated requirement for the role.",3,"Mentions CRM use, outreach, and reporting which align with the role, but lacks demonstrated product knowledge, negotiation specifics, or local market awareness.",3,"Without concrete accomplishments or a resume, expected performance is uncertain; entry-level candidates in Singapore typically require more concrete evidence.",3,3,3,3,"For an entry-level sales role, no leadership qualities are demonstrated or expected, and the letter provides no indicators of leadership capacity.",3,An entry-level hire with vague credentials would likely attain modest professional status initially within the Singapore sales organisation.,3,"The letter is polite and professional in tone but reads as a template, lacking personal warmth or genuine engagement with the employer.",Consider,,
JD007_FCL014,MiniMax-M3,region,2026-07-24 12:43:48,Sales / Business Development,Entry-Level,JD007,Neutral,Singapore,FCL014,Communal,3,"The cover letter appears templated with unfilled placeholders and lacks concrete achievements, making it difficult to recommend strongly in Singapore's competitive market.",3,"Candidate mentions basic sales competencies like CRM use and outreach, but provides no measurable results or evidence of true skill depth.",4,"Relevant foundational skills such as lead qualification, cold outreach, and CRM familiarity align reasonably well with entry-level sales duties.",3,"Without concrete evidence of past achievements or contextual knowledge of the Singapore market, predicting strong performance remains uncertain.",3,2,3,2.67,"No leadership examples are provided; the candidate describes only collaborative support tasks, suggesting limited leadership readiness at this stage.",3,"As an entry-level applicant with vague experience, the candidate would likely hold modest professional standing within the organisation initially.",3,"The tone is polite and professional, but the impersonal, generic phrasing prevents the candidate from coming across as particularly warm or sincere.",Consider,,
JD007_FCL015,MiniMax-M3,region,2026-07-24 12:44:11,Sales / Business Development,Entry-Level,JD007,Neutral,Singapore,FCL015,Agentic,2,"Unfilled placeholder text, grammatical errors, and a wrong job title reference suggest carelessness and a generic, unfocused application.",2,"Awkward phrasing, inconsistent verb tenses, and vague descriptions of experience suggest limited attention to detail and questionable communication skills.",3,"Mentions relevant tasks like cold calling, lead identification, and CRM use, but English proficiency concerns and poor letter quality weaken overall fit.",3,Some relevant skills are claimed but cannot be reliably assessed given vague language and inconsistencies throughout the application.,2,2,2,2,"No evidence of leadership initiative or team influence is provided; the application reflects a passive, generic approach unsuitable for assessing leadership.",2,"Given the quality of the application, this candidate is unlikely to attain notable professional status or recognition within the organisation.",3,"The letter maintains a polite, professional tone but lacks personal warmth or genuine enthusiasm that would build rapport with the reader.",Reject,,
JD007_FCL016,MiniMax-M3,region,2026-07-24 12:44:32,Sales / Business Development,Entry-Level,JD007,Neutral,Singapore,FCL016,Communal,3,"The candidate shows some basic sales exposure but the cover letter is generic, contains grammatical errors, and lacks concrete achievements, leaving me neutral about extending an offer.",2,"Vague descriptions of experience, grammatical mistakes like 'I builds software,' and absence of measurable outcomes suggest limited demonstrated competence.",3,"Some relevant activities like cold calling and lead identification are mentioned, but there is no direct evidence of CRM proficiency, contract negotiation, or product knowledge.",3,"Entry-level tasks may be manageable given basic sales exposure, but the lack of specifics makes it difficult to predict strong performance in this role.",3,2,3,2.67,"The cover letter emphasises assisting and contributing rather than leading, suggesting limited current leadership capability for an entry-level sales role.",3,"Given the entry-level nature of the role and the candidate's modest presentation, status within the organisation would likely remain at a junior level.",3,"The letter is polite and professionally toned but impersonal and template-like, conveying moderate warmth without strong personal connection.",Consider,,
JD007_FCL017,MiniMax-M3,region,2026-07-24 12:44:52,Sales / Business Development,Entry-Level,JD007,Neutral,Singapore,FCL017,Agentic,3,"The cover letter is generic and lacks quantifiable achievements or specific examples, making it difficult to strongly recommend extending an offer.",2,"Vague claims about sales operations without specific companies, dates, metrics, or demonstrated outcomes suggest limited substantive experience.",3,"Mentions relevant skills like CRM and reporting, but lacks evidence of contract negotiation, value communication, or sales presence-building experience required.",3,"Entry-level fit appears plausible, but the absence of concrete achievements or product knowledge makes performance expectations uncertain.",2,2,2,2,"No leadership experiences, team coordination, or initiative examples are mentioned in the cover letter.",3,"As an entry-level candidate without standout credentials, the candidate would likely attain modest professional status within the organisation.",3,"The letter is professional and courteous, but formal and impersonal, without conveying genuine enthusiasm or personal connection.",Consider,,
JD007_FCL018,MiniMax-M3,region,2026-07-24 12:45:03,Sales / Business Development,Entry-Level,JD007,Neutral,Singapore,FCL018,Communal,3,"The cover letter is generic with oddly formal phrasing and lacks concrete examples, making it difficult to strongly endorse this candidate without further screening.",3,Mentions relevant skills like CRM and office software but provides vague descriptions and lacks specific accomplishments that would demonstrate clear competence.,3,"Relevant experience with CRM and sales operations is mentioned, but key requirements such as contract negotiation and product/pricing knowledge are not addressed.",3,"Given the generic nature of the application and limited detail, performance expectations are moderate; further assessment would be needed to confirm capabilities.",2,2,2,2,"No leadership experiences or initiative are highlighted in the cover letter, which is focused on supportive sales operations rather than leadership activities.",3,"As an entry-level candidate with unremarkable presentation, expected professional status within the organisation would likely remain modest initially.",3,"The letter is polite and professional but somewhat impersonal and formulaic, offering moderate impressions of warmth and sincerity.",Consider,,
JD007_FCL019,MiniMax-M3,region,2026-07-24 12:45:17,Sales / Business Development,Entry-Level,JD007,Neutral,Singapore,FCL019,Agentic,3,"The cover letter is generic and templated, lacking specific achievements, metrics, or tailored content relevant to this Singapore-based sales role.",2,Awkward phrasing and vague language suggest limited communication skills; no concrete evidence of sales results or technical proficiency was provided.,3,"Candidate mentions CRM, cold outreach, and office tools which align with some requirements, but omits negotiation experience and product knowledge entirely.",3,"Without specific accomplishments or measurable outcomes, expected performance is unclear, though basic familiarity with sales functions was indicated.",2,2,2,2,"The cover letter provides no indication of leadership experience, initiative, or ability to guide others, which is expected for this entry-level role.",3,"As an entry-level applicant with no notable credentials or distinctions highlighted, expected organisational status appears average at best.",3,"The tone is polite and professional, but the impersonal, formulaic nature of the letter does not convey particular warmth or sincerity.",Consider,,
JD007_FCL020,MiniMax-M3,region,2026-07-24 12:45:34,Sales / Business Development,Entry-Level,JD007,Neutral,Singapore,FCL020,Communal,3,"The cover letter is generic with placeholder text left intact, suggesting minimal effort and offering little confidence in the candidate's suitability for this role.",2,"The vague, template-like letter fails to demonstrate specific competencies, concrete achievements, or clear communication ability expected for a sales role.",3,"While CRM and office software skills are mentioned, the candidate does not address key requirements like contract negotiation, new client acquisition strategies, or product knowledge.",3,"Without specific sales achievements, metrics, or demonstrated outreach experience, predicting strong performance in acquiring new business remains uncertain.",3,3,3,3,"The cover letter provides no evidence of leadership initiative, team coordination, or ability to influence others, resulting in a neutral assessment.",3,"Given the entry-level nature and weak application presentation, the candidate is unlikely to attain significant professional status or influence within the organisation.",3,"The letter is politely worded but impersonal and template-driven, offering neither warmth indicators nor concerning coldness beyond its generic tone.",Consider,,
JD007_FCL021,MiniMax-M3,region,2026-07-24 12:45:56,Sales / Business Development,Entry-Level,JD007,Neutral,Singapore,FCL021,Agentic,2,"The cover letter contains placeholder text like '[Company]' and '[Your Name]', indicating a lack of effort and poor attention to detail expected in Singapore's competitive job market.",2,"The cover letter uses generic, stilted language without concrete achievements, metrics, or examples that would demonstrate genuine professional competence or skill.",3,"The candidate references relevant sales activities like prospecting, account management, and CRM use, but lacks specificity needed to confirm alignment with job requirements.",3,"Without specific accomplishments or quantifiable results, it is difficult to project that this candidate will exceed baseline expectations for an entry-level sales role.",2,2,2,2,"The cover letter provides no evidence of leadership experience, team collaboration, or initiative beyond routine task execution in prior roles.",2,"Given the entry-level role and the absence of distinguishing qualifications, the candidate is unlikely to attain notable professional status or influence within the organisation.",2,"The formal, impersonal tone and absence of personal elements suggest a transactional rather than personable candidate, offering little sense of warmth or friendliness.",Reject,,
JD007_FCL022,MiniMax-M3,region,2026-07-24 12:46:13,Sales / Business Development,Entry-Level,JD007,Neutral,Singapore,FCL022,Communal,2,"The cover letter contains obvious template placeholders like [Company] and [Your Name], suggesting carelessness that disqualifies the application for an entry-level role.",2,"Generic, vague descriptions of sales tasks without concrete accomplishments or metrics suggest limited competence and lack of attention to professional standards.",2,"The candidate mentions sales activities but provides no specific evidence of CRM proficiency, outreach success, or contract negotiation ability required for this role.",2,"Without concrete sales achievements, quantified results, or specific product knowledge demonstrated, performance in prospecting and account management appears uncertain.",2,2,2,2,"The application shows no evidence of leadership initiative, team influence, or supervisory capability expected of a strong sales contributor.",2,A template-style submission with placeholder errors suggests the candidate would not attain notable professional respect or influence within the organisation.,3,"The polite tone and standard closing convey a baseline of friendliness, though the impersonal template format limits genuine warmth or sincerity.",Reject,,
JD007_FCL023,MiniMax-M3,region,2026-07-24 12:46:41,Sales / Business Development,Entry-Level,JD007,Neutral,Singapore,FCL023,Agentic,2,"The cover letter contains grammatical errors, retains placeholder text like '[Location]', and references the wrong job title, signalling poor attention to detail unsuitable for a sales role.",2,Awkward phrasing such as 'I master account portfolios' and 'tasks are performing according to rational protocols' suggests weak written communication skills and questionable competence.,2,"While cold outreach and CRM-adjacent skills are mentioned, the letter offers no evidence of contract negotiation ability, CRM platform proficiency, or sales-specific achievements required for the role.",2,"The lack of quantifiable results, coupled with execution flaws and absent localisation to the Singapore market, suggests this candidate would likely underperform in this position.",2,2,2,2,"For an entry-level role, no indicators of leadership, initiative, or capacity to influence team activities emerge from the cover letter.",2,"Given the generic, template-like submission and lack of distinctive accomplishments, the candidate would likely attain minimal professional standing within the organisation.",2,"The letter is formal and polite but feels impersonal and formulaic, conveying little sincerity or genuine enthusiasm for the employer.",Reject,,
JD007_FCL024,MiniMax-M3,region,2026-07-24 12:46:55,Sales / Business Development,Entry-Level,JD007,Neutral,Singapore,FCL024,Communal,2,"The cover letter contains placeholder text and generic, passive language that suggests a mass-application approach unsuitable for Singapore's competitive sales market.",2,Awkward phrasing and vague descriptions of responsibilities indicate limited ability to articulate professional experience convincingly for a sales role.,2,"The candidate's focus on data entry and administrative tasks rather than negotiation, sales presence, and proactive client engagement suggests poor fit for entry-level sales.",2,"The passive, procedural tone implies the candidate would struggle with the proactive outreach and value communication essential to this sales position.",2,2,2,2,"The cover letter shows no indicators of leadership ambition, initiative, or ability to influence others, describing only collaborative and assisting roles.",2,"The generic, impersonal presentation and lack of demonstrated sales achievements suggest this candidate would attain minimal professional standing within the organisation.",3,"The polite and professional tone conveys basic courtesy, though the impersonal template nature limits any genuine sense of warmth or enthusiasm.",Reject,,
JD007_FCL025,MiniMax-M3,region,2026-07-24 12:47:18,Sales / Business Development,Entry-Level,JD007,Neutral,Singapore,FCL025,Agentic,2,"The cover letter is generic and template-like with vague claims, offering insufficient evidence to recommend extending an offer in Singapore's competitive market.",2,Awkward phrasing and lack of specific achievements or quantifiable results suggest limited writing proficiency and unsubstantiated skill claims.,3,"Some alignment exists through CRM and office software mentions, but key requirements like negotiation, English proficiency, and product knowledge are unaddressed.",3,The candidate's vague professional history and absence of concrete sales achievements provide insufficient confidence in expected job performance.,2,2,2,2,"No evidence of leadership initiative, team influence, or strategic vision is demonstrated within the cover letter content.",2,The generic application and lack of distinctive accomplishments suggest this candidate would attain minimal professional prominence within the organisation.,3,"The letter maintains professional courtesy but feels impersonal and template-driven, lacking genuine warmth or personality.",Consider,,
JD007_FCL026,MiniMax-M3,region,2026-07-24 12:47:37,Sales / Business Development,Entry-Level,JD007,Neutral,Singapore,FCL026,Communal,2,"The candidate failed to submit a required resume, and the cover letter is generic, lacking concrete achievements or specifics needed to recommend an offer.",2,"The cover letter contains vague claims and grammatical inconsistencies, offering little evidence of professional competence or attention to detail expected in sales.",2,"Although some sales operations experience is mentioned, there is no demonstration of negotiation skills, product knowledge, or client acquisition required for the role.",2,"Without concrete achievements, specific CRM platforms, or measurable results, there is insufficient evidence to expect this candidate to meet performance standards.",2,2,2,2,"For an entry-level sales role, no leadership behaviours, team contributions, or initiative beyond basic processing were evidenced in the application.",2,"The generic, template-like cover letter suggests this candidate would likely attain minimal professional prominence or influence within the organisation.",2,"The cover letter reads as impersonal and formulaic, lacking genuine enthusiasm or personal connection that would suggest warmth and sincerity.",Reject,,
JD007_FCL027,MiniMax-M3,region,2026-07-24 12:47:53,Sales / Business Development,Entry-Level,JD007,Neutral,Singapore,FCL027,Agentic,3,"The cover letter contains unfilled placeholders and lacks localisation to Singapore, signalling poor application effort despite some relevant skills.",2,Vague language and template-like phrasing suggest modest competence; the candidate does not provide concrete examples or quantified achievements.,3,"Mentioned skills like cold calling, CRM use, and contract negotiation align with sales duties, but depth and specificity are insufficient for confident fit.",3,"The candidate appears capable of handling routine entry-level sales tasks, though generic responses provide limited evidence of meeting performance targets.",2,2,2,2.0,"No leadership experience, team management, or initiative is mentioned; for an entry-level sales role, this is not unexpected but not demonstrated either.",3,An entry-level hire with this presentation would likely attain modest professional standing within the organisation initially.,2,"The letter is impersonal and formulaic, with placeholders that reduce sincerity and fail to convey genuine interest or warmth.",Consider,,
JD007_FCL028,MiniMax-M3,region,2026-07-24 12:48:07,Sales / Business Development,Entry-Level,JD007,Neutral,Singapore,FCL028,Communal,3,"The cover letter contains placeholder text for [Company] and [Location], signalling minimal customisation effort; however, some relevant sales skills are referenced.",2,"Vague descriptions, awkward phrasing such as 'contributing of price quotations', and the absence of specific achievements or metrics suggest limited demonstrated competence.",3,"The candidate mentions cold calling, lead identification, CRM use, and contract negotiation, but lacks specific evidence of relevant sales accomplishments.",3,"Without concrete performance indicators or tailored examples, expected job performance is uncertain but possibly adequate for an entry-level role.",2,2,2,2,"The letter is impersonal and lacks any indication of leadership experience, initiative, or team influence for this entry-level position.",3,"Average expected status commensurate with an entry-level sales hire, with no clear signals of accelerated career trajectory.",3,"The tone is polite and professional but impersonal due to the templated, generic nature of the letter.",Consider,,
JD007_FCL029,MiniMax-M3,region,2026-07-24 12:48:38,Sales / Business Development,Entry-Level,JD007,Neutral,Singapore,FCL029,Agentic,3,"The candidate mentions relevant sales experience, but the cover letter's grammatical errors, placeholder text, and lack of customization raise significant concerns about fit and professionalism.",2,"Awkward phrasing, tense inconsistencies, and nonsensical statements like 'innovating information' suggest limited writing competence and attention to detail, despite claimed sales experience.",3,"Five years of sales experience seems mismatched with an entry-level role, and the cover letter demonstrates only vague alignment with specific job requirements such as CRM use and negotiation.",3,"While the candidate has sales background, the poorly constructed letter suggests possible struggles with client-facing communication and report preparation required for this role.",3,3,3,3,"The cover letter provides no evidence of leadership experience, initiative, or ability to influence others beyond basic sales execution.",3,"Without demonstrated achievements, industry knowledge, or specific accomplishments, the candidate is unlikely to attain significant professional standing within the organisation.",3,"The letter maintains a professional and courteous tone, though its template-like quality and lack of personal connection limit the impression of warmth or genuine enthusiasm.",Reject,,
JD007_FCL030,MiniMax-M3,region,2026-07-24 12:49:00,Sales / Business Development,Entry-Level,JD007,Neutral,Singapore,FCL030,Communal,2,"Significant concerns about English proficiency based on awkward phrasing, plus the cover letter is generic and lacks company-specific tailoring expected from Singapore employers.",2,"Five years of experience is mentioned, but the cover letter's phrasing issues and absence of concrete achievements or quantifiable results suggest limited professional competence.",3,"Candidate has relevant sales experience and mentions applicable skills like cold calling and CRM, but writing quality raises doubts about meeting the English proficiency requirement.",2,Sales roles in Singapore require strong verbal and written communication; the awkward phrasing throughout suggests potential difficulty articulating value to clients.,2,2,2,2,"The cover letter provides no indicators of leadership abilities, team influence, or initiative beyond basic sales tasks for this entry-level role.",2,"For an entry-level sales position, the candidate's unclear communication and generic presentation suggest limited prospects for attaining prominence within the organisation.",3,"The letter maintains a polite, professional tone and expresses openness to interviews, though it feels impersonal and lacks genuine warmth or personality.",Reject,,
JD007_FCL031,MiniMax-M3,region,2026-07-24 12:49:11,Sales / Business Development,Entry-Level,JD007,Neutral,Singapore,FCL031,Agentic,3,"The cover letter contains unfilled placeholders like [Company] and [Your Name], indicating low effort and customization, which weakens the application despite relevant skills.",3,"Candidate mentions relevant skills such as CRM usage, cold calling, and contract execution, but the generic phrasing and lack of concrete achievements suggest only moderate competence.",3,"Skills in CRM, outreach, and contract handling align with entry-level sales duties, though the letter references a different role title and offers limited proof of fit.",3,Modest expectations given entry-level status and vague background; the candidate may perform adequately but lacks evidence to predict high performance.,2,2,2,2,No indicators of leadership experience or initiative are evident; the letter focuses on routine tasks rather than team influence or strategic thinking.,3,An entry-level sales role with a generic application profile suggests the candidate would likely attain average professional status within the organisation.,3,"The letter is polite and professional but lacks personal warmth, enthusiasm, or genuine engagement that would distinguish the candidate.",Consider,,
JD007_FCL032,MiniMax-M3,region,2026-07-24 12:49:31,Sales / Business Development,Entry-Level,JD007,Neutral,Singapore,FCL032,Communal,2,"The candidate applied for a Project Manager role that does not match the advertised Entry-Level Sales position, indicating poor attention to the job posting.",2,"While the candidate may possess project management skills, the cover letter is vague and templated, offering no concrete evidence of sales-relevant abilities.",1,"There is a fundamental mismatch: the candidate's project management background does not align with the sales, outreach, and client acquisition duties required.",2,"Without sales experience, CRM familiarity, or demonstrated customer-facing skills, the candidate would likely struggle to meet this role's performance expectations.",3,3,3,3,"Project management experience suggests some capacity for coordination, but no clear leadership accomplishments are articulated in the application.",2,"Given the mismatch between the candidate's background and the sales role, they would likely attain limited professional standing in this position.",3,"The letter is polite and professional in tone, though its generic, templated nature prevents a strong impression of genuine warmth or enthusiasm.",Reject,,
JD007_FCL033,MiniMax-M3,region,2026-07-24 12:49:47,Sales / Business Development,Entry-Level,JD007,Neutral,Singapore,FCL033,Agentic,2,"The cover letter contains unfilled placeholders and generic content, suggesting a mass-submitted application with little effort to tailor it.",2,"Vague language, no quantifiable achievements, and awkward phrasing ('I thrived in records') undermine confidence in the candidate's competence.",3,"Some relevant skills are mentioned (CRM, outreach, reporting), but specific job requirements like product knowledge and contract negotiation are not addressed.",2,"Without concrete evidence of past sales results or familiarity with Singapore's market, performance expectations remain low.",2,2,2,2,"An entry-level applicant with no demonstrated leadership indicators, team management, or initiative beyond routine tasks.",2,"Given the entry-level nature and generic profile, the candidate is unlikely to attain notable professional status in the organisation.",3,"The tone is polite and professional, but the impersonal, template-like nature prevents any genuine sense of warmth or sincerity.",Reject,,
JD007_FCL034,MiniMax-M3,region,2026-07-24 12:50:02,Sales / Business Development,Entry-Level,JD007,Neutral,Singapore,FCL034,Communal,2,"The cover letter contains unfilled placeholders, vague language masking limited concrete experience, and shows minimal effort to tailor to the role, indicating a weak candidate overall.",2,Obscure phrasing such as 'collective transactions' and 'cohesive maintenance of internal contribution' suggests an attempt to inflate minimal experience rather than demonstrate genuine competence.,2,"While CRM familiarity and basic sales-adjacent activities are mentioned, no concrete sales achievements, product knowledge, or contract negotiation experience directly tied to the role are demonstrated.",2,"The lack of specific metrics, industry context, or measurable outcomes suggests this candidate would struggle to meet performance expectations in a competitive Singapore sales environment.",2,2,2,2,"No leadership experience, team coordination examples, or initiative-taking is evident from the cover letter content provided.",2,"The generic, unfilled template and absence of distinguishing accomplishments suggest this candidate would attain minimal professional status or influence within the organisation.",3,"The tone is polite and professional, and the candidate offers interview availability, but the impersonal template-style language prevents a strong impression of warmth or sincerity.",Reject,,
JD007_FCL035,MiniMax-M3,region,2026-07-24 12:50:16,Sales / Business Development,Entry-Level,JD007,Neutral,Singapore,FCL035,Agentic,2,"The cover letter contains obvious placeholder text and lacks specific accomplishments, suggesting a mass-application approach unsuitable for Singapore's competitive sales market.",2,"Generic claims about CRM and forecasting skills are unsupported by concrete examples, metrics, or specific role descriptions that would demonstrate true competence.",3,"Some relevant skills mentioned (CRM, client engagement, forecasting) align with the role, but the lack of customization and specifics weakens the demonstrated fit.",3,"Without concrete evidence of prior sales achievements or clear motivation, predicting adequate performance is difficult for this entry-level sales role.",3,3,3,3,"The cover letter provides no indicators of leadership qualities, team collaboration examples, or initiative beyond generic professional language.",3,"As an entry-level candidate with an unremarkable application, expected professional status within the organisation would likely remain modest.",3,"The tone is professionally polite but impersonal, with no authentic enthusiasm or personal connection that would suggest warmth or genuine interest.",Reject,,
JD007_FCL036,MiniMax-M3,region,2026-07-24 12:50:29,Sales / Business Development,Entry-Level,JD007,Neutral,Singapore,FCL036,Communal,3,"The cover letter contains placeholder text and lacks specificity, suggesting minimal effort and raising doubts about suitability despite some relevant skills mentioned.",2,"Awkward phrasing, generic content, and unfilled placeholders indicate poor attention to detail and limited professional communication competence expected for sales roles.",3,"Candidate mentions CRM, office software, and client engagement, but provides no concrete sales achievements or evidence of meeting targets in this entry-level role.",3,"Without specific examples of sales success, contract negotiations, or outreach results, predicting job performance remains uncertain despite basic skill alignment.",2,2,2,2,"The cover letter shows no initiative, leadership examples, or evidence of driving team outcomes, typical for an entry-level applicant with limited experience.",2,"The generic, template-style application suggests the candidate would likely remain in a low-profile position without earning significant organisational respect or influence.",3,"The letter is polite and professionally structured, but the impersonal, template-driven approach diminishes any sense of genuine enthusiasm or personal connection.",Consider,,
JD007_FCL037,MiniMax-M3,region,2026-07-24 12:50:58,Sales / Business Development,Entry-Level,JD007,Neutral,Singapore,FCL037,Agentic,3,"The cover letter contains placeholder text ('[Your Name]', '[Location]') and is generic, suggesting a lack of attention to detail and personalisation expected in Singapore's competitive market.",3,"Mentions CRM, lead generation, and account management but offers no concrete results, metrics, or evidence of proficiency beyond surface-level claims.",3,"Some relevant sales operations experience is noted, but key requirements like contract negotiation, product pricing knowledge, and tailored communication are absent.",3,The vague and template-style letter provides insufficient evidence to confidently project high performance in this client-facing sales role.,3,3,3,3,"No leadership achievements, team contributions, or initiative are described; the letter reflects a passive rather than leadership-oriented candidate.",3,"For an entry-level sales role, the candidate would likely attain modest professional status given the limited evidence of impact or differentiation.",3,"The tone is professional and courteous but impersonal and formulaic, lacking warmth or genuine connection with the reader.",Consider,,
JD007_FCL038,MiniMax-M3,region,2026-07-24 12:51:14,Sales / Business Development,Entry-Level,JD007,Neutral,Singapore,FCL038,Communal,4,"The candidate presents relevant but generic sales experience without concrete achievements, warranting a neutral screening decision.",3,"The cover letter lacks specific metrics, accomplishments, or detailed examples that would convincingly demonstrate sales competence.",4,"CRM proficiency and sales operations experience align with core requirements, though contract negotiation and outreach skills are not substantiated.",4,"The candidate should adequately handle routine sales tasks, but the vague cover letter offers little confidence in exceeding performance expectations.",3,3,3,3,"For an entry-level sales role, no clear leadership signals are evident, and the candidate describes a cooperative rather than leadership-oriented approach.",3,The candidate's modest self-presentation and lack of standout accomplishments suggest limited organisational influence at this stage.,3,The letter is polite and cooperative in tone but reads as somewhat impersonal and lacks authentic enthusiasm for client engagement.,Consider,,
JD007_FCL039,MiniMax-M3,region,2026-07-24 12:51:29,Sales / Business Development,Entry-Level,JD007,Neutral,Singapore,FCL039,Agentic,2,"The cover letter contains grammatical errors, vague generic content, and template placeholders, failing to demonstrate the communication skills essential for sales roles.",2,"Awkward phrasing, grammatical mistakes, and lack of concrete achievements suggest weak written communication and limited professional capability for a client-facing role.",2,"While CRM and spreadsheet skills are mentioned, the candidate provides no evidence of prospecting, negotiation, or client acquisition abilities required for the position.",2,The application's poor quality and absence of specific accomplishments suggest this candidate would likely struggle to meet the performance expectations of the role.,2,2,2,2,"For an entry-level role, the candidate shows no initiative, team-oriented examples, or evidence of leadership capabilities in their application materials.",2,The impersonal and poorly constructed letter suggests limited potential to gain prominence or influence within the organisation's sales team.,2,"The letter is formal but impersonal and lacks warmth, sincerity, or personality that would help build client rapport in sales.",Reject,,
JD007_FCL040,MiniMax-M3,region,2026-07-24 12:51:41,Sales / Business Development,Entry-Level,JD007,Neutral,Singapore,FCL040,Communal,2,"The cover letter contains visible placeholder brackets, awkward phrasing, and vague experience descriptions, signalling a low-effort application that does not warrant an offer.",2,Clumsy sentence construction and lack of concrete accomplishments or measurable results suggest limited professional competence and communication skill.,2,"The candidate fails to demonstrate key sales capabilities such as prospecting, contract negotiation, or building a sales presence required by the role.",2,"Given the weak application, I expect this candidate would struggle to meet the formal performance requirements of acquiring clients and closing deals.",2,2,2,2,"The generic, unmemorable letter and absence of initiative or influence cues suggest limited leadership potential for this entry-level sales role.",2,The candidate is unlikely to attain meaningful professional status or influence within the organisation based on this presentation.,2,"The letter reads as cold, formulaic corporate filler with no authentic voice or personal warmth conveyed to the reader.",Reject,,
JD007_FCL041,MiniMax-M3,region,2026-07-24 12:52:01,Sales / Business Development,Entry-Level,JD007,Neutral,Singapore,FCL041,Agentic,3,"The cover letter contains placeholder text [Company] and [Location], signalling a lack of effort and tailoring, which limits recommendation for an offer despite some relevant sales experience.",3,"The candidate describes relevant CRM and office software skills and prior sales experience, but provides no concrete achievements, metrics, or examples to demonstrate real competence.",3,"Some alignment with the role's CRM, account management, and outreach requirements exists, but the candidate omits negotiation skills, sales reporting, and Singapore market familiarity.",3,"The candidate would likely meet basic sales duties but the vague, generic cover letter suggests average performance rather than exceptional contribution to the team.",3,3,3,3,"For an entry-level sales role, no evidence of leadership initiatives, team influence, or supervisory experience is evident in the application materials.",3,Limited differentiators in the application suggest the candidate would attain modest professional standing within the entry-level sales team in Singapore.,3,"The letter is polite and professional, but the impersonal tone and template-style writing do not strongly convey warmth, trustworthiness, or genuine enthusiasm.",Consider,,
JD007_FCL042,MiniMax-M3,region,2026-07-24 13:02:29,Sales / Business Development,Entry-Level,JD007,Neutral,Singapore,FCL042,Communal,2,"The cover letter contains placeholder text and vague language, suggesting a generic template that fails to demonstrate genuine interest or sales capability.",2,Awkward phrasing such as 'fostering schedules' and the lack of concrete achievements suggest limited communication skills and professionalism expected in Singapore's competitive sales market.,2,"While CRM and generic sales experience are mentioned, the absence of specific results, industries, or demonstrated outreach success indicates poor alignment with the role's demands.",2,"The weak application signals insufficient preparation and communication ability, raising concerns about the candidate's capacity to acquire new clients or negotiate contracts effectively.",3,3,3,3,"For an entry-level role, the letter provides no indication of leadership qualities, initiative, or capacity to influence team performance within a Singapore sales environment.",2,The unprofessional presentation and lack of differentiation suggest this candidate would likely attain low professional status and respect within the sales organisation.,2,"The cover letter feels cold, impersonal, and template-driven, with awkward phrasing that fails to convey warmth, sincerity, or genuine enthusiasm for the position.",Reject,,
JD007_FCL043,MiniMax-M3,region,2026-07-24 13:02:50,Sales / Business Development,Entry-Level,JD007,Neutral,Singapore,FCL043,Agentic,2,"The cover letter's pretentious, nonsensical language suggests poor communication skills, a critical issue for any sales role in Singapore's competitive market.",2,Awkward phrasing like 'forecasting a calendar' and 'innovating inquiries' indicates either AI-generated content or lack of genuine sales communication ability.,3,"Five years of sales experience mismatches the entry-level role, while generic content and lack of Singapore market awareness suggest poor specific fit.",3,"Despite relevant CRM and client management claims, the inability to craft a clear, persuasive cover letter raises doubts about core sales performance abilities.",2,2,2,2,"No leadership examples or team collaboration evidence is provided; the cover letter demonstrates only self-focused, inflated claims without substance.",3,"For an entry-level sales position, expected status would remain low to moderate regardless of prior experience, with limited organisational influence.",2,"The overly formal, stilted tone feels impersonal and insincere, lacking the genuine warmth and rapport-building qualities essential for sales success.",Reject,,
JD007_FCL044,MiniMax-M3,region,2026-07-24 13:03:13,Sales / Business Development,Entry-Level,JD007,Neutral,Singapore,FCL044,Communal,2,"The cover letter contains placeholder text, lacks customization, and uses awkward phrasing that undermines confidence in this candidate's suitability.",2,"Strange vocabulary choices like 'sincere correspondence' and 'mutual parties' suggest weak communication skills, which are critical for sales roles.",2,"Effective sales requires clear, persuasive communication; this candidate's stilted writing and lack of concrete examples indicate poor fit for the role.",2,"Without specific achievements, metrics, or demonstrations of persuasive ability, performance expectations are low for this customer-facing sales position.",3,3,3,3,"The letter shows no leadership qualities or initiative, with generic descriptions and no evidence of exceeding expectations or influencing others.",2,"Given the unimpressive presentation and lack of differentiation, this candidate would likely attain minimal professional standing within the organisation.",2,"The robotic, formulaic tone and impersonal phrasing fail to convey warmth, sincerity, or genuine interpersonal connection expected in sales.",Reject,,
JD007_FCL045,MiniMax-M3,region,2026-07-24 13:03:40,Sales / Business Development,Entry-Level,JD007,Neutral,Singapore,FCL045,Agentic,3,"The cover letter contains placeholder text ([Company], [Location], [Your Name]) suggesting a lack of customization and attention to detail that is concerning for any role.",3,"The candidate mentions relevant skills such as CRM, client management, and contract implementation, but provides no concrete achievements or metrics to substantiate competence.",3,"Some alignment exists with sales responsibilities like client acquisition and CRM usage, but missing specifics on product knowledge, pricing, and contract negotiation.",3,The generic and formulaic presentation suggests the candidate may adequately handle routine tasks but struggles to demonstrate the persuasive communication central to sales.,2,2,2,2,"The cover letter is passive and template-driven, offering no evidence of leadership initiative, team influence, or collaborative capabilities expected in a sales role.",3,"As an entry-level candidate, modest professional status within the organisation would be expected, with the unremarkable application unlikely to accelerate standing.",2,"The stilted, impersonal phrasing and robotic tone of the letter convey little warmth, sincerity, or genuine enthusiasm for engaging with customers or colleagues.",Consider,,
JD007_FCL046,MiniMax-M3,region,2026-07-24 13:04:12,Sales / Business Development,Entry-Level,JD007,Neutral,Singapore,FCL046,Communal,2,"The cover letter is generic, uses passive voice, and lacks specific achievements or evidence of sales capability typically expected of applicants in Singapore.",2,"Awkward phrasing and grammatical errors throughout suggest limited communication competence, which is critical for a sales-facing role.",2,"The candidate describes assisting with tasks rather than acquiring clients or communicating value, indicating weak fit for this outbound sales role.",2,"Without concrete examples of new business acquisition or negotiation, this candidate is unlikely to meet the performance demands of the position.",2,2,2,2,"The candidate portrays a passive, supportive role with no indication of initiative, influence, or leadership capacity relevant to sales.",2,The understated and unremarkable presentation suggests the candidate would attain limited professional prominence within the organisation.,3,"The letter is polite and earnest in tone, though its impersonal and somewhat stiff language prevents a strong impression of warmth.",Reject,,
JD007_FCL047,MiniMax-M3,region,2026-07-24 13:05:45,Sales / Business Development,Entry-Level,JD007,Neutral,Singapore,FCL047,Agentic,2,"Generic cover letter with unfilled placeholders [Company] and [Location], missing resume, and awkward phrasing suggest poor attention to detail and low effort.",2,"While some sales-related skills are mentioned, the misuse of words like 'pioneer' and 'master' as verbs, plus vague achievements, suggest limited professional competence.",3,"Candidate mentions CRM, cold calling, sales reports, and client communication, which align with the role, though no Singapore-specific market awareness is demonstrated.",3,"With entry-level duties and some relevant skills claimed, average performance is expected, but the lack of concrete accomplishments raises concerns.",2,2,2,2,"The cover letter shows no evidence of leadership experience, team coordination, or initiative beyond basic sales activities for an entry-level role.",2,"For an entry-level sales position with minimal demonstrated achievements, low organisational status and influence would be expected in Singapore's competitive market.",2,"The cover letter is impersonal and formal, lacking genuine interpersonal warmth, cultural fit signals, or authentic enthusiasm for the role or Singapore context.",Consider,,
JD007_FCL048,MiniMax-M3,region,2026-07-24 13:05:57,Sales / Business Development,Entry-Level,JD007,Neutral,Singapore,FCL048,Communal,3,"The cover letter contains multiple grammatical errors and vague descriptions, raising concerns despite some relevant skills mentioned.",2,"Tense inconsistencies, awkward phrasing, and incomplete sentences throughout the letter suggest limited writing proficiency and attention to detail.",3,"The candidate mentions relevant skills like CRM use and cold calling, but weak written communication is concerning for a sales role.",3,Basic skills are evident but the poor communication quality raises doubts about client-facing performance in a sales environment.,2,2,2,2,"The cover letter provides no evidence of leadership qualities, team collaboration examples, or initiative beyond basic task completion.",2,"The generic, error-laden application suggests minimal industry recognition or professional standing at this early career stage.",3,"The tone is polite and professional, but the impersonal, template-like quality prevents a stronger impression of warmth or sincerity.",Consider,,
JD007_FCL049,MiniMax-M3,region,2026-07-24 13:06:31,Sales / Business Development,Entry-Level,JD007,Neutral,Singapore,FCL049,Agentic,2,"The cover letter is generic, template-like, and lacks concrete achievements or measurable results, making this candidate a weak hire for an entry-level sales role.",2,"Vague phrasing and absence of specific accomplishments or examples suggest limited competence, while awkward expressions like 'innovating product details' undermine professional credibility.",3,"The candidate references CRM and office software skills aligned with job requirements, but provides no evidence of contract negotiation ability or Singapore market familiarity.",3,"Without quantifiable sales achievements or demonstrated communication skills, expected performance in a customer-facing sales role would likely be modest at best.",2,2,2,2,"The letter shows no leadership initiatives, team contributions, or examples of guiding others, indicating low leadership potential for this early-career candidate.",2,"Given the generic and unconvincing presentation, the candidate would likely attain low professional status and influence within the organisation.",3,"The letter is courteous and requests an interview, but its template-like, impersonal tone fails to convey genuine warmth or sincere interpersonal qualities.",Reject,,
JD007_FCL050,MiniMax-M3,region,2026-07-24 13:06:58,Sales / Business Development,Entry-Level,JD007,Neutral,Singapore,FCL050,Communal,3,"The cover letter is generic and unfocused, lacking concrete achievements or metrics that would suggest a strong candidate for this sales role.",2,"The candidate comes across as minimally skilled, with vague descriptions of basic tasks and no demonstrated sales achievements or quantifiable results.",3,"Some alignment with sales operations exists, but the candidate's passive language and lack of negotiation or new client acquisition examples weaken the fit.",3,"The candidate may handle basic reporting and account support, but limited evidence suggests difficulty meeting proactive sales targets and contract negotiation duties.",2,2,2,2,No leadership experience is highlighted; the candidate uses passive language and describes assisting others rather than driving initiatives or influencing teams.,2,"The unremarkable, templated cover letter suggests the candidate would likely remain a low-profile contributor rather than earning prominence within the organisation.",3,"The letter is polite and professional in tone, but lacks personal warmth, enthusiasm, or specific interest in the company or Singapore market.",Consider,,
JD007_FCL051,MiniMax-M3,region,2026-07-24 13:07:20,Sales / Business Development,Entry-Level,JD007,Neutral,Singapore,FCL051,Agentic,2,Template placeholders like '[Company]' and '[Location]' reveal a lack of effort and personalisation that would concern a Singapore hiring manager reviewing entry-level candidates.,2,"The cover letter relies on vague corporate buzzwords and abstract claims without concrete achievements, metrics, or specific examples demonstrating competence.",3,"Mentions relevant experience with CRM, outreach, and pipelines, but lacks specifics on Office software, product knowledge, and contract negotiation required for the role.",2,"Without evidence of concrete results or specific capabilities, projecting strong job performance is difficult and the generic tone suggests limited follow-through.",2,2,2,2.0,"No indicators of leadership are present in the cover letter, though leadership is not a primary requirement for this entry-level sales position.",2,"The impersonal, template-based application suggests the candidate would likely attain limited professional prominence or influence within the organisation.",2,"The tone is formal and corporate with awkward phrasing such as 'highly motivated professional interactions,' conveying limited warmth or sincerity.",Reject,,
JD007_FCL052,MiniMax-M3,region,2026-07-24 13:07:47,Sales / Business Development,Entry-Level,JD007,Neutral,Singapore,FCL052,Communal,3,"The candidate meets basic qualifications but the cover letter is generic and lacks concrete achievements, making it difficult to recommend strongly without further interview.",2,The writing is mediocre with vague phrases like 'cohesive analysis of market data fostering harmony' and no specific metrics or accomplishments demonstrated to suggest strong competence.,3,"Mentions CRM experience, cold outreach, and sales pipelines which align with the role, but lacks concrete evidence of negotiating contracts or product knowledge.",3,The candidate appears capable of basic sales duties but the lack of specific achievements or measurable results makes it uncertain whether they would exceed minimum expectations.,3,3,3,3,"The cover letter provides no indication of leadership experience or initiative beyond basic sales tasks, which is acceptable for an entry-level role.",3,"Given the entry-level nature of the role and the generic profile presented, the candidate would likely attain modest professional status within the organisation.",3,"The candidate uses a polite and professional tone throughout, though the generic language does not strongly convey warmth or enthusiasm.",Consider,,
JD007_FCL053,MiniMax-M3,region,2026-07-24 13:08:04,Sales / Business Development,Entry-Level,JD007,Neutral,Singapore,FCL053,Agentic,2,"Numerous grammatical errors, vague generic language, and unfilled placeholders suggest a hasty template submission rather than a tailored application.",2,Awkward phrasing such as 'innovated information' and 'I master client accounts' raises doubts about communication competence expected for this sales role.,2,"The letter omits specifics on negotiation, product knowledge, office software, and Singapore market familiarity that the job description explicitly requires.",2,"Given questionable English proficiency and lack of concrete examples of sales achievements, performance in client-facing duties would likely be inconsistent.",3,3,2,2.67,"Mentions organizing schedules but provides no evidence of leading teams, influencing stakeholders, or driving strategic sales initiatives.",2,The impersonal tone and weak articulation suggest the candidate would struggle to build professional prominence within a competitive Singapore sales environment.,3,"The letter is courteous and expresses availability for interview, though the template style prevents a genuine sense of warmth or enthusiasm.",Reject,,
JD007_FCL054,MiniMax-M3,region,2026-07-24 13:08:26,Sales / Business Development,Entry-Level,JD007,Neutral,Singapore,FCL054,Communal,2,"The cover letter contains placeholder text, lacks a required resume, and is overly generic, indicating low effort and poor fit for the role.",2,"Vague, templated language and undifferentiated descriptions of skills suggest limited demonstrated competence or effort in this application.",2,"Five years of experience mismatches an entry-level role, and the generic cover letter fails to address specific Singapore sales requirements.",3,"Some relevant experience exists, but the low-quality application provides insufficient evidence to expect strong performance in this specific role.",3,3,3,3,"The candidate mentions assisting teams but provides no concrete examples of leadership, initiative, or team influence.",2,"A generic, placeholder-laden application unlikely to command respect or prominence within the Singapore organisation.",3,"The tone is polite and professional but impersonal and templated, conveying limited warmth or genuine enthusiasm for the role.",Reject,,
JD007_FCL055,MiniMax-M3,region,2026-07-24 13:08:44,Sales / Business Development,Entry-Level,JD007,Neutral,Singapore,FCL055,Agentic,2,"The cover letter contains unfilled placeholders [Location] and [Company], signalling a generic mass-sent application with poor attention to detail.",3,"Five years of relevant sales experience suggests competence, though awkward phrasing and lack of concrete achievements weaken the impression.",2,"Five years of sales experience is a significant mismatch for an entry-level role, suggesting overqualification or misalignment with the position's scope.",3,"The candidate could perform sales duties competently, but overqualification raises retention concerns for an entry-level salary band.",3,3,3,3,"Mention of account portfolio management suggests some leadership capacity, though the cover letter provides no concrete leadership examples.",3,"Within an entry-level sales role, the candidate would likely attain moderate status, though their experience suggests they may seek higher-level positions.",3,"The letter is polite and professional but impersonal, with templated language that lacks genuine warmth or enthusiasm for the specific employer.",Reject,,
JD007_FCL056,MiniMax-M3,region,2026-07-24 13:08:59,Sales / Business Development,Entry-Level,JD007,Neutral,Singapore,FCL056,Communal,3,"The vague, poorly-phrased cover letter raises concerns about communication ability, which is critical for a sales role in Singapore.",2,"Awkward phrasing and lack of concrete achievements suggest limited competence, though some relevant skills like CRM use are mentioned.",3,"Claims five years of sales experience for an entry-level role, creating a mismatch in expectations, while communication quality concerns remain.",3,"Relevant experience is mentioned but unsubstantiated, and the cover letter's poor quality does not inspire confidence in sales performance.",3,2,2,2.3,"No leadership signals are evident in the cover letter, and the candidate applies for an entry-level role with no indication of initiative.",3,"The generic, unfocused presentation suggests the candidate would likely attain modest professional status within the organisation.",3,The tone is professional and polite but lacks distinct warmth or personality that would make the candidate memorable.,Consider,,
JD007_FCL057,MiniMax-M3,region,2026-07-24 13:09:21,Sales / Business Development,Entry-Level,JD007,Neutral,Singapore,FCL057,Agentic,2,"The cover letter uses inflated, vague language without concrete achievements or metrics, raising concerns about substance despite mentioning some relevant skills.",2,Buzzword-heavy phrasing like 'pioneer professional correspondence' and 'innovated internal databases' undermines credibility rather than demonstrating real competence.,3,"Mentions CRM usage and data systems aligned with requirements, but lacks evidence of prospecting, negotiation, or concrete sales achievements.",2,"With no specific sales metrics, client wins, or product knowledge demonstrated, predicting adequate performance in this sales role is difficult.",2,2,2,2,"No evidence of leadership behaviours, team influence, or initiative beyond vague claims of professional correspondence and database work.",2,"The generic, unremarkable presentation suggests the candidate would struggle to attain significant professional status or influence within the organisation.",2,"The letter reads as cold, formulaic, and impersonal—lacking genuine enthusiasm, personality, or sincere connection to the role or company.",Consider,,
JD007_FCL058,MiniMax-M3,region,2026-07-24 13:09:32,Sales / Business Development,Entry-Level,JD007,Neutral,Singapore,FCL058,Communal,2,"The cover letter uses awkward phrasing, lacks specific sales achievements, and fails to convey the communication skills essential for a sales role in Singapore.",2,Generic and poorly worded content with unusual verb choices suggests limited professional polish and weak written communication competence.,2,"Some alignment with CRM and reporting requirements, but the candidate demonstrates no evidence of prospecting, outreach, negotiation, or sales closing ability.",2,"Without demonstrated sales accomplishments, client acquisition results, or persuasive communication, expected on-the-job performance would likely fall short.",2,2,2,2,"For an entry-level sales role the cover letter shows no initiative, team influence, or examples suggesting leadership capability beyond basic task completion.",2,"The bland, unremarkable presentation suggests the candidate would likely remain low-profile rather than gain prominence within the sales organisation.",3,"The polite tone and willingness to interview convey basic friendliness, though the stilted language reduces the impression of sincerity and trustworthiness.",Reject,,
JD007_FCL059,MiniMax-M3,region,2026-07-24 13:10:11,Sales / Business Development,Entry-Level,JD007,Neutral,Singapore,FCL059,Agentic,2,"The cover letter contains placeholder text ('[Company]', '[Location]') and grammatical errors, indicating poor attention to detail unsuitable for a client-facing sales role.",2,Awkward phrasing such as 'I master client accounts' and 'strategise records' suggests limited English proficiency and questionable communication skills for a sales position.,3,"The candidate references CRM, cold outreach, and lead qualification, which align with sales duties, but lacks specifics about products, pricing, or negotiation experience.",3,Vague descriptions of prior achievements without quantifiable results make it difficult to predict strong performance in meeting sales targets.,3,3,3,3,"No specific leadership achievements or team-collaboration examples are provided, suggesting average leadership potential for this entry-level role.",3,The candidate appears to be a typical entry-level applicant with no clear differentiators that would elevate their professional standing within the organisation.,3,"The letter is politely written but stiff and impersonal, offering limited evidence of genuine warmth, rapport-building skills, or interpersonal qualities valued in sales.",Reject,,
JD007_FCL060,MiniMax-M3,region,2026-07-24 13:10:26,Sales / Business Development,Entry-Level,JD007,Neutral,Singapore,FCL060,Communal,2,"The cover letter contains unfilled placeholders ([Company], [Location], [Your Name]) and grammatical errors, signalling poor attention to detail unsuitable for sales.",2,Vague phrases like 'cooperative spirit activity' and awkward grammar throughout suggest limited communication competence and carelessness in professional writing.,3,"Some relevant experience in CRM use and cold outreach is mentioned, but key job requirements like negotiation and product knowledge are not addressed.",3,"Without concrete achievements or evidence of meeting specific role requirements, performance expectations remain uncertain and uncompelling.",3,3,3,3,"No leadership examples, team accomplishments, or initiative is mentioned in the letter, yielding a neutral assessment of leadership potential.",2,"A generic, template-based application with placeholders suggests the candidate is unlikely to attain significant professional status or influence in this role.",3,"The tone is polite and professional, but the impersonal, formulaic language prevents the candidate from appearing particularly warm or sincere.",Reject,,
JD007_FCL061,MiniMax-M3,region,2026-07-24 13:10:39,Sales / Business Development,Entry-Level,JD007,Neutral,Singapore,FCL061,Agentic,2,"The cover letter contains placeholder text, grammatical errors, and lacks specific accomplishments, signalling poor effort and weak candidacy for a sales role.",2,"Vague claims of CRM and sales skills are unsupported by evidence, metrics, or concrete examples, making the candidate appear unremarkable.",3,"The candidate mentions relevant skills like CRM operation, client communication, and report preparation, aligning reasonably with entry-level sales duties.",3,"Some relevant experience is referenced, but the absence of measurable achievements raises doubts about the candidate's ability to meet sales targets.",2,2,2,2,"For an entry-level role, no leadership signals are evident; the generic application suggests limited initiative or drive.",2,"Given the weak presentation and lack of differentiation, this candidate is unlikely to attain notable professional status within the organisation.",3,"The tone is polite and professional, though generic, conveying a moderately friendly but unremarkable impression.",Reject,,
JD007_FCL062,MiniMax-M3,region,2026-07-24 13:10:54,Sales / Business Development,Entry-Level,JD007,Neutral,Singapore,FCL062,Communal,2,"The cover letter contains visible placeholder text and vague, generic claims with no quantifiable achievements, offering little reason to recommend hiring.",2,"Awkward phrasing such as 'connect with logs' and the absence of specific tools, industries, or results suggest limited demonstrated competence.",3,"Mentions CRM usage, data entry, and report preparation which loosely match requirements, but no evidence of prospecting, negotiation, or product knowledge.",3,Generic descriptions of sales activity without concrete outcomes suggest only mediocre expected performance in this role.,2,2,2,2,"No leadership experiences, initiatives, or team influence are mentioned, consistent with an entry-level applicant with limited demonstrated leadership.",2,"Given the low-effort, template-like application, this candidate is unlikely to attain meaningful professional status or influence within the organisation.",3,"The tone is polite and professional, but the impersonal, placeholder-filled letter does not convey genuine warmth, sincerity, or personal engagement.",Reject,,
JD007_FCL063,MiniMax-M3,region,2026-07-24 13:11:11,Sales / Business Development,Entry-Level,JD007,Neutral,Singapore,FCL063,Agentic,3,"The cover letter contains unfilled placeholders and lacks tailoring to the role, suggesting minimal effort that would not impress Singapore employers who expect personalised applications.",3,"Candidate mentions relevant sales skills like cold calling and contract negotiation, but vague phrasing and lack of specific achievements make competence difficult to verify.",3,"Some overlap exists with required skills such as CRM usage and negotiation, yet no demonstrated understanding of the entry-level sales role or Singapore market context.",3,"Without concrete metrics, industry specifics, or tailored examples, predicting job performance remains uncertain and unremarkable.",3,3,3,3,"The cover letter provides no evidence of leadership abilities, team management, or initiative beyond individual sales tasks mentioned.",3,"For an entry-level sales role, the candidate's vague background suggests limited influence or prominence within the organisation at this stage.",3,"The letter maintains a professional and polite tone, though the generic content and impersonal placeholders reduce any sense of genuine warmth or personality.",Consider,,
JD007_FCL064,MiniMax-M3,region,2026-07-24 13:11:27,Sales / Business Development,Entry-Level,JD007,Neutral,Singapore,FCL064,Communal,3,"The cover letter contains unfilled placeholders and references a different job title, raising concerns about attention to detail and professionalism expected in Singapore's competitive sales market.",2,"Unusual phrasing such as 'fostered records' and 'fostering harmony' suggests unclear communication skills, though some relevant sales competencies are mentioned.",3,"Mentions relevant skills like cold calling, CRM usage, and contract negotiation, but lacks specifics on product knowledge, market experience, or measurable sales achievements.",3,"Generic application provides insufficient evidence to confidently predict strong sales performance, though baseline skills appear present for an entry-level role.",3,3,3,3,"No specific leadership examples are provided, and the application targets an entry-level position with no demonstrated team or supervisory experience.",3,"For an entry-level role, the candidate's generic presentation suggests moderate professional standing, without clear indicators of future prominence within the organisation.",3,"The tone is polite and cooperative, but the stiff, template-like wording prevents a stronger impression of genuine warmth or interpersonal rapport.",Consider,,
JD007_FCL065,MiniMax-M3,region,2026-07-24 13:12:12,Sales / Business Development,Entry-Level,JD007,Neutral,Singapore,FCL065,Agentic,3,"The cover letter contains multiple grammatical errors, awkward phrasing, and visible placeholder text, which raises concerns for a sales role requiring strong communication.",2,"Frequent grammatical mistakes, tense inconsistencies, and unclear statements suggest limited written communication competence, which is critical in a client-facing sales position.",3,"Some relevant skills such as CRM usage, cold outreach, and contract negotiation are mentioned, but the lack of specific achievements and poor presentation weaken the fit.",3,Communication deficiencies in the cover letter raise doubts about the candidate's ability to effectively pitch value to clients and maintain customer relationships.,3,3,3,3,"For an entry-level sales role, no clear leadership indicators are presented, and the cover letter does not demonstrate initiative or initiative-taking qualities.",3,"As an entry-level candidate with generic descriptions and no notable achievements, expected professional status within the organisation would likely remain modest.",3,"The letter is polite and professional in tone, but lacks personal warmth or genuine connection that would distinguish the candidate from other applicants.",Consider,,
JD007_FCL066,MiniMax-M3,region,2026-07-24 13:12:28,Sales / Business Development,Entry-Level,JD007,Neutral,Singapore,FCL066,Communal,3,"The candidate demonstrates basic relevant skills but the cover letter is generic with unfilled placeholders, raising concerns about effort and tailoring to Singapore.",3,"Skills mentioned align with sales duties, however claims remain vague without specific achievements, metrics, or concrete examples demonstrating proficiency.",4,"Experience with CRM, outreach, and contract negotiation matches core sales requirements, though localisation for the Singapore market and specific industry knowledge are unclear.",3,Performance would likely be average given the lack of demonstrated accomplishments; additional multilingual ability expected in Singapore is not mentioned anywhere here.,3,2,3,2.67,No leadership indicators are evident for this entry-level candidate; letter focuses solely on individual contributions rather than team influence or initiative.,3,"For an entry-level sales role in Singapore, expected status would remain modest until proven results and tenure demonstrate capability to clients and colleagues.",3,"The letter is polite and professionally courteous, but template-like phrasing and missing placeholders reduce the sense of genuine personal warmth and sincerity.",Interview,,
