Prompt_Version,Industry,JD_Region,JD_framing,Seniority_level,CV_framing,Model_Origin,Metric,Test_Used,F_Statistic,P_Value,Decision,Pooling_Recommendation
region,Procurement / Sourcing / Supply Chain,China,Balanced,Entry-Level,Agentic,USA,Hireability_Score,Kruskal-Wallis,65.36871748558308,4.1829822297630786e-14,Reject H0 (Models Differ),Do Not Pool
region,Procurement / Sourcing / Supply Chain,China,Balanced,Entry-Level,Agentic,USA,Competence_Score,Kruskal-Wallis,86.15236944862275,1.4681836421391286e-18,Reject H0 (Models Differ),Do Not Pool
region,Procurement / Sourcing / Supply Chain,China,Balanced,Entry-Level,Agentic,USA,Fit_Score,Kruskal-Wallis,85.9341857594838,1.6353853796330947e-18,Reject H0 (Models Differ),Do Not Pool
region,Procurement / Sourcing / Supply Chain,China,Balanced,Entry-Level,Agentic,USA,Performance_Score,Kruskal-Wallis,88.9156619963071,3.74492398814196e-19,Reject H0 (Models Differ),Do Not Pool
region,Procurement / Sourcing / Supply Chain,China,Balanced,Entry-Level,Agentic,USA,Leadership_Avg,Kruskal-Wallis,87.36199574054548,8.073717173348295e-19,Reject H0 (Models Differ),Do Not Pool
region,Procurement / Sourcing / Supply Chain,China,Balanced,Entry-Level,Agentic,USA,Status_Score,Kruskal-Wallis,91.63076671257596,9.778154671218989e-20,Reject H0 (Models Differ),Do Not Pool
region,Procurement / Sourcing / Supply Chain,China,Balanced,Entry-Level,Agentic,USA,Warmth_Score,Kruskal-Wallis,22.034670008354126,6.415651971806368e-05,Reject H0 (Models Differ),Do Not Pool
region,Procurement / Sourcing / Supply Chain,China,Balanced,Entry-Level,Communal,USA,Hireability_Score,Kruskal-Wallis,60.11825353205082,5.546029557281927e-13,Reject H0 (Models Differ),Do Not Pool
region,Procurement / Sourcing / Supply Chain,China,Balanced,Entry-Level,Communal,USA,Competence_Score,Kruskal-Wallis,78.09031292851147,7.881356922245204e-17,Reject H0 (Models Differ),Do Not Pool
region,Procurement / Sourcing / Supply Chain,China,Balanced,Entry-Level,Communal,USA,Fit_Score,Kruskal-Wallis,82.26373193020079,1.0032012963506332e-17,Reject H0 (Models Differ),Do Not Pool
region,Procurement / Sourcing / Supply Chain,China,Balanced,Entry-Level,Communal,USA,Performance_Score,Kruskal-Wallis,88.98365923961896,3.6210954982464083e-19,Reject H0 (Models Differ),Do Not Pool
region,Procurement / Sourcing / Supply Chain,China,Balanced,Entry-Level,Communal,USA,Leadership_Avg,Kruskal-Wallis,86.84281647728606,1.0436293800992128e-18,Reject H0 (Models Differ),Do Not Pool
region,Procurement / Sourcing / Supply Chain,China,Balanced,Entry-Level,Communal,USA,Status_Score,Kruskal-Wallis,97.1072441532485,6.50730153288557e-21,Reject H0 (Models Differ),Do Not Pool
region,Procurement / Sourcing / Supply Chain,China,Balanced,Entry-Level,Communal,USA,Warmth_Score,Kruskal-Wallis,20.663974068738444,0.00012362044144118874,Reject H0 (Models Differ),Do Not Pool
region,Procurement / Sourcing / Supply Chain,China,Balanced,Senior-Level,Agentic,USA,Hireability_Score,Kruskal-Wallis,78.10494908920566,7.824606119278489e-17,Reject H0 (Models Differ),Do Not Pool
region,Procurement / Sourcing / Supply Chain,China,Balanced,Senior-Level,Agentic,USA,Competence_Score,Kruskal-Wallis,81.45508039028971,1.4958567468365488e-17,Reject H0 (Models Differ),Do Not Pool
region,Procurement / Sourcing / Supply Chain,China,Balanced,Senior-Level,Agentic,USA,Fit_Score,Kruskal-Wallis,82.18678414096915,1.042074205752599e-17,Reject H0 (Models Differ),Do Not Pool
region,Procurement / Sourcing / Supply Chain,China,Balanced,Senior-Level,Agentic,USA,Performance_Score,Kruskal-Wallis,74.02991217130226,5.84796122327821e-16,Reject H0 (Models Differ),Do Not Pool
region,Procurement / Sourcing / Supply Chain,China,Balanced,Senior-Level,Agentic,USA,Leadership_Avg,Kruskal-Wallis,82.40282813286962,9.365737475674314e-18,Reject H0 (Models Differ),Do Not Pool
region,Procurement / Sourcing / Supply Chain,China,Balanced,Senior-Level,Agentic,USA,Status_Score,Kruskal-Wallis,77.14191606297065,1.2587957134227845e-16,Reject H0 (Models Differ),Do Not Pool
region,Procurement / Sourcing / Supply Chain,China,Balanced,Senior-Level,Agentic,USA,Warmth_Score,Kruskal-Wallis,8.745233831674529,0.03287710781192825,Reject H0 (Models Differ),Do Not Pool
region,Procurement / Sourcing / Supply Chain,China,Balanced,Senior-Level,Communal,USA,Hireability_Score,Kruskal-Wallis,90.46522157996138,1.7403280509076862e-19,Reject H0 (Models Differ),Do Not Pool
region,Procurement / Sourcing / Supply Chain,China,Balanced,Senior-Level,Communal,USA,Competence_Score,Kruskal-Wallis,77.89596183069632,8.675131379694028e-17,Reject H0 (Models Differ),Do Not Pool
region,Procurement / Sourcing / Supply Chain,China,Balanced,Senior-Level,Communal,USA,Fit_Score,Kruskal-Wallis,99.63741761727304,1.8597557595111734e-21,Reject H0 (Models Differ),Do Not Pool
region,Procurement / Sourcing / Supply Chain,China,Balanced,Senior-Level,Communal,USA,Performance_Score,Kruskal-Wallis,85.93029714791922,1.6385319223035046e-18,Reject H0 (Models Differ),Do Not Pool
region,Procurement / Sourcing / Supply Chain,China,Balanced,Senior-Level,Communal,USA,Leadership_Avg,Kruskal-Wallis,91.0050726990237,1.332503429232365e-19,Reject H0 (Models Differ),Do Not Pool
region,Procurement / Sourcing / Supply Chain,China,Balanced,Senior-Level,Communal,USA,Status_Score,Kruskal-Wallis,88.90560293263287,3.7635983766320345e-19,Reject H0 (Models Differ),Do Not Pool
region,Procurement / Sourcing / Supply Chain,China,Balanced,Senior-Level,Communal,USA,Warmth_Score,Kruskal-Wallis,5.308807686961303,0.15053189356151128,Fail to Reject H0 (Models Equivalent),Pool
region,Procurement / Sourcing / Supply Chain,China,Neutral,Entry-Level,Agentic,USA,Hireability_Score,Kruskal-Wallis,60.095244755244735,5.609162028959059e-13,Reject H0 (Models Differ),Do Not Pool
region,Procurement / Sourcing / Supply Chain,China,Neutral,Entry-Level,Agentic,USA,Competence_Score,Kruskal-Wallis,83.06882614624546,6.7395287395690275e-18,Reject H0 (Models Differ),Do Not Pool
region,Procurement / Sourcing / Supply Chain,China,Neutral,Entry-Level,Agentic,USA,Fit_Score,Kruskal-Wallis,79.39579993446263,4.136472463187069e-17,Reject H0 (Models Differ),Do Not Pool
region,Procurement / Sourcing / Supply Chain,China,Neutral,Entry-Level,Agentic,USA,Performance_Score,Kruskal-Wallis,84.25175742926571,3.756287394060844e-18,Reject H0 (Models Differ),Do Not Pool
region,Procurement / Sourcing / Supply Chain,China,Neutral,Entry-Level,Agentic,USA,Leadership_Avg,Kruskal-Wallis,89.60815086549293,2.659004358567673e-19,Reject H0 (Models Differ),Do Not Pool
region,Procurement / Sourcing / Supply Chain,China,Neutral,Entry-Level,Agentic,USA,Status_Score,Kruskal-Wallis,92.1807408899891,7.449095957772721e-20,Reject H0 (Models Differ),Do Not Pool
region,Procurement / Sourcing / Supply Chain,China,Neutral,Entry-Level,Agentic,USA,Warmth_Score,Kruskal-Wallis,20.550053676865357,0.00013053581641413764,Reject H0 (Models Differ),Do Not Pool
region,Procurement / Sourcing / Supply Chain,China,Neutral,Entry-Level,Communal,USA,Hireability_Score,Kruskal-Wallis,68.3827811657129,9.473235466263375e-15,Reject H0 (Models Differ),Do Not Pool
region,Procurement / Sourcing / Supply Chain,China,Neutral,Entry-Level,Communal,USA,Competence_Score,Kruskal-Wallis,91.6969707287502,9.463121199868266e-20,Reject H0 (Models Differ),Do Not Pool
region,Procurement / Sourcing / Supply Chain,China,Neutral,Entry-Level,Communal,USA,Fit_Score,Kruskal-Wallis,87.42165054803354,7.839071059917971e-19,Reject H0 (Models Differ),Do Not Pool
region,Procurement / Sourcing / Supply Chain,China,Neutral,Entry-Level,Communal,USA,Performance_Score,Kruskal-Wallis,93.7291539298933,3.462675314833847e-20,Reject H0 (Models Differ),Do Not Pool
region,Procurement / Sourcing / Supply Chain,China,Neutral,Entry-Level,Communal,USA,Leadership_Avg,Kruskal-Wallis,90.93454943959802,1.3798043513162615e-19,Reject H0 (Models Differ),Do Not Pool
region,Procurement / Sourcing / Supply Chain,China,Neutral,Entry-Level,Communal,USA,Status_Score,Kruskal-Wallis,96.38457313245458,9.30545119540311e-21,Reject H0 (Models Differ),Do Not Pool
region,Procurement / Sourcing / Supply Chain,China,Neutral,Entry-Level,Communal,USA,Warmth_Score,Kruskal-Wallis,35.36554558404555,1.0197572003910286e-07,Reject H0 (Models Differ),Do Not Pool
region,Procurement / Sourcing / Supply Chain,China,Neutral,Senior-Level,Agentic,USA,Hireability_Score,Kruskal-Wallis,80.45130964083846,2.4559962772470667e-17,Reject H0 (Models Differ),Do Not Pool
region,Procurement / Sourcing / Supply Chain,China,Neutral,Senior-Level,Agentic,USA,Competence_Score,Kruskal-Wallis,96.18309067688382,1.0281193953773254e-20,Reject H0 (Models Differ),Do Not Pool
region,Procurement / Sourcing / Supply Chain,China,Neutral,Senior-Level,Agentic,USA,Fit_Score,Kruskal-Wallis,83.6476411102257,5.06307465855159e-18,Reject H0 (Models Differ),Do Not Pool
region,Procurement / Sourcing / Supply Chain,China,Neutral,Senior-Level,Agentic,USA,Performance_Score,Kruskal-Wallis,76.18070302445307,2.023138860766627e-16,Reject H0 (Models Differ),Do Not Pool
region,Procurement / Sourcing / Supply Chain,China,Neutral,Senior-Level,Agentic,USA,Leadership_Avg,Kruskal-Wallis,88.59258605472199,4.393643854072955e-19,Reject H0 (Models Differ),Do Not Pool
region,Procurement / Sourcing / Supply Chain,China,Neutral,Senior-Level,Agentic,USA,Status_Score,Kruskal-Wallis,77.37094910977153,1.1242141844095955e-16,Reject H0 (Models Differ),Do Not Pool
region,Procurement / Sourcing / Supply Chain,China,Neutral,Senior-Level,Agentic,USA,Warmth_Score,Kruskal-Wallis,14.651651651651562,0.002139883975297511,Reject H0 (Models Differ),Do Not Pool
region,Procurement / Sourcing / Supply Chain,China,Neutral,Senior-Level,Communal,USA,Hireability_Score,Kruskal-Wallis,81.73025356959344,1.3057256004292498e-17,Reject H0 (Models Differ),Do Not Pool
region,Procurement / Sourcing / Supply Chain,China,Neutral,Senior-Level,Communal,USA,Competence_Score,Kruskal-Wallis,72.41017616825584,1.3003133369731774e-15,Reject H0 (Models Differ),Do Not Pool
region,Procurement / Sourcing / Supply Chain,China,Neutral,Senior-Level,Communal,USA,Fit_Score,Kruskal-Wallis,92.4328208895185,6.575755385996195e-20,Reject H0 (Models Differ),Do Not Pool
region,Procurement / Sourcing / Supply Chain,China,Neutral,Senior-Level,Communal,USA,Performance_Score,Kruskal-Wallis,78.89206850044408,5.304758356865117e-17,Reject H0 (Models Differ),Do Not Pool
region,Procurement / Sourcing / Supply Chain,China,Neutral,Senior-Level,Communal,USA,Leadership_Avg,Kruskal-Wallis,79.45670104973236,4.013914215647574e-17,Reject H0 (Models Differ),Do Not Pool
region,Procurement / Sourcing / Supply Chain,China,Neutral,Senior-Level,Communal,USA,Status_Score,Kruskal-Wallis,86.72009170322929,1.1089077050317706e-18,Reject H0 (Models Differ),Do Not Pool
region,Procurement / Sourcing / Supply Chain,China,Neutral,Senior-Level,Communal,USA,Warmth_Score,Kruskal-Wallis,6.274207571856699,0.09900541486077809,Fail to Reject H0 (Models Equivalent),Pool
region,Procurement / Sourcing / Supply Chain,Europe,Balanced,Entry-Level,Agentic,USA,Hireability_Score,Kruskal-Wallis,75.57397756145934,2.729494091563528e-16,Reject H0 (Models Differ),Do Not Pool
region,Procurement / Sourcing / Supply Chain,Europe,Balanced,Entry-Level,Agentic,USA,Competence_Score,Kruskal-Wallis,92.73830723532207,5.653424714522071e-20,Reject H0 (Models Differ),Do Not Pool
region,Procurement / Sourcing / Supply Chain,Europe,Balanced,Entry-Level,Agentic,USA,Fit_Score,Kruskal-Wallis,84.59820137382493,3.1651926696917493e-18,Reject H0 (Models Differ),Do Not Pool
region,Procurement / Sourcing / Supply Chain,Europe,Balanced,Entry-Level,Agentic,USA,Performance_Score,Kruskal-Wallis,91.96996958936127,8.267712390299025e-20,Reject H0 (Models Differ),Do Not Pool
region,Procurement / Sourcing / Supply Chain,Europe,Balanced,Entry-Level,Agentic,USA,Leadership_Avg,Kruskal-Wallis,87.72433982674283,6.749481816681207e-19,Reject H0 (Models Differ),Do Not Pool
region,Procurement / Sourcing / Supply Chain,Europe,Balanced,Entry-Level,Agentic,USA,Status_Score,Kruskal-Wallis,96.4266813934592,9.11353110210686e-21,Reject H0 (Models Differ),Do Not Pool
region,Procurement / Sourcing / Supply Chain,Europe,Balanced,Entry-Level,Agentic,USA,Warmth_Score,Kruskal-Wallis,29.622383486534385,1.656963808887536e-06,Reject H0 (Models Differ),Do Not Pool
region,Procurement / Sourcing / Supply Chain,Europe,Balanced,Entry-Level,Communal,USA,Hireability_Score,Kruskal-Wallis,66.95886986706638,1.9109830717031452e-14,Reject H0 (Models Differ),Do Not Pool
region,Procurement / Sourcing / Supply Chain,Europe,Balanced,Entry-Level,Communal,USA,Competence_Score,Kruskal-Wallis,86.58275862068959,1.1868078972259674e-18,Reject H0 (Models Differ),Do Not Pool
region,Procurement / Sourcing / Supply Chain,Europe,Balanced,Entry-Level,Communal,USA,Fit_Score,Kruskal-Wallis,80.87848377450443,1.988797002033819e-17,Reject H0 (Models Differ),Do Not Pool
region,Procurement / Sourcing / Supply Chain,Europe,Balanced,Entry-Level,Communal,USA,Performance_Score,Kruskal-Wallis,87.41212387702606,7.876080578232401e-19,Reject H0 (Models Differ),Do Not Pool
region,Procurement / Sourcing / Supply Chain,Europe,Balanced,Entry-Level,Communal,USA,Leadership_Avg,Kruskal-Wallis,85.56126099546522,1.966421403562473e-18,Reject H0 (Models Differ),Do Not Pool
region,Procurement / Sourcing / Supply Chain,Europe,Balanced,Entry-Level,Communal,USA,Status_Score,Kruskal-Wallis,98.88674180563537,2.6968266149489663e-21,Reject H0 (Models Differ),Do Not Pool
region,Procurement / Sourcing / Supply Chain,Europe,Balanced,Entry-Level,Communal,USA,Warmth_Score,Kruskal-Wallis,25.621586542016107,1.1445639235043043e-05,Reject H0 (Models Differ),Do Not Pool
region,Procurement / Sourcing / Supply Chain,Europe,Balanced,Senior-Level,Agentic,USA,Hireability_Score,Kruskal-Wallis,76.22060239306832,1.9836839603156686e-16,Reject H0 (Models Differ),Do Not Pool
region,Procurement / Sourcing / Supply Chain,Europe,Balanced,Senior-Level,Agentic,USA,Competence_Score,Kruskal-Wallis,79.4277566256065,4.0717030023175233e-17,Reject H0 (Models Differ),Do Not Pool
region,Procurement / Sourcing / Supply Chain,Europe,Balanced,Senior-Level,Agentic,USA,Fit_Score,Kruskal-Wallis,86.78475067010572,1.0740218640072694e-18,Reject H0 (Models Differ),Do Not Pool
region,Procurement / Sourcing / Supply Chain,Europe,Balanced,Senior-Level,Agentic,USA,Performance_Score,Kruskal-Wallis,73.38910021132239,8.022624226163565e-16,Reject H0 (Models Differ),Do Not Pool
region,Procurement / Sourcing / Supply Chain,Europe,Balanced,Senior-Level,Agentic,USA,Leadership_Avg,Kruskal-Wallis,83.82144825591125,4.646360703082448e-18,Reject H0 (Models Differ),Do Not Pool
region,Procurement / Sourcing / Supply Chain,Europe,Balanced,Senior-Level,Agentic,USA,Status_Score,Kruskal-Wallis,85.30648707163769,2.230319801890646e-18,Reject H0 (Models Differ),Do Not Pool
region,Procurement / Sourcing / Supply Chain,Europe,Balanced,Senior-Level,Agentic,USA,Warmth_Score,Kruskal-Wallis,10.103133903133823,0.017709499226703347,Reject H0 (Models Differ),Do Not Pool
region,Procurement / Sourcing / Supply Chain,Europe,Balanced,Senior-Level,Communal,USA,Hireability_Score,Kruskal-Wallis,94.6360857332656,2.2106603245853257e-20,Reject H0 (Models Differ),Do Not Pool
region,Procurement / Sourcing / Supply Chain,Europe,Balanced,Senior-Level,Communal,USA,Competence_Score,Kruskal-Wallis,72.77901651651656,1.0840003765090542e-15,Reject H0 (Models Differ),Do Not Pool
region,Procurement / Sourcing / Supply Chain,Europe,Balanced,Senior-Level,Communal,USA,Fit_Score,Kruskal-Wallis,94.8312720942689,2.007132677127255e-20,Reject H0 (Models Differ),Do Not Pool
region,Procurement / Sourcing / Supply Chain,Europe,Balanced,Senior-Level,Communal,USA,Performance_Score,Kruskal-Wallis,88.32013416927735,5.027277159655187e-19,Reject H0 (Models Differ),Do Not Pool
region,Procurement / Sourcing / Supply Chain,Europe,Balanced,Senior-Level,Communal,USA,Leadership_Avg,Kruskal-Wallis,95.4137988690227,1.5044740083707603e-20,Reject H0 (Models Differ),Do Not Pool
region,Procurement / Sourcing / Supply Chain,Europe,Balanced,Senior-Level,Communal,USA,Status_Score,Kruskal-Wallis,88.90195413983952,3.770395250593083e-19,Reject H0 (Models Differ),Do Not Pool
region,Procurement / Sourcing / Supply Chain,Europe,Balanced,Senior-Level,Communal,USA,Warmth_Score,Kruskal-Wallis,8.682900523243493,0.03381795342103054,Reject H0 (Models Differ),Do Not Pool
region,Procurement / Sourcing / Supply Chain,Europe,Neutral,Entry-Level,Agentic,USA,Hireability_Score,Kruskal-Wallis,76.73436589307475,1.5393316173180557e-16,Reject H0 (Models Differ),Do Not Pool
region,Procurement / Sourcing / Supply Chain,Europe,Neutral,Entry-Level,Agentic,USA,Competence_Score,Kruskal-Wallis,90.86375719982277,1.428974040114144e-19,Reject H0 (Models Differ),Do Not Pool
region,Procurement / Sourcing / Supply Chain,Europe,Neutral,Entry-Level,Agentic,USA,Fit_Score,Kruskal-Wallis,91.53617350470103,1.0246558359219873e-19,Reject H0 (Models Differ),Do Not Pool
region,Procurement / Sourcing / Supply Chain,Europe,Neutral,Entry-Level,Agentic,USA,Performance_Score,Kruskal-Wallis,92.13539268038642,7.61809181383594e-20,Reject H0 (Models Differ),Do Not Pool
region,Procurement / Sourcing / Supply Chain,Europe,Neutral,Entry-Level,Agentic,USA,Leadership_Avg,Kruskal-Wallis,91.65423077328579,9.665318489731998e-20,Reject H0 (Models Differ),Do Not Pool
region,Procurement / Sourcing / Supply Chain,Europe,Neutral,Entry-Level,Agentic,USA,Status_Score,Kruskal-Wallis,96.98837329637323,6.901647150670434e-21,Reject H0 (Models Differ),Do Not Pool
region,Procurement / Sourcing / Supply Chain,Europe,Neutral,Entry-Level,Agentic,USA,Warmth_Score,Kruskal-Wallis,21.726628549647366,7.435688637934846e-05,Reject H0 (Models Differ),Do Not Pool
region,Procurement / Sourcing / Supply Chain,Europe,Neutral,Entry-Level,Communal,USA,Hireability_Score,Kruskal-Wallis,68.46550404656347,9.094743502879898e-15,Reject H0 (Models Differ),Do Not Pool
region,Procurement / Sourcing / Supply Chain,Europe,Neutral,Entry-Level,Communal,USA,Competence_Score,Kruskal-Wallis,87.41547376083635,7.863046971228207e-19,Reject H0 (Models Differ),Do Not Pool
region,Procurement / Sourcing / Supply Chain,Europe,Neutral,Entry-Level,Communal,USA,Fit_Score,Kruskal-Wallis,81.9691236196422,1.1603813071061085e-17,Reject H0 (Models Differ),Do Not Pool
region,Procurement / Sourcing / Supply Chain,Europe,Neutral,Entry-Level,Communal,USA,Performance_Score,Kruskal-Wallis,91.6893349335607,9.498932319254027e-20,Reject H0 (Models Differ),Do Not Pool
region,Procurement / Sourcing / Supply Chain,Europe,Neutral,Entry-Level,Communal,USA,Leadership_Avg,Kruskal-Wallis,91.33776812430753,1.1303163317256088e-19,Reject H0 (Models Differ),Do Not Pool
region,Procurement / Sourcing / Supply Chain,Europe,Neutral,Entry-Level,Communal,USA,Status_Score,Kruskal-Wallis,97.68067257088542,4.899317208108176e-21,Reject H0 (Models Differ),Do Not Pool
region,Procurement / Sourcing / Supply Chain,Europe,Neutral,Entry-Level,Communal,USA,Warmth_Score,Kruskal-Wallis,36.57190508606436,5.668236591995768e-08,Reject H0 (Models Differ),Do Not Pool
region,Procurement / Sourcing / Supply Chain,Europe,Neutral,Senior-Level,Agentic,USA,Hireability_Score,Kruskal-Wallis,70.64526464992609,3.105126624670255e-15,Reject H0 (Models Differ),Do Not Pool
region,Procurement / Sourcing / Supply Chain,Europe,Neutral,Senior-Level,Agentic,USA,Competence_Score,Kruskal-Wallis,91.97297979797992,8.255410232316906e-20,Reject H0 (Models Differ),Do Not Pool
region,Procurement / Sourcing / Supply Chain,Europe,Neutral,Senior-Level,Agentic,USA,Fit_Score,Kruskal-Wallis,73.28101904840273,8.462025619430687e-16,Reject H0 (Models Differ),Do Not Pool
region,Procurement / Sourcing / Supply Chain,Europe,Neutral,Senior-Level,Agentic,USA,Performance_Score,Kruskal-Wallis,70.88084092958938,2.764571738129628e-15,Reject H0 (Models Differ),Do Not Pool
region,Procurement / Sourcing / Supply Chain,Europe,Neutral,Senior-Level,Agentic,USA,Leadership_Avg,Kruskal-Wallis,78.36096089991192,6.895461225455893e-17,Reject H0 (Models Differ),Do Not Pool
region,Procurement / Sourcing / Supply Chain,Europe,Neutral,Senior-Level,Agentic,USA,Status_Score,Kruskal-Wallis,80.3391717780183,2.5958674663704013e-17,Reject H0 (Models Differ),Do Not Pool
region,Procurement / Sourcing / Supply Chain,Europe,Neutral,Senior-Level,Agentic,USA,Warmth_Score,Kruskal-Wallis,14.748388656139165,0.002044795206083227,Reject H0 (Models Differ),Do Not Pool
region,Procurement / Sourcing / Supply Chain,Europe,Neutral,Senior-Level,Communal,USA,Hireability_Score,Kruskal-Wallis,85.63245889881932,1.898421764335344e-18,Reject H0 (Models Differ),Do Not Pool
region,Procurement / Sourcing / Supply Chain,Europe,Neutral,Senior-Level,Communal,USA,Competence_Score,Kruskal-Wallis,77.7232920442028,9.447151568781223e-17,Reject H0 (Models Differ),Do Not Pool
region,Procurement / Sourcing / Supply Chain,Europe,Neutral,Senior-Level,Communal,USA,Fit_Score,Kruskal-Wallis,91.44829614808658,1.0701784271135222e-19,Reject H0 (Models Differ),Do Not Pool
region,Procurement / Sourcing / Supply Chain,Europe,Neutral,Senior-Level,Communal,USA,Performance_Score,Kruskal-Wallis,80.81156816518977,2.0556328670735392e-17,Reject H0 (Models Differ),Do Not Pool
region,Procurement / Sourcing / Supply Chain,Europe,Neutral,Senior-Level,Communal,USA,Leadership_Avg,Kruskal-Wallis,86.23181011866592,1.4116456912617008e-18,Reject H0 (Models Differ),Do Not Pool
region,Procurement / Sourcing / Supply Chain,Europe,Neutral,Senior-Level,Communal,USA,Status_Score,Kruskal-Wallis,89.83169489956497,2.38070970610008e-19,Reject H0 (Models Differ),Do Not Pool
region,Procurement / Sourcing / Supply Chain,Europe,Neutral,Senior-Level,Communal,USA,Warmth_Score,Kruskal-Wallis,15.220540259774356,0.001637559302746478,Reject H0 (Models Differ),Do Not Pool
region,Procurement / Sourcing / Supply Chain,Singapore,Balanced,Entry-Level,Agentic,USA,Hireability_Score,Kruskal-Wallis,82.6339508154658,8.355035433640464e-18,Reject H0 (Models Differ),Do Not Pool
region,Procurement / Sourcing / Supply Chain,Singapore,Balanced,Entry-Level,Agentic,USA,Competence_Score,Kruskal-Wallis,95.69425254678976,1.3095115748751343e-20,Reject H0 (Models Differ),Do Not Pool
region,Procurement / Sourcing / Supply Chain,Singapore,Balanced,Entry-Level,Agentic,USA,Fit_Score,Kruskal-Wallis,88.12778497124077,5.528889093235352e-19,Reject H0 (Models Differ),Do Not Pool
region,Procurement / Sourcing / Supply Chain,Singapore,Balanced,Entry-Level,Agentic,USA,Performance_Score,Kruskal-Wallis,95.95483429701385,1.1510740965707645e-20,Reject H0 (Models Differ),Do Not Pool
region,Procurement / Sourcing / Supply Chain,Singapore,Balanced,Entry-Level,Agentic,USA,Leadership_Avg,Kruskal-Wallis,88.35542987286337,4.940300039359757e-19,Reject H0 (Models Differ),Do Not Pool
region,Procurement / Sourcing / Supply Chain,Singapore,Balanced,Entry-Level,Agentic,USA,Status_Score,Kruskal-Wallis,97.54295941104623,5.244925540069988e-21,Reject H0 (Models Differ),Do Not Pool
region,Procurement / Sourcing / Supply Chain,Singapore,Balanced,Entry-Level,Agentic,USA,Warmth_Score,Kruskal-Wallis,38.811320754716974,1.90298079140024e-08,Reject H0 (Models Differ),Do Not Pool
region,Procurement / Sourcing / Supply Chain,Singapore,Balanced,Entry-Level,Communal,USA,Hireability_Score,Kruskal-Wallis,57.36307157993869,2.1498382841143286e-12,Reject H0 (Models Differ),Do Not Pool
region,Procurement / Sourcing / Supply Chain,Singapore,Balanced,Entry-Level,Communal,USA,Competence_Score,Kruskal-Wallis,72.68433121089419,1.1358339997470973e-15,Reject H0 (Models Differ),Do Not Pool
region,Procurement / Sourcing / Supply Chain,Singapore,Balanced,Entry-Level,Communal,USA,Fit_Score,Kruskal-Wallis,81.10939963877601,1.774402159494339e-17,Reject H0 (Models Differ),Do Not Pool
region,Procurement / Sourcing / Supply Chain,Singapore,Balanced,Entry-Level,Communal,USA,Performance_Score,Kruskal-Wallis,84.59934400373925,3.1634057393817527e-18,Reject H0 (Models Differ),Do Not Pool
region,Procurement / Sourcing / Supply Chain,Singapore,Balanced,Entry-Level,Communal,USA,Leadership_Avg,Kruskal-Wallis,77.65367791432793,9.777495991796048e-17,Reject H0 (Models Differ),Do Not Pool
region,Procurement / Sourcing / Supply Chain,Singapore,Balanced,Entry-Level,Communal,USA,Status_Score,Kruskal-Wallis,89.9855335231469,2.2062989544839903e-19,Reject H0 (Models Differ),Do Not Pool
region,Procurement / Sourcing / Supply Chain,Singapore,Balanced,Entry-Level,Communal,USA,Warmth_Score,Kruskal-Wallis,19.352622045206527,0.00023112996063675623,Reject H0 (Models Differ),Do Not Pool
region,Procurement / Sourcing / Supply Chain,Singapore,Balanced,Senior-Level,Agentic,USA,Hireability_Score,Kruskal-Wallis,77.15849148418492,1.2485370566373795e-16,Reject H0 (Models Differ),Do Not Pool
region,Procurement / Sourcing / Supply Chain,Singapore,Balanced,Senior-Level,Agentic,USA,Competence_Score,Kruskal-Wallis,75.77592592592586,2.470554130808608e-16,Reject H0 (Models Differ),Do Not Pool
region,Procurement / Sourcing / Supply Chain,Singapore,Balanced,Senior-Level,Agentic,USA,Fit_Score,Kruskal-Wallis,78.7207091128971,5.77318136795996e-17,Reject H0 (Models Differ),Do Not Pool
region,Procurement / Sourcing / Supply Chain,Singapore,Balanced,Senior-Level,Agentic,USA,Performance_Score,Kruskal-Wallis,73.07236929565198,9.37948871081388e-16,Reject H0 (Models Differ),Do Not Pool
region,Procurement / Sourcing / Supply Chain,Singapore,Balanced,Senior-Level,Agentic,USA,Leadership_Avg,Kruskal-Wallis,84.3497537826525,3.578704294758231e-18,Reject H0 (Models Differ),Do Not Pool
region,Procurement / Sourcing / Supply Chain,Singapore,Balanced,Senior-Level,Agentic,USA,Status_Score,Kruskal-Wallis,85.1401468814381,2.421437339162254e-18,Reject H0 (Models Differ),Do Not Pool
region,Procurement / Sourcing / Supply Chain,Singapore,Balanced,Senior-Level,Agentic,USA,Warmth_Score,Kruskal-Wallis,10.564166666666708,0.01433187592512457,Reject H0 (Models Differ),Do Not Pool
region,Procurement / Sourcing / Supply Chain,Singapore,Balanced,Senior-Level,Communal,USA,Hireability_Score,Kruskal-Wallis,84.05243842364534,4.145127256847569e-18,Reject H0 (Models Differ),Do Not Pool
region,Procurement / Sourcing / Supply Chain,Singapore,Balanced,Senior-Level,Communal,USA,Competence_Score,Kruskal-Wallis,76.43785277899842,1.781966845137529e-16,Reject H0 (Models Differ),Do Not Pool
region,Procurement / Sourcing / Supply Chain,Singapore,Balanced,Senior-Level,Communal,USA,Fit_Score,Kruskal-Wallis,99.37607112253637,2.1166419246809176e-21,Reject H0 (Models Differ),Do Not Pool
region,Procurement / Sourcing / Supply Chain,Singapore,Balanced,Senior-Level,Communal,USA,Performance_Score,Kruskal-Wallis,89.1480031568807,3.3384518857753407e-19,Reject H0 (Models Differ),Do Not Pool
region,Procurement / Sourcing / Supply Chain,Singapore,Balanced,Senior-Level,Communal,USA,Leadership_Avg,Kruskal-Wallis,95.18195078057155,1.6873777651471793e-20,Reject H0 (Models Differ),Do Not Pool
region,Procurement / Sourcing / Supply Chain,Singapore,Balanced,Senior-Level,Communal,USA,Status_Score,Kruskal-Wallis,94.5923566802446,2.2590162528753216e-20,Reject H0 (Models Differ),Do Not Pool
region,Procurement / Sourcing / Supply Chain,Singapore,Balanced,Senior-Level,Communal,USA,Warmth_Score,Kruskal-Wallis,7.996573479328841,0.04608257464732889,Reject H0 (Models Differ),Do Not Pool
region,Procurement / Sourcing / Supply Chain,Singapore,Neutral,Entry-Level,Agentic,USA,Hireability_Score,Kruskal-Wallis,64.35586329090316,6.888641965208704e-14,Reject H0 (Models Differ),Do Not Pool
region,Procurement / Sourcing / Supply Chain,Singapore,Neutral,Entry-Level,Agentic,USA,Competence_Score,Kruskal-Wallis,85.67341549295777,1.860375374869173e-18,Reject H0 (Models Differ),Do Not Pool
region,Procurement / Sourcing / Supply Chain,Singapore,Neutral,Entry-Level,Agentic,USA,Fit_Score,Kruskal-Wallis,84.78189564229488,2.8904914997495013e-18,Reject H0 (Models Differ),Do Not Pool
region,Procurement / Sourcing / Supply Chain,Singapore,Neutral,Entry-Level,Agentic,USA,Performance_Score,Kruskal-Wallis,90.54061093646378,1.6766311994513265e-19,Reject H0 (Models Differ),Do Not Pool
region,Procurement / Sourcing / Supply Chain,Singapore,Neutral,Entry-Level,Agentic,USA,Leadership_Avg,Kruskal-Wallis,90.37192597194533,1.822513468281186e-19,Reject H0 (Models Differ),Do Not Pool
region,Procurement / Sourcing / Supply Chain,Singapore,Neutral,Entry-Level,Agentic,USA,Status_Score,Kruskal-Wallis,91.49753939636743,1.0444257704575973e-19,Reject H0 (Models Differ),Do Not Pool
region,Procurement / Sourcing / Supply Chain,Singapore,Neutral,Entry-Level,Agentic,USA,Warmth_Score,Kruskal-Wallis,28.066494300806294,3.517166335206173e-06,Reject H0 (Models Differ),Do Not Pool
region,Procurement / Sourcing / Supply Chain,Singapore,Neutral,Entry-Level,Communal,USA,Hireability_Score,Kruskal-Wallis,59.64034263742896,7.01586586757411e-13,Reject H0 (Models Differ),Do Not Pool
region,Procurement / Sourcing / Supply Chain,Singapore,Neutral,Entry-Level,Communal,USA,Competence_Score,Kruskal-Wallis,83.35471710367598,5.851643164267447e-18,Reject H0 (Models Differ),Do Not Pool
region,Procurement / Sourcing / Supply Chain,Singapore,Neutral,Entry-Level,Communal,USA,Fit_Score,Kruskal-Wallis,79.2892520636523,4.359956905429652e-17,Reject H0 (Models Differ),Do Not Pool
region,Procurement / Sourcing / Supply Chain,Singapore,Neutral,Entry-Level,Communal,USA,Performance_Score,Kruskal-Wallis,83.75970050726147,4.790324591030212e-18,Reject H0 (Models Differ),Do Not Pool
region,Procurement / Sourcing / Supply Chain,Singapore,Neutral,Entry-Level,Communal,USA,Leadership_Avg,Kruskal-Wallis,85.6032026731497,1.9260745267934463e-18,Reject H0 (Models Differ),Do Not Pool
region,Procurement / Sourcing / Supply Chain,Singapore,Neutral,Entry-Level,Communal,USA,Status_Score,Kruskal-Wallis,90.56226548514138,1.6587698617672883e-19,Reject H0 (Models Differ),Do Not Pool
region,Procurement / Sourcing / Supply Chain,Singapore,Neutral,Entry-Level,Communal,USA,Warmth_Score,Kruskal-Wallis,33.82184343434337,2.160394095650068e-07,Reject H0 (Models Differ),Do Not Pool
region,Procurement / Sourcing / Supply Chain,Singapore,Neutral,Senior-Level,Agentic,USA,Hireability_Score,Kruskal-Wallis,72.19421676392096,1.4464773796952603e-15,Reject H0 (Models Differ),Do Not Pool
region,Procurement / Sourcing / Supply Chain,Singapore,Neutral,Senior-Level,Agentic,USA,Competence_Score,Kruskal-Wallis,87.13776345545006,9.020264197004551e-19,Reject H0 (Models Differ),Do Not Pool
region,Procurement / Sourcing / Supply Chain,Singapore,Neutral,Senior-Level,Agentic,USA,Fit_Score,Kruskal-Wallis,74.52218539812516,4.586808552858206e-16,Reject H0 (Models Differ),Do Not Pool
region,Procurement / Sourcing / Supply Chain,Singapore,Neutral,Senior-Level,Agentic,USA,Performance_Score,Kruskal-Wallis,70.04645352161366,4.171684800306051e-15,Reject H0 (Models Differ),Do Not Pool
region,Procurement / Sourcing / Supply Chain,Singapore,Neutral,Senior-Level,Agentic,USA,Leadership_Avg,Kruskal-Wallis,81.82064175556444,1.2487017663681878e-17,Reject H0 (Models Differ),Do Not Pool
region,Procurement / Sourcing / Supply Chain,Singapore,Neutral,Senior-Level,Agentic,USA,Status_Score,Kruskal-Wallis,78.81623212783853,5.5071833208679755e-17,Reject H0 (Models Differ),Do Not Pool
region,Procurement / Sourcing / Supply Chain,Singapore,Neutral,Senior-Level,Agentic,USA,Warmth_Score,Kruskal-Wallis,6.503932478205425,0.08950754571699075,Fail to Reject H0 (Models Equivalent),Pool
region,Procurement / Sourcing / Supply Chain,Singapore,Neutral,Senior-Level,Communal,USA,Hireability_Score,Kruskal-Wallis,77.24119805640836,1.1985847962401017e-16,Reject H0 (Models Differ),Do Not Pool
region,Procurement / Sourcing / Supply Chain,Singapore,Neutral,Senior-Level,Communal,USA,Competence_Score,Kruskal-Wallis,71.68864011119273,1.85614090722321e-15,Reject H0 (Models Differ),Do Not Pool
region,Procurement / Sourcing / Supply Chain,Singapore,Neutral,Senior-Level,Communal,USA,Fit_Score,Kruskal-Wallis,95.41840920150402,1.501045466066171e-20,Reject H0 (Models Differ),Do Not Pool
region,Procurement / Sourcing / Supply Chain,Singapore,Neutral,Senior-Level,Communal,USA,Performance_Score,Kruskal-Wallis,82.5615179304135,8.659462277711475e-18,Reject H0 (Models Differ),Do Not Pool
region,Procurement / Sourcing / Supply Chain,Singapore,Neutral,Senior-Level,Communal,USA,Leadership_Avg,Kruskal-Wallis,87.71303370577806,6.787317319327352e-19,Reject H0 (Models Differ),Do Not Pool
region,Procurement / Sourcing / Supply Chain,Singapore,Neutral,Senior-Level,Communal,USA,Status_Score,Kruskal-Wallis,98.97472330528765,2.5818880620069972e-21,Reject H0 (Models Differ),Do Not Pool
region,Procurement / Sourcing / Supply Chain,Singapore,Neutral,Senior-Level,Communal,USA,Warmth_Score,Kruskal-Wallis,6.62999999999999,0.08467422732149651,Fail to Reject H0 (Models Equivalent),Pool
region,Procurement / Sourcing / Supply Chain,USA,Balanced,Entry-Level,Agentic,USA,Hireability_Score,Kruskal-Wallis,80.37110842597066,2.5552405596238947e-17,Reject H0 (Models Differ),Do Not Pool
region,Procurement / Sourcing / Supply Chain,USA,Balanced,Entry-Level,Agentic,USA,Competence_Score,Kruskal-Wallis,96.91584736100864,7.153891866734223e-21,Reject H0 (Models Differ),Do Not Pool
region,Procurement / Sourcing / Supply Chain,USA,Balanced,Entry-Level,Agentic,USA,Fit_Score,Kruskal-Wallis,92.25529102628533,7.179382102114995e-20,Reject H0 (Models Differ),Do Not Pool
region,Procurement / Sourcing / Supply Chain,USA,Balanced,Entry-Level,Agentic,USA,Performance_Score,Kruskal-Wallis,93.5027915253224,3.873036198905772e-20,Reject H0 (Models Differ),Do Not Pool
region,Procurement / Sourcing / Supply Chain,USA,Balanced,Entry-Level,Agentic,USA,Leadership_Avg,Kruskal-Wallis,90.10544530163837,2.0792600033931581e-19,Reject H0 (Models Differ),Do Not Pool
region,Procurement / Sourcing / Supply Chain,USA,Balanced,Entry-Level,Agentic,USA,Status_Score,Kruskal-Wallis,93.75829478136363,3.413107923419506e-20,Reject H0 (Models Differ),Do Not Pool
region,Procurement / Sourcing / Supply Chain,USA,Balanced,Entry-Level,Agentic,USA,Warmth_Score,Kruskal-Wallis,26.87299795943849,6.259552141477524e-06,Reject H0 (Models Differ),Do Not Pool
region,Procurement / Sourcing / Supply Chain,USA,Balanced,Entry-Level,Communal,USA,Hireability_Score,Kruskal-Wallis,52.87802693545488,1.946488883920115e-11,Reject H0 (Models Differ),Do Not Pool
region,Procurement / Sourcing / Supply Chain,USA,Balanced,Entry-Level,Communal,USA,Competence_Score,Kruskal-Wallis,76.95769230769231,1.378645864016701e-16,Reject H0 (Models Differ),Do Not Pool
region,Procurement / Sourcing / Supply Chain,USA,Balanced,Entry-Level,Communal,USA,Fit_Score,Kruskal-Wallis,79.45467057188544,4.0179412735873886e-17,Reject H0 (Models Differ),Do Not Pool
region,Procurement / Sourcing / Supply Chain,USA,Balanced,Entry-Level,Communal,USA,Performance_Score,Kruskal-Wallis,81.77062233589085,1.2799430586715131e-17,Reject H0 (Models Differ),Do Not Pool
region,Procurement / Sourcing / Supply Chain,USA,Balanced,Entry-Level,Communal,USA,Leadership_Avg,Kruskal-Wallis,83.8422528347146,4.598835893940177e-18,Reject H0 (Models Differ),Do Not Pool
region,Procurement / Sourcing / Supply Chain,USA,Balanced,Entry-Level,Communal,USA,Status_Score,Kruskal-Wallis,87.70090200902004,6.828151441958055e-19,Reject H0 (Models Differ),Do Not Pool
region,Procurement / Sourcing / Supply Chain,USA,Balanced,Entry-Level,Communal,USA,Warmth_Score,Kruskal-Wallis,17.953888617270415,0.0004495870034866479,Reject H0 (Models Differ),Do Not Pool
region,Procurement / Sourcing / Supply Chain,USA,Balanced,Senior-Level,Agentic,USA,Hireability_Score,Kruskal-Wallis,70.42399453021211,3.4630985525330013e-15,Reject H0 (Models Differ),Do Not Pool
region,Procurement / Sourcing / Supply Chain,USA,Balanced,Senior-Level,Agentic,USA,Competence_Score,Kruskal-Wallis,82.21235729112601,1.028990765153905e-17,Reject H0 (Models Differ),Do Not Pool
region,Procurement / Sourcing / Supply Chain,USA,Balanced,Senior-Level,Agentic,USA,Fit_Score,Kruskal-Wallis,77.5675715070453,1.020212119842145e-16,Reject H0 (Models Differ),Do Not Pool
region,Procurement / Sourcing / Supply Chain,USA,Balanced,Senior-Level,Agentic,USA,Performance_Score,Kruskal-Wallis,71.58425898248338,1.954200393452606e-15,Reject H0 (Models Differ),Do Not Pool
region,Procurement / Sourcing / Supply Chain,USA,Balanced,Senior-Level,Agentic,USA,Leadership_Avg,Kruskal-Wallis,79.58307260174938,3.771061115621917e-17,Reject H0 (Models Differ),Do Not Pool
region,Procurement / Sourcing / Supply Chain,USA,Balanced,Senior-Level,Agentic,USA,Status_Score,Kruskal-Wallis,84.16880466694741,3.913476944895228e-18,Reject H0 (Models Differ),Do Not Pool
region,Procurement / Sourcing / Supply Chain,USA,Balanced,Senior-Level,Agentic,USA,Warmth_Score,Kruskal-Wallis,10.84517022913854,0.012593248203422006,Reject H0 (Models Differ),Do Not Pool
region,Procurement / Sourcing / Supply Chain,USA,Balanced,Senior-Level,Communal,USA,Hireability_Score,Kruskal-Wallis,90.88320049105832,1.4152975426367616e-19,Reject H0 (Models Differ),Do Not Pool
region,Procurement / Sourcing / Supply Chain,USA,Balanced,Senior-Level,Communal,USA,Competence_Score,Kruskal-Wallis,77.87410001094213,8.76927825354861e-17,Reject H0 (Models Differ),Do Not Pool
region,Procurement / Sourcing / Supply Chain,USA,Balanced,Senior-Level,Communal,USA,Fit_Score,Kruskal-Wallis,94.00929688827352,3.014492230214792e-20,Reject H0 (Models Differ),Do Not Pool
region,Procurement / Sourcing / Supply Chain,USA,Balanced,Senior-Level,Communal,USA,Performance_Score,Kruskal-Wallis,83.53792534591118,5.345156022311461e-18,Reject H0 (Models Differ),Do Not Pool
region,Procurement / Sourcing / Supply Chain,USA,Balanced,Senior-Level,Communal,USA,Leadership_Avg,Kruskal-Wallis,94.8300063907078,2.0083901677199763e-20,Reject H0 (Models Differ),Do Not Pool
region,Procurement / Sourcing / Supply Chain,USA,Balanced,Senior-Level,Communal,USA,Status_Score,Kruskal-Wallis,88.7414128753232,4.0819157896410246e-19,Reject H0 (Models Differ),Do Not Pool
region,Procurement / Sourcing / Supply Chain,USA,Balanced,Senior-Level,Communal,USA,Warmth_Score,Kruskal-Wallis,4.528893637226921,0.209727475062194,Fail to Reject H0 (Models Equivalent),Pool
region,Procurement / Sourcing / Supply Chain,USA,Neutral,Entry-Level,Agentic,USA,Hireability_Score,Kruskal-Wallis,72.00390803464313,1.5888348835526977e-15,Reject H0 (Models Differ),Do Not Pool
region,Procurement / Sourcing / Supply Chain,USA,Neutral,Entry-Level,Agentic,USA,Competence_Score,Kruskal-Wallis,96.48562286021169,8.851517370195779e-21,Reject H0 (Models Differ),Do Not Pool
region,Procurement / Sourcing / Supply Chain,USA,Neutral,Entry-Level,Agentic,USA,Fit_Score,Kruskal-Wallis,87.35260485651212,8.111289647847488e-19,Reject H0 (Models Differ),Do Not Pool
region,Procurement / Sourcing / Supply Chain,USA,Neutral,Entry-Level,Agentic,USA,Performance_Score,Kruskal-Wallis,91.44258309778057,1.0732069744966094e-19,Reject H0 (Models Differ),Do Not Pool
region,Procurement / Sourcing / Supply Chain,USA,Neutral,Entry-Level,Agentic,USA,Leadership_Avg,Kruskal-Wallis,93.36908031841661,4.137921763668804e-20,Reject H0 (Models Differ),Do Not Pool
region,Procurement / Sourcing / Supply Chain,USA,Neutral,Entry-Level,Agentic,USA,Status_Score,Kruskal-Wallis,97.36070238223567,5.740079562937113e-21,Reject H0 (Models Differ),Do Not Pool
region,Procurement / Sourcing / Supply Chain,USA,Neutral,Entry-Level,Agentic,USA,Warmth_Score,Kruskal-Wallis,23.87062062062056,2.6582770325946376e-05,Reject H0 (Models Differ),Do Not Pool
region,Procurement / Sourcing / Supply Chain,USA,Neutral,Entry-Level,Communal,USA,Hireability_Score,Kruskal-Wallis,59.69083327843291,6.843767698267222e-13,Reject H0 (Models Differ),Do Not Pool
region,Procurement / Sourcing / Supply Chain,USA,Neutral,Entry-Level,Communal,USA,Competence_Score,Kruskal-Wallis,74.38797019410877,4.900876423438667e-16,Reject H0 (Models Differ),Do Not Pool
region,Procurement / Sourcing / Supply Chain,USA,Neutral,Entry-Level,Communal,USA,Fit_Score,Kruskal-Wallis,79.30482888323797,4.326546260384617e-17,Reject H0 (Models Differ),Do Not Pool
region,Procurement / Sourcing / Supply Chain,USA,Neutral,Entry-Level,Communal,USA,Performance_Score,Kruskal-Wallis,81.46746221161493,1.4867349465558663e-17,Reject H0 (Models Differ),Do Not Pool
region,Procurement / Sourcing / Supply Chain,USA,Neutral,Entry-Level,Communal,USA,Leadership_Avg,Kruskal-Wallis,72.24704460015172,1.4092720542574949e-15,Reject H0 (Models Differ),Do Not Pool
region,Procurement / Sourcing / Supply Chain,USA,Neutral,Entry-Level,Communal,USA,Status_Score,Kruskal-Wallis,80.6811182375906,2.1924513465495254e-17,Reject H0 (Models Differ),Do Not Pool
region,Procurement / Sourcing / Supply Chain,USA,Neutral,Entry-Level,Communal,USA,Warmth_Score,Kruskal-Wallis,32.38150966183573,4.348831034067995e-07,Reject H0 (Models Differ),Do Not Pool
region,Procurement / Sourcing / Supply Chain,USA,Neutral,Senior-Level,Agentic,USA,Hireability_Score,Kruskal-Wallis,76.5977643127286,1.646712028081813e-16,Reject H0 (Models Differ),Do Not Pool
region,Procurement / Sourcing / Supply Chain,USA,Neutral,Senior-Level,Agentic,USA,Competence_Score,Kruskal-Wallis,95.23776940538069,1.641406598124895e-20,Reject H0 (Models Differ),Do Not Pool
region,Procurement / Sourcing / Supply Chain,USA,Neutral,Senior-Level,Agentic,USA,Fit_Score,Kruskal-Wallis,71.44413006740038,2.0940335778527892e-15,Reject H0 (Models Differ),Do Not Pool
region,Procurement / Sourcing / Supply Chain,USA,Neutral,Senior-Level,Agentic,USA,Performance_Score,Kruskal-Wallis,74.00759379891932,5.912716873733372e-16,Reject H0 (Models Differ),Do Not Pool
region,Procurement / Sourcing / Supply Chain,USA,Neutral,Senior-Level,Agentic,USA,Leadership_Avg,Kruskal-Wallis,84.63582156467156,3.1068863574825308e-18,Reject H0 (Models Differ),Do Not Pool
region,Procurement / Sourcing / Supply Chain,USA,Neutral,Senior-Level,Agentic,USA,Status_Score,Kruskal-Wallis,80.8642090339681,2.002870005053872e-17,Reject H0 (Models Differ),Do Not Pool
region,Procurement / Sourcing / Supply Chain,USA,Neutral,Senior-Level,Agentic,USA,Warmth_Score,Kruskal-Wallis,18.949727463312282,0.000280021069119173,Reject H0 (Models Differ),Do Not Pool
region,Procurement / Sourcing / Supply Chain,USA,Neutral,Senior-Level,Communal,USA,Hireability_Score,Kruskal-Wallis,76.70851248598784,1.559103149388519e-16,Reject H0 (Models Differ),Do Not Pool
region,Procurement / Sourcing / Supply Chain,USA,Neutral,Senior-Level,Communal,USA,Competence_Score,Kruskal-Wallis,76.83894550287994,1.4618787121947266e-16,Reject H0 (Models Differ),Do Not Pool
region,Procurement / Sourcing / Supply Chain,USA,Neutral,Senior-Level,Communal,USA,Fit_Score,Kruskal-Wallis,90.9683728791209,1.3569126070826175e-19,Reject H0 (Models Differ),Do Not Pool
region,Procurement / Sourcing / Supply Chain,USA,Neutral,Senior-Level,Communal,USA,Performance_Score,Kruskal-Wallis,76.0421033079123,2.1663908532876717e-16,Reject H0 (Models Differ),Do Not Pool
region,Procurement / Sourcing / Supply Chain,USA,Neutral,Senior-Level,Communal,USA,Leadership_Avg,Kruskal-Wallis,88.85152838194719,3.8655934325637066e-19,Reject H0 (Models Differ),Do Not Pool
region,Procurement / Sourcing / Supply Chain,USA,Neutral,Senior-Level,Communal,USA,Status_Score,Kruskal-Wallis,91.64224516740242,9.72279239936905e-20,Reject H0 (Models Differ),Do Not Pool
region,Procurement / Sourcing / Supply Chain,USA,Neutral,Senior-Level,Communal,USA,Warmth_Score,Kruskal-Wallis,7.6086039711682165,0.054832643074296625,Fail to Reject H0 (Models Equivalent),Pool
region,Project Management / Programme Management,China,Balanced,Entry-Level,Agentic,USA,Hireability_Score,Kruskal-Wallis,60.54765872174478,4.4898793920444423e-13,Reject H0 (Models Differ),Do Not Pool
region,Project Management / Programme Management,China,Balanced,Entry-Level,Agentic,USA,Competence_Score,Kruskal-Wallis,78.30883379247014,7.07524747761311e-17,Reject H0 (Models Differ),Do Not Pool
region,Project Management / Programme Management,China,Balanced,Entry-Level,Agentic,USA,Fit_Score,Kruskal-Wallis,78.11501677907924,7.785806601490067e-17,Reject H0 (Models Differ),Do Not Pool
region,Project Management / Programme Management,China,Balanced,Entry-Level,Agentic,USA,Performance_Score,Kruskal-Wallis,81.6207905313077,1.378279728370098e-17,Reject H0 (Models Differ),Do Not Pool
region,Project Management / Programme Management,China,Balanced,Entry-Level,Agentic,USA,Leadership_Avg,Kruskal-Wallis,85.19960638173386,2.3513101836859352e-18,Reject H0 (Models Differ),Do Not Pool
region,Project Management / Programme Management,China,Balanced,Entry-Level,Agentic,USA,Status_Score,Kruskal-Wallis,89.47200250408066,2.84420077512056e-19,Reject H0 (Models Differ),Do Not Pool
region,Project Management / Programme Management,China,Balanced,Entry-Level,Agentic,USA,Warmth_Score,Kruskal-Wallis,88.59841088227823,4.381007230075325e-19,Reject H0 (Models Differ),Do Not Pool
region,Project Management / Programme Management,China,Balanced,Entry-Level,Communal,USA,Hireability_Score,Kruskal-Wallis,59.234239074813225,8.567013646905441e-13,Reject H0 (Models Differ),Do Not Pool
region,Project Management / Programme Management,China,Balanced,Entry-Level,Communal,USA,Competence_Score,Kruskal-Wallis,75.43683796511927,2.9206350674557984e-16,Reject H0 (Models Differ),Do Not Pool
region,Project Management / Programme Management,China,Balanced,Entry-Level,Communal,USA,Fit_Score,Kruskal-Wallis,76.91485819715894,1.4081086343359127e-16,Reject H0 (Models Differ),Do Not Pool
region,Project Management / Programme Management,China,Balanced,Entry-Level,Communal,USA,Performance_Score,Kruskal-Wallis,86.5966060572768,1.178711295876049e-18,Reject H0 (Models Differ),Do Not Pool
region,Project Management / Programme Management,China,Balanced,Entry-Level,Communal,USA,Leadership_Avg,Kruskal-Wallis,84.60219264349213,3.1589552131822817e-18,Reject H0 (Models Differ),Do Not Pool
region,Project Management / Programme Management,China,Balanced,Entry-Level,Communal,USA,Status_Score,Kruskal-Wallis,90.91178383226816,1.3954291381866727e-19,Reject H0 (Models Differ),Do Not Pool
region,Project Management / Programme Management,China,Balanced,Entry-Level,Communal,USA,Warmth_Score,Kruskal-Wallis,30.502223983465697,1.0820019540617757e-06,Reject H0 (Models Differ),Do Not Pool
region,Project Management / Programme Management,China,Balanced,Senior-Level,Agentic,USA,Hireability_Score,Kruskal-Wallis,79.01460569216574,4.9932783939398246e-17,Reject H0 (Models Differ),Do Not Pool
region,Project Management / Programme Management,China,Balanced,Senior-Level,Agentic,USA,Competence_Score,Kruskal-Wallis,88.92947161964871,3.7194375762899985e-19,Reject H0 (Models Differ),Do Not Pool
region,Project Management / Programme Management,China,Balanced,Senior-Level,Agentic,USA,Fit_Score,Kruskal-Wallis,85.730413808082,1.8086924137979083e-18,Reject H0 (Models Differ),Do Not Pool
region,Project Management / Programme Management,China,Balanced,Senior-Level,Agentic,USA,Performance_Score,Kruskal-Wallis,80.21944148621469,2.75401018360362e-17,Reject H0 (Models Differ),Do Not Pool
region,Project Management / Programme Management,China,Balanced,Senior-Level,Agentic,USA,Leadership_Avg,Kruskal-Wallis,74.09168136492019,5.672413460955806e-16,Reject H0 (Models Differ),Do Not Pool
region,Project Management / Programme Management,China,Balanced,Senior-Level,Agentic,USA,Status_Score,Kruskal-Wallis,81.0025441147954,1.870578725816026e-17,Reject H0 (Models Differ),Do Not Pool
region,Project Management / Programme Management,China,Balanced,Senior-Level,Agentic,USA,Warmth_Score,Kruskal-Wallis,55.0432539593925,6.72181988789273e-12,Reject H0 (Models Differ),Do Not Pool
region,Project Management / Programme Management,China,Balanced,Senior-Level,Communal,USA,Hireability_Score,Kruskal-Wallis,72.09020044130465,1.5226277996566643e-15,Reject H0 (Models Differ),Do Not Pool
region,Project Management / Programme Management,China,Balanced,Senior-Level,Communal,USA,Competence_Score,Kruskal-Wallis,85.2361111111111,2.309265848722326e-18,Reject H0 (Models Differ),Do Not Pool
region,Project Management / Programme Management,China,Balanced,Senior-Level,Communal,USA,Fit_Score,Kruskal-Wallis,88.46493978027137,4.679900664850668e-19,Reject H0 (Models Differ),Do Not Pool
region,Project Management / Programme Management,China,Balanced,Senior-Level,Communal,USA,Performance_Score,Kruskal-Wallis,78.2659369488269,7.226708078034309e-17,Reject H0 (Models Differ),Do Not Pool
region,Project Management / Programme Management,China,Balanced,Senior-Level,Communal,USA,Leadership_Avg,Kruskal-Wallis,73.27045983518902,8.506223105953751e-16,Reject H0 (Models Differ),Do Not Pool
region,Project Management / Programme Management,China,Balanced,Senior-Level,Communal,USA,Status_Score,Kruskal-Wallis,77.83208955223881,8.95307104599064e-17,Reject H0 (Models Differ),Do Not Pool
region,Project Management / Programme Management,China,Balanced,Senior-Level,Communal,USA,Warmth_Score,Kruskal-Wallis,26.582361257316613,7.201988888470906e-06,Reject H0 (Models Differ),Do Not Pool
region,Project Management / Programme Management,China,Neutral,Entry-Level,Agentic,USA,Hireability_Score,Kruskal-Wallis,74.75416011341139,4.0906793619509546e-16,Reject H0 (Models Differ),Do Not Pool
region,Project Management / Programme Management,China,Neutral,Entry-Level,Agentic,USA,Competence_Score,Kruskal-Wallis,69.19230769230766,6.356179557801354e-15,Reject H0 (Models Differ),Do Not Pool
region,Project Management / Programme Management,China,Neutral,Entry-Level,Agentic,USA,Fit_Score,Kruskal-Wallis,81.58415168565028,1.4034540612428746e-17,Reject H0 (Models Differ),Do Not Pool
region,Project Management / Programme Management,China,Neutral,Entry-Level,Agentic,USA,Performance_Score,Kruskal-Wallis,87.14379345881852,8.993413294814313e-19,Reject H0 (Models Differ),Do Not Pool
region,Project Management / Programme Management,China,Neutral,Entry-Level,Agentic,USA,Leadership_Avg,Kruskal-Wallis,89.95853678634487,2.2359540370291156e-19,Reject H0 (Models Differ),Do Not Pool
region,Project Management / Programme Management,China,Neutral,Entry-Level,Agentic,USA,Status_Score,Kruskal-Wallis,93.59460547504031,3.7010343352235215e-20,Reject H0 (Models Differ),Do Not Pool
region,Project Management / Programme Management,China,Neutral,Entry-Level,Agentic,USA,Warmth_Score,Kruskal-Wallis,51.17590011319194,4.4876377260705945e-11,Reject H0 (Models Differ),Do Not Pool
region,Project Management / Programme Management,China,Neutral,Entry-Level,Communal,USA,Hireability_Score,Kruskal-Wallis,60.79147059266904,3.9823260081142404e-13,Reject H0 (Models Differ),Do Not Pool
region,Project Management / Programme Management,China,Neutral,Entry-Level,Communal,USA,Competence_Score,Kruskal-Wallis,72.07009587020644,1.537802118026049e-15,Reject H0 (Models Differ),Do Not Pool
region,Project Management / Programme Management,China,Neutral,Entry-Level,Communal,USA,Fit_Score,Kruskal-Wallis,83.01148468586865,6.933214088063944e-18,Reject H0 (Models Differ),Do Not Pool
region,Project Management / Programme Management,China,Neutral,Entry-Level,Communal,USA,Performance_Score,Kruskal-Wallis,84.95931691246497,2.6478218678297877e-18,Reject H0 (Models Differ),Do Not Pool
region,Project Management / Programme Management,China,Neutral,Entry-Level,Communal,USA,Leadership_Avg,Kruskal-Wallis,88.2936701744918,5.093493584031705e-19,Reject H0 (Models Differ),Do Not Pool
region,Project Management / Programme Management,China,Neutral,Entry-Level,Communal,USA,Status_Score,Kruskal-Wallis,88.51695271100725,4.561072895450397e-19,Reject H0 (Models Differ),Do Not Pool
region,Project Management / Programme Management,China,Neutral,Entry-Level,Communal,USA,Warmth_Score,Kruskal-Wallis,36.74373772232543,5.2131642433128304e-08,Reject H0 (Models Differ),Do Not Pool
region,Project Management / Programme Management,China,Neutral,Senior-Level,Agentic,USA,Hireability_Score,Kruskal-Wallis,86.43291864626715,1.2780564974901557e-18,Reject H0 (Models Differ),Do Not Pool
region,Project Management / Programme Management,China,Neutral,Senior-Level,Agentic,USA,Competence_Score,Kruskal-Wallis,82.01630656064239,1.1336450461425332e-17,Reject H0 (Models Differ),Do Not Pool
region,Project Management / Programme Management,China,Neutral,Senior-Level,Agentic,USA,Fit_Score,Kruskal-Wallis,82.78848606020206,7.74083185504595e-18,Reject H0 (Models Differ),Do Not Pool
region,Project Management / Programme Management,China,Neutral,Senior-Level,Agentic,USA,Performance_Score,Kruskal-Wallis,77.84207872224329,8.909023154413832e-17,Reject H0 (Models Differ),Do Not Pool
region,Project Management / Programme Management,China,Neutral,Senior-Level,Agentic,USA,Leadership_Avg,Kruskal-Wallis,76.28143902586085,1.9250005155171367e-16,Reject H0 (Models Differ),Do Not Pool
region,Project Management / Programme Management,China,Neutral,Senior-Level,Agentic,USA,Status_Score,Kruskal-Wallis,80.41623324953697,2.4989180910812755e-17,Reject H0 (Models Differ),Do Not Pool
region,Project Management / Programme Management,China,Neutral,Senior-Level,Agentic,USA,Warmth_Score,Kruskal-Wallis,22.054587884806374,6.354715715223757e-05,Reject H0 (Models Differ),Do Not Pool
region,Project Management / Programme Management,China,Neutral,Senior-Level,Communal,USA,Hireability_Score,Kruskal-Wallis,82.29484002380654,9.879005345770639e-18,Reject H0 (Models Differ),Do Not Pool
region,Project Management / Programme Management,China,Neutral,Senior-Level,Communal,USA,Competence_Score,Kruskal-Wallis,95.08992900258163,1.7659924409860818e-20,Reject H0 (Models Differ),Do Not Pool
region,Project Management / Programme Management,China,Neutral,Senior-Level,Communal,USA,Fit_Score,Kruskal-Wallis,89.303328519042,3.091622502118593e-19,Reject H0 (Models Differ),Do Not Pool
region,Project Management / Programme Management,China,Neutral,Senior-Level,Communal,USA,Performance_Score,Kruskal-Wallis,77.23132603076473,1.2044405956222973e-16,Reject H0 (Models Differ),Do Not Pool
region,Project Management / Programme Management,China,Neutral,Senior-Level,Communal,USA,Leadership_Avg,Kruskal-Wallis,77.3800115290387,1.1191955658461846e-16,Reject H0 (Models Differ),Do Not Pool
region,Project Management / Programme Management,China,Neutral,Senior-Level,Communal,USA,Status_Score,Kruskal-Wallis,76.44080702896191,1.7793701187579829e-16,Reject H0 (Models Differ),Do Not Pool
region,Project Management / Programme Management,China,Neutral,Senior-Level,Communal,USA,Warmth_Score,Kruskal-Wallis,19.9738822326125,0.00017187112806672995,Reject H0 (Models Differ),Do Not Pool
region,Project Management / Programme Management,Europe,Balanced,Entry-Level,Agentic,USA,Hireability_Score,Kruskal-Wallis,66.94861512404105,1.9206636718821944e-14,Reject H0 (Models Differ),Do Not Pool
region,Project Management / Programme Management,Europe,Balanced,Entry-Level,Agentic,USA,Competence_Score,Kruskal-Wallis,99.63001548239896,1.8665836070272127e-21,Reject H0 (Models Differ),Do Not Pool
region,Project Management / Programme Management,Europe,Balanced,Entry-Level,Agentic,USA,Fit_Score,Kruskal-Wallis,87.30279793361434,8.313506497093319e-19,Reject H0 (Models Differ),Do Not Pool
region,Project Management / Programme Management,Europe,Balanced,Entry-Level,Agentic,USA,Performance_Score,Kruskal-Wallis,95.11505283600006,1.7441726190844583e-20,Reject H0 (Models Differ),Do Not Pool
region,Project Management / Programme Management,Europe,Balanced,Entry-Level,Agentic,USA,Leadership_Avg,Kruskal-Wallis,93.86936847389184,3.230594577412939e-20,Reject H0 (Models Differ),Do Not Pool
region,Project Management / Programme Management,Europe,Balanced,Entry-Level,Agentic,USA,Status_Score,Kruskal-Wallis,100.23490705484161,1.3835210141732368e-21,Reject H0 (Models Differ),Do Not Pool
region,Project Management / Programme Management,Europe,Balanced,Entry-Level,Agentic,USA,Warmth_Score,Kruskal-Wallis,87.79882986434711,6.505420469746555e-19,Reject H0 (Models Differ),Do Not Pool
region,Project Management / Programme Management,Europe,Balanced,Entry-Level,Communal,USA,Hireability_Score,Kruskal-Wallis,66.95815578508721,1.9116555909570157e-14,Reject H0 (Models Differ),Do Not Pool
region,Project Management / Programme Management,Europe,Balanced,Entry-Level,Communal,USA,Competence_Score,Kruskal-Wallis,81.65853695862877,1.352816405671152e-17,Reject H0 (Models Differ),Do Not Pool
region,Project Management / Programme Management,Europe,Balanced,Entry-Level,Communal,USA,Fit_Score,Kruskal-Wallis,90.45382783273266,1.7501629104846716e-19,Reject H0 (Models Differ),Do Not Pool
region,Project Management / Programme Management,Europe,Balanced,Entry-Level,Communal,USA,Performance_Score,Kruskal-Wallis,92.20697012023115,7.3530656570901e-20,Reject H0 (Models Differ),Do Not Pool
region,Project Management / Programme Management,Europe,Balanced,Entry-Level,Communal,USA,Leadership_Avg,Kruskal-Wallis,85.26823664319897,2.272887469783015e-18,Reject H0 (Models Differ),Do Not Pool
region,Project Management / Programme Management,Europe,Balanced,Entry-Level,Communal,USA,Status_Score,Kruskal-Wallis,92.57961687793748,6.115143777096222e-20,Reject H0 (Models Differ),Do Not Pool
region,Project Management / Programme Management,Europe,Balanced,Entry-Level,Communal,USA,Warmth_Score,Kruskal-Wallis,45.04665488033874,9.04384752015948e-10,Reject H0 (Models Differ),Do Not Pool
region,Project Management / Programme Management,Europe,Balanced,Senior-Level,Agentic,USA,Hireability_Score,Kruskal-Wallis,75.40842835490267,2.961874534496455e-16,Reject H0 (Models Differ),Do Not Pool
region,Project Management / Programme Management,Europe,Balanced,Senior-Level,Agentic,USA,Competence_Score,Kruskal-Wallis,80.87027800394112,1.9968746801538368e-17,Reject H0 (Models Differ),Do Not Pool
region,Project Management / Programme Management,Europe,Balanced,Senior-Level,Agentic,USA,Fit_Score,Kruskal-Wallis,85.02406444845181,2.5644289966088157e-18,Reject H0 (Models Differ),Do Not Pool
region,Project Management / Programme Management,Europe,Balanced,Senior-Level,Agentic,USA,Performance_Score,Kruskal-Wallis,77.50498926906441,1.0522262373756948e-16,Reject H0 (Models Differ),Do Not Pool
region,Project Management / Programme Management,Europe,Balanced,Senior-Level,Agentic,USA,Leadership_Avg,Kruskal-Wallis,75.42414333566195,2.938991206645827e-16,Reject H0 (Models Differ),Do Not Pool
region,Project Management / Programme Management,Europe,Balanced,Senior-Level,Agentic,USA,Status_Score,Kruskal-Wallis,78.25934354111095,7.250273815665894e-17,Reject H0 (Models Differ),Do Not Pool
region,Project Management / Programme Management,Europe,Balanced,Senior-Level,Agentic,USA,Warmth_Score,Kruskal-Wallis,59.496440677966135,7.530458209287719e-13,Reject H0 (Models Differ),Do Not Pool
region,Project Management / Programme Management,Europe,Balanced,Senior-Level,Communal,USA,Hireability_Score,Kruskal-Wallis,76.97190075670194,1.3690095604315134e-16,Reject H0 (Models Differ),Do Not Pool
region,Project Management / Programme Management,Europe,Balanced,Senior-Level,Communal,USA,Competence_Score,Kruskal-Wallis,91.90749703252574,8.527204166776471e-20,Reject H0 (Models Differ),Do Not Pool
region,Project Management / Programme Management,Europe,Balanced,Senior-Level,Communal,USA,Fit_Score,Kruskal-Wallis,89.9566450559994,2.238046922914868e-19,Reject H0 (Models Differ),Do Not Pool
region,Project Management / Programme Management,Europe,Balanced,Senior-Level,Communal,USA,Performance_Score,Kruskal-Wallis,80.36022579883257,2.569012550747471e-17,Reject H0 (Models Differ),Do Not Pool
region,Project Management / Programme Management,Europe,Balanced,Senior-Level,Communal,USA,Leadership_Avg,Kruskal-Wallis,77.53546615565705,1.0365121663458866e-16,Reject H0 (Models Differ),Do Not Pool
region,Project Management / Programme Management,Europe,Balanced,Senior-Level,Communal,USA,Status_Score,Kruskal-Wallis,79.17347134215437,4.6165130309868115e-17,Reject H0 (Models Differ),Do Not Pool
region,Project Management / Programme Management,Europe,Balanced,Senior-Level,Communal,USA,Warmth_Score,Kruskal-Wallis,23.312773749359085,3.475269128030929e-05,Reject H0 (Models Differ),Do Not Pool
region,Project Management / Programme Management,Europe,Neutral,Entry-Level,Agentic,USA,Hireability_Score,Kruskal-Wallis,65.08480696284745,4.810818408463322e-14,Reject H0 (Models Differ),Do Not Pool
region,Project Management / Programme Management,Europe,Neutral,Entry-Level,Agentic,USA,Competence_Score,Kruskal-Wallis,77.45561726981217,1.0781897287904447e-16,Reject H0 (Models Differ),Do Not Pool
region,Project Management / Programme Management,Europe,Neutral,Entry-Level,Agentic,USA,Fit_Score,Kruskal-Wallis,84.99142963592544,2.6061281670709843e-18,Reject H0 (Models Differ),Do Not Pool
region,Project Management / Programme Management,Europe,Neutral,Entry-Level,Agentic,USA,Performance_Score,Kruskal-Wallis,86.6014405314405,1.1758976014374278e-18,Reject H0 (Models Differ),Do Not Pool
region,Project Management / Programme Management,Europe,Neutral,Entry-Level,Agentic,USA,Leadership_Avg,Kruskal-Wallis,85.01950336593411,2.570216581808957e-18,Reject H0 (Models Differ),Do Not Pool
region,Project Management / Programme Management,Europe,Neutral,Entry-Level,Agentic,USA,Status_Score,Kruskal-Wallis,91.62615937791057,9.800465061997021e-20,Reject H0 (Models Differ),Do Not Pool
region,Project Management / Programme Management,Europe,Neutral,Entry-Level,Agentic,USA,Warmth_Score,Kruskal-Wallis,57.85255376344084,1.6900525412247613e-12,Reject H0 (Models Differ),Do Not Pool
region,Project Management / Programme Management,Europe,Neutral,Entry-Level,Communal,USA,Hireability_Score,Kruskal-Wallis,59.112470125969075,9.095755659130412e-13,Reject H0 (Models Differ),Do Not Pool
region,Project Management / Programme Management,Europe,Neutral,Entry-Level,Communal,USA,Competence_Score,Kruskal-Wallis,79.136275640027,4.702095610012017e-17,Reject H0 (Models Differ),Do Not Pool
region,Project Management / Programme Management,Europe,Neutral,Entry-Level,Communal,USA,Fit_Score,Kruskal-Wallis,82.95573255614343,7.126865090971568e-18,Reject H0 (Models Differ),Do Not Pool
region,Project Management / Programme Management,Europe,Neutral,Entry-Level,Communal,USA,Performance_Score,Kruskal-Wallis,86.75033308821739,1.092452570312726e-18,Reject H0 (Models Differ),Do Not Pool
region,Project Management / Programme Management,Europe,Neutral,Entry-Level,Communal,USA,Leadership_Avg,Kruskal-Wallis,86.74793349060884,1.0937492900916059e-18,Reject H0 (Models Differ),Do Not Pool
region,Project Management / Programme Management,Europe,Neutral,Entry-Level,Communal,USA,Status_Score,Kruskal-Wallis,95.62521724314189,1.3550229016075117e-20,Reject H0 (Models Differ),Do Not Pool
region,Project Management / Programme Management,Europe,Neutral,Entry-Level,Communal,USA,Warmth_Score,Kruskal-Wallis,59.48634332479789,7.56795149401275e-13,Reject H0 (Models Differ),Do Not Pool
region,Project Management / Programme Management,Europe,Neutral,Senior-Level,Agentic,USA,Hireability_Score,Kruskal-Wallis,89.51733214143826,2.781151530590737e-19,Reject H0 (Models Differ),Do Not Pool
region,Project Management / Programme Management,Europe,Neutral,Senior-Level,Agentic,USA,Competence_Score,Kruskal-Wallis,84.47556992724331,3.36295791535766e-18,Reject H0 (Models Differ),Do Not Pool
region,Project Management / Programme Management,Europe,Neutral,Senior-Level,Agentic,USA,Fit_Score,Kruskal-Wallis,83.25804831511756,6.137945950751235e-18,Reject H0 (Models Differ),Do Not Pool
region,Project Management / Programme Management,Europe,Neutral,Senior-Level,Agentic,USA,Performance_Score,Kruskal-Wallis,81.81236747256305,1.2538166170308372e-17,Reject H0 (Models Differ),Do Not Pool
region,Project Management / Programme Management,Europe,Neutral,Senior-Level,Agentic,USA,Leadership_Avg,Kruskal-Wallis,79.72462362896589,3.516435863105815e-17,Reject H0 (Models Differ),Do Not Pool
region,Project Management / Programme Management,Europe,Neutral,Senior-Level,Agentic,USA,Status_Score,Kruskal-Wallis,84.68607944656516,3.0306652677210326e-18,Reject H0 (Models Differ),Do Not Pool
region,Project Management / Programme Management,Europe,Neutral,Senior-Level,Agentic,USA,Warmth_Score,Kruskal-Wallis,20.67644144144144,0.00012288613137985413,Reject H0 (Models Differ),Do Not Pool
region,Project Management / Programme Management,Europe,Neutral,Senior-Level,Communal,USA,Hireability_Score,Kruskal-Wallis,71.11207690006668,2.466628428674292e-15,Reject H0 (Models Differ),Do Not Pool
region,Project Management / Programme Management,Europe,Neutral,Senior-Level,Communal,USA,Competence_Score,Kruskal-Wallis,88.77098021722817,4.022669336122487e-19,Reject H0 (Models Differ),Do Not Pool
region,Project Management / Programme Management,Europe,Neutral,Senior-Level,Communal,USA,Fit_Score,Kruskal-Wallis,80.71555832041295,2.1554693567591785e-17,Reject H0 (Models Differ),Do Not Pool
region,Project Management / Programme Management,Europe,Neutral,Senior-Level,Communal,USA,Performance_Score,Kruskal-Wallis,75.15154831387808,3.3622144851508773e-16,Reject H0 (Models Differ),Do Not Pool
region,Project Management / Programme Management,Europe,Neutral,Senior-Level,Communal,USA,Leadership_Avg,Kruskal-Wallis,75.01354054350288,3.5991878739409287e-16,Reject H0 (Models Differ),Do Not Pool
region,Project Management / Programme Management,Europe,Neutral,Senior-Level,Communal,USA,Status_Score,Kruskal-Wallis,80.37519898121614,2.5500830584728164e-17,Reject H0 (Models Differ),Do Not Pool
region,Project Management / Programme Management,Europe,Neutral,Senior-Level,Communal,USA,Warmth_Score,Kruskal-Wallis,46.93503569222064,3.5879728900744454e-10,Reject H0 (Models Differ),Do Not Pool
region,Project Management / Programme Management,Singapore,Balanced,Entry-Level,Agentic,USA,Hireability_Score,Kruskal-Wallis,56.78032963207719,2.862880711702513e-12,Reject H0 (Models Differ),Do Not Pool
region,Project Management / Programme Management,Singapore,Balanced,Entry-Level,Agentic,USA,Competence_Score,Kruskal-Wallis,78.12970393931977,7.729548960238762e-17,Reject H0 (Models Differ),Do Not Pool
region,Project Management / Programme Management,Singapore,Balanced,Entry-Level,Agentic,USA,Fit_Score,Kruskal-Wallis,77.17256312585904,1.2398936286298196e-16,Reject H0 (Models Differ),Do Not Pool
region,Project Management / Programme Management,Singapore,Balanced,Entry-Level,Agentic,USA,Performance_Score,Kruskal-Wallis,77.71764812108223,9.47351326559893e-17,Reject H0 (Models Differ),Do Not Pool
region,Project Management / Programme Management,Singapore,Balanced,Entry-Level,Agentic,USA,Leadership_Avg,Kruskal-Wallis,88.52395259218571,4.545313095427409e-19,Reject H0 (Models Differ),Do Not Pool
region,Project Management / Programme Management,Singapore,Balanced,Entry-Level,Agentic,USA,Status_Score,Kruskal-Wallis,86.33172852116671,1.3436140375431581e-18,Reject H0 (Models Differ),Do Not Pool
region,Project Management / Programme Management,Singapore,Balanced,Entry-Level,Agentic,USA,Warmth_Score,Kruskal-Wallis,85.08141762452105,2.4927555691149844e-18,Reject H0 (Models Differ),Do Not Pool
region,Project Management / Programme Management,Singapore,Balanced,Entry-Level,Communal,USA,Hireability_Score,Kruskal-Wallis,57.09684113256782,2.4504193864567552e-12,Reject H0 (Models Differ),Do Not Pool
region,Project Management / Programme Management,Singapore,Balanced,Entry-Level,Communal,USA,Competence_Score,Kruskal-Wallis,73.88821462066241,6.271457801660735e-16,Reject H0 (Models Differ),Do Not Pool
region,Project Management / Programme Management,Singapore,Balanced,Entry-Level,Communal,USA,Fit_Score,Kruskal-Wallis,83.17255893826871,6.402785288707673e-18,Reject H0 (Models Differ),Do Not Pool
region,Project Management / Programme Management,Singapore,Balanced,Entry-Level,Communal,USA,Performance_Score,Kruskal-Wallis,83.88739587750841,4.4973782923608275e-18,Reject H0 (Models Differ),Do Not Pool
region,Project Management / Programme Management,Singapore,Balanced,Entry-Level,Communal,USA,Leadership_Avg,Kruskal-Wallis,85.5977089499068,1.931311884192237e-18,Reject H0 (Models Differ),Do Not Pool
region,Project Management / Programme Management,Singapore,Balanced,Entry-Level,Communal,USA,Status_Score,Kruskal-Wallis,90.45254707464694,1.7512719040500954e-19,Reject H0 (Models Differ),Do Not Pool
region,Project Management / Programme Management,Singapore,Balanced,Entry-Level,Communal,USA,Warmth_Score,Kruskal-Wallis,51.23094949494952,4.368062072863551e-11,Reject H0 (Models Differ),Do Not Pool
region,Project Management / Programme Management,Singapore,Balanced,Senior-Level,Agentic,USA,Hireability_Score,Kruskal-Wallis,71.86442732356501,1.7019892540447143e-15,Reject H0 (Models Differ),Do Not Pool
region,Project Management / Programme Management,Singapore,Balanced,Senior-Level,Agentic,USA,Competence_Score,Kruskal-Wallis,84.0145523711046,4.223466667882694e-18,Reject H0 (Models Differ),Do Not Pool
region,Project Management / Programme Management,Singapore,Balanced,Senior-Level,Agentic,USA,Fit_Score,Kruskal-Wallis,84.07298949610875,4.103241948053813e-18,Reject H0 (Models Differ),Do Not Pool
region,Project Management / Programme Management,Singapore,Balanced,Senior-Level,Agentic,USA,Performance_Score,Kruskal-Wallis,79.21449946012643,4.523917558358874e-17,Reject H0 (Models Differ),Do Not Pool
region,Project Management / Programme Management,Singapore,Balanced,Senior-Level,Agentic,USA,Leadership_Avg,Kruskal-Wallis,76.95899755575239,1.3777578113572247e-16,Reject H0 (Models Differ),Do Not Pool
region,Project Management / Programme Management,Singapore,Balanced,Senior-Level,Agentic,USA,Status_Score,Kruskal-Wallis,83.55414283237995,5.302491499186204e-18,Reject H0 (Models Differ),Do Not Pool
region,Project Management / Programme Management,Singapore,Balanced,Senior-Level,Agentic,USA,Warmth_Score,Kruskal-Wallis,78.02318840579707,8.146944845691119e-17,Reject H0 (Models Differ),Do Not Pool
region,Project Management / Programme Management,Singapore,Balanced,Senior-Level,Communal,USA,Hireability_Score,Kruskal-Wallis,88.81685986123223,3.9324340755103785e-19,Reject H0 (Models Differ),Do Not Pool
region,Project Management / Programme Management,Singapore,Balanced,Senior-Level,Communal,USA,Competence_Score,Kruskal-Wallis,92.2317989059366,7.263303253267941e-20,Reject H0 (Models Differ),Do Not Pool
region,Project Management / Programme Management,Singapore,Balanced,Senior-Level,Communal,USA,Fit_Score,Kruskal-Wallis,92.08377666014718,7.815114668350905e-20,Reject H0 (Models Differ),Do Not Pool
region,Project Management / Programme Management,Singapore,Balanced,Senior-Level,Communal,USA,Performance_Score,Kruskal-Wallis,91.66610381430787,9.608719256506854e-20,Reject H0 (Models Differ),Do Not Pool
region,Project Management / Programme Management,Singapore,Balanced,Senior-Level,Communal,USA,Leadership_Avg,Kruskal-Wallis,76.92887560348754,1.3983983413079534e-16,Reject H0 (Models Differ),Do Not Pool
region,Project Management / Programme Management,Singapore,Balanced,Senior-Level,Communal,USA,Status_Score,Kruskal-Wallis,78.43633931515234,6.64352777204604e-17,Reject H0 (Models Differ),Do Not Pool
region,Project Management / Programme Management,Singapore,Balanced,Senior-Level,Communal,USA,Warmth_Score,Kruskal-Wallis,22.55772462728209,4.992870040426539e-05,Reject H0 (Models Differ),Do Not Pool
region,Project Management / Programme Management,Singapore,Neutral,Entry-Level,Agentic,USA,Hireability_Score,Kruskal-Wallis,61.334600237470994,3.0483778441701917e-13,Reject H0 (Models Differ),Do Not Pool
region,Project Management / Programme Management,Singapore,Neutral,Entry-Level,Agentic,USA,Competence_Score,Kruskal-Wallis,70.81299003682047,2.858638049231955e-15,Reject H0 (Models Differ),Do Not Pool
region,Project Management / Programme Management,Singapore,Neutral,Entry-Level,Agentic,USA,Fit_Score,Kruskal-Wallis,82.71672060700855,8.020240325126426e-18,Reject H0 (Models Differ),Do Not Pool
region,Project Management / Programme Management,Singapore,Neutral,Entry-Level,Agentic,USA,Performance_Score,Kruskal-Wallis,81.5514397966258,1.426318364879781e-17,Reject H0 (Models Differ),Do Not Pool
region,Project Management / Programme Management,Singapore,Neutral,Entry-Level,Agentic,USA,Leadership_Avg,Kruskal-Wallis,85.06360703066379,2.5147961564690887e-18,Reject H0 (Models Differ),Do Not Pool
region,Project Management / Programme Management,Singapore,Neutral,Entry-Level,Agentic,USA,Status_Score,Kruskal-Wallis,93.03329105756173,4.885757529462537e-20,Reject H0 (Models Differ),Do Not Pool
region,Project Management / Programme Management,Singapore,Neutral,Entry-Level,Agentic,USA,Warmth_Score,Kruskal-Wallis,51.913931623931624,3.124290055069211e-11,Reject H0 (Models Differ),Do Not Pool
region,Project Management / Programme Management,Singapore,Neutral,Entry-Level,Communal,USA,Hireability_Score,Kruskal-Wallis,54.98916142971517,6.902823701860649e-12,Reject H0 (Models Differ),Do Not Pool
region,Project Management / Programme Management,Singapore,Neutral,Entry-Level,Communal,USA,Competence_Score,Kruskal-Wallis,71.27953790016812,2.2711039752118125e-15,Reject H0 (Models Differ),Do Not Pool
region,Project Management / Programme Management,Singapore,Neutral,Entry-Level,Communal,USA,Fit_Score,Kruskal-Wallis,79.15459618397612,4.659745961991867e-17,Reject H0 (Models Differ),Do Not Pool
region,Project Management / Programme Management,Singapore,Neutral,Entry-Level,Communal,USA,Performance_Score,Kruskal-Wallis,82.41041392226974,9.330700891212949e-18,Reject H0 (Models Differ),Do Not Pool
region,Project Management / Programme Management,Singapore,Neutral,Entry-Level,Communal,USA,Leadership_Avg,Kruskal-Wallis,90.86594865875448,1.4274259748201938e-19,Reject H0 (Models Differ),Do Not Pool
region,Project Management / Programme Management,Singapore,Neutral,Entry-Level,Communal,USA,Status_Score,Kruskal-Wallis,88.19482561339181,5.348619324066307e-19,Reject H0 (Models Differ),Do Not Pool
region,Project Management / Programme Management,Singapore,Neutral,Entry-Level,Communal,USA,Warmth_Score,Kruskal-Wallis,36.67929396248749,5.379392736716162e-08,Reject H0 (Models Differ),Do Not Pool
region,Project Management / Programme Management,Singapore,Neutral,Senior-Level,Agentic,USA,Hireability_Score,Kruskal-Wallis,72.19656046244572,1.4448061462469998e-15,Reject H0 (Models Differ),Do Not Pool
region,Project Management / Programme Management,Singapore,Neutral,Senior-Level,Agentic,USA,Competence_Score,Kruskal-Wallis,86.85914101514028,1.0352407877775067e-18,Reject H0 (Models Differ),Do Not Pool
region,Project Management / Programme Management,Singapore,Neutral,Senior-Level,Agentic,USA,Fit_Score,Kruskal-Wallis,78.48540960561266,6.484488833528325e-17,Reject H0 (Models Differ),Do Not Pool
region,Project Management / Programme Management,Singapore,Neutral,Senior-Level,Agentic,USA,Performance_Score,Kruskal-Wallis,76.7189838576265,1.5510647058634028e-16,Reject H0 (Models Differ),Do Not Pool
region,Project Management / Programme Management,Singapore,Neutral,Senior-Level,Agentic,USA,Leadership_Avg,Kruskal-Wallis,81.16526853613709,1.7261011655256862e-17,Reject H0 (Models Differ),Do Not Pool
region,Project Management / Programme Management,Singapore,Neutral,Senior-Level,Agentic,USA,Status_Score,Kruskal-Wallis,84.33888207799136,3.5979839924774006e-18,Reject H0 (Models Differ),Do Not Pool
region,Project Management / Programme Management,Singapore,Neutral,Senior-Level,Agentic,USA,Warmth_Score,Kruskal-Wallis,18.295737697339415,0.00038219681123181063,Reject H0 (Models Differ),Do Not Pool
region,Project Management / Programme Management,Singapore,Neutral,Senior-Level,Communal,USA,Hireability_Score,Kruskal-Wallis,76.31453437668,1.8938086667895668e-16,Reject H0 (Models Differ),Do Not Pool
region,Project Management / Programme Management,Singapore,Neutral,Senior-Level,Communal,USA,Competence_Score,Kruskal-Wallis,94.88125,1.958103251315515e-20,Reject H0 (Models Differ),Do Not Pool
region,Project Management / Programme Management,Singapore,Neutral,Senior-Level,Communal,USA,Fit_Score,Kruskal-Wallis,85.71861462012811,1.8192721191574538e-18,Reject H0 (Models Differ),Do Not Pool
region,Project Management / Programme Management,Singapore,Neutral,Senior-Level,Communal,USA,Performance_Score,Kruskal-Wallis,77.14922697422372,1.2542605879529937e-16,Reject H0 (Models Differ),Do Not Pool
region,Project Management / Programme Management,Singapore,Neutral,Senior-Level,Communal,USA,Leadership_Avg,Kruskal-Wallis,76.95605918195163,1.3797578010005544e-16,Reject H0 (Models Differ),Do Not Pool
region,Project Management / Programme Management,Singapore,Neutral,Senior-Level,Communal,USA,Status_Score,Kruskal-Wallis,80.1187575857883,2.894427133140707e-17,Reject H0 (Models Differ),Do Not Pool
region,Project Management / Programme Management,Singapore,Neutral,Senior-Level,Communal,USA,Warmth_Score,Kruskal-Wallis,24.872511492319813,1.6417791994782547e-05,Reject H0 (Models Differ),Do Not Pool
region,Project Management / Programme Management,USA,Balanced,Entry-Level,Agentic,USA,Hireability_Score,Kruskal-Wallis,64.14991740997684,7.623929981733823e-14,Reject H0 (Models Differ),Do Not Pool
region,Project Management / Programme Management,USA,Balanced,Entry-Level,Agentic,USA,Competence_Score,Kruskal-Wallis,87.29662368265622,8.338922636081922e-19,Reject H0 (Models Differ),Do Not Pool
region,Project Management / Programme Management,USA,Balanced,Entry-Level,Agentic,USA,Fit_Score,Kruskal-Wallis,78.73863631089141,5.722299633145416e-17,Reject H0 (Models Differ),Do Not Pool
region,Project Management / Programme Management,USA,Balanced,Entry-Level,Agentic,USA,Performance_Score,Kruskal-Wallis,85.81020772113621,1.738742028536704e-18,Reject H0 (Models Differ),Do Not Pool
region,Project Management / Programme Management,USA,Balanced,Entry-Level,Agentic,USA,Leadership_Avg,Kruskal-Wallis,85.08340973777659,2.4903023709838648e-18,Reject H0 (Models Differ),Do Not Pool
region,Project Management / Programme Management,USA,Balanced,Entry-Level,Agentic,USA,Status_Score,Kruskal-Wallis,89.05333485460508,3.498455695436585e-19,Reject H0 (Models Differ),Do Not Pool
region,Project Management / Programme Management,USA,Balanced,Entry-Level,Agentic,USA,Warmth_Score,Kruskal-Wallis,78.73407132264471,5.735213475401004e-17,Reject H0 (Models Differ),Do Not Pool
region,Project Management / Programme Management,USA,Balanced,Entry-Level,Communal,USA,Hireability_Score,Kruskal-Wallis,55.013898440309234,6.819452347024643e-12,Reject H0 (Models Differ),Do Not Pool
region,Project Management / Programme Management,USA,Balanced,Entry-Level,Communal,USA,Competence_Score,Kruskal-Wallis,76.12924462924462,2.075184536514845e-16,Reject H0 (Models Differ),Do Not Pool
region,Project Management / Programme Management,USA,Balanced,Entry-Level,Communal,USA,Fit_Score,Kruskal-Wallis,74.95119847300224,3.71164146258125e-16,Reject H0 (Models Differ),Do Not Pool
region,Project Management / Programme Management,USA,Balanced,Entry-Level,Communal,USA,Performance_Score,Kruskal-Wallis,79.35906948372435,4.212190589926752e-17,Reject H0 (Models Differ),Do Not Pool
region,Project Management / Programme Management,USA,Balanced,Entry-Level,Communal,USA,Leadership_Avg,Kruskal-Wallis,82.29355794115718,9.885265030374891e-18,Reject H0 (Models Differ),Do Not Pool
region,Project Management / Programme Management,USA,Balanced,Entry-Level,Communal,USA,Status_Score,Kruskal-Wallis,85.34311903202926,2.1903006174284877e-18,Reject H0 (Models Differ),Do Not Pool
region,Project Management / Programme Management,USA,Balanced,Entry-Level,Communal,USA,Warmth_Score,Kruskal-Wallis,42.77008920606603,2.753741277889921e-09,Reject H0 (Models Differ),Do Not Pool
region,Project Management / Programme Management,USA,Balanced,Senior-Level,Agentic,USA,Hireability_Score,Kruskal-Wallis,70.7123882963298,3.0040297078006247e-15,Reject H0 (Models Differ),Do Not Pool
region,Project Management / Programme Management,USA,Balanced,Senior-Level,Agentic,USA,Competence_Score,Kruskal-Wallis,80.23591137834133,2.7316978220473596e-17,Reject H0 (Models Differ),Do Not Pool
region,Project Management / Programme Management,USA,Balanced,Senior-Level,Agentic,USA,Fit_Score,Kruskal-Wallis,82.79674503700066,7.709307633073212e-18,Reject H0 (Models Differ),Do Not Pool
region,Project Management / Programme Management,USA,Balanced,Senior-Level,Agentic,USA,Performance_Score,Kruskal-Wallis,77.51813517682693,1.0454191272838637e-16,Reject H0 (Models Differ),Do Not Pool
region,Project Management / Programme Management,USA,Balanced,Senior-Level,Agentic,USA,Leadership_Avg,Kruskal-Wallis,73.80659368963295,6.5291780133073e-16,Reject H0 (Models Differ),Do Not Pool
region,Project Management / Programme Management,USA,Balanced,Senior-Level,Agentic,USA,Status_Score,Kruskal-Wallis,77.12203065134096,1.2712141925298143e-16,Reject H0 (Models Differ),Do Not Pool
region,Project Management / Programme Management,USA,Balanced,Senior-Level,Agentic,USA,Warmth_Score,Kruskal-Wallis,51.298662900188354,4.225336077025768e-11,Reject H0 (Models Differ),Do Not Pool
region,Project Management / Programme Management,USA,Balanced,Senior-Level,Communal,USA,Hireability_Score,Kruskal-Wallis,74.13355749409894,5.556407697379545e-16,Reject H0 (Models Differ),Do Not Pool
region,Project Management / Programme Management,USA,Balanced,Senior-Level,Communal,USA,Competence_Score,Kruskal-Wallis,82.83615488927337,7.560640003007811e-18,Reject H0 (Models Differ),Do Not Pool
region,Project Management / Programme Management,USA,Balanced,Senior-Level,Communal,USA,Fit_Score,Kruskal-Wallis,89.5136992412324,2.7861526301066285e-19,Reject H0 (Models Differ),Do Not Pool
region,Project Management / Programme Management,USA,Balanced,Senior-Level,Communal,USA,Performance_Score,Kruskal-Wallis,79.28722468048323,4.364324357048131e-17,Reject H0 (Models Differ),Do Not Pool
region,Project Management / Programme Management,USA,Balanced,Senior-Level,Communal,USA,Leadership_Avg,Kruskal-Wallis,74.57224065128969,4.474899599593223e-16,Reject H0 (Models Differ),Do Not Pool
region,Project Management / Programme Management,USA,Balanced,Senior-Level,Communal,USA,Status_Score,Kruskal-Wallis,81.96033084961802,1.1654329802857246e-17,Reject H0 (Models Differ),Do Not Pool
region,Project Management / Programme Management,USA,Balanced,Senior-Level,Communal,USA,Warmth_Score,Kruskal-Wallis,24.25963050863231,2.2048415666190872e-05,Reject H0 (Models Differ),Do Not Pool
region,Project Management / Programme Management,USA,Neutral,Entry-Level,Agentic,USA,Hireability_Score,Kruskal-Wallis,60.006187705786004,5.860365011658604e-13,Reject H0 (Models Differ),Do Not Pool
region,Project Management / Programme Management,USA,Neutral,Entry-Level,Agentic,USA,Competence_Score,Kruskal-Wallis,72.0891455399061,1.5234202733885048e-15,Reject H0 (Models Differ),Do Not Pool
region,Project Management / Programme Management,USA,Neutral,Entry-Level,Agentic,USA,Fit_Score,Kruskal-Wallis,78.82616683045268,5.4802319477351343e-17,Reject H0 (Models Differ),Do Not Pool
region,Project Management / Programme Management,USA,Neutral,Entry-Level,Agentic,USA,Performance_Score,Kruskal-Wallis,83.61500884061626,5.145381334187371e-18,Reject H0 (Models Differ),Do Not Pool
region,Project Management / Programme Management,USA,Neutral,Entry-Level,Agentic,USA,Leadership_Avg,Kruskal-Wallis,84.0399009675965,4.170889595473982e-18,Reject H0 (Models Differ),Do Not Pool
region,Project Management / Programme Management,USA,Neutral,Entry-Level,Agentic,USA,Status_Score,Kruskal-Wallis,90.31555120159771,1.8740439695044625e-19,Reject H0 (Models Differ),Do Not Pool
region,Project Management / Programme Management,USA,Neutral,Entry-Level,Agentic,USA,Warmth_Score,Kruskal-Wallis,52.55736638487337,2.2782906465287164e-11,Reject H0 (Models Differ),Do Not Pool
region,Project Management / Programme Management,USA,Neutral,Entry-Level,Communal,USA,Hireability_Score,Kruskal-Wallis,61.471298463769116,2.850057037616357e-13,Reject H0 (Models Differ),Do Not Pool
region,Project Management / Programme Management,USA,Neutral,Entry-Level,Communal,USA,Competence_Score,Kruskal-Wallis,75.69935405117471,2.5657112947625295e-16,Reject H0 (Models Differ),Do Not Pool
region,Project Management / Programme Management,USA,Neutral,Entry-Level,Communal,USA,Fit_Score,Kruskal-Wallis,83.57867799811147,5.238591311273932e-18,Reject H0 (Models Differ),Do Not Pool
region,Project Management / Programme Management,USA,Neutral,Entry-Level,Communal,USA,Performance_Score,Kruskal-Wallis,84.90975519518958,2.713483134231347e-18,Reject H0 (Models Differ),Do Not Pool
region,Project Management / Programme Management,USA,Neutral,Entry-Level,Communal,USA,Leadership_Avg,Kruskal-Wallis,85.52949498600162,1.997540906558947e-18,Reject H0 (Models Differ),Do Not Pool
region,Project Management / Programme Management,USA,Neutral,Entry-Level,Communal,USA,Status_Score,Kruskal-Wallis,95.94070123709177,1.1591533557878711e-20,Reject H0 (Models Differ),Do Not Pool
region,Project Management / Programme Management,USA,Neutral,Entry-Level,Communal,USA,Warmth_Score,Kruskal-Wallis,51.73999245326839,3.4026681462416045e-11,Reject H0 (Models Differ),Do Not Pool
region,Project Management / Programme Management,USA,Neutral,Senior-Level,Agentic,USA,Hireability_Score,Kruskal-Wallis,75.10787527246902,3.435467943457796e-16,Reject H0 (Models Differ),Do Not Pool
region,Project Management / Programme Management,USA,Neutral,Senior-Level,Agentic,USA,Competence_Score,Kruskal-Wallis,84.39837670088326,3.4937333320459034e-18,Reject H0 (Models Differ),Do Not Pool
region,Project Management / Programme Management,USA,Neutral,Senior-Level,Agentic,USA,Fit_Score,Kruskal-Wallis,78.7769860344268,5.614954043504214e-17,Reject H0 (Models Differ),Do Not Pool
region,Project Management / Programme Management,USA,Neutral,Senior-Level,Agentic,USA,Performance_Score,Kruskal-Wallis,79.84800933284991,3.308548658416077e-17,Reject H0 (Models Differ),Do Not Pool
region,Project Management / Programme Management,USA,Neutral,Senior-Level,Agentic,USA,Leadership_Avg,Kruskal-Wallis,76.33317633452307,1.8764618952537819e-16,Reject H0 (Models Differ),Do Not Pool
region,Project Management / Programme Management,USA,Neutral,Senior-Level,Agentic,USA,Status_Score,Kruskal-Wallis,84.0460856886496,4.158161102567597e-18,Reject H0 (Models Differ),Do Not Pool
region,Project Management / Programme Management,USA,Neutral,Senior-Level,Agentic,USA,Warmth_Score,Kruskal-Wallis,26.55499814195451,7.297696885794256e-06,Reject H0 (Models Differ),Do Not Pool
region,Project Management / Programme Management,USA,Neutral,Senior-Level,Communal,USA,Hireability_Score,Kruskal-Wallis,75.30301873609359,3.1200393557053504e-16,Reject H0 (Models Differ),Do Not Pool
region,Project Management / Programme Management,USA,Neutral,Senior-Level,Communal,USA,Competence_Score,Kruskal-Wallis,90.62499999999999,1.6080911626603457e-19,Reject H0 (Models Differ),Do Not Pool
region,Project Management / Programme Management,USA,Neutral,Senior-Level,Communal,USA,Fit_Score,Kruskal-Wallis,88.08182581278095,5.6559687004404105e-19,Reject H0 (Models Differ),Do Not Pool
region,Project Management / Programme Management,USA,Neutral,Senior-Level,Communal,USA,Performance_Score,Kruskal-Wallis,77.78250239846497,9.174972729579756e-17,Reject H0 (Models Differ),Do Not Pool
region,Project Management / Programme Management,USA,Neutral,Senior-Level,Communal,USA,Leadership_Avg,Kruskal-Wallis,74.45039137617118,4.752220621049448e-16,Reject H0 (Models Differ),Do Not Pool
region,Project Management / Programme Management,USA,Neutral,Senior-Level,Communal,USA,Status_Score,Kruskal-Wallis,80.8559032358671,2.011104190931371e-17,Reject H0 (Models Differ),Do Not Pool
region,Project Management / Programme Management,USA,Neutral,Senior-Level,Communal,USA,Warmth_Score,Kruskal-Wallis,26.487777857915532,7.538233489211625e-06,Reject H0 (Models Differ),Do Not Pool
region,Sales / Business Development,China,Balanced,Entry-Level,Agentic,USA,Hireability_Score,Kruskal-Wallis,29.85601541957282,1.479727859010845e-06,Reject H0 (Models Differ),Do Not Pool
region,Sales / Business Development,China,Balanced,Entry-Level,Agentic,USA,Competence_Score,Kruskal-Wallis,67.02809540677767,1.8468969774092024e-14,Reject H0 (Models Differ),Do Not Pool
region,Sales / Business Development,China,Balanced,Entry-Level,Agentic,USA,Fit_Score,Kruskal-Wallis,75.02290413943355,3.582594431321681e-16,Reject H0 (Models Differ),Do Not Pool
region,Sales / Business Development,China,Balanced,Entry-Level,Agentic,USA,Performance_Score,Kruskal-Wallis,68.28621809827602,9.93501428646651e-15,Reject H0 (Models Differ),Do Not Pool
region,Sales / Business Development,China,Balanced,Entry-Level,Agentic,USA,Leadership_Avg,Kruskal-Wallis,84.91066189934538,2.7122674014848256e-18,Reject H0 (Models Differ),Do Not Pool
region,Sales / Business Development,China,Balanced,Entry-Level,Agentic,USA,Status_Score,Kruskal-Wallis,83.89167794288474,4.487871459599725e-18,Reject H0 (Models Differ),Do Not Pool
region,Sales / Business Development,China,Balanced,Entry-Level,Agentic,USA,Warmth_Score,Kruskal-Wallis,54.60635603345289,8.330815534604183e-12,Reject H0 (Models Differ),Do Not Pool
region,Sales / Business Development,China,Balanced,Entry-Level,Communal,USA,Hireability_Score,Kruskal-Wallis,32.29494138543516,4.5354699710667977e-07,Reject H0 (Models Differ),Do Not Pool
region,Sales / Business Development,China,Balanced,Entry-Level,Communal,USA,Competence_Score,Kruskal-Wallis,59.92573049526165,6.096964150310167e-13,Reject H0 (Models Differ),Do Not Pool
region,Sales / Business Development,China,Balanced,Entry-Level,Communal,USA,Fit_Score,Kruskal-Wallis,55.15132337526205,6.374279994228152e-12,Reject H0 (Models Differ),Do Not Pool
region,Sales / Business Development,China,Balanced,Entry-Level,Communal,USA,Performance_Score,Kruskal-Wallis,60.87202248758539,3.8275750213651765e-13,Reject H0 (Models Differ),Do Not Pool
region,Sales / Business Development,China,Balanced,Entry-Level,Communal,USA,Leadership_Avg,Kruskal-Wallis,79.38527391190594,4.158031193000502e-17,Reject H0 (Models Differ),Do Not Pool
region,Sales / Business Development,China,Balanced,Entry-Level,Communal,USA,Status_Score,Kruskal-Wallis,73.34868696632837,8.184188058318408e-16,Reject H0 (Models Differ),Do Not Pool
region,Sales / Business Development,China,Balanced,Entry-Level,Communal,USA,Warmth_Score,Kruskal-Wallis,35.46417682926831,9.719691357877209e-08,Reject H0 (Models Differ),Do Not Pool
region,Sales / Business Development,China,Balanced,Senior-Level,Agentic,USA,Hireability_Score,Kruskal-Wallis,53.31898985043578,1.5676063497564205e-11,Reject H0 (Models Differ),Do Not Pool
region,Sales / Business Development,China,Balanced,Senior-Level,Agentic,USA,Competence_Score,Kruskal-Wallis,73.10378764278296,9.23522854462022e-16,Reject H0 (Models Differ),Do Not Pool
region,Sales / Business Development,China,Balanced,Senior-Level,Agentic,USA,Fit_Score,Kruskal-Wallis,68.19038454656067,1.0415547282913831e-14,Reject H0 (Models Differ),Do Not Pool
region,Sales / Business Development,China,Balanced,Senior-Level,Agentic,USA,Performance_Score,Kruskal-Wallis,66.79930406591578,2.0672969529143103e-14,Reject H0 (Models Differ),Do Not Pool
region,Sales / Business Development,China,Balanced,Senior-Level,Agentic,USA,Leadership_Avg,Kruskal-Wallis,88.90707311204586,3.760863229024082e-19,Reject H0 (Models Differ),Do Not Pool
region,Sales / Business Development,China,Balanced,Senior-Level,Agentic,USA,Status_Score,Kruskal-Wallis,70.62160964365644,3.141558771812921e-15,Reject H0 (Models Differ),Do Not Pool
region,Sales / Business Development,China,Balanced,Senior-Level,Agentic,USA,Warmth_Score,Kruskal-Wallis,36.64454657850867,5.471206990511529e-08,Reject H0 (Models Differ),Do Not Pool
region,Sales / Business Development,China,Balanced,Senior-Level,Communal,USA,Hireability_Score,Kruskal-Wallis,53.845250021029464,1.2106492491735718e-11,Reject H0 (Models Differ),Do Not Pool
region,Sales / Business Development,China,Balanced,Senior-Level,Communal,USA,Competence_Score,Kruskal-Wallis,65.95009658919403,3.1412885651605116e-14,Reject H0 (Models Differ),Do Not Pool
region,Sales / Business Development,China,Balanced,Senior-Level,Communal,USA,Fit_Score,Kruskal-Wallis,61.3570472916245,3.014889956702571e-13,Reject H0 (Models Differ),Do Not Pool
region,Sales / Business Development,China,Balanced,Senior-Level,Communal,USA,Performance_Score,Kruskal-Wallis,62.415560848150726,1.7906791944888913e-13,Reject H0 (Models Differ),Do Not Pool
region,Sales / Business Development,China,Balanced,Senior-Level,Communal,USA,Leadership_Avg,Kruskal-Wallis,73.87130654083956,6.323996847432457e-16,Reject H0 (Models Differ),Do Not Pool
region,Sales / Business Development,China,Balanced,Senior-Level,Communal,USA,Status_Score,Kruskal-Wallis,64.14649868332596,7.636775758476761e-14,Reject H0 (Models Differ),Do Not Pool
region,Sales / Business Development,China,Balanced,Senior-Level,Communal,USA,Warmth_Score,Kruskal-Wallis,14.015210645661814,0.002884521421393222,Reject H0 (Models Differ),Do Not Pool
region,Sales / Business Development,China,Neutral,Entry-Level,Agentic,USA,Hireability_Score,Kruskal-Wallis,42.61946542765789,2.9641363918788294e-09,Reject H0 (Models Differ),Do Not Pool
region,Sales / Business Development,China,Neutral,Entry-Level,Agentic,USA,Competence_Score,Kruskal-Wallis,74.35158452302228,4.989664073016673e-16,Reject H0 (Models Differ),Do Not Pool
region,Sales / Business Development,China,Neutral,Entry-Level,Agentic,USA,Fit_Score,Kruskal-Wallis,78.21519996298206,7.410040173750087e-17,Reject H0 (Models Differ),Do Not Pool
region,Sales / Business Development,China,Neutral,Entry-Level,Agentic,USA,Performance_Score,Kruskal-Wallis,69.75484071484065,4.816741882532222e-15,Reject H0 (Models Differ),Do Not Pool
region,Sales / Business Development,China,Neutral,Entry-Level,Agentic,USA,Leadership_Avg,Kruskal-Wallis,87.92098075240591,6.124151039796424e-19,Reject H0 (Models Differ),Do Not Pool
region,Sales / Business Development,China,Neutral,Entry-Level,Agentic,USA,Status_Score,Kruskal-Wallis,83.94020632578533,4.381524956267224e-18,Reject H0 (Models Differ),Do Not Pool
region,Sales / Business Development,China,Neutral,Entry-Level,Agentic,USA,Warmth_Score,Kruskal-Wallis,49.73180209912885,9.112067715643034e-11,Reject H0 (Models Differ),Do Not Pool
region,Sales / Business Development,China,Neutral,Entry-Level,Communal,USA,Hireability_Score,Kruskal-Wallis,29.636264053355106,1.6458655962700114e-06,Reject H0 (Models Differ),Do Not Pool
region,Sales / Business Development,China,Neutral,Entry-Level,Communal,USA,Competence_Score,Kruskal-Wallis,60.26396788092435,5.162377282891388e-13,Reject H0 (Models Differ),Do Not Pool
region,Sales / Business Development,China,Neutral,Entry-Level,Communal,USA,Fit_Score,Kruskal-Wallis,64.51421022889245,6.371868506608953e-14,Reject H0 (Models Differ),Do Not Pool
region,Sales / Business Development,China,Neutral,Entry-Level,Communal,USA,Performance_Score,Kruskal-Wallis,62.60542612131021,1.6309042454998233e-13,Reject H0 (Models Differ),Do Not Pool
region,Sales / Business Development,China,Neutral,Entry-Level,Communal,USA,Leadership_Avg,Kruskal-Wallis,80.69122268873448,2.181535849986086e-17,Reject H0 (Models Differ),Do Not Pool
region,Sales / Business Development,China,Neutral,Entry-Level,Communal,USA,Status_Score,Kruskal-Wallis,75.15392362898154,3.358275408311276e-16,Reject H0 (Models Differ),Do Not Pool
region,Sales / Business Development,China,Neutral,Entry-Level,Communal,USA,Warmth_Score,Kruskal-Wallis,30.6506184420819,1.0069212105147107e-06,Reject H0 (Models Differ),Do Not Pool
region,Sales / Business Development,China,Neutral,Senior-Level,Agentic,USA,Hireability_Score,Kruskal-Wallis,57.26127620534843,2.2601511950212137e-12,Reject H0 (Models Differ),Do Not Pool
region,Sales / Business Development,China,Neutral,Senior-Level,Agentic,USA,Competence_Score,Kruskal-Wallis,74.4372305398521,4.783183437581724e-16,Reject H0 (Models Differ),Do Not Pool
region,Sales / Business Development,China,Neutral,Senior-Level,Agentic,USA,Fit_Score,Kruskal-Wallis,69.55622844139666,5.3122606316258525e-15,Reject H0 (Models Differ),Do Not Pool
region,Sales / Business Development,China,Neutral,Senior-Level,Agentic,USA,Performance_Score,Kruskal-Wallis,69.60615497576222,5.18309868962359e-15,Reject H0 (Models Differ),Do Not Pool
region,Sales / Business Development,China,Neutral,Senior-Level,Agentic,USA,Leadership_Avg,Kruskal-Wallis,85.63484092459909,1.8961878425425368e-18,Reject H0 (Models Differ),Do Not Pool
region,Sales / Business Development,China,Neutral,Senior-Level,Agentic,USA,Status_Score,Kruskal-Wallis,70.4275152797367,3.45709162164114e-15,Reject H0 (Models Differ),Do Not Pool
region,Sales / Business Development,China,Neutral,Senior-Level,Agentic,USA,Warmth_Score,Kruskal-Wallis,34.11574118783198,1.8727971930567765e-07,Reject H0 (Models Differ),Do Not Pool
region,Sales / Business Development,China,Neutral,Senior-Level,Communal,USA,Hireability_Score,Kruskal-Wallis,51.018637813200456,4.847561068122632e-11,Reject H0 (Models Differ),Do Not Pool
region,Sales / Business Development,China,Neutral,Senior-Level,Communal,USA,Competence_Score,Kruskal-Wallis,70.98314176245206,2.6285619716770543e-15,Reject H0 (Models Differ),Do Not Pool
region,Sales / Business Development,China,Neutral,Senior-Level,Communal,USA,Fit_Score,Kruskal-Wallis,62.19315912517739,1.9978383175130578e-13,Reject H0 (Models Differ),Do Not Pool
region,Sales / Business Development,China,Neutral,Senior-Level,Communal,USA,Performance_Score,Kruskal-Wallis,61.024203480886776,3.5514299255067344e-13,Reject H0 (Models Differ),Do Not Pool
region,Sales / Business Development,China,Neutral,Senior-Level,Communal,USA,Leadership_Avg,Kruskal-Wallis,80.0130396900997,3.049573879331397e-17,Reject H0 (Models Differ),Do Not Pool
region,Sales / Business Development,China,Neutral,Senior-Level,Communal,USA,Status_Score,Kruskal-Wallis,62.302362923010165,1.8932863247486456e-13,Reject H0 (Models Differ),Do Not Pool
region,Sales / Business Development,China,Neutral,Senior-Level,Communal,USA,Warmth_Score,Kruskal-Wallis,11.299397363465113,0.010212339588308743,Reject H0 (Models Differ),Do Not Pool
region,Sales / Business Development,Europe,Balanced,Entry-Level,Agentic,USA,Hireability_Score,Kruskal-Wallis,40.89128224673485,6.895762322951787e-09,Reject H0 (Models Differ),Do Not Pool
region,Sales / Business Development,Europe,Balanced,Entry-Level,Agentic,USA,Competence_Score,Kruskal-Wallis,70.93249999999995,2.6950334376282855e-15,Reject H0 (Models Differ),Do Not Pool
region,Sales / Business Development,Europe,Balanced,Entry-Level,Agentic,USA,Fit_Score,Kruskal-Wallis,78.82903365788826,5.472479213385424e-17,Reject H0 (Models Differ),Do Not Pool
region,Sales / Business Development,Europe,Balanced,Entry-Level,Agentic,USA,Performance_Score,Kruskal-Wallis,74.16260138450043,5.47734572424637e-16,Reject H0 (Models Differ),Do Not Pool
region,Sales / Business Development,Europe,Balanced,Entry-Level,Agentic,USA,Leadership_Avg,Kruskal-Wallis,78.9666278142047,5.1129950321140314e-17,Reject H0 (Models Differ),Do Not Pool
region,Sales / Business Development,Europe,Balanced,Entry-Level,Agentic,USA,Status_Score,Kruskal-Wallis,78.0408653158007,8.07614783851779e-17,Reject H0 (Models Differ),Do Not Pool
region,Sales / Business Development,Europe,Balanced,Entry-Level,Agentic,USA,Warmth_Score,Kruskal-Wallis,81.57097773158667,1.4126177270955603e-17,Reject H0 (Models Differ),Do Not Pool
region,Sales / Business Development,Europe,Balanced,Entry-Level,Communal,USA,Hireability_Score,Kruskal-Wallis,36.00840996168574,7.45778076764755e-08,Reject H0 (Models Differ),Do Not Pool
region,Sales / Business Development,Europe,Balanced,Entry-Level,Communal,USA,Competence_Score,Kruskal-Wallis,68.72362820215156,8.008179483955454e-15,Reject H0 (Models Differ),Do Not Pool
region,Sales / Business Development,Europe,Balanced,Entry-Level,Communal,USA,Fit_Score,Kruskal-Wallis,57.30128017447414,2.216140830367477e-12,Reject H0 (Models Differ),Do Not Pool
region,Sales / Business Development,Europe,Balanced,Entry-Level,Communal,USA,Performance_Score,Kruskal-Wallis,59.91459283126662,6.130460187152664e-13,Reject H0 (Models Differ),Do Not Pool
region,Sales / Business Development,Europe,Balanced,Entry-Level,Communal,USA,Leadership_Avg,Kruskal-Wallis,75.32493169313074,3.0864788087723643e-16,Reject H0 (Models Differ),Do Not Pool
region,Sales / Business Development,Europe,Balanced,Entry-Level,Communal,USA,Status_Score,Kruskal-Wallis,72.34943013374651,1.3398662406171402e-15,Reject H0 (Models Differ),Do Not Pool
region,Sales / Business Development,Europe,Balanced,Entry-Level,Communal,USA,Warmth_Score,Kruskal-Wallis,39.69000199660566,1.2395439613677869e-08,Reject H0 (Models Differ),Do Not Pool
region,Sales / Business Development,Europe,Balanced,Senior-Level,Agentic,USA,Hireability_Score,Kruskal-Wallis,48.24632681882373,1.8873503829374758e-10,Reject H0 (Models Differ),Do Not Pool
region,Sales / Business Development,Europe,Balanced,Senior-Level,Agentic,USA,Competence_Score,Kruskal-Wallis,74.52288651461193,4.585221903396783e-16,Reject H0 (Models Differ),Do Not Pool
region,Sales / Business Development,Europe,Balanced,Senior-Level,Agentic,USA,Fit_Score,Kruskal-Wallis,70.70778314361274,3.010859301319621e-15,Reject H0 (Models Differ),Do Not Pool
region,Sales / Business Development,Europe,Balanced,Senior-Level,Agentic,USA,Performance_Score,Kruskal-Wallis,69.53313539102437,5.373086717807365e-15,Reject H0 (Models Differ),Do Not Pool
region,Sales / Business Development,Europe,Balanced,Senior-Level,Agentic,USA,Leadership_Avg,Kruskal-Wallis,76.95263271952898,1.3820936715124267e-16,Reject H0 (Models Differ),Do Not Pool
region,Sales / Business Development,Europe,Balanced,Senior-Level,Agentic,USA,Status_Score,Kruskal-Wallis,73.92663374810212,6.153693179179813e-16,Reject H0 (Models Differ),Do Not Pool
region,Sales / Business Development,Europe,Balanced,Senior-Level,Agentic,USA,Warmth_Score,Kruskal-Wallis,42.06960989202362,3.877953855650844e-09,Reject H0 (Models Differ),Do Not Pool
region,Sales / Business Development,Europe,Balanced,Senior-Level,Communal,USA,Hireability_Score,Kruskal-Wallis,49.963627632390455,8.132953265892535e-11,Reject H0 (Models Differ),Do Not Pool
region,Sales / Business Development,Europe,Balanced,Senior-Level,Communal,USA,Competence_Score,Kruskal-Wallis,62.11913565098836,2.0719709879573015e-13,Reject H0 (Models Differ),Do Not Pool
region,Sales / Business Development,Europe,Balanced,Senior-Level,Communal,USA,Fit_Score,Kruskal-Wallis,64.97200341869055,5.08567197140928e-14,Reject H0 (Models Differ),Do Not Pool
region,Sales / Business Development,Europe,Balanced,Senior-Level,Communal,USA,Performance_Score,Kruskal-Wallis,63.18998835812348,1.2230641341888185e-13,Reject H0 (Models Differ),Do Not Pool
region,Sales / Business Development,Europe,Balanced,Senior-Level,Communal,USA,Leadership_Avg,Kruskal-Wallis,73.012752968371,9.659443752306709e-16,Reject H0 (Models Differ),Do Not Pool
region,Sales / Business Development,Europe,Balanced,Senior-Level,Communal,USA,Status_Score,Kruskal-Wallis,66.15980160986643,2.832959486870136e-14,Reject H0 (Models Differ),Do Not Pool
region,Sales / Business Development,Europe,Balanced,Senior-Level,Communal,USA,Warmth_Score,Kruskal-Wallis,13.540049427294475,0.0036030289611690826,Reject H0 (Models Differ),Do Not Pool
region,Sales / Business Development,Europe,Neutral,Entry-Level,Agentic,USA,Hireability_Score,Kruskal-Wallis,48.152898950855885,1.9757668501727582e-10,Reject H0 (Models Differ),Do Not Pool
region,Sales / Business Development,Europe,Neutral,Entry-Level,Agentic,USA,Competence_Score,Kruskal-Wallis,75.80477365976822,2.435626667870742e-16,Reject H0 (Models Differ),Do Not Pool
region,Sales / Business Development,Europe,Neutral,Entry-Level,Agentic,USA,Fit_Score,Kruskal-Wallis,76.57433862017398,1.665864727398236e-16,Reject H0 (Models Differ),Do Not Pool
region,Sales / Business Development,Europe,Neutral,Entry-Level,Agentic,USA,Performance_Score,Kruskal-Wallis,79.70149357311745,3.556836024498202e-17,Reject H0 (Models Differ),Do Not Pool
region,Sales / Business Development,Europe,Neutral,Entry-Level,Agentic,USA,Leadership_Avg,Kruskal-Wallis,84.6832730902436,3.034871676994334e-18,Reject H0 (Models Differ),Do Not Pool
region,Sales / Business Development,Europe,Neutral,Entry-Level,Agentic,USA,Status_Score,Kruskal-Wallis,87.69329236656303,6.853890016366635e-19,Reject H0 (Models Differ),Do Not Pool
region,Sales / Business Development,Europe,Neutral,Entry-Level,Agentic,USA,Warmth_Score,Kruskal-Wallis,60.42333236938495,4.773089009093359e-13,Reject H0 (Models Differ),Do Not Pool
region,Sales / Business Development,Europe,Neutral,Entry-Level,Communal,USA,Hireability_Score,Kruskal-Wallis,42.02077958147777,3.971595702703573e-09,Reject H0 (Models Differ),Do Not Pool
region,Sales / Business Development,Europe,Neutral,Entry-Level,Communal,USA,Competence_Score,Kruskal-Wallis,67.5712169091687,1.413213802803768e-14,Reject H0 (Models Differ),Do Not Pool
region,Sales / Business Development,Europe,Neutral,Entry-Level,Communal,USA,Fit_Score,Kruskal-Wallis,65.54411546068033,3.836751671445307e-14,Reject H0 (Models Differ),Do Not Pool
region,Sales / Business Development,Europe,Neutral,Entry-Level,Communal,USA,Performance_Score,Kruskal-Wallis,65.68679736241828,3.5763426807075886e-14,Reject H0 (Models Differ),Do Not Pool
region,Sales / Business Development,Europe,Neutral,Entry-Level,Communal,USA,Leadership_Avg,Kruskal-Wallis,81.90663771575974,1.1967616676512347e-17,Reject H0 (Models Differ),Do Not Pool
region,Sales / Business Development,Europe,Neutral,Entry-Level,Communal,USA,Status_Score,Kruskal-Wallis,73.92185930604975,6.168206943726451e-16,Reject H0 (Models Differ),Do Not Pool
region,Sales / Business Development,Europe,Neutral,Entry-Level,Communal,USA,Warmth_Score,Kruskal-Wallis,35.369806740439444,1.0176449393810914e-07,Reject H0 (Models Differ),Do Not Pool
region,Sales / Business Development,Europe,Neutral,Senior-Level,Agentic,USA,Hireability_Score,Kruskal-Wallis,53.026247983455825,1.809890130650399e-11,Reject H0 (Models Differ),Do Not Pool
region,Sales / Business Development,Europe,Neutral,Senior-Level,Agentic,USA,Competence_Score,Kruskal-Wallis,75.69690005984438,2.568820763882505e-16,Reject H0 (Models Differ),Do Not Pool
region,Sales / Business Development,Europe,Neutral,Senior-Level,Agentic,USA,Fit_Score,Kruskal-Wallis,69.13196837867547,6.548087599995555e-15,Reject H0 (Models Differ),Do Not Pool
region,Sales / Business Development,Europe,Neutral,Senior-Level,Agentic,USA,Performance_Score,Kruskal-Wallis,71.62987005869283,1.9107302599340032e-15,Reject H0 (Models Differ),Do Not Pool
region,Sales / Business Development,Europe,Neutral,Senior-Level,Agentic,USA,Leadership_Avg,Kruskal-Wallis,80.5579257496513,2.3300057742169315e-17,Reject H0 (Models Differ),Do Not Pool
region,Sales / Business Development,Europe,Neutral,Senior-Level,Agentic,USA,Status_Score,Kruskal-Wallis,74.8189117617102,3.962031930246837e-16,Reject H0 (Models Differ),Do Not Pool
region,Sales / Business Development,Europe,Neutral,Senior-Level,Agentic,USA,Warmth_Score,Kruskal-Wallis,41.08174935942222,6.283274101454921e-09,Reject H0 (Models Differ),Do Not Pool
region,Sales / Business Development,Europe,Neutral,Senior-Level,Communal,USA,Hireability_Score,Kruskal-Wallis,53.395786530952314,1.5096012955907943e-11,Reject H0 (Models Differ),Do Not Pool
region,Sales / Business Development,Europe,Neutral,Senior-Level,Communal,USA,Competence_Score,Kruskal-Wallis,78.09005457886205,7.882362343859858e-17,Reject H0 (Models Differ),Do Not Pool
region,Sales / Business Development,Europe,Neutral,Senior-Level,Communal,USA,Fit_Score,Kruskal-Wallis,65.95128237278301,3.139454076980087e-14,Reject H0 (Models Differ),Do Not Pool
region,Sales / Business Development,Europe,Neutral,Senior-Level,Communal,USA,Performance_Score,Kruskal-Wallis,62.4282520438862,1.7795275974539664e-13,Reject H0 (Models Differ),Do Not Pool
region,Sales / Business Development,Europe,Neutral,Senior-Level,Communal,USA,Leadership_Avg,Kruskal-Wallis,81.56172628729408,1.4190886646350916e-17,Reject H0 (Models Differ),Do Not Pool
region,Sales / Business Development,Europe,Neutral,Senior-Level,Communal,USA,Status_Score,Kruskal-Wallis,65.33474627448892,4.2535662575304235e-14,Reject H0 (Models Differ),Do Not Pool
region,Sales / Business Development,Europe,Neutral,Senior-Level,Communal,USA,Warmth_Score,Kruskal-Wallis,8.733611871767232,0.033050563968316196,Reject H0 (Models Differ),Do Not Pool
region,Sales / Business Development,Singapore,Balanced,Entry-Level,Agentic,USA,Hireability_Score,Kruskal-Wallis,37.339846408087936,3.8992195940227174e-08,Reject H0 (Models Differ),Do Not Pool
region,Sales / Business Development,Singapore,Balanced,Entry-Level,Agentic,USA,Competence_Score,Kruskal-Wallis,69.84446309756603,4.608539048422324e-15,Reject H0 (Models Differ),Do Not Pool
region,Sales / Business Development,Singapore,Balanced,Entry-Level,Agentic,USA,Fit_Score,Kruskal-Wallis,75.48840916125037,2.847235343060821e-16,Reject H0 (Models Differ),Do Not Pool
region,Sales / Business Development,Singapore,Balanced,Entry-Level,Agentic,USA,Performance_Score,Kruskal-Wallis,65.80976082715863,3.366140482814116e-14,Reject H0 (Models Differ),Do Not Pool
region,Sales / Business Development,Singapore,Balanced,Entry-Level,Agentic,USA,Leadership_Avg,Kruskal-Wallis,89.99270226233298,2.1984906020984084e-19,Reject H0 (Models Differ),Do Not Pool
region,Sales / Business Development,Singapore,Balanced,Entry-Level,Agentic,USA,Status_Score,Kruskal-Wallis,81.89684701184628,1.2025644140787929e-17,Reject H0 (Models Differ),Do Not Pool
region,Sales / Business Development,Singapore,Balanced,Entry-Level,Agentic,USA,Warmth_Score,Kruskal-Wallis,83.15375293461796,6.462560863878099e-18,Reject H0 (Models Differ),Do Not Pool
region,Sales / Business Development,Singapore,Balanced,Entry-Level,Communal,USA,Hireability_Score,Kruskal-Wallis,29.220981780466666,2.0123201950289036e-06,Reject H0 (Models Differ),Do Not Pool
region,Sales / Business Development,Singapore,Balanced,Entry-Level,Communal,USA,Competence_Score,Kruskal-Wallis,62.02623655913973,2.1689096567242102e-13,Reject H0 (Models Differ),Do Not Pool
region,Sales / Business Development,Singapore,Balanced,Entry-Level,Communal,USA,Fit_Score,Kruskal-Wallis,54.913967070843604,7.162558077955221e-12,Reject H0 (Models Differ),Do Not Pool
region,Sales / Business Development,Singapore,Balanced,Entry-Level,Communal,USA,Performance_Score,Kruskal-Wallis,56.271155460073345,3.676874209728569e-12,Reject H0 (Models Differ),Do Not Pool
region,Sales / Business Development,Singapore,Balanced,Entry-Level,Communal,USA,Leadership_Avg,Kruskal-Wallis,65.82940280988227,3.333726376716048e-14,Reject H0 (Models Differ),Do Not Pool
region,Sales / Business Development,Singapore,Balanced,Entry-Level,Communal,USA,Status_Score,Kruskal-Wallis,70.18461799802921,3.896957178766403e-15,Reject H0 (Models Differ),Do Not Pool
region,Sales / Business Development,Singapore,Balanced,Entry-Level,Communal,USA,Warmth_Score,Kruskal-Wallis,36.38406028406033,6.211214431132029e-08,Reject H0 (Models Differ),Do Not Pool
region,Sales / Business Development,Singapore,Balanced,Senior-Level,Agentic,USA,Hireability_Score,Kruskal-Wallis,52.22654295232483,2.679939151378777e-11,Reject H0 (Models Differ),Do Not Pool
region,Sales / Business Development,Singapore,Balanced,Senior-Level,Agentic,USA,Competence_Score,Kruskal-Wallis,72.76922429422432,1.0892494273007245e-15,Reject H0 (Models Differ),Do Not Pool
region,Sales / Business Development,Singapore,Balanced,Senior-Level,Agentic,USA,Fit_Score,Kruskal-Wallis,70.53755455680401,3.27450717874378e-15,Reject H0 (Models Differ),Do Not Pool
region,Sales / Business Development,Singapore,Balanced,Senior-Level,Agentic,USA,Performance_Score,Kruskal-Wallis,70.03433999641864,4.196675398100051e-15,Reject H0 (Models Differ),Do Not Pool
region,Sales / Business Development,Singapore,Balanced,Senior-Level,Agentic,USA,Leadership_Avg,Kruskal-Wallis,86.63362788211532,1.157334770362945e-18,Reject H0 (Models Differ),Do Not Pool
region,Sales / Business Development,Singapore,Balanced,Senior-Level,Agentic,USA,Status_Score,Kruskal-Wallis,70.63435008947457,3.1218838581758103e-15,Reject H0 (Models Differ),Do Not Pool
region,Sales / Business Development,Singapore,Balanced,Senior-Level,Agentic,USA,Warmth_Score,Kruskal-Wallis,43.0985172413792,2.3452790658495954e-09,Reject H0 (Models Differ),Do Not Pool
region,Sales / Business Development,Singapore,Balanced,Senior-Level,Communal,USA,Hireability_Score,Kruskal-Wallis,47.925545959609614,2.2086017551551763e-10,Reject H0 (Models Differ),Do Not Pool
region,Sales / Business Development,Singapore,Balanced,Senior-Level,Communal,USA,Competence_Score,Kruskal-Wallis,58.9804191895668,9.706067885122734e-13,Reject H0 (Models Differ),Do Not Pool
region,Sales / Business Development,Singapore,Balanced,Senior-Level,Communal,USA,Fit_Score,Kruskal-Wallis,62.9711118944543,1.362219266140697e-13,Reject H0 (Models Differ),Do Not Pool
region,Sales / Business Development,Singapore,Balanced,Senior-Level,Communal,USA,Performance_Score,Kruskal-Wallis,63.44809110648133,1.0771132223689265e-13,Reject H0 (Models Differ),Do Not Pool
region,Sales / Business Development,Singapore,Balanced,Senior-Level,Communal,USA,Leadership_Avg,Kruskal-Wallis,67.83094293545328,1.24342201952527e-14,Reject H0 (Models Differ),Do Not Pool
region,Sales / Business Development,Singapore,Balanced,Senior-Level,Communal,USA,Status_Score,Kruskal-Wallis,63.63410822758397,9.828445416310924e-14,Reject H0 (Models Differ),Do Not Pool
region,Sales / Business Development,Singapore,Balanced,Senior-Level,Communal,USA,Warmth_Score,Kruskal-Wallis,12.866233496513853,0.004934996881438865,Reject H0 (Models Differ),Do Not Pool
region,Sales / Business Development,Singapore,Neutral,Entry-Level,Agentic,USA,Hireability_Score,Kruskal-Wallis,45.36823102310229,7.726882756017859e-10,Reject H0 (Models Differ),Do Not Pool
region,Sales / Business Development,Singapore,Neutral,Entry-Level,Agentic,USA,Competence_Score,Kruskal-Wallis,77.17662613284386,1.237409096652978e-16,Reject H0 (Models Differ),Do Not Pool
region,Sales / Business Development,Singapore,Neutral,Entry-Level,Agentic,USA,Fit_Score,Kruskal-Wallis,79.37053385273788,4.1884097571697877e-17,Reject H0 (Models Differ),Do Not Pool
region,Sales / Business Development,Singapore,Neutral,Entry-Level,Agentic,USA,Performance_Score,Kruskal-Wallis,81.5118239921337,1.4545073617575202e-17,Reject H0 (Models Differ),Do Not Pool
region,Sales / Business Development,Singapore,Neutral,Entry-Level,Agentic,USA,Leadership_Avg,Kruskal-Wallis,82.71943322223974,8.009498048544626e-18,Reject H0 (Models Differ),Do Not Pool
region,Sales / Business Development,Singapore,Neutral,Entry-Level,Agentic,USA,Status_Score,Kruskal-Wallis,89.27588916864255,3.1338597366324765e-19,Reject H0 (Models Differ),Do Not Pool
region,Sales / Business Development,Singapore,Neutral,Entry-Level,Agentic,USA,Warmth_Score,Kruskal-Wallis,57.07592592592587,2.475740903474127e-12,Reject H0 (Models Differ),Do Not Pool
region,Sales / Business Development,Singapore,Neutral,Entry-Level,Communal,USA,Hireability_Score,Kruskal-Wallis,41.8903558241153,4.232931584927245e-09,Reject H0 (Models Differ),Do Not Pool
region,Sales / Business Development,Singapore,Neutral,Entry-Level,Communal,USA,Competence_Score,Kruskal-Wallis,68.27583169735236,9.986004810101257e-15,Reject H0 (Models Differ),Do Not Pool
region,Sales / Business Development,Singapore,Neutral,Entry-Level,Communal,USA,Fit_Score,Kruskal-Wallis,68.4296346618357,9.256968517646943e-15,Reject H0 (Models Differ),Do Not Pool
region,Sales / Business Development,Singapore,Neutral,Entry-Level,Communal,USA,Performance_Score,Kruskal-Wallis,65.48256898309721,3.954852582109329e-14,Reject H0 (Models Differ),Do Not Pool
region,Sales / Business Development,Singapore,Neutral,Entry-Level,Communal,USA,Leadership_Avg,Kruskal-Wallis,73.94133947251568,6.10920360000623e-16,Reject H0 (Models Differ),Do Not Pool
region,Sales / Business Development,Singapore,Neutral,Entry-Level,Communal,USA,Status_Score,Kruskal-Wallis,78.17141818942513,7.571973163429317e-17,Reject H0 (Models Differ),Do Not Pool
region,Sales / Business Development,Singapore,Neutral,Entry-Level,Communal,USA,Warmth_Score,Kruskal-Wallis,31.232349695765954,7.594785572703167e-07,Reject H0 (Models Differ),Do Not Pool
region,Sales / Business Development,Singapore,Neutral,Senior-Level,Agentic,USA,Hireability_Score,Kruskal-Wallis,54.565697671293954,8.498851700827314e-12,Reject H0 (Models Differ),Do Not Pool
region,Sales / Business Development,Singapore,Neutral,Senior-Level,Agentic,USA,Competence_Score,Kruskal-Wallis,79.31187942727955,4.311507844389241e-17,Reject H0 (Models Differ),Do Not Pool
region,Sales / Business Development,Singapore,Neutral,Senior-Level,Agentic,USA,Fit_Score,Kruskal-Wallis,74.70802136575037,4.184886916872631e-16,Reject H0 (Models Differ),Do Not Pool
region,Sales / Business Development,Singapore,Neutral,Senior-Level,Agentic,USA,Performance_Score,Kruskal-Wallis,75.46718325250389,2.8772195625697463e-16,Reject H0 (Models Differ),Do Not Pool
region,Sales / Business Development,Singapore,Neutral,Senior-Level,Agentic,USA,Leadership_Avg,Kruskal-Wallis,84.48345082329676,3.349885102667587e-18,Reject H0 (Models Differ),Do Not Pool
region,Sales / Business Development,Singapore,Neutral,Senior-Level,Agentic,USA,Status_Score,Kruskal-Wallis,79.56785374393445,3.799511652017467e-17,Reject H0 (Models Differ),Do Not Pool
region,Sales / Business Development,Singapore,Neutral,Senior-Level,Agentic,USA,Warmth_Score,Kruskal-Wallis,33.34963476205805,2.7176032726949863e-07,Reject H0 (Models Differ),Do Not Pool
region,Sales / Business Development,Singapore,Neutral,Senior-Level,Communal,USA,Hireability_Score,Kruskal-Wallis,57.20366127608346,2.325075625157725e-12,Reject H0 (Models Differ),Do Not Pool
region,Sales / Business Development,Singapore,Neutral,Senior-Level,Communal,USA,Competence_Score,Kruskal-Wallis,72.24248480190062,1.4124453287981094e-15,Reject H0 (Models Differ),Do Not Pool
region,Sales / Business Development,Singapore,Neutral,Senior-Level,Communal,USA,Fit_Score,Kruskal-Wallis,63.506479385822175,1.0465891486299676e-13,Reject H0 (Models Differ),Do Not Pool
region,Sales / Business Development,Singapore,Neutral,Senior-Level,Communal,USA,Performance_Score,Kruskal-Wallis,63.739602379434565,9.330952167984555e-14,Reject H0 (Models Differ),Do Not Pool
region,Sales / Business Development,Singapore,Neutral,Senior-Level,Communal,USA,Leadership_Avg,Kruskal-Wallis,81.319391887893,1.5995615132634964e-17,Reject H0 (Models Differ),Do Not Pool
region,Sales / Business Development,Singapore,Neutral,Senior-Level,Communal,USA,Status_Score,Kruskal-Wallis,63.59495980862926,1.0019733816702045e-13,Reject H0 (Models Differ),Do Not Pool
region,Sales / Business Development,Singapore,Neutral,Senior-Level,Communal,USA,Warmth_Score,Kruskal-Wallis,5.16637529137525,0.16001191886143587,Fail to Reject H0 (Models Equivalent),Pool
region,Sales / Business Development,USA,Balanced,Entry-Level,Agentic,USA,Hireability_Score,Kruskal-Wallis,37.39287707204988,3.79975071735013e-08,Reject H0 (Models Differ),Do Not Pool
region,Sales / Business Development,USA,Balanced,Entry-Level,Agentic,USA,Competence_Score,Kruskal-Wallis,71.06155345656698,2.5288588833327824e-15,Reject H0 (Models Differ),Do Not Pool
region,Sales / Business Development,USA,Balanced,Entry-Level,Agentic,USA,Fit_Score,Kruskal-Wallis,77.7154797935873,9.483660654831633e-17,Reject H0 (Models Differ),Do Not Pool
region,Sales / Business Development,USA,Balanced,Entry-Level,Agentic,USA,Performance_Score,Kruskal-Wallis,71.09742760137341,2.484512911556217e-15,Reject H0 (Models Differ),Do Not Pool
region,Sales / Business Development,USA,Balanced,Entry-Level,Agentic,USA,Leadership_Avg,Kruskal-Wallis,80.45576878837419,2.4505928350888076e-17,Reject H0 (Models Differ),Do Not Pool
region,Sales / Business Development,USA,Balanced,Entry-Level,Agentic,USA,Status_Score,Kruskal-Wallis,82.31145610581333,9.798235991484566e-18,Reject H0 (Models Differ),Do Not Pool
region,Sales / Business Development,USA,Balanced,Entry-Level,Agentic,USA,Warmth_Score,Kruskal-Wallis,83.38623188405796,5.761222777810915e-18,Reject H0 (Models Differ),Do Not Pool
region,Sales / Business Development,USA,Balanced,Entry-Level,Communal,USA,Hireability_Score,Kruskal-Wallis,39.185653043038464,1.5853824555180358e-08,Reject H0 (Models Differ),Do Not Pool
region,Sales / Business Development,USA,Balanced,Entry-Level,Communal,USA,Competence_Score,Kruskal-Wallis,68.5944011674718,8.534887527928902e-15,Reject H0 (Models Differ),Do Not Pool
region,Sales / Business Development,USA,Balanced,Entry-Level,Communal,USA,Fit_Score,Kruskal-Wallis,59.822578620598236,6.414319581254467e-13,Reject H0 (Models Differ),Do Not Pool
region,Sales / Business Development,USA,Balanced,Entry-Level,Communal,USA,Performance_Score,Kruskal-Wallis,51.27899496388771,4.266304970776364e-11,Reject H0 (Models Differ),Do Not Pool
region,Sales / Business Development,USA,Balanced,Entry-Level,Communal,USA,Leadership_Avg,Kruskal-Wallis,68.58296398891962,8.583139224667027e-15,Reject H0 (Models Differ),Do Not Pool
region,Sales / Business Development,USA,Balanced,Entry-Level,Communal,USA,Status_Score,Kruskal-Wallis,67.74893038670163,1.2947087249822077e-14,Reject H0 (Models Differ),Do Not Pool
region,Sales / Business Development,USA,Balanced,Entry-Level,Communal,USA,Warmth_Score,Kruskal-Wallis,42.75760783625524,2.7705935964780973e-09,Reject H0 (Models Differ),Do Not Pool
region,Sales / Business Development,USA,Balanced,Senior-Level,Agentic,USA,Hireability_Score,Kruskal-Wallis,47.33175170894477,2.9543235339379287e-10,Reject H0 (Models Differ),Do Not Pool
region,Sales / Business Development,USA,Balanced,Senior-Level,Agentic,USA,Competence_Score,Kruskal-Wallis,75.35967678243108,3.034003528064555e-16,Reject H0 (Models Differ),Do Not Pool
region,Sales / Business Development,USA,Balanced,Senior-Level,Agentic,USA,Fit_Score,Kruskal-Wallis,67.45445409825433,1.4969169249716576e-14,Reject H0 (Models Differ),Do Not Pool
region,Sales / Business Development,USA,Balanced,Senior-Level,Agentic,USA,Performance_Score,Kruskal-Wallis,68.73061134631666,7.980661226952806e-15,Reject H0 (Models Differ),Do Not Pool
region,Sales / Business Development,USA,Balanced,Senior-Level,Agentic,USA,Leadership_Avg,Kruskal-Wallis,70.10218010213691,4.0586216754516956e-15,Reject H0 (Models Differ),Do Not Pool
region,Sales / Business Development,USA,Balanced,Senior-Level,Agentic,USA,Status_Score,Kruskal-Wallis,74.10208131313124,5.643379363031901e-16,Reject H0 (Models Differ),Do Not Pool
region,Sales / Business Development,USA,Balanced,Senior-Level,Agentic,USA,Warmth_Score,Kruskal-Wallis,39.18265906932572,1.5876997539046586e-08,Reject H0 (Models Differ),Do Not Pool
region,Sales / Business Development,USA,Balanced,Senior-Level,Communal,USA,Hireability_Score,Kruskal-Wallis,41.42348300280064,5.31736994790693e-09,Reject H0 (Models Differ),Do Not Pool
region,Sales / Business Development,USA,Balanced,Senior-Level,Communal,USA,Competence_Score,Kruskal-Wallis,57.42104452661252,2.0894366133965944e-12,Reject H0 (Models Differ),Do Not Pool
region,Sales / Business Development,USA,Balanced,Senior-Level,Communal,USA,Fit_Score,Kruskal-Wallis,58.664511644454805,1.1337396711239074e-12,Reject H0 (Models Differ),Do Not Pool
region,Sales / Business Development,USA,Balanced,Senior-Level,Communal,USA,Performance_Score,Kruskal-Wallis,58.31557971945253,1.3459523777559478e-12,Reject H0 (Models Differ),Do Not Pool
region,Sales / Business Development,USA,Balanced,Senior-Level,Communal,USA,Leadership_Avg,Kruskal-Wallis,67.54570340683948,1.4310947140492935e-14,Reject H0 (Models Differ),Do Not Pool
region,Sales / Business Development,USA,Balanced,Senior-Level,Communal,USA,Status_Score,Kruskal-Wallis,62.891248308712136,1.4168437831417936e-13,Reject H0 (Models Differ),Do Not Pool
region,Sales / Business Development,USA,Balanced,Senior-Level,Communal,USA,Warmth_Score,Kruskal-Wallis,12.669116474533281,0.005409645105818366,Reject H0 (Models Differ),Do Not Pool
region,Sales / Business Development,USA,Neutral,Entry-Level,Agentic,USA,Hireability_Score,Kruskal-Wallis,44.16949812209307,1.3891049170981876e-09,Reject H0 (Models Differ),Do Not Pool
region,Sales / Business Development,USA,Neutral,Entry-Level,Agentic,USA,Competence_Score,Kruskal-Wallis,75.26489485072861,3.179299312828236e-16,Reject H0 (Models Differ),Do Not Pool
region,Sales / Business Development,USA,Neutral,Entry-Level,Agentic,USA,Fit_Score,Kruskal-Wallis,81.9350110369989,1.1801030116333864e-17,Reject H0 (Models Differ),Do Not Pool
region,Sales / Business Development,USA,Neutral,Entry-Level,Agentic,USA,Performance_Score,Kruskal-Wallis,80.06537098348824,2.971762629871201e-17,Reject H0 (Models Differ),Do Not Pool
region,Sales / Business Development,USA,Neutral,Entry-Level,Agentic,USA,Leadership_Avg,Kruskal-Wallis,78.1848996503949,7.521736702931657e-17,Reject H0 (Models Differ),Do Not Pool
region,Sales / Business Development,USA,Neutral,Entry-Level,Agentic,USA,Status_Score,Kruskal-Wallis,86.21926828624932,1.4204248272510417e-18,Reject H0 (Models Differ),Do Not Pool
region,Sales / Business Development,USA,Neutral,Entry-Level,Agentic,USA,Warmth_Score,Kruskal-Wallis,49.36942982663658,1.0883724903619787e-10,Reject H0 (Models Differ),Do Not Pool
region,Sales / Business Development,USA,Neutral,Entry-Level,Communal,USA,Hireability_Score,Kruskal-Wallis,35.65113973544255,8.874346714849118e-08,Reject H0 (Models Differ),Do Not Pool
region,Sales / Business Development,USA,Neutral,Entry-Level,Communal,USA,Competence_Score,Kruskal-Wallis,66.84811111360891,2.0181739840772634e-14,Reject H0 (Models Differ),Do Not Pool
region,Sales / Business Development,USA,Neutral,Entry-Level,Communal,USA,Fit_Score,Kruskal-Wallis,58.72131994636075,1.1025059243165741e-12,Reject H0 (Models Differ),Do Not Pool
region,Sales / Business Development,USA,Neutral,Entry-Level,Communal,USA,Performance_Score,Kruskal-Wallis,57.984954122856394,1.5835431860832308e-12,Reject H0 (Models Differ),Do Not Pool
region,Sales / Business Development,USA,Neutral,Entry-Level,Communal,USA,Leadership_Avg,Kruskal-Wallis,71.90323230318306,1.6697233054570779e-15,Reject H0 (Models Differ),Do Not Pool
region,Sales / Business Development,USA,Neutral,Entry-Level,Communal,USA,Status_Score,Kruskal-Wallis,76.61885927525522,1.6296533572028615e-16,Reject H0 (Models Differ),Do Not Pool
region,Sales / Business Development,USA,Neutral,Entry-Level,Communal,USA,Warmth_Score,Kruskal-Wallis,40.88175230566528,6.927928267742536e-09,Reject H0 (Models Differ),Do Not Pool
region,Sales / Business Development,USA,Neutral,Senior-Level,Agentic,USA,Hireability_Score,Kruskal-Wallis,51.590975244118,3.6607907273457087e-11,Reject H0 (Models Differ),Do Not Pool
region,Sales / Business Development,USA,Neutral,Senior-Level,Agentic,USA,Competence_Score,Kruskal-Wallis,76.96648440664237,1.3726750127816785e-16,Reject H0 (Models Differ),Do Not Pool
region,Sales / Business Development,USA,Neutral,Senior-Level,Agentic,USA,Fit_Score,Kruskal-Wallis,68.80895952048654,7.678321254800666e-15,Reject H0 (Models Differ),Do Not Pool
region,Sales / Business Development,USA,Neutral,Senior-Level,Agentic,USA,Performance_Score,Kruskal-Wallis,71.15784918822933,2.4115727026927386e-15,Reject H0 (Models Differ),Do Not Pool
region,Sales / Business Development,USA,Neutral,Senior-Level,Agentic,USA,Leadership_Avg,Kruskal-Wallis,78.03319742978417,8.106782302705384e-17,Reject H0 (Models Differ),Do Not Pool
region,Sales / Business Development,USA,Neutral,Senior-Level,Agentic,USA,Status_Score,Kruskal-Wallis,74.13758172930038,5.545385392752711e-16,Reject H0 (Models Differ),Do Not Pool
region,Sales / Business Development,USA,Neutral,Senior-Level,Agentic,USA,Warmth_Score,Kruskal-Wallis,25.264721149203222,1.3592575416468774e-05,Reject H0 (Models Differ),Do Not Pool
region,Sales / Business Development,USA,Neutral,Senior-Level,Communal,USA,Hireability_Score,Kruskal-Wallis,58.41365348926649,1.2825852099068679e-12,Reject H0 (Models Differ),Do Not Pool
region,Sales / Business Development,USA,Neutral,Senior-Level,Communal,USA,Competence_Score,Kruskal-Wallis,74.81331151430844,3.972996781961431e-16,Reject H0 (Models Differ),Do Not Pool
region,Sales / Business Development,USA,Neutral,Senior-Level,Communal,USA,Fit_Score,Kruskal-Wallis,64.6422283208521,5.982541857742733e-14,Reject H0 (Models Differ),Do Not Pool
region,Sales / Business Development,USA,Neutral,Senior-Level,Communal,USA,Performance_Score,Kruskal-Wallis,61.2697359269149,3.1472503482925274e-13,Reject H0 (Models Differ),Do Not Pool
region,Sales / Business Development,USA,Neutral,Senior-Level,Communal,USA,Leadership_Avg,Kruskal-Wallis,80.79913319006518,2.068298204792074e-17,Reject H0 (Models Differ),Do Not Pool
region,Sales / Business Development,USA,Neutral,Senior-Level,Communal,USA,Status_Score,Kruskal-Wallis,61.06207007729239,3.485869419084194e-13,Reject H0 (Models Differ),Do Not Pool
region,Sales / Business Development,USA,Neutral,Senior-Level,Communal,USA,Warmth_Score,Kruskal-Wallis,8.10932203389825,0.04380556201006385,Reject H0 (Models Differ),Do Not Pool
standard,Procurement / Sourcing / Supply Chain,China,Balanced,Entry-Level,Agentic,China,Hireability_Score,Kruskal-Wallis,41.59522673031027,4.889463351249101e-09,Reject H0 (Models Differ),Do Not Pool
standard,Procurement / Sourcing / Supply Chain,China,Balanced,Entry-Level,Agentic,China,Competence_Score,Kruskal-Wallis,34.52875816993464,1.532067596505359e-07,Reject H0 (Models Differ),Do Not Pool
standard,Procurement / Sourcing / Supply Chain,China,Balanced,Entry-Level,Agentic,China,Fit_Score,Kruskal-Wallis,33.00402189656637,3.214387558643068e-07,Reject H0 (Models Differ),Do Not Pool
standard,Procurement / Sourcing / Supply Chain,China,Balanced,Entry-Level,Agentic,China,Performance_Score,Kruskal-Wallis,34.86442901234566,1.3012986579735862e-07,Reject H0 (Models Differ),Do Not Pool
standard,Procurement / Sourcing / Supply Chain,China,Balanced,Entry-Level,Agentic,China,Leadership_Avg,Kruskal-Wallis,14.566401839849403,0.002227308344647479,Reject H0 (Models Differ),Do Not Pool
standard,Procurement / Sourcing / Supply Chain,China,Balanced,Entry-Level,Agentic,China,Status_Score,Kruskal-Wallis,12.466739251099504,0.0059439231057841,Reject H0 (Models Differ),Do Not Pool
standard,Procurement / Sourcing / Supply Chain,China,Balanced,Entry-Level,Agentic,China,Warmth_Score,Kruskal-Wallis,15.630706654698391,0.0013498069230234162,Reject H0 (Models Differ),Do Not Pool
standard,Procurement / Sourcing / Supply Chain,China,Balanced,Entry-Level,Agentic,USA,Hireability_Score,Kruskal-Wallis,67.67722047474669,1.3412824086930794e-14,Reject H0 (Models Differ),Do Not Pool
standard,Procurement / Sourcing / Supply Chain,China,Balanced,Entry-Level,Agentic,USA,Competence_Score,Kruskal-Wallis,81.09044894366195,1.7910908483568347e-17,Reject H0 (Models Differ),Do Not Pool
standard,Procurement / Sourcing / Supply Chain,China,Balanced,Entry-Level,Agentic,USA,Fit_Score,Kruskal-Wallis,86.55473102091533,1.2033662036041183e-18,Reject H0 (Models Differ),Do Not Pool
standard,Procurement / Sourcing / Supply Chain,China,Balanced,Entry-Level,Agentic,USA,Performance_Score,Kruskal-Wallis,88.73115736716746,4.102668692368719e-19,Reject H0 (Models Differ),Do Not Pool
standard,Procurement / Sourcing / Supply Chain,China,Balanced,Entry-Level,Agentic,USA,Leadership_Avg,Kruskal-Wallis,83.76093609448937,4.787400569122099e-18,Reject H0 (Models Differ),Do Not Pool
standard,Procurement / Sourcing / Supply Chain,China,Balanced,Entry-Level,Agentic,USA,Status_Score,Kruskal-Wallis,94.25396693422024,2.6707764219454072e-20,Reject H0 (Models Differ),Do Not Pool
standard,Procurement / Sourcing / Supply Chain,China,Balanced,Entry-Level,Agentic,USA,Warmth_Score,Kruskal-Wallis,19.982953216374206,0.00017112881510041215,Reject H0 (Models Differ),Do Not Pool
standard,Procurement / Sourcing / Supply Chain,China,Balanced,Entry-Level,Communal,China,Hireability_Score,Kruskal-Wallis,37.28240952817221,4.0098885247109184e-08,Reject H0 (Models Differ),Do Not Pool
standard,Procurement / Sourcing / Supply Chain,China,Balanced,Entry-Level,Communal,China,Competence_Score,Kruskal-Wallis,4.795489917512025,0.1873996772552808,Fail to Reject H0 (Models Equivalent),Pool
standard,Procurement / Sourcing / Supply Chain,China,Balanced,Entry-Level,Communal,China,Fit_Score,Kruskal-Wallis,29.458634734441212,1.7936642600101814e-06,Reject H0 (Models Differ),Do Not Pool
standard,Procurement / Sourcing / Supply Chain,China,Balanced,Entry-Level,Communal,China,Performance_Score,Kruskal-Wallis,35.063700596447525,1.1810762570448826e-07,Reject H0 (Models Differ),Do Not Pool
standard,Procurement / Sourcing / Supply Chain,China,Balanced,Entry-Level,Communal,China,Leadership_Avg,Kruskal-Wallis,45.15723600086081,8.567440104109159e-10,Reject H0 (Models Differ),Do Not Pool
standard,Procurement / Sourcing / Supply Chain,China,Balanced,Entry-Level,Communal,China,Status_Score,Kruskal-Wallis,7.085603158016949,0.06921878482264077,Fail to Reject H0 (Models Equivalent),Pool
standard,Procurement / Sourcing / Supply Chain,China,Balanced,Entry-Level,Communal,China,Warmth_Score,Kruskal-Wallis,13.13467646805315,0.0043542293494805056,Reject H0 (Models Differ),Do Not Pool
standard,Procurement / Sourcing / Supply Chain,China,Balanced,Entry-Level,Communal,USA,Hireability_Score,Kruskal-Wallis,68.57007289159517,8.63785173299182e-15,Reject H0 (Models Differ),Do Not Pool
standard,Procurement / Sourcing / Supply Chain,China,Balanced,Entry-Level,Communal,USA,Competence_Score,Kruskal-Wallis,81.45617181634009,1.4950504397788373e-17,Reject H0 (Models Differ),Do Not Pool
standard,Procurement / Sourcing / Supply Chain,China,Balanced,Entry-Level,Communal,USA,Fit_Score,Kruskal-Wallis,89.09436995216812,3.428179731812718e-19,Reject H0 (Models Differ),Do Not Pool
standard,Procurement / Sourcing / Supply Chain,China,Balanced,Entry-Level,Communal,USA,Performance_Score,Kruskal-Wallis,88.84750992018695,3.873282427493045e-19,Reject H0 (Models Differ),Do Not Pool
standard,Procurement / Sourcing / Supply Chain,China,Balanced,Entry-Level,Communal,USA,Leadership_Avg,Kruskal-Wallis,88.84529021558865,3.877536202780283e-19,Reject H0 (Models Differ),Do Not Pool
standard,Procurement / Sourcing / Supply Chain,China,Balanced,Entry-Level,Communal,USA,Status_Score,Kruskal-Wallis,101.8566705476363,6.197870718329349e-22,Reject H0 (Models Differ),Do Not Pool
standard,Procurement / Sourcing / Supply Chain,China,Balanced,Entry-Level,Communal,USA,Warmth_Score,Kruskal-Wallis,36.37632901637127,6.234642400494506e-08,Reject H0 (Models Differ),Do Not Pool
standard,Procurement / Sourcing / Supply Chain,China,Balanced,Senior-Level,Agentic,China,Hireability_Score,Kruskal-Wallis,29.921295383236224,1.4336786611714358e-06,Reject H0 (Models Differ),Do Not Pool
standard,Procurement / Sourcing / Supply Chain,China,Balanced,Senior-Level,Agentic,China,Competence_Score,Kruskal-Wallis,20.336870026525208,0.00014452797827448264,Reject H0 (Models Differ),Do Not Pool
standard,Procurement / Sourcing / Supply Chain,China,Balanced,Senior-Level,Agentic,China,Fit_Score,Kruskal-Wallis,35.60916677045707,9.057496579758823e-08,Reject H0 (Models Differ),Do Not Pool
standard,Procurement / Sourcing / Supply Chain,China,Balanced,Senior-Level,Agentic,China,Performance_Score,Kruskal-Wallis,31.65842937145019,6.176813293663278e-07,Reject H0 (Models Differ),Do Not Pool
standard,Procurement / Sourcing / Supply Chain,China,Balanced,Senior-Level,Agentic,China,Leadership_Avg,Kruskal-Wallis,32.98273092369475,3.2477993853831576e-07,Reject H0 (Models Differ),Do Not Pool
standard,Procurement / Sourcing / Supply Chain,China,Balanced,Senior-Level,Agentic,China,Status_Score,Kruskal-Wallis,34.90281820281816,1.2772243687192145e-07,Reject H0 (Models Differ),Do Not Pool
standard,Procurement / Sourcing / Supply Chain,China,Balanced,Senior-Level,Agentic,China,Warmth_Score,Kruskal-Wallis,11.278195488721732,0.010312865682907159,Reject H0 (Models Differ),Do Not Pool
standard,Procurement / Sourcing / Supply Chain,China,Balanced,Senior-Level,Agentic,USA,Hireability_Score,Kruskal-Wallis,75.13455813736469,3.390524947473712e-16,Reject H0 (Models Differ),Do Not Pool
standard,Procurement / Sourcing / Supply Chain,China,Balanced,Senior-Level,Agentic,USA,Competence_Score,Kruskal-Wallis,82.00377106688018,1.1406876304447576e-17,Reject H0 (Models Differ),Do Not Pool
standard,Procurement / Sourcing / Supply Chain,China,Balanced,Senior-Level,Agentic,USA,Fit_Score,Kruskal-Wallis,83.34605337418361,5.876748318851706e-18,Reject H0 (Models Differ),Do Not Pool
standard,Procurement / Sourcing / Supply Chain,China,Balanced,Senior-Level,Agentic,USA,Performance_Score,Kruskal-Wallis,73.99458938547487,5.950778538063387e-16,Reject H0 (Models Differ),Do Not Pool
standard,Procurement / Sourcing / Supply Chain,China,Balanced,Senior-Level,Agentic,USA,Leadership_Avg,Kruskal-Wallis,81.1482391871029,1.740682811178627e-17,Reject H0 (Models Differ),Do Not Pool
standard,Procurement / Sourcing / Supply Chain,China,Balanced,Senior-Level,Agentic,USA,Status_Score,Kruskal-Wallis,81.26391242007928,1.6440063105155896e-17,Reject H0 (Models Differ),Do Not Pool
standard,Procurement / Sourcing / Supply Chain,China,Balanced,Senior-Level,Agentic,USA,Warmth_Score,Kruskal-Wallis,14.926666666666506,0.0018804018873584988,Reject H0 (Models Differ),Do Not Pool
standard,Procurement / Sourcing / Supply Chain,China,Balanced,Senior-Level,Communal,China,Hireability_Score,Kruskal-Wallis,6.940143898787995,0.07383025892273676,Fail to Reject H0 (Models Equivalent),Pool
standard,Procurement / Sourcing / Supply Chain,China,Balanced,Senior-Level,Communal,China,Competence_Score,Kruskal-Wallis,4.061946902654841,0.2548522106209481,Fail to Reject H0 (Models Equivalent),Pool
standard,Procurement / Sourcing / Supply Chain,China,Balanced,Senior-Level,Communal,China,Fit_Score,Kruskal-Wallis,15.454238620616124,0.001466878987831316,Reject H0 (Models Differ),Do Not Pool
standard,Procurement / Sourcing / Supply Chain,China,Balanced,Senior-Level,Communal,China,Performance_Score,Kruskal-Wallis,9.559209711383504,0.022709739812131455,Reject H0 (Models Differ),Do Not Pool
standard,Procurement / Sourcing / Supply Chain,China,Balanced,Senior-Level,Communal,China,Leadership_Avg,Kruskal-Wallis,60.57811404504294,4.4231039246411486e-13,Reject H0 (Models Differ),Do Not Pool
standard,Procurement / Sourcing / Supply Chain,China,Balanced,Senior-Level,Communal,China,Status_Score,Kruskal-Wallis,24.275999999999982,2.1875524591068027e-05,Reject H0 (Models Differ),Do Not Pool
standard,Procurement / Sourcing / Supply Chain,China,Balanced,Senior-Level,Communal,China,Warmth_Score,Kruskal-Wallis,5.210911680911637,0.15698878378704423,Fail to Reject H0 (Models Equivalent),Pool
standard,Procurement / Sourcing / Supply Chain,China,Balanced,Senior-Level,Communal,USA,Hireability_Score,Kruskal-Wallis,83.00571899012071,6.952994467530136e-18,Reject H0 (Models Differ),Do Not Pool
standard,Procurement / Sourcing / Supply Chain,China,Balanced,Senior-Level,Communal,USA,Competence_Score,Kruskal-Wallis,81.00222910927455,1.8708698192274533e-17,Reject H0 (Models Differ),Do Not Pool
standard,Procurement / Sourcing / Supply Chain,China,Balanced,Senior-Level,Communal,USA,Fit_Score,Kruskal-Wallis,97.15848158740003,6.344349798894824e-21,Reject H0 (Models Differ),Do Not Pool
standard,Procurement / Sourcing / Supply Chain,China,Balanced,Senior-Level,Communal,USA,Performance_Score,Kruskal-Wallis,91.97176774432421,8.260361465812399e-20,Reject H0 (Models Differ),Do Not Pool
standard,Procurement / Sourcing / Supply Chain,China,Balanced,Senior-Level,Communal,USA,Leadership_Avg,Kruskal-Wallis,96.24112539392823,9.990099511058043e-21,Reject H0 (Models Differ),Do Not Pool
standard,Procurement / Sourcing / Supply Chain,China,Balanced,Senior-Level,Communal,USA,Status_Score,Kruskal-Wallis,89.13824074074077,3.3546076959755906e-19,Reject H0 (Models Differ),Do Not Pool
standard,Procurement / Sourcing / Supply Chain,China,Balanced,Senior-Level,Communal,USA,Warmth_Score,Kruskal-Wallis,4.904150813344367,0.17895174978178777,Fail to Reject H0 (Models Equivalent),Pool
standard,Procurement / Sourcing / Supply Chain,China,Neutral,Entry-Level,Agentic,China,Hireability_Score,Kruskal-Wallis,51.443112086529666,3.9362495212834405e-11,Reject H0 (Models Differ),Do Not Pool
standard,Procurement / Sourcing / Supply Chain,China,Neutral,Entry-Level,Agentic,China,Competence_Score,Kruskal-Wallis,27.754646464646463,4.089226335108055e-06,Reject H0 (Models Differ),Do Not Pool
standard,Procurement / Sourcing / Supply Chain,China,Neutral,Entry-Level,Agentic,China,Fit_Score,Kruskal-Wallis,43.54245925291987,1.887655794429276e-09,Reject H0 (Models Differ),Do Not Pool
standard,Procurement / Sourcing / Supply Chain,China,Neutral,Entry-Level,Agentic,China,Performance_Score,Kruskal-Wallis,47.141664537557446,3.2426193254771286e-10,Reject H0 (Models Differ),Do Not Pool
standard,Procurement / Sourcing / Supply Chain,China,Neutral,Entry-Level,Agentic,China,Leadership_Avg,Kruskal-Wallis,11.984377277150125,0.007436869405185695,Reject H0 (Models Differ),Do Not Pool
standard,Procurement / Sourcing / Supply Chain,China,Neutral,Entry-Level,Agentic,China,Status_Score,Kruskal-Wallis,1.6931129476583757,0.6384660291039572,Fail to Reject H0 (Models Equivalent),Pool
standard,Procurement / Sourcing / Supply Chain,China,Neutral,Entry-Level,Agentic,China,Warmth_Score,Kruskal-Wallis,9.387358541163735,0.024560368254170673,Reject H0 (Models Differ),Do Not Pool
standard,Procurement / Sourcing / Supply Chain,China,Neutral,Entry-Level,Agentic,USA,Hireability_Score,Kruskal-Wallis,56.67430139720561,3.0160235565191626e-12,Reject H0 (Models Differ),Do Not Pool
standard,Procurement / Sourcing / Supply Chain,China,Neutral,Entry-Level,Agentic,USA,Competence_Score,Kruskal-Wallis,81.10185642188576,1.7810262926725292e-17,Reject H0 (Models Differ),Do Not Pool
standard,Procurement / Sourcing / Supply Chain,China,Neutral,Entry-Level,Agentic,USA,Fit_Score,Kruskal-Wallis,83.99105181865373,4.2728023066628536e-18,Reject H0 (Models Differ),Do Not Pool
standard,Procurement / Sourcing / Supply Chain,China,Neutral,Entry-Level,Agentic,USA,Performance_Score,Kruskal-Wallis,90.25217795795729,1.9337126920856445e-19,Reject H0 (Models Differ),Do Not Pool
standard,Procurement / Sourcing / Supply Chain,China,Neutral,Entry-Level,Agentic,USA,Leadership_Avg,Kruskal-Wallis,87.14445447759392,8.99047471945656e-19,Reject H0 (Models Differ),Do Not Pool
standard,Procurement / Sourcing / Supply Chain,China,Neutral,Entry-Level,Agentic,USA,Status_Score,Kruskal-Wallis,94.80122179974653,2.0372015920138234e-20,Reject H0 (Models Differ),Do Not Pool
standard,Procurement / Sourcing / Supply Chain,China,Neutral,Entry-Level,Agentic,USA,Warmth_Score,Kruskal-Wallis,50.05400981996725,7.780359471099908e-11,Reject H0 (Models Differ),Do Not Pool
standard,Procurement / Sourcing / Supply Chain,China,Neutral,Entry-Level,Communal,China,Hireability_Score,Kruskal-Wallis,32.442954845729396,4.2210278752777797e-07,Reject H0 (Models Differ),Do Not Pool
standard,Procurement / Sourcing / Supply Chain,China,Neutral,Entry-Level,Communal,China,Competence_Score,Kruskal-Wallis,20.01658041019747,0.0001684047118338365,Reject H0 (Models Differ),Do Not Pool
standard,Procurement / Sourcing / Supply Chain,China,Neutral,Entry-Level,Communal,China,Fit_Score,Kruskal-Wallis,27.773265662434007,4.05260394355544e-06,Reject H0 (Models Differ),Do Not Pool
standard,Procurement / Sourcing / Supply Chain,China,Neutral,Entry-Level,Communal,China,Performance_Score,Kruskal-Wallis,32.109841355202995,4.961799477637946e-07,Reject H0 (Models Differ),Do Not Pool
standard,Procurement / Sourcing / Supply Chain,China,Neutral,Entry-Level,Communal,China,Leadership_Avg,Kruskal-Wallis,29.54657447920971,1.7189077828158958e-06,Reject H0 (Models Differ),Do Not Pool
standard,Procurement / Sourcing / Supply Chain,China,Neutral,Entry-Level,Communal,China,Status_Score,Kruskal-Wallis,1.4923319590204747,0.6840412377488019,Fail to Reject H0 (Models Equivalent),Pool
standard,Procurement / Sourcing / Supply Chain,China,Neutral,Entry-Level,Communal,China,Warmth_Score,Kruskal-Wallis,24.980310117810056,1.5587558794274136e-05,Reject H0 (Models Differ),Do Not Pool
standard,Procurement / Sourcing / Supply Chain,China,Neutral,Entry-Level,Communal,USA,Hireability_Score,Kruskal-Wallis,55.748155831252184,4.754313692794549e-12,Reject H0 (Models Differ),Do Not Pool
standard,Procurement / Sourcing / Supply Chain,China,Neutral,Entry-Level,Communal,USA,Competence_Score,Kruskal-Wallis,75.42707042634088,2.934748497545184e-16,Reject H0 (Models Differ),Do Not Pool
standard,Procurement / Sourcing / Supply Chain,China,Neutral,Entry-Level,Communal,USA,Fit_Score,Kruskal-Wallis,82.72969194690751,7.969002189149201e-18,Reject H0 (Models Differ),Do Not Pool
standard,Procurement / Sourcing / Supply Chain,China,Neutral,Entry-Level,Communal,USA,Performance_Score,Kruskal-Wallis,81.30502468905969,1.6109545440540337e-17,Reject H0 (Models Differ),Do Not Pool
standard,Procurement / Sourcing / Supply Chain,China,Neutral,Entry-Level,Communal,USA,Leadership_Avg,Kruskal-Wallis,81.49789313554231,1.4645517925635326e-17,Reject H0 (Models Differ),Do Not Pool
standard,Procurement / Sourcing / Supply Chain,China,Neutral,Entry-Level,Communal,USA,Status_Score,Kruskal-Wallis,83.71225185575689,4.903973096233242e-18,Reject H0 (Models Differ),Do Not Pool
standard,Procurement / Sourcing / Supply Chain,China,Neutral,Entry-Level,Communal,USA,Warmth_Score,Kruskal-Wallis,25.0102433724468,1.53645400730195e-05,Reject H0 (Models Differ),Do Not Pool
standard,Procurement / Sourcing / Supply Chain,China,Neutral,Senior-Level,Agentic,China,Hireability_Score,Kruskal-Wallis,37.02389633493232,4.548123307766432e-08,Reject H0 (Models Differ),Do Not Pool
standard,Procurement / Sourcing / Supply Chain,China,Neutral,Senior-Level,Agentic,China,Competence_Score,Kruskal-Wallis,26.719907407407373,6.739527896205512e-06,Reject H0 (Models Differ),Do Not Pool
standard,Procurement / Sourcing / Supply Chain,China,Neutral,Senior-Level,Agentic,China,Fit_Score,Kruskal-Wallis,43.78132918426313,1.6795380483181708e-09,Reject H0 (Models Differ),Do Not Pool
standard,Procurement / Sourcing / Supply Chain,China,Neutral,Senior-Level,Agentic,China,Performance_Score,Kruskal-Wallis,35.99671272568922,7.500370385038551e-08,Reject H0 (Models Differ),Do Not Pool
standard,Procurement / Sourcing / Supply Chain,China,Neutral,Senior-Level,Agentic,China,Leadership_Avg,Kruskal-Wallis,40.81062157613953,7.1727940190419744e-09,Reject H0 (Models Differ),Do Not Pool
standard,Procurement / Sourcing / Supply Chain,China,Neutral,Senior-Level,Agentic,China,Status_Score,Kruskal-Wallis,52.48321540880492,2.3627364660466516e-11,Reject H0 (Models Differ),Do Not Pool
standard,Procurement / Sourcing / Supply Chain,China,Neutral,Senior-Level,Agentic,China,Warmth_Score,Kruskal-Wallis,4.6619679633868,0.19829016783550896,Fail to Reject H0 (Models Equivalent),Pool
standard,Procurement / Sourcing / Supply Chain,China,Neutral,Senior-Level,Agentic,USA,Hireability_Score,Kruskal-Wallis,73.65489269549198,7.036631922351102e-16,Reject H0 (Models Differ),Do Not Pool
standard,Procurement / Sourcing / Supply Chain,China,Neutral,Senior-Level,Agentic,USA,Competence_Score,Kruskal-Wallis,91.57087049252854,1.0072197101628821e-19,Reject H0 (Models Differ),Do Not Pool
standard,Procurement / Sourcing / Supply Chain,China,Neutral,Senior-Level,Agentic,USA,Fit_Score,Kruskal-Wallis,77.11659785249039,1.2746282363187184e-16,Reject H0 (Models Differ),Do Not Pool
standard,Procurement / Sourcing / Supply Chain,China,Neutral,Senior-Level,Agentic,USA,Performance_Score,Kruskal-Wallis,71.13737834058723,2.436041908516727e-15,Reject H0 (Models Differ),Do Not Pool
standard,Procurement / Sourcing / Supply Chain,China,Neutral,Senior-Level,Agentic,USA,Leadership_Avg,Kruskal-Wallis,80.93216122047899,1.9367572033697155e-17,Reject H0 (Models Differ),Do Not Pool
standard,Procurement / Sourcing / Supply Chain,China,Neutral,Senior-Level,Agentic,USA,Status_Score,Kruskal-Wallis,77.38130625733788,1.1184803974015946e-16,Reject H0 (Models Differ),Do Not Pool
standard,Procurement / Sourcing / Supply Chain,China,Neutral,Senior-Level,Agentic,USA,Warmth_Score,Kruskal-Wallis,29.169852080123174,2.062733761427823e-06,Reject H0 (Models Differ),Do Not Pool
standard,Procurement / Sourcing / Supply Chain,China,Neutral,Senior-Level,Communal,China,Hireability_Score,Kruskal-Wallis,21.52934162887966,8.172266242747949e-05,Reject H0 (Models Differ),Do Not Pool
standard,Procurement / Sourcing / Supply Chain,China,Neutral,Senior-Level,Communal,China,Competence_Score,Kruskal-Wallis,10.100423429781095,0.017731507237598684,Reject H0 (Models Differ),Do Not Pool
standard,Procurement / Sourcing / Supply Chain,China,Neutral,Senior-Level,Communal,China,Fit_Score,Kruskal-Wallis,21.736146513485885,7.401875352449155e-05,Reject H0 (Models Differ),Do Not Pool
standard,Procurement / Sourcing / Supply Chain,China,Neutral,Senior-Level,Communal,China,Performance_Score,Kruskal-Wallis,15.941705419356659,0.00116562083757452,Reject H0 (Models Differ),Do Not Pool
standard,Procurement / Sourcing / Supply Chain,China,Neutral,Senior-Level,Communal,China,Leadership_Avg,Kruskal-Wallis,51.597850110508375,3.648462759053999e-11,Reject H0 (Models Differ),Do Not Pool
standard,Procurement / Sourcing / Supply Chain,China,Neutral,Senior-Level,Communal,China,Status_Score,Kruskal-Wallis,35.031971284268515,1.1994486083923577e-07,Reject H0 (Models Differ),Do Not Pool
standard,Procurement / Sourcing / Supply Chain,China,Neutral,Senior-Level,Communal,China,Warmth_Score,Kruskal-Wallis,15.331876587479346,0.0015539187819115883,Reject H0 (Models Differ),Do Not Pool
standard,Procurement / Sourcing / Supply Chain,China,Neutral,Senior-Level,Communal,USA,Hireability_Score,Kruskal-Wallis,81.11630282282955,1.7683616619489084e-17,Reject H0 (Models Differ),Do Not Pool
standard,Procurement / Sourcing / Supply Chain,China,Neutral,Senior-Level,Communal,USA,Competence_Score,Kruskal-Wallis,79.58778280542987,3.762298967659872e-17,Reject H0 (Models Differ),Do Not Pool
standard,Procurement / Sourcing / Supply Chain,China,Neutral,Senior-Level,Communal,USA,Fit_Score,Kruskal-Wallis,92.80421908076863,5.472050449628583e-20,Reject H0 (Models Differ),Do Not Pool
standard,Procurement / Sourcing / Supply Chain,China,Neutral,Senior-Level,Communal,USA,Performance_Score,Kruskal-Wallis,76.69521172843389,1.5693736696500183e-16,Reject H0 (Models Differ),Do Not Pool
standard,Procurement / Sourcing / Supply Chain,China,Neutral,Senior-Level,Communal,USA,Leadership_Avg,Kruskal-Wallis,80.82406840154171,2.0429792035772753e-17,Reject H0 (Models Differ),Do Not Pool
standard,Procurement / Sourcing / Supply Chain,China,Neutral,Senior-Level,Communal,USA,Status_Score,Kruskal-Wallis,92.45697953871148,6.497633673711712e-20,Reject H0 (Models Differ),Do Not Pool
standard,Procurement / Sourcing / Supply Chain,China,Neutral,Senior-Level,Communal,USA,Warmth_Score,Kruskal-Wallis,11.883720930232514,0.007792285536539086,Reject H0 (Models Differ),Do Not Pool
standard,Procurement / Sourcing / Supply Chain,Europe,Balanced,Entry-Level,Agentic,China,Hireability_Score,Kruskal-Wallis,30.612932248331287,1.0254812511845696e-06,Reject H0 (Models Differ),Do Not Pool
standard,Procurement / Sourcing / Supply Chain,Europe,Balanced,Entry-Level,Agentic,China,Competence_Score,Kruskal-Wallis,27.279869281045702,5.143248448663597e-06,Reject H0 (Models Differ),Do Not Pool
standard,Procurement / Sourcing / Supply Chain,Europe,Balanced,Entry-Level,Agentic,China,Fit_Score,Kruskal-Wallis,21.5286450356969,8.174991701707716e-05,Reject H0 (Models Differ),Do Not Pool
standard,Procurement / Sourcing / Supply Chain,Europe,Balanced,Entry-Level,Agentic,China,Performance_Score,Kruskal-Wallis,20.54006246826926,0.00013116038409827883,Reject H0 (Models Differ),Do Not Pool
standard,Procurement / Sourcing / Supply Chain,Europe,Balanced,Entry-Level,Agentic,China,Leadership_Avg,Kruskal-Wallis,13.766994261285648,0.003240096584335163,Reject H0 (Models Differ),Do Not Pool
standard,Procurement / Sourcing / Supply Chain,Europe,Balanced,Entry-Level,Agentic,China,Status_Score,Kruskal-Wallis,9.180254777070065,0.026987861738894618,Reject H0 (Models Differ),Do Not Pool
standard,Procurement / Sourcing / Supply Chain,Europe,Balanced,Entry-Level,Agentic,China,Warmth_Score,Kruskal-Wallis,8.47265953522669,0.03718946183023974,Reject H0 (Models Differ),Do Not Pool
standard,Procurement / Sourcing / Supply Chain,Europe,Balanced,Entry-Level,Agentic,USA,Hireability_Score,Kruskal-Wallis,75.79750568990612,2.444379587535566e-16,Reject H0 (Models Differ),Do Not Pool
standard,Procurement / Sourcing / Supply Chain,Europe,Balanced,Entry-Level,Agentic,USA,Competence_Score,Kruskal-Wallis,93.86429467237352,3.238714955306892e-20,Reject H0 (Models Differ),Do Not Pool
standard,Procurement / Sourcing / Supply Chain,Europe,Balanced,Entry-Level,Agentic,USA,Fit_Score,Kruskal-Wallis,90.67443920102325,1.5692458116818422e-19,Reject H0 (Models Differ),Do Not Pool
standard,Procurement / Sourcing / Supply Chain,Europe,Balanced,Entry-Level,Agentic,USA,Performance_Score,Kruskal-Wallis,96.14601373885142,1.0471591055623485e-20,Reject H0 (Models Differ),Do Not Pool
standard,Procurement / Sourcing / Supply Chain,Europe,Balanced,Entry-Level,Agentic,USA,Leadership_Avg,Kruskal-Wallis,92.8577015190912,5.329163211436503e-20,Reject H0 (Models Differ),Do Not Pool
standard,Procurement / Sourcing / Supply Chain,Europe,Balanced,Entry-Level,Agentic,USA,Status_Score,Kruskal-Wallis,97.98454746136862,4.215130808150396e-21,Reject H0 (Models Differ),Do Not Pool
standard,Procurement / Sourcing / Supply Chain,Europe,Balanced,Entry-Level,Agentic,USA,Warmth_Score,Kruskal-Wallis,16.075822923515286,0.0010941076150093963,Reject H0 (Models Differ),Do Not Pool
standard,Procurement / Sourcing / Supply Chain,Europe,Balanced,Entry-Level,Communal,China,Hireability_Score,Kruskal-Wallis,34.014583296087714,1.9671929790128683e-07,Reject H0 (Models Differ),Do Not Pool
standard,Procurement / Sourcing / Supply Chain,Europe,Balanced,Entry-Level,Communal,China,Competence_Score,Kruskal-Wallis,9.241338112305796,0.02624843460965855,Reject H0 (Models Differ),Do Not Pool
standard,Procurement / Sourcing / Supply Chain,Europe,Balanced,Entry-Level,Communal,China,Fit_Score,Kruskal-Wallis,29.294119931360534,1.94233614088122e-06,Reject H0 (Models Differ),Do Not Pool
standard,Procurement / Sourcing / Supply Chain,Europe,Balanced,Entry-Level,Communal,China,Performance_Score,Kruskal-Wallis,24.352857591825032,2.108166768858766e-05,Reject H0 (Models Differ),Do Not Pool
standard,Procurement / Sourcing / Supply Chain,Europe,Balanced,Entry-Level,Communal,China,Leadership_Avg,Kruskal-Wallis,36.04067455317224,7.341552983358643e-08,Reject H0 (Models Differ),Do Not Pool
standard,Procurement / Sourcing / Supply Chain,Europe,Balanced,Entry-Level,Communal,China,Status_Score,Kruskal-Wallis,13.72062571748263,0.003311179451081083,Reject H0 (Models Differ),Do Not Pool
standard,Procurement / Sourcing / Supply Chain,Europe,Balanced,Entry-Level,Communal,China,Warmth_Score,Kruskal-Wallis,19.4293533702985,0.00022283131793290588,Reject H0 (Models Differ),Do Not Pool
standard,Procurement / Sourcing / Supply Chain,Europe,Balanced,Entry-Level,Communal,USA,Hireability_Score,Kruskal-Wallis,61.361951238182684,3.0076230291317354e-13,Reject H0 (Models Differ),Do Not Pool
standard,Procurement / Sourcing / Supply Chain,Europe,Balanced,Entry-Level,Communal,USA,Competence_Score,Kruskal-Wallis,82.28111485288903,9.946223965171989e-18,Reject H0 (Models Differ),Do Not Pool
standard,Procurement / Sourcing / Supply Chain,Europe,Balanced,Entry-Level,Communal,USA,Fit_Score,Kruskal-Wallis,83.18236396008754,6.3718392102373605e-18,Reject H0 (Models Differ),Do Not Pool
standard,Procurement / Sourcing / Supply Chain,Europe,Balanced,Entry-Level,Communal,USA,Performance_Score,Kruskal-Wallis,91.62917981644715,9.785833261144085e-20,Reject H0 (Models Differ),Do Not Pool
standard,Procurement / Sourcing / Supply Chain,Europe,Balanced,Entry-Level,Communal,USA,Leadership_Avg,Kruskal-Wallis,84.47285302593663,3.3674765172581746e-18,Reject H0 (Models Differ),Do Not Pool
standard,Procurement / Sourcing / Supply Chain,Europe,Balanced,Entry-Level,Communal,USA,Status_Score,Kruskal-Wallis,95.2568845647184,1.625953280117696e-20,Reject H0 (Models Differ),Do Not Pool
standard,Procurement / Sourcing / Supply Chain,Europe,Balanced,Entry-Level,Communal,USA,Warmth_Score,Kruskal-Wallis,22.75258954418241,4.547338269952611e-05,Reject H0 (Models Differ),Do Not Pool
standard,Procurement / Sourcing / Supply Chain,Europe,Balanced,Senior-Level,Agentic,China,Hireability_Score,Kruskal-Wallis,19.662461538461617,0.00019939574331057685,Reject H0 (Models Differ),Do Not Pool
standard,Procurement / Sourcing / Supply Chain,Europe,Balanced,Senior-Level,Agentic,China,Competence_Score,Kruskal-Wallis,6.60419307295499,0.08564272341354184,Fail to Reject H0 (Models Equivalent),Pool
standard,Procurement / Sourcing / Supply Chain,Europe,Balanced,Senior-Level,Agentic,China,Fit_Score,Kruskal-Wallis,19.031244147157103,0.00026936198666366665,Reject H0 (Models Differ),Do Not Pool
standard,Procurement / Sourcing / Supply Chain,Europe,Balanced,Senior-Level,Agentic,China,Performance_Score,Kruskal-Wallis,16.390538644543327,0.0009429496658181427,Reject H0 (Models Differ),Do Not Pool
standard,Procurement / Sourcing / Supply Chain,Europe,Balanced,Senior-Level,Agentic,China,Leadership_Avg,Kruskal-Wallis,51.75087139160213,3.384552437495812e-11,Reject H0 (Models Differ),Do Not Pool
standard,Procurement / Sourcing / Supply Chain,Europe,Balanced,Senior-Level,Agentic,China,Status_Score,Kruskal-Wallis,36.97552190538626,4.6565784959427455e-08,Reject H0 (Models Differ),Do Not Pool
standard,Procurement / Sourcing / Supply Chain,Europe,Balanced,Senior-Level,Agentic,China,Warmth_Score,Kruskal-Wallis,4.974324589841536,0.173686907291934,Fail to Reject H0 (Models Equivalent),Pool
standard,Procurement / Sourcing / Supply Chain,Europe,Balanced,Senior-Level,Agentic,USA,Hireability_Score,Kruskal-Wallis,71.10050399209547,2.4807464027701937e-15,Reject H0 (Models Differ),Do Not Pool
standard,Procurement / Sourcing / Supply Chain,Europe,Balanced,Senior-Level,Agentic,USA,Competence_Score,Kruskal-Wallis,80.32120470074379,2.619006732248605e-17,Reject H0 (Models Differ),Do Not Pool
standard,Procurement / Sourcing / Supply Chain,Europe,Balanced,Senior-Level,Agentic,USA,Fit_Score,Kruskal-Wallis,81.1575516346176,1.732693690847955e-17,Reject H0 (Models Differ),Do Not Pool
standard,Procurement / Sourcing / Supply Chain,Europe,Balanced,Senior-Level,Agentic,USA,Performance_Score,Kruskal-Wallis,71.54109922082058,1.99624422300688e-15,Reject H0 (Models Differ),Do Not Pool
standard,Procurement / Sourcing / Supply Chain,Europe,Balanced,Senior-Level,Agentic,USA,Leadership_Avg,Kruskal-Wallis,87.3910533313749,7.958557729754152e-19,Reject H0 (Models Differ),Do Not Pool
standard,Procurement / Sourcing / Supply Chain,Europe,Balanced,Senior-Level,Agentic,USA,Status_Score,Kruskal-Wallis,84.60945207378431,3.1476418411237962e-18,Reject H0 (Models Differ),Do Not Pool
standard,Procurement / Sourcing / Supply Chain,Europe,Balanced,Senior-Level,Agentic,USA,Warmth_Score,Kruskal-Wallis,7.437499999999853,0.05918627883562266,Fail to Reject H0 (Models Equivalent),Pool
standard,Procurement / Sourcing / Supply Chain,Europe,Balanced,Senior-Level,Communal,China,Hireability_Score,Kruskal-Wallis,16.075822923515286,0.0010941076150093963,Reject H0 (Models Differ),Do Not Pool
standard,Procurement / Sourcing / Supply Chain,Europe,Balanced,Senior-Level,Communal,China,Competence_Score,Kruskal-Wallis,6.429581939799484,0.09248137238183039,Fail to Reject H0 (Models Equivalent),Pool
standard,Procurement / Sourcing / Supply Chain,Europe,Balanced,Senior-Level,Communal,China,Fit_Score,Kruskal-Wallis,12.352558967512241,0.006268045440025686,Reject H0 (Models Differ),Do Not Pool
standard,Procurement / Sourcing / Supply Chain,Europe,Balanced,Senior-Level,Communal,China,Performance_Score,Kruskal-Wallis,10.62356200993378,0.013945709903337829,Reject H0 (Models Differ),Do Not Pool
standard,Procurement / Sourcing / Supply Chain,Europe,Balanced,Senior-Level,Communal,China,Leadership_Avg,Kruskal-Wallis,61.87987219034352,2.330917380712763e-13,Reject H0 (Models Differ),Do Not Pool
standard,Procurement / Sourcing / Supply Chain,Europe,Balanced,Senior-Level,Communal,China,Status_Score,Kruskal-Wallis,31.23098367184387,7.599818210887194e-07,Reject H0 (Models Differ),Do Not Pool
standard,Procurement / Sourcing / Supply Chain,Europe,Balanced,Senior-Level,Communal,China,Warmth_Score,Kruskal-Wallis,12.314222488038217,0.006380741127661902,Reject H0 (Models Differ),Do Not Pool
standard,Procurement / Sourcing / Supply Chain,Europe,Balanced,Senior-Level,Communal,USA,Hireability_Score,Kruskal-Wallis,93.30859958362241,4.263612406291028e-20,Reject H0 (Models Differ),Do Not Pool
standard,Procurement / Sourcing / Supply Chain,Europe,Balanced,Senior-Level,Communal,USA,Competence_Score,Kruskal-Wallis,78.83165751546746,5.4653931501731344e-17,Reject H0 (Models Differ),Do Not Pool
standard,Procurement / Sourcing / Supply Chain,Europe,Balanced,Senior-Level,Communal,USA,Fit_Score,Kruskal-Wallis,99.74952541432079,1.759346752346912e-21,Reject H0 (Models Differ),Do Not Pool
standard,Procurement / Sourcing / Supply Chain,Europe,Balanced,Senior-Level,Communal,USA,Performance_Score,Kruskal-Wallis,98.26010256208478,3.677670128956886e-21,Reject H0 (Models Differ),Do Not Pool
standard,Procurement / Sourcing / Supply Chain,Europe,Balanced,Senior-Level,Communal,USA,Leadership_Avg,Kruskal-Wallis,102.60000712349373,4.289216451758909e-22,Reject H0 (Models Differ),Do Not Pool
standard,Procurement / Sourcing / Supply Chain,Europe,Balanced,Senior-Level,Communal,USA,Status_Score,Kruskal-Wallis,91.90293559601666,8.546466891628611e-20,Reject H0 (Models Differ),Do Not Pool
standard,Procurement / Sourcing / Supply Chain,Europe,Balanced,Senior-Level,Communal,USA,Warmth_Score,Kruskal-Wallis,1.6271919191918927,0.6532400715804481,Fail to Reject H0 (Models Equivalent),Pool
standard,Procurement / Sourcing / Supply Chain,Europe,Neutral,Entry-Level,Agentic,China,Hireability_Score,Kruskal-Wallis,33.740186938577345,2.247854455560701e-07,Reject H0 (Models Differ),Do Not Pool
standard,Procurement / Sourcing / Supply Chain,Europe,Neutral,Entry-Level,Agentic,China,Competence_Score,Kruskal-Wallis,24.56009267446049,1.9081381047362736e-05,Reject H0 (Models Differ),Do Not Pool
standard,Procurement / Sourcing / Supply Chain,Europe,Neutral,Entry-Level,Agentic,China,Fit_Score,Kruskal-Wallis,27.688059523497856,4.2229196245166425e-06,Reject H0 (Models Differ),Do Not Pool
standard,Procurement / Sourcing / Supply Chain,Europe,Neutral,Entry-Level,Agentic,China,Performance_Score,Kruskal-Wallis,30.77966972477064,9.458677576066615e-07,Reject H0 (Models Differ),Do Not Pool
standard,Procurement / Sourcing / Supply Chain,Europe,Neutral,Entry-Level,Agentic,China,Leadership_Avg,Kruskal-Wallis,24.6229700872919,1.851274979140128e-05,Reject H0 (Models Differ),Do Not Pool
standard,Procurement / Sourcing / Supply Chain,Europe,Neutral,Entry-Level,Agentic,China,Status_Score,Kruskal-Wallis,3.2828185723051533,0.3500411474507805,Fail to Reject H0 (Models Equivalent),Pool
standard,Procurement / Sourcing / Supply Chain,Europe,Neutral,Entry-Level,Agentic,China,Warmth_Score,Kruskal-Wallis,4.6090517241378635,0.2027669527618357,Fail to Reject H0 (Models Equivalent),Pool
standard,Procurement / Sourcing / Supply Chain,Europe,Neutral,Entry-Level,Agentic,USA,Hireability_Score,Kruskal-Wallis,67.37022764227638,1.560355819182889e-14,Reject H0 (Models Differ),Do Not Pool
standard,Procurement / Sourcing / Supply Chain,Europe,Neutral,Entry-Level,Agentic,USA,Competence_Score,Kruskal-Wallis,83.33560110803327,5.907179528595607e-18,Reject H0 (Models Differ),Do Not Pool
standard,Procurement / Sourcing / Supply Chain,Europe,Neutral,Entry-Level,Agentic,USA,Fit_Score,Kruskal-Wallis,85.7761014022504,1.7683037394665154e-18,Reject H0 (Models Differ),Do Not Pool
standard,Procurement / Sourcing / Supply Chain,Europe,Neutral,Entry-Level,Agentic,USA,Performance_Score,Kruskal-Wallis,88.76755813078292,4.0294822128900775e-19,Reject H0 (Models Differ),Do Not Pool
standard,Procurement / Sourcing / Supply Chain,Europe,Neutral,Entry-Level,Agentic,USA,Leadership_Avg,Kruskal-Wallis,87.61495469773483,7.12456176400173e-19,Reject H0 (Models Differ),Do Not Pool
standard,Procurement / Sourcing / Supply Chain,Europe,Neutral,Entry-Level,Agentic,USA,Status_Score,Kruskal-Wallis,96.90311149524629,7.199129128370167e-21,Reject H0 (Models Differ),Do Not Pool
standard,Procurement / Sourcing / Supply Chain,Europe,Neutral,Entry-Level,Agentic,USA,Warmth_Score,Kruskal-Wallis,30.020882383153552,1.3661689052126723e-06,Reject H0 (Models Differ),Do Not Pool
standard,Procurement / Sourcing / Supply Chain,Europe,Neutral,Entry-Level,Communal,China,Hireability_Score,Kruskal-Wallis,30.473915169294713,1.0969470910456338e-06,Reject H0 (Models Differ),Do Not Pool
standard,Procurement / Sourcing / Supply Chain,Europe,Neutral,Entry-Level,Communal,China,Competence_Score,Kruskal-Wallis,22.02419119790148,6.447943906231833e-05,Reject H0 (Models Differ),Do Not Pool
standard,Procurement / Sourcing / Supply Chain,Europe,Neutral,Entry-Level,Communal,China,Fit_Score,Kruskal-Wallis,28.785576923076917,2.4842114947944617e-06,Reject H0 (Models Differ),Do Not Pool
standard,Procurement / Sourcing / Supply Chain,Europe,Neutral,Entry-Level,Communal,China,Performance_Score,Kruskal-Wallis,30.361364668827022,1.1584318032558792e-06,Reject H0 (Models Differ),Do Not Pool
standard,Procurement / Sourcing / Supply Chain,Europe,Neutral,Entry-Level,Communal,China,Leadership_Avg,Kruskal-Wallis,32.95946008418242,3.284714879400015e-07,Reject H0 (Models Differ),Do Not Pool
standard,Procurement / Sourcing / Supply Chain,Europe,Neutral,Entry-Level,Communal,China,Status_Score,Kruskal-Wallis,2.754673060920512,0.43101599270820157,Fail to Reject H0 (Models Equivalent),Pool
standard,Procurement / Sourcing / Supply Chain,Europe,Neutral,Entry-Level,Communal,China,Warmth_Score,Kruskal-Wallis,32.0623365146694,5.077519950474951e-07,Reject H0 (Models Differ),Do Not Pool
standard,Procurement / Sourcing / Supply Chain,Europe,Neutral,Entry-Level,Communal,USA,Hireability_Score,Kruskal-Wallis,57.05225641841294,2.50471255344043e-12,Reject H0 (Models Differ),Do Not Pool
standard,Procurement / Sourcing / Supply Chain,Europe,Neutral,Entry-Level,Communal,USA,Competence_Score,Kruskal-Wallis,78.02900000000004,8.123600895277632e-17,Reject H0 (Models Differ),Do Not Pool
standard,Procurement / Sourcing / Supply Chain,Europe,Neutral,Entry-Level,Communal,USA,Fit_Score,Kruskal-Wallis,80.8950961067642,1.972543856387249e-17,Reject H0 (Models Differ),Do Not Pool
standard,Procurement / Sourcing / Supply Chain,Europe,Neutral,Entry-Level,Communal,USA,Performance_Score,Kruskal-Wallis,82.9529933582022,7.136517641656228e-18,Reject H0 (Models Differ),Do Not Pool
standard,Procurement / Sourcing / Supply Chain,Europe,Neutral,Entry-Level,Communal,USA,Leadership_Avg,Kruskal-Wallis,89.14788973207075,3.3386391449871073e-19,Reject H0 (Models Differ),Do Not Pool
standard,Procurement / Sourcing / Supply Chain,Europe,Neutral,Entry-Level,Communal,USA,Status_Score,Kruskal-Wallis,92.34182796474553,6.878521961006976e-20,Reject H0 (Models Differ),Do Not Pool
standard,Procurement / Sourcing / Supply Chain,Europe,Neutral,Entry-Level,Communal,USA,Warmth_Score,Kruskal-Wallis,21.17387769125057,9.687551814002959e-05,Reject H0 (Models Differ),Do Not Pool
standard,Procurement / Sourcing / Supply Chain,Europe,Neutral,Senior-Level,Agentic,China,Hireability_Score,Kruskal-Wallis,26.858350658350666,6.303960057394304e-06,Reject H0 (Models Differ),Do Not Pool
standard,Procurement / Sourcing / Supply Chain,Europe,Neutral,Senior-Level,Agentic,China,Competence_Score,Kruskal-Wallis,21.50103286384973,8.283758134890634e-05,Reject H0 (Models Differ),Do Not Pool
standard,Procurement / Sourcing / Supply Chain,Europe,Neutral,Senior-Level,Agentic,China,Fit_Score,Kruskal-Wallis,34.56566812196442,1.5048133712993055e-07,Reject H0 (Models Differ),Do Not Pool
standard,Procurement / Sourcing / Supply Chain,Europe,Neutral,Senior-Level,Agentic,China,Performance_Score,Kruskal-Wallis,21.94264050193566,6.704850063541476e-05,Reject H0 (Models Differ),Do Not Pool
standard,Procurement / Sourcing / Supply Chain,Europe,Neutral,Senior-Level,Agentic,China,Leadership_Avg,Kruskal-Wallis,32.75313049518454,3.630899427687318e-07,Reject H0 (Models Differ),Do Not Pool
standard,Procurement / Sourcing / Supply Chain,Europe,Neutral,Senior-Level,Agentic,China,Status_Score,Kruskal-Wallis,33.06416067214199,3.1218539699067456e-07,Reject H0 (Models Differ),Do Not Pool
standard,Procurement / Sourcing / Supply Chain,Europe,Neutral,Senior-Level,Agentic,China,Warmth_Score,Kruskal-Wallis,4.627777777777691,0.20117207427852093,Fail to Reject H0 (Models Equivalent),Pool
standard,Procurement / Sourcing / Supply Chain,Europe,Neutral,Senior-Level,Agentic,USA,Hireability_Score,Kruskal-Wallis,72.22622512445234,1.4238190917299896e-15,Reject H0 (Models Differ),Do Not Pool
standard,Procurement / Sourcing / Supply Chain,Europe,Neutral,Senior-Level,Agentic,USA,Competence_Score,Kruskal-Wallis,94.3867204811649,2.500977663814648e-20,Reject H0 (Models Differ),Do Not Pool
standard,Procurement / Sourcing / Supply Chain,Europe,Neutral,Senior-Level,Agentic,USA,Fit_Score,Kruskal-Wallis,73.58996352445,7.265700967854727e-16,Reject H0 (Models Differ),Do Not Pool
standard,Procurement / Sourcing / Supply Chain,Europe,Neutral,Senior-Level,Agentic,USA,Performance_Score,Kruskal-Wallis,70.66105674750295,3.0810398933698056e-15,Reject H0 (Models Differ),Do Not Pool
standard,Procurement / Sourcing / Supply Chain,Europe,Neutral,Senior-Level,Agentic,USA,Leadership_Avg,Kruskal-Wallis,80.3690465623959,2.5578441737642884e-17,Reject H0 (Models Differ),Do Not Pool
standard,Procurement / Sourcing / Supply Chain,Europe,Neutral,Senior-Level,Agentic,USA,Status_Score,Kruskal-Wallis,80.25023502559989,2.7124400335202625e-17,Reject H0 (Models Differ),Do Not Pool
standard,Procurement / Sourcing / Supply Chain,Europe,Neutral,Senior-Level,Agentic,USA,Warmth_Score,Kruskal-Wallis,26.87520661157022,6.2528830415690084e-06,Reject H0 (Models Differ),Do Not Pool
standard,Procurement / Sourcing / Supply Chain,Europe,Neutral,Senior-Level,Communal,China,Hireability_Score,Kruskal-Wallis,13.611969988457012,0.0034838564810477906,Reject H0 (Models Differ),Do Not Pool
standard,Procurement / Sourcing / Supply Chain,Europe,Neutral,Senior-Level,Communal,China,Competence_Score,Kruskal-Wallis,7.541681681681584,0.05649708812674801,Fail to Reject H0 (Models Equivalent),Pool
standard,Procurement / Sourcing / Supply Chain,Europe,Neutral,Senior-Level,Communal,China,Fit_Score,Kruskal-Wallis,17.73146840109577,0.0004996508175511152,Reject H0 (Models Differ),Do Not Pool
standard,Procurement / Sourcing / Supply Chain,Europe,Neutral,Senior-Level,Communal,China,Performance_Score,Kruskal-Wallis,6.062978056426399,0.10858608511932431,Fail to Reject H0 (Models Equivalent),Pool
standard,Procurement / Sourcing / Supply Chain,Europe,Neutral,Senior-Level,Communal,China,Leadership_Avg,Kruskal-Wallis,40.76489989512075,7.334734888280602e-09,Reject H0 (Models Differ),Do Not Pool
standard,Procurement / Sourcing / Supply Chain,Europe,Neutral,Senior-Level,Communal,China,Status_Score,Kruskal-Wallis,31.9798585823285,5.284868868985057e-07,Reject H0 (Models Differ),Do Not Pool
standard,Procurement / Sourcing / Supply Chain,Europe,Neutral,Senior-Level,Communal,China,Warmth_Score,Kruskal-Wallis,16.53843730308758,0.0008792676437705437,Reject H0 (Models Differ),Do Not Pool
standard,Procurement / Sourcing / Supply Chain,Europe,Neutral,Senior-Level,Communal,USA,Hireability_Score,Kruskal-Wallis,76.63171624762668,1.6193431892655477e-16,Reject H0 (Models Differ),Do Not Pool
standard,Procurement / Sourcing / Supply Chain,Europe,Neutral,Senior-Level,Communal,USA,Competence_Score,Kruskal-Wallis,85.30871206791424,2.2278683500925433e-18,Reject H0 (Models Differ),Do Not Pool
standard,Procurement / Sourcing / Supply Chain,Europe,Neutral,Senior-Level,Communal,USA,Fit_Score,Kruskal-Wallis,90.57972505995427,1.6445072876620308e-19,Reject H0 (Models Differ),Do Not Pool
standard,Procurement / Sourcing / Supply Chain,Europe,Neutral,Senior-Level,Communal,USA,Performance_Score,Kruskal-Wallis,80.7719713616703,2.096235180168484e-17,Reject H0 (Models Differ),Do Not Pool
standard,Procurement / Sourcing / Supply Chain,Europe,Neutral,Senior-Level,Communal,USA,Leadership_Avg,Kruskal-Wallis,89.89121042522052,2.311657714528816e-19,Reject H0 (Models Differ),Do Not Pool
standard,Procurement / Sourcing / Supply Chain,Europe,Neutral,Senior-Level,Communal,USA,Status_Score,Kruskal-Wallis,90.2111379532715,1.9733632054235673e-19,Reject H0 (Models Differ),Do Not Pool
standard,Procurement / Sourcing / Supply Chain,Europe,Neutral,Senior-Level,Communal,USA,Warmth_Score,Kruskal-Wallis,7.680480829918217,0.053098038577604686,Fail to Reject H0 (Models Equivalent),Pool
standard,Procurement / Sourcing / Supply Chain,Singapore,Balanced,Entry-Level,Agentic,China,Hireability_Score,Kruskal-Wallis,32.49499957399676,4.1157144386853103e-07,Reject H0 (Models Differ),Do Not Pool
standard,Procurement / Sourcing / Supply Chain,Singapore,Balanced,Entry-Level,Agentic,China,Competence_Score,Kruskal-Wallis,34.58148893360163,1.4932800372480242e-07,Reject H0 (Models Differ),Do Not Pool
standard,Procurement / Sourcing / Supply Chain,Singapore,Balanced,Entry-Level,Agentic,China,Fit_Score,Kruskal-Wallis,33.19000258866162,2.9367397204907345e-07,Reject H0 (Models Differ),Do Not Pool
standard,Procurement / Sourcing / Supply Chain,Singapore,Balanced,Entry-Level,Agentic,China,Performance_Score,Kruskal-Wallis,27.9302934419382,3.7564760382875457e-06,Reject H0 (Models Differ),Do Not Pool
standard,Procurement / Sourcing / Supply Chain,Singapore,Balanced,Entry-Level,Agentic,China,Leadership_Avg,Kruskal-Wallis,29.113464454884994,2.1197940142164242e-06,Reject H0 (Models Differ),Do Not Pool
standard,Procurement / Sourcing / Supply Chain,Singapore,Balanced,Entry-Level,Agentic,China,Status_Score,Kruskal-Wallis,20.76419753086417,0.00011783885904797279,Reject H0 (Models Differ),Do Not Pool
standard,Procurement / Sourcing / Supply Chain,Singapore,Balanced,Entry-Level,Agentic,China,Warmth_Score,Kruskal-Wallis,26.27272727272724,8.362151781415406e-06,Reject H0 (Models Differ),Do Not Pool
standard,Procurement / Sourcing / Supply Chain,Singapore,Balanced,Entry-Level,Agentic,USA,Hireability_Score,Kruskal-Wallis,72.49544815777992,1.2467524445475312e-15,Reject H0 (Models Differ),Do Not Pool
standard,Procurement / Sourcing / Supply Chain,Singapore,Balanced,Entry-Level,Agentic,USA,Competence_Score,Kruskal-Wallis,83.61838328408605,5.136808509800271e-18,Reject H0 (Models Differ),Do Not Pool
standard,Procurement / Sourcing / Supply Chain,Singapore,Balanced,Entry-Level,Agentic,USA,Fit_Score,Kruskal-Wallis,91.35605290731084,1.1201393569179842e-19,Reject H0 (Models Differ),Do Not Pool
standard,Procurement / Sourcing / Supply Chain,Singapore,Balanced,Entry-Level,Agentic,USA,Performance_Score,Kruskal-Wallis,93.42968464351006,4.015690097145942e-20,Reject H0 (Models Differ),Do Not Pool
standard,Procurement / Sourcing / Supply Chain,Singapore,Balanced,Entry-Level,Agentic,USA,Leadership_Avg,Kruskal-Wallis,84.23920456498583,3.779662475944809e-18,Reject H0 (Models Differ),Do Not Pool
standard,Procurement / Sourcing / Supply Chain,Singapore,Balanced,Entry-Level,Agentic,USA,Status_Score,Kruskal-Wallis,97.73406076504105,4.7715420321010805e-21,Reject H0 (Models Differ),Do Not Pool
standard,Procurement / Sourcing / Supply Chain,Singapore,Balanced,Entry-Level,Agentic,USA,Warmth_Score,Kruskal-Wallis,15.148894256575296,0.0016937295058089706,Reject H0 (Models Differ),Do Not Pool
standard,Procurement / Sourcing / Supply Chain,Singapore,Balanced,Entry-Level,Communal,China,Hireability_Score,Kruskal-Wallis,52.357527401173975,2.513079616172378e-11,Reject H0 (Models Differ),Do Not Pool
standard,Procurement / Sourcing / Supply Chain,Singapore,Balanced,Entry-Level,Communal,China,Competence_Score,Kruskal-Wallis,12.108023307933667,0.007022131882324048,Reject H0 (Models Differ),Do Not Pool
standard,Procurement / Sourcing / Supply Chain,Singapore,Balanced,Entry-Level,Communal,China,Fit_Score,Kruskal-Wallis,36.86615613106844,4.911390621235116e-08,Reject H0 (Models Differ),Do Not Pool
standard,Procurement / Sourcing / Supply Chain,Singapore,Balanced,Entry-Level,Communal,China,Performance_Score,Kruskal-Wallis,34.06810387043153,1.9166730739045984e-07,Reject H0 (Models Differ),Do Not Pool
standard,Procurement / Sourcing / Supply Chain,Singapore,Balanced,Entry-Level,Communal,China,Leadership_Avg,Kruskal-Wallis,31.678407306663033,6.117238043455308e-07,Reject H0 (Models Differ),Do Not Pool
standard,Procurement / Sourcing / Supply Chain,Singapore,Balanced,Entry-Level,Communal,China,Status_Score,Kruskal-Wallis,13.285668304377465,0.004057847081168119,Reject H0 (Models Differ),Do Not Pool
standard,Procurement / Sourcing / Supply Chain,Singapore,Balanced,Entry-Level,Communal,China,Warmth_Score,Kruskal-Wallis,25.06043613707161,1.4997694364997524e-05,Reject H0 (Models Differ),Do Not Pool
standard,Procurement / Sourcing / Supply Chain,Singapore,Balanced,Entry-Level,Communal,USA,Hireability_Score,Kruskal-Wallis,68.40367697594496,9.376167314541645e-15,Reject H0 (Models Differ),Do Not Pool
standard,Procurement / Sourcing / Supply Chain,Singapore,Balanced,Entry-Level,Communal,USA,Competence_Score,Kruskal-Wallis,82.47931034482751,9.018427383159393e-18,Reject H0 (Models Differ),Do Not Pool
standard,Procurement / Sourcing / Supply Chain,Singapore,Balanced,Entry-Level,Communal,USA,Fit_Score,Kruskal-Wallis,82.90269849737703,7.31609107797521e-18,Reject H0 (Models Differ),Do Not Pool
standard,Procurement / Sourcing / Supply Chain,Singapore,Balanced,Entry-Level,Communal,USA,Performance_Score,Kruskal-Wallis,93.5759522286202,3.735349390800497e-20,Reject H0 (Models Differ),Do Not Pool
standard,Procurement / Sourcing / Supply Chain,Singapore,Balanced,Entry-Level,Communal,USA,Leadership_Avg,Kruskal-Wallis,82.76582817387137,7.827979508403876e-18,Reject H0 (Models Differ),Do Not Pool
standard,Procurement / Sourcing / Supply Chain,Singapore,Balanced,Entry-Level,Communal,USA,Status_Score,Kruskal-Wallis,94.01990215801023,2.9987154259580137e-20,Reject H0 (Models Differ),Do Not Pool
standard,Procurement / Sourcing / Supply Chain,Singapore,Balanced,Entry-Level,Communal,USA,Warmth_Score,Kruskal-Wallis,28.438868501529015,2.937724810595895e-06,Reject H0 (Models Differ),Do Not Pool
standard,Procurement / Sourcing / Supply Chain,Singapore,Balanced,Senior-Level,Agentic,China,Hireability_Score,Kruskal-Wallis,16.724797225485304,0.0008050755426127236,Reject H0 (Models Differ),Do Not Pool
standard,Procurement / Sourcing / Supply Chain,Singapore,Balanced,Senior-Level,Agentic,China,Competence_Score,Kruskal-Wallis,9.239130434782622,0.02627480981392481,Reject H0 (Models Differ),Do Not Pool
standard,Procurement / Sourcing / Supply Chain,Singapore,Balanced,Senior-Level,Agentic,China,Fit_Score,Kruskal-Wallis,19.74729344729335,0.00019149031214949513,Reject H0 (Models Differ),Do Not Pool
standard,Procurement / Sourcing / Supply Chain,Singapore,Balanced,Senior-Level,Agentic,China,Performance_Score,Kruskal-Wallis,16.724797225485304,0.0008050755426127236,Reject H0 (Models Differ),Do Not Pool
standard,Procurement / Sourcing / Supply Chain,Singapore,Balanced,Senior-Level,Agentic,China,Leadership_Avg,Kruskal-Wallis,51.63965647907482,3.5743839478179803e-11,Reject H0 (Models Differ),Do Not Pool
standard,Procurement / Sourcing / Supply Chain,Singapore,Balanced,Senior-Level,Agentic,China,Status_Score,Kruskal-Wallis,23.97301051051062,2.530618061366944e-05,Reject H0 (Models Differ),Do Not Pool
standard,Procurement / Sourcing / Supply Chain,Singapore,Balanced,Senior-Level,Agentic,China,Warmth_Score,Kruskal-Wallis,9.062020648967525,0.028477552585098195,Reject H0 (Models Differ),Do Not Pool
standard,Procurement / Sourcing / Supply Chain,Singapore,Balanced,Senior-Level,Agentic,USA,Hireability_Score,Kruskal-Wallis,66.69034151287767,2.1813203827863007e-14,Reject H0 (Models Differ),Do Not Pool
standard,Procurement / Sourcing / Supply Chain,Singapore,Balanced,Senior-Level,Agentic,USA,Competence_Score,Kruskal-Wallis,75.26134759752082,3.1848700709813357e-16,Reject H0 (Models Differ),Do Not Pool
standard,Procurement / Sourcing / Supply Chain,Singapore,Balanced,Senior-Level,Agentic,USA,Fit_Score,Kruskal-Wallis,83.76697549032808,4.7731339712463705e-18,Reject H0 (Models Differ),Do Not Pool
standard,Procurement / Sourcing / Supply Chain,Singapore,Balanced,Senior-Level,Agentic,USA,Performance_Score,Kruskal-Wallis,80.64006457712202,2.237364671754585e-17,Reject H0 (Models Differ),Do Not Pool
standard,Procurement / Sourcing / Supply Chain,Singapore,Balanced,Senior-Level,Agentic,USA,Leadership_Avg,Kruskal-Wallis,86.40150288826621,1.2980598691028751e-18,Reject H0 (Models Differ),Do Not Pool
standard,Procurement / Sourcing / Supply Chain,Singapore,Balanced,Senior-Level,Agentic,USA,Status_Score,Kruskal-Wallis,88.31821712036734,5.032044821715452e-19,Reject H0 (Models Differ),Do Not Pool
standard,Procurement / Sourcing / Supply Chain,Singapore,Balanced,Senior-Level,Agentic,USA,Warmth_Score,Kruskal-Wallis,8.317741046831998,0.039881712101982214,Reject H0 (Models Differ),Do Not Pool
standard,Procurement / Sourcing / Supply Chain,Singapore,Balanced,Senior-Level,Communal,China,Hireability_Score,Kruskal-Wallis,15.116965100933477,0.00171937370028417,Reject H0 (Models Differ),Do Not Pool
standard,Procurement / Sourcing / Supply Chain,Singapore,Balanced,Senior-Level,Communal,China,Competence_Score,Kruskal-Wallis,2.7483709273180525,0.4320696485560179,Fail to Reject H0 (Models Equivalent),Pool
standard,Procurement / Sourcing / Supply Chain,Singapore,Balanced,Senior-Level,Communal,China,Fit_Score,Kruskal-Wallis,13.012201257861632,0.004610293676463291,Reject H0 (Models Differ),Do Not Pool
standard,Procurement / Sourcing / Supply Chain,Singapore,Balanced,Senior-Level,Communal,China,Performance_Score,Kruskal-Wallis,13.579830508474451,0.0035366213214945794,Reject H0 (Models Differ),Do Not Pool
standard,Procurement / Sourcing / Supply Chain,Singapore,Balanced,Senior-Level,Communal,China,Leadership_Avg,Kruskal-Wallis,65.33383650580812,4.255472817758222e-14,Reject H0 (Models Differ),Do Not Pool
standard,Procurement / Sourcing / Supply Chain,Singapore,Balanced,Senior-Level,Communal,China,Status_Score,Kruskal-Wallis,33.63043478260866,2.3710010199168063e-07,Reject H0 (Models Differ),Do Not Pool
standard,Procurement / Sourcing / Supply Chain,Singapore,Balanced,Senior-Level,Communal,China,Warmth_Score,Kruskal-Wallis,11.261246312684392,0.010393929583186542,Reject H0 (Models Differ),Do Not Pool
standard,Procurement / Sourcing / Supply Chain,Singapore,Balanced,Senior-Level,Communal,USA,Hireability_Score,Kruskal-Wallis,85.85499527418263,1.7006714214551398e-18,Reject H0 (Models Differ),Do Not Pool
standard,Procurement / Sourcing / Supply Chain,Singapore,Balanced,Senior-Level,Communal,USA,Competence_Score,Kruskal-Wallis,72.47928175215871,1.2567346048304045e-15,Reject H0 (Models Differ),Do Not Pool
standard,Procurement / Sourcing / Supply Chain,Singapore,Balanced,Senior-Level,Communal,USA,Fit_Score,Kruskal-Wallis,100.09662841183416,1.4815578979140849e-21,Reject H0 (Models Differ),Do Not Pool
standard,Procurement / Sourcing / Supply Chain,Singapore,Balanced,Senior-Level,Communal,USA,Performance_Score,Kruskal-Wallis,90.691030678054,1.556420942481747e-19,Reject H0 (Models Differ),Do Not Pool
standard,Procurement / Sourcing / Supply Chain,Singapore,Balanced,Senior-Level,Communal,USA,Leadership_Avg,Kruskal-Wallis,98.59954864633526,3.1088307359409745e-21,Reject H0 (Models Differ),Do Not Pool
standard,Procurement / Sourcing / Supply Chain,Singapore,Balanced,Senior-Level,Communal,USA,Status_Score,Kruskal-Wallis,94.43698924167802,2.4395365755286126e-20,Reject H0 (Models Differ),Do Not Pool
standard,Procurement / Sourcing / Supply Chain,Singapore,Balanced,Senior-Level,Communal,USA,Warmth_Score,Kruskal-Wallis,7.531717171717185,0.05674907820708693,Fail to Reject H0 (Models Equivalent),Pool
standard,Procurement / Sourcing / Supply Chain,Singapore,Neutral,Entry-Level,Agentic,China,Hireability_Score,Kruskal-Wallis,31.724957566344063,5.980638379932018e-07,Reject H0 (Models Differ),Do Not Pool
standard,Procurement / Sourcing / Supply Chain,Singapore,Neutral,Entry-Level,Agentic,China,Competence_Score,Kruskal-Wallis,24.33817064448203,2.123111591054917e-05,Reject H0 (Models Differ),Do Not Pool
standard,Procurement / Sourcing / Supply Chain,Singapore,Neutral,Entry-Level,Agentic,China,Fit_Score,Kruskal-Wallis,31.575662968258275,6.429859278310648e-07,Reject H0 (Models Differ),Do Not Pool
standard,Procurement / Sourcing / Supply Chain,Singapore,Neutral,Entry-Level,Agentic,China,Performance_Score,Kruskal-Wallis,31.47277728269317,6.758888578853744e-07,Reject H0 (Models Differ),Do Not Pool
standard,Procurement / Sourcing / Supply Chain,Singapore,Neutral,Entry-Level,Agentic,China,Leadership_Avg,Kruskal-Wallis,25.813235506472562,1.043587893233374e-05,Reject H0 (Models Differ),Do Not Pool
standard,Procurement / Sourcing / Supply Chain,Singapore,Neutral,Entry-Level,Agentic,China,Status_Score,Kruskal-Wallis,4.377346170551576,0.223495138178591,Fail to Reject H0 (Models Equivalent),Pool
standard,Procurement / Sourcing / Supply Chain,Singapore,Neutral,Entry-Level,Agentic,China,Warmth_Score,Kruskal-Wallis,7.22061899098018,0.06518863017281085,Fail to Reject H0 (Models Equivalent),Pool
standard,Procurement / Sourcing / Supply Chain,Singapore,Neutral,Entry-Level,Agentic,USA,Hireability_Score,Kruskal-Wallis,57.404318564217604,2.106687083134675e-12,Reject H0 (Models Differ),Do Not Pool
standard,Procurement / Sourcing / Supply Chain,Singapore,Neutral,Entry-Level,Agentic,USA,Competence_Score,Kruskal-Wallis,79.1804077746138,4.60072631400531e-17,Reject H0 (Models Differ),Do Not Pool
standard,Procurement / Sourcing / Supply Chain,Singapore,Neutral,Entry-Level,Agentic,USA,Fit_Score,Kruskal-Wallis,80.51523883106842,2.379655044136611e-17,Reject H0 (Models Differ),Do Not Pool
standard,Procurement / Sourcing / Supply Chain,Singapore,Neutral,Entry-Level,Agentic,USA,Performance_Score,Kruskal-Wallis,81.57591187672203,1.4091786016269114e-17,Reject H0 (Models Differ),Do Not Pool
standard,Procurement / Sourcing / Supply Chain,Singapore,Neutral,Entry-Level,Agentic,USA,Leadership_Avg,Kruskal-Wallis,86.90728279876834,1.0108929349721085e-18,Reject H0 (Models Differ),Do Not Pool
standard,Procurement / Sourcing / Supply Chain,Singapore,Neutral,Entry-Level,Agentic,USA,Status_Score,Kruskal-Wallis,96.99520263719207,6.87835779947778e-21,Reject H0 (Models Differ),Do Not Pool
standard,Procurement / Sourcing / Supply Chain,Singapore,Neutral,Entry-Level,Agentic,USA,Warmth_Score,Kruskal-Wallis,25.47703768115946,1.2271180313287759e-05,Reject H0 (Models Differ),Do Not Pool
standard,Procurement / Sourcing / Supply Chain,Singapore,Neutral,Entry-Level,Communal,China,Hireability_Score,Kruskal-Wallis,31.318713124587674,7.283270915566433e-07,Reject H0 (Models Differ),Do Not Pool
standard,Procurement / Sourcing / Supply Chain,Singapore,Neutral,Entry-Level,Communal,China,Competence_Score,Kruskal-Wallis,16.51196172248799,0.0008903448491944952,Reject H0 (Models Differ),Do Not Pool
standard,Procurement / Sourcing / Supply Chain,Singapore,Neutral,Entry-Level,Communal,China,Fit_Score,Kruskal-Wallis,24.205533705898056,2.2629521570657045e-05,Reject H0 (Models Differ),Do Not Pool
standard,Procurement / Sourcing / Supply Chain,Singapore,Neutral,Entry-Level,Communal,China,Performance_Score,Kruskal-Wallis,22.581675562532663,4.935847089007828e-05,Reject H0 (Models Differ),Do Not Pool
standard,Procurement / Sourcing / Supply Chain,Singapore,Neutral,Entry-Level,Communal,China,Leadership_Avg,Kruskal-Wallis,36.55348654843769,5.719310283304506e-08,Reject H0 (Models Differ),Do Not Pool
standard,Procurement / Sourcing / Supply Chain,Singapore,Neutral,Entry-Level,Communal,China,Status_Score,Kruskal-Wallis,4.2186435070305235,0.23880193263752778,Fail to Reject H0 (Models Equivalent),Pool
standard,Procurement / Sourcing / Supply Chain,Singapore,Neutral,Entry-Level,Communal,China,Warmth_Score,Kruskal-Wallis,32.88510366826159,3.4055002322567355e-07,Reject H0 (Models Differ),Do Not Pool
standard,Procurement / Sourcing / Supply Chain,Singapore,Neutral,Entry-Level,Communal,USA,Hireability_Score,Kruskal-Wallis,63.70724350255333,9.480814389093182e-14,Reject H0 (Models Differ),Do Not Pool
standard,Procurement / Sourcing / Supply Chain,Singapore,Neutral,Entry-Level,Communal,USA,Competence_Score,Kruskal-Wallis,79.56723996723998,3.800663553074271e-17,Reject H0 (Models Differ),Do Not Pool
standard,Procurement / Sourcing / Supply Chain,Singapore,Neutral,Entry-Level,Communal,USA,Fit_Score,Kruskal-Wallis,86.60750861644512,1.17237543931536e-18,Reject H0 (Models Differ),Do Not Pool
standard,Procurement / Sourcing / Supply Chain,Singapore,Neutral,Entry-Level,Communal,USA,Performance_Score,Kruskal-Wallis,88.50767042191296,4.582055680492407e-19,Reject H0 (Models Differ),Do Not Pool
standard,Procurement / Sourcing / Supply Chain,Singapore,Neutral,Entry-Level,Communal,USA,Leadership_Avg,Kruskal-Wallis,83.61002646648383,5.1580652877797636e-18,Reject H0 (Models Differ),Do Not Pool
standard,Procurement / Sourcing / Supply Chain,Singapore,Neutral,Entry-Level,Communal,USA,Status_Score,Kruskal-Wallis,91.92788543876927,8.441634135481578e-20,Reject H0 (Models Differ),Do Not Pool
standard,Procurement / Sourcing / Supply Chain,Singapore,Neutral,Entry-Level,Communal,USA,Warmth_Score,Kruskal-Wallis,24.517551440329168,1.947594463744526e-05,Reject H0 (Models Differ),Do Not Pool
standard,Procurement / Sourcing / Supply Chain,Singapore,Neutral,Senior-Level,Agentic,China,Hireability_Score,Kruskal-Wallis,39.6241547918413,1.2800203002277323e-08,Reject H0 (Models Differ),Do Not Pool
standard,Procurement / Sourcing / Supply Chain,Singapore,Neutral,Senior-Level,Agentic,China,Competence_Score,Kruskal-Wallis,40.971797884841315,6.629888101570053e-09,Reject H0 (Models Differ),Do Not Pool
standard,Procurement / Sourcing / Supply Chain,Singapore,Neutral,Senior-Level,Agentic,China,Fit_Score,Kruskal-Wallis,38.241711595765665,2.5122790332770077e-08,Reject H0 (Models Differ),Do Not Pool
standard,Procurement / Sourcing / Supply Chain,Singapore,Neutral,Senior-Level,Agentic,China,Performance_Score,Kruskal-Wallis,33.3807235516249,2.6768644833921157e-07,Reject H0 (Models Differ),Do Not Pool
standard,Procurement / Sourcing / Supply Chain,Singapore,Neutral,Senior-Level,Agentic,China,Leadership_Avg,Kruskal-Wallis,23.738222690904145,2.832910745444892e-05,Reject H0 (Models Differ),Do Not Pool
standard,Procurement / Sourcing / Supply Chain,Singapore,Neutral,Senior-Level,Agentic,China,Status_Score,Kruskal-Wallis,44.86298630031843,9.894326423288767e-10,Reject H0 (Models Differ),Do Not Pool
standard,Procurement / Sourcing / Supply Chain,Singapore,Neutral,Senior-Level,Agentic,China,Warmth_Score,Kruskal-Wallis,5.433997175141525,0.14264004761343763,Fail to Reject H0 (Models Equivalent),Pool
standard,Procurement / Sourcing / Supply Chain,Singapore,Neutral,Senior-Level,Agentic,USA,Hireability_Score,Kruskal-Wallis,70.49088512556817,3.35073652792984e-15,Reject H0 (Models Differ),Do Not Pool
standard,Procurement / Sourcing / Supply Chain,Singapore,Neutral,Senior-Level,Agentic,USA,Competence_Score,Kruskal-Wallis,94.90428341384866,1.9359118460984184e-20,Reject H0 (Models Differ),Do Not Pool
standard,Procurement / Sourcing / Supply Chain,Singapore,Neutral,Senior-Level,Agentic,USA,Fit_Score,Kruskal-Wallis,71.46446406230723,2.0731384367678486e-15,Reject H0 (Models Differ),Do Not Pool
standard,Procurement / Sourcing / Supply Chain,Singapore,Neutral,Senior-Level,Agentic,USA,Performance_Score,Kruskal-Wallis,72.81834516729178,1.063172020980066e-15,Reject H0 (Models Differ),Do Not Pool
standard,Procurement / Sourcing / Supply Chain,Singapore,Neutral,Senior-Level,Agentic,USA,Leadership_Avg,Kruskal-Wallis,79.13874936315123,4.696354975683397e-17,Reject H0 (Models Differ),Do Not Pool
standard,Procurement / Sourcing / Supply Chain,Singapore,Neutral,Senior-Level,Agentic,USA,Status_Score,Kruskal-Wallis,77.56923251879407,1.0193758224885283e-16,Reject H0 (Models Differ),Do Not Pool
standard,Procurement / Sourcing / Supply Chain,Singapore,Neutral,Senior-Level,Agentic,USA,Warmth_Score,Kruskal-Wallis,10.079646017699165,0.01790110737307824,Reject H0 (Models Differ),Do Not Pool
standard,Procurement / Sourcing / Supply Chain,Singapore,Neutral,Senior-Level,Communal,China,Hireability_Score,Kruskal-Wallis,15.435974851489863,0.0014795565259394592,Reject H0 (Models Differ),Do Not Pool
standard,Procurement / Sourcing / Supply Chain,Singapore,Neutral,Senior-Level,Communal,China,Competence_Score,Kruskal-Wallis,12.837391912830391,0.0050017818687942625,Reject H0 (Models Differ),Do Not Pool
standard,Procurement / Sourcing / Supply Chain,Singapore,Neutral,Senior-Level,Communal,China,Fit_Score,Kruskal-Wallis,15.242078437684443,0.0016210376816451922,Reject H0 (Models Differ),Do Not Pool
standard,Procurement / Sourcing / Supply Chain,Singapore,Neutral,Senior-Level,Communal,China,Performance_Score,Kruskal-Wallis,11.55328947368411,0.009081106058369025,Reject H0 (Models Differ),Do Not Pool
standard,Procurement / Sourcing / Supply Chain,Singapore,Neutral,Senior-Level,Communal,China,Leadership_Avg,Kruskal-Wallis,60.93975136928707,3.702119907997538e-13,Reject H0 (Models Differ),Do Not Pool
standard,Procurement / Sourcing / Supply Chain,Singapore,Neutral,Senior-Level,Communal,China,Status_Score,Kruskal-Wallis,28.20926315789475,3.2826289767408178e-06,Reject H0 (Models Differ),Do Not Pool
standard,Procurement / Sourcing / Supply Chain,Singapore,Neutral,Senior-Level,Communal,China,Warmth_Score,Kruskal-Wallis,18.985897435897456,0.00027524067166515606,Reject H0 (Models Differ),Do Not Pool
standard,Procurement / Sourcing / Supply Chain,Singapore,Neutral,Senior-Level,Communal,USA,Hireability_Score,Kruskal-Wallis,71.81646055220497,1.7427358172323819e-15,Reject H0 (Models Differ),Do Not Pool
standard,Procurement / Sourcing / Supply Chain,Singapore,Neutral,Senior-Level,Communal,USA,Competence_Score,Kruskal-Wallis,78.322689155708,7.02700807863371e-17,Reject H0 (Models Differ),Do Not Pool
standard,Procurement / Sourcing / Supply Chain,Singapore,Neutral,Senior-Level,Communal,USA,Fit_Score,Kruskal-Wallis,84.86784260515593,2.770279304083635e-18,Reject H0 (Models Differ),Do Not Pool
standard,Procurement / Sourcing / Supply Chain,Singapore,Neutral,Senior-Level,Communal,USA,Performance_Score,Kruskal-Wallis,78.78045520966278,5.605343255680942e-17,Reject H0 (Models Differ),Do Not Pool
standard,Procurement / Sourcing / Supply Chain,Singapore,Neutral,Senior-Level,Communal,USA,Leadership_Avg,Kruskal-Wallis,84.61741607256425,3.1352770314728182e-18,Reject H0 (Models Differ),Do Not Pool
standard,Procurement / Sourcing / Supply Chain,Singapore,Neutral,Senior-Level,Communal,USA,Status_Score,Kruskal-Wallis,85.88897113445822,1.6723479066389442e-18,Reject H0 (Models Differ),Do Not Pool
standard,Procurement / Sourcing / Supply Chain,Singapore,Neutral,Senior-Level,Communal,USA,Warmth_Score,Kruskal-Wallis,7.005910232266168,0.07170963168471742,Fail to Reject H0 (Models Equivalent),Pool
standard,Procurement / Sourcing / Supply Chain,USA,Balanced,Entry-Level,Agentic,China,Hireability_Score,Kruskal-Wallis,42.274587911881085,3.5083334106997056e-09,Reject H0 (Models Differ),Do Not Pool
standard,Procurement / Sourcing / Supply Chain,USA,Balanced,Entry-Level,Agentic,China,Competence_Score,Kruskal-Wallis,36.686335282651136,5.360975532257048e-08,Reject H0 (Models Differ),Do Not Pool
standard,Procurement / Sourcing / Supply Chain,USA,Balanced,Entry-Level,Agentic,China,Fit_Score,Kruskal-Wallis,34.67535329118632,1.4266456295005906e-07,Reject H0 (Models Differ),Do Not Pool
standard,Procurement / Sourcing / Supply Chain,USA,Balanced,Entry-Level,Agentic,China,Performance_Score,Kruskal-Wallis,31.479797979797922,6.735911582829149e-07,Reject H0 (Models Differ),Do Not Pool
standard,Procurement / Sourcing / Supply Chain,USA,Balanced,Entry-Level,Agentic,China,Leadership_Avg,Kruskal-Wallis,19.81832067259583,0.00018511182980136603,Reject H0 (Models Differ),Do Not Pool
standard,Procurement / Sourcing / Supply Chain,USA,Balanced,Entry-Level,Agentic,China,Status_Score,Kruskal-Wallis,17.976825396825472,0.0004447169376394057,Reject H0 (Models Differ),Do Not Pool
standard,Procurement / Sourcing / Supply Chain,USA,Balanced,Entry-Level,Agentic,China,Warmth_Score,Kruskal-Wallis,12.434687275341464,0.006033197687738502,Reject H0 (Models Differ),Do Not Pool
standard,Procurement / Sourcing / Supply Chain,USA,Balanced,Entry-Level,Agentic,USA,Hireability_Score,Kruskal-Wallis,68.79363135145265,7.736556808429943e-15,Reject H0 (Models Differ),Do Not Pool
standard,Procurement / Sourcing / Supply Chain,USA,Balanced,Entry-Level,Agentic,USA,Competence_Score,Kruskal-Wallis,83.11304165056666,6.593881232748061e-18,Reject H0 (Models Differ),Do Not Pool
standard,Procurement / Sourcing / Supply Chain,USA,Balanced,Entry-Level,Agentic,USA,Fit_Score,Kruskal-Wallis,89.54944687403372,2.7373304638580114e-19,Reject H0 (Models Differ),Do Not Pool
standard,Procurement / Sourcing / Supply Chain,USA,Balanced,Entry-Level,Agentic,USA,Performance_Score,Kruskal-Wallis,88.840928493582,3.885908486424149e-19,Reject H0 (Models Differ),Do Not Pool
standard,Procurement / Sourcing / Supply Chain,USA,Balanced,Entry-Level,Agentic,USA,Leadership_Avg,Kruskal-Wallis,87.42865823460768,7.811958402265666e-19,Reject H0 (Models Differ),Do Not Pool
standard,Procurement / Sourcing / Supply Chain,USA,Balanced,Entry-Level,Agentic,USA,Status_Score,Kruskal-Wallis,97.25223947031658,6.056658938124712e-21,Reject H0 (Models Differ),Do Not Pool
standard,Procurement / Sourcing / Supply Chain,USA,Balanced,Entry-Level,Agentic,USA,Warmth_Score,Kruskal-Wallis,18.675321560498595,0.0003190820084953598,Reject H0 (Models Differ),Do Not Pool
standard,Procurement / Sourcing / Supply Chain,USA,Balanced,Entry-Level,Communal,China,Hireability_Score,Kruskal-Wallis,40.15436724441091,9.8817577392715e-09,Reject H0 (Models Differ),Do Not Pool
standard,Procurement / Sourcing / Supply Chain,USA,Balanced,Entry-Level,Communal,China,Competence_Score,Kruskal-Wallis,10.826023921710762,0.012704806749777819,Reject H0 (Models Differ),Do Not Pool
standard,Procurement / Sourcing / Supply Chain,USA,Balanced,Entry-Level,Communal,China,Fit_Score,Kruskal-Wallis,36.428906325345864,6.07704155403666e-08,Reject H0 (Models Differ),Do Not Pool
standard,Procurement / Sourcing / Supply Chain,USA,Balanced,Entry-Level,Communal,China,Performance_Score,Kruskal-Wallis,27.850736302935974,3.903705823357063e-06,Reject H0 (Models Differ),Do Not Pool
standard,Procurement / Sourcing / Supply Chain,USA,Balanced,Entry-Level,Communal,China,Leadership_Avg,Kruskal-Wallis,45.53047316271918,7.137021398781148e-10,Reject H0 (Models Differ),Do Not Pool
standard,Procurement / Sourcing / Supply Chain,USA,Balanced,Entry-Level,Communal,China,Status_Score,Kruskal-Wallis,6.851349355625175,0.076789764817486,Fail to Reject H0 (Models Equivalent),Pool
standard,Procurement / Sourcing / Supply Chain,USA,Balanced,Entry-Level,Communal,China,Warmth_Score,Kruskal-Wallis,11.085517568850909,0.011272324271458472,Reject H0 (Models Differ),Do Not Pool
standard,Procurement / Sourcing / Supply Chain,USA,Balanced,Entry-Level,Communal,USA,Hireability_Score,Kruskal-Wallis,54.69888125635176,7.960691197961766e-12,Reject H0 (Models Differ),Do Not Pool
standard,Procurement / Sourcing / Supply Chain,USA,Balanced,Entry-Level,Communal,USA,Competence_Score,Kruskal-Wallis,73.11982136897244,9.16246517852553e-16,Reject H0 (Models Differ),Do Not Pool
standard,Procurement / Sourcing / Supply Chain,USA,Balanced,Entry-Level,Communal,USA,Fit_Score,Kruskal-Wallis,81.8230166604033,1.2472375460361829e-17,Reject H0 (Models Differ),Do Not Pool
standard,Procurement / Sourcing / Supply Chain,USA,Balanced,Entry-Level,Communal,USA,Performance_Score,Kruskal-Wallis,87.49463204152185,7.561258168690135e-19,Reject H0 (Models Differ),Do Not Pool
standard,Procurement / Sourcing / Supply Chain,USA,Balanced,Entry-Level,Communal,USA,Leadership_Avg,Kruskal-Wallis,80.54797883135734,2.3414817188282753e-17,Reject H0 (Models Differ),Do Not Pool
standard,Procurement / Sourcing / Supply Chain,USA,Balanced,Entry-Level,Communal,USA,Status_Score,Kruskal-Wallis,93.79687292237712,3.348577595287528e-20,Reject H0 (Models Differ),Do Not Pool
standard,Procurement / Sourcing / Supply Chain,USA,Balanced,Entry-Level,Communal,USA,Warmth_Score,Kruskal-Wallis,19.603853943802573,0.00020504624387158638,Reject H0 (Models Differ),Do Not Pool
standard,Procurement / Sourcing / Supply Chain,USA,Balanced,Senior-Level,Agentic,China,Hireability_Score,Kruskal-Wallis,20.43042735042733,0.00013821242558547097,Reject H0 (Models Differ),Do Not Pool
standard,Procurement / Sourcing / Supply Chain,USA,Balanced,Senior-Level,Agentic,China,Competence_Score,Kruskal-Wallis,13.186046511627916,0.0042510654435810235,Reject H0 (Models Differ),Do Not Pool
standard,Procurement / Sourcing / Supply Chain,USA,Balanced,Senior-Level,Agentic,China,Fit_Score,Kruskal-Wallis,25.41400803152284,1.264949403816921e-05,Reject H0 (Models Differ),Do Not Pool
standard,Procurement / Sourcing / Supply Chain,USA,Balanced,Senior-Level,Agentic,China,Performance_Score,Kruskal-Wallis,23.544306703397524,3.109527855801461e-05,Reject H0 (Models Differ),Do Not Pool
standard,Procurement / Sourcing / Supply Chain,USA,Balanced,Senior-Level,Agentic,China,Leadership_Avg,Kruskal-Wallis,23.82697577902243,2.714625665939517e-05,Reject H0 (Models Differ),Do Not Pool
standard,Procurement / Sourcing / Supply Chain,USA,Balanced,Senior-Level,Agentic,China,Status_Score,Kruskal-Wallis,26.79875420875409,6.487909205822114e-06,Reject H0 (Models Differ),Do Not Pool
standard,Procurement / Sourcing / Supply Chain,USA,Balanced,Senior-Level,Agentic,China,Warmth_Score,Kruskal-Wallis,8.347826086956468,0.039344410910518185,Reject H0 (Models Differ),Do Not Pool
standard,Procurement / Sourcing / Supply Chain,USA,Balanced,Senior-Level,Agentic,USA,Hireability_Score,Kruskal-Wallis,73.37632497382126,8.073349345135842e-16,Reject H0 (Models Differ),Do Not Pool
standard,Procurement / Sourcing / Supply Chain,USA,Balanced,Senior-Level,Agentic,USA,Competence_Score,Kruskal-Wallis,77.63259584176866,9.879797941977311e-17,Reject H0 (Models Differ),Do Not Pool
standard,Procurement / Sourcing / Supply Chain,USA,Balanced,Senior-Level,Agentic,USA,Fit_Score,Kruskal-Wallis,76.44021533621586,1.779889901676704e-16,Reject H0 (Models Differ),Do Not Pool
standard,Procurement / Sourcing / Supply Chain,USA,Balanced,Senior-Level,Agentic,USA,Performance_Score,Kruskal-Wallis,74.44251626518506,4.770723827045307e-16,Reject H0 (Models Differ),Do Not Pool
standard,Procurement / Sourcing / Supply Chain,USA,Balanced,Senior-Level,Agentic,USA,Leadership_Avg,Kruskal-Wallis,77.4678685824221,1.071687934490268e-16,Reject H0 (Models Differ),Do Not Pool
standard,Procurement / Sourcing / Supply Chain,USA,Balanced,Senior-Level,Agentic,USA,Status_Score,Kruskal-Wallis,82.67776161055066,8.176121006689214e-18,Reject H0 (Models Differ),Do Not Pool
standard,Procurement / Sourcing / Supply Chain,USA,Balanced,Senior-Level,Agentic,USA,Warmth_Score,Kruskal-Wallis,10.50324074074064,0.014738929440345983,Reject H0 (Models Differ),Do Not Pool
standard,Procurement / Sourcing / Supply Chain,USA,Balanced,Senior-Level,Communal,China,Hireability_Score,Kruskal-Wallis,7.139999999999967,0.0675668678347946,Fail to Reject H0 (Models Equivalent),Pool
standard,Procurement / Sourcing / Supply Chain,USA,Balanced,Senior-Level,Communal,China,Competence_Score,Kruskal-Wallis,1.9621647509579792,0.5802965708098973,Fail to Reject H0 (Models Equivalent),Pool
standard,Procurement / Sourcing / Supply Chain,USA,Balanced,Senior-Level,Communal,China,Fit_Score,Kruskal-Wallis,14.870837990790525,0.0019304204866574738,Reject H0 (Models Differ),Do Not Pool
standard,Procurement / Sourcing / Supply Chain,USA,Balanced,Senior-Level,Communal,China,Performance_Score,Kruskal-Wallis,5.09999999999999,0.16461940408195383,Fail to Reject H0 (Models Equivalent),Pool
standard,Procurement / Sourcing / Supply Chain,USA,Balanced,Senior-Level,Communal,China,Leadership_Avg,Kruskal-Wallis,66.24224098234842,2.720203976644171e-14,Reject H0 (Models Differ),Do Not Pool
standard,Procurement / Sourcing / Supply Chain,USA,Balanced,Senior-Level,Communal,China,Status_Score,Kruskal-Wallis,33.27469569288381,2.818365759905324e-07,Reject H0 (Models Differ),Do Not Pool
standard,Procurement / Sourcing / Supply Chain,USA,Balanced,Senior-Level,Communal,China,Warmth_Score,Kruskal-Wallis,8.528511665325912,0.03626304568275214,Reject H0 (Models Differ),Do Not Pool
standard,Procurement / Sourcing / Supply Chain,USA,Balanced,Senior-Level,Communal,USA,Hireability_Score,Kruskal-Wallis,84.50222865378525,3.3189408526602966e-18,Reject H0 (Models Differ),Do Not Pool
standard,Procurement / Sourcing / Supply Chain,USA,Balanced,Senior-Level,Communal,USA,Competence_Score,Kruskal-Wallis,71.12998724518337,2.444937478974695e-15,Reject H0 (Models Differ),Do Not Pool
standard,Procurement / Sourcing / Supply Chain,USA,Balanced,Senior-Level,Communal,USA,Fit_Score,Kruskal-Wallis,95.79391378964617,1.2464923832076138e-20,Reject H0 (Models Differ),Do Not Pool
standard,Procurement / Sourcing / Supply Chain,USA,Balanced,Senior-Level,Communal,USA,Performance_Score,Kruskal-Wallis,89.0014398256048,3.5893963376840277e-19,Reject H0 (Models Differ),Do Not Pool
standard,Procurement / Sourcing / Supply Chain,USA,Balanced,Senior-Level,Communal,USA,Leadership_Avg,Kruskal-Wallis,97.80748315754869,4.601242431700303e-21,Reject H0 (Models Differ),Do Not Pool
standard,Procurement / Sourcing / Supply Chain,USA,Balanced,Senior-Level,Communal,USA,Status_Score,Kruskal-Wallis,91.21177450079254,1.2030004421447947e-19,Reject H0 (Models Differ),Do Not Pool
standard,Procurement / Sourcing / Supply Chain,USA,Balanced,Senior-Level,Communal,USA,Warmth_Score,Kruskal-Wallis,7.762809959679873,0.05117668748862333,Fail to Reject H0 (Models Equivalent),Pool
standard,Procurement / Sourcing / Supply Chain,USA,Neutral,Entry-Level,Agentic,China,Hireability_Score,Kruskal-Wallis,35.983913151984034,7.547251931220705e-08,Reject H0 (Models Differ),Do Not Pool
standard,Procurement / Sourcing / Supply Chain,USA,Neutral,Entry-Level,Agentic,China,Competence_Score,Kruskal-Wallis,25.845309427414726,1.0275787812845625e-05,Reject H0 (Models Differ),Do Not Pool
standard,Procurement / Sourcing / Supply Chain,USA,Neutral,Entry-Level,Agentic,China,Fit_Score,Kruskal-Wallis,33.281408737868176,2.80918937670229e-07,Reject H0 (Models Differ),Do Not Pool
standard,Procurement / Sourcing / Supply Chain,USA,Neutral,Entry-Level,Agentic,China,Performance_Score,Kruskal-Wallis,33.99573005293499,1.9853040480746076e-07,Reject H0 (Models Differ),Do Not Pool
standard,Procurement / Sourcing / Supply Chain,USA,Neutral,Entry-Level,Agentic,China,Leadership_Avg,Kruskal-Wallis,24.49133942055848,1.9723096065915267e-05,Reject H0 (Models Differ),Do Not Pool
standard,Procurement / Sourcing / Supply Chain,USA,Neutral,Entry-Level,Agentic,China,Status_Score,Kruskal-Wallis,6.54205173584381,0.08801875863649339,Fail to Reject H0 (Models Equivalent),Pool
standard,Procurement / Sourcing / Supply Chain,USA,Neutral,Entry-Level,Agentic,China,Warmth_Score,Kruskal-Wallis,5.165012963701686,0.16010525283710444,Fail to Reject H0 (Models Equivalent),Pool
standard,Procurement / Sourcing / Supply Chain,USA,Neutral,Entry-Level,Agentic,USA,Hireability_Score,Kruskal-Wallis,47.12206882997467,3.2738927318028017e-10,Reject H0 (Models Differ),Do Not Pool
standard,Procurement / Sourcing / Supply Chain,USA,Neutral,Entry-Level,Agentic,USA,Competence_Score,Kruskal-Wallis,81.75417215634606,1.2903873682181321e-17,Reject H0 (Models Differ),Do Not Pool
standard,Procurement / Sourcing / Supply Chain,USA,Neutral,Entry-Level,Agentic,USA,Fit_Score,Kruskal-Wallis,78.95218259137235,5.149598326820048e-17,Reject H0 (Models Differ),Do Not Pool
standard,Procurement / Sourcing / Supply Chain,USA,Neutral,Entry-Level,Agentic,USA,Performance_Score,Kruskal-Wallis,80.37356886250559,2.5521371151675125e-17,Reject H0 (Models Differ),Do Not Pool
standard,Procurement / Sourcing / Supply Chain,USA,Neutral,Entry-Level,Agentic,USA,Leadership_Avg,Kruskal-Wallis,85.25143392051731,2.2918425323290176e-18,Reject H0 (Models Differ),Do Not Pool
standard,Procurement / Sourcing / Supply Chain,USA,Neutral,Entry-Level,Agentic,USA,Status_Score,Kruskal-Wallis,101.21558429705908,8.51349370558588e-22,Reject H0 (Models Differ),Do Not Pool
standard,Procurement / Sourcing / Supply Chain,USA,Neutral,Entry-Level,Agentic,USA,Warmth_Score,Kruskal-Wallis,52.04714467327731,2.926582193999523e-11,Reject H0 (Models Differ),Do Not Pool
standard,Procurement / Sourcing / Supply Chain,USA,Neutral,Entry-Level,Communal,China,Hireability_Score,Kruskal-Wallis,27.98939016125672,3.6507083682862348e-06,Reject H0 (Models Differ),Do Not Pool
standard,Procurement / Sourcing / Supply Chain,USA,Neutral,Entry-Level,Communal,China,Competence_Score,Kruskal-Wallis,26.42352314881066,7.775545639443099e-06,Reject H0 (Models Differ),Do Not Pool
standard,Procurement / Sourcing / Supply Chain,USA,Neutral,Entry-Level,Communal,China,Fit_Score,Kruskal-Wallis,28.062534623138625,3.523904115544531e-06,Reject H0 (Models Differ),Do Not Pool
standard,Procurement / Sourcing / Supply Chain,USA,Neutral,Entry-Level,Communal,China,Performance_Score,Kruskal-Wallis,29.859147334147323,1.4774852378804564e-06,Reject H0 (Models Differ),Do Not Pool
standard,Procurement / Sourcing / Supply Chain,USA,Neutral,Entry-Level,Communal,China,Leadership_Avg,Kruskal-Wallis,14.49842767862503,0.0022995465540945,Reject H0 (Models Differ),Do Not Pool
standard,Procurement / Sourcing / Supply Chain,USA,Neutral,Entry-Level,Communal,China,Status_Score,Kruskal-Wallis,3.9834185374526885,0.263260204004839,Fail to Reject H0 (Models Equivalent),Pool
standard,Procurement / Sourcing / Supply Chain,USA,Neutral,Entry-Level,Communal,China,Warmth_Score,Kruskal-Wallis,33.594689619297746,2.412545033234969e-07,Reject H0 (Models Differ),Do Not Pool
standard,Procurement / Sourcing / Supply Chain,USA,Neutral,Entry-Level,Communal,USA,Hireability_Score,Kruskal-Wallis,62.493024902966226,1.7236845130916268e-13,Reject H0 (Models Differ),Do Not Pool
standard,Procurement / Sourcing / Supply Chain,USA,Neutral,Entry-Level,Communal,USA,Competence_Score,Kruskal-Wallis,75.32470935772822,3.086817505333811e-16,Reject H0 (Models Differ),Do Not Pool
standard,Procurement / Sourcing / Supply Chain,USA,Neutral,Entry-Level,Communal,USA,Fit_Score,Kruskal-Wallis,82.35034653266729,9.611764339153364e-18,Reject H0 (Models Differ),Do Not Pool
standard,Procurement / Sourcing / Supply Chain,USA,Neutral,Entry-Level,Communal,USA,Performance_Score,Kruskal-Wallis,82.40094597836107,9.374450953076043e-18,Reject H0 (Models Differ),Do Not Pool
standard,Procurement / Sourcing / Supply Chain,USA,Neutral,Entry-Level,Communal,USA,Leadership_Avg,Kruskal-Wallis,80.58947457541288,2.29397798392538e-17,Reject H0 (Models Differ),Do Not Pool
standard,Procurement / Sourcing / Supply Chain,USA,Neutral,Entry-Level,Communal,USA,Status_Score,Kruskal-Wallis,87.11461166727427,9.124103098887307e-19,Reject H0 (Models Differ),Do Not Pool
standard,Procurement / Sourcing / Supply Chain,USA,Neutral,Entry-Level,Communal,USA,Warmth_Score,Kruskal-Wallis,29.74999999999997,1.5576777708927735e-06,Reject H0 (Models Differ),Do Not Pool
standard,Procurement / Sourcing / Supply Chain,USA,Neutral,Senior-Level,Agentic,China,Hireability_Score,Kruskal-Wallis,36.784608160283774,5.1104099025123064e-08,Reject H0 (Models Differ),Do Not Pool
standard,Procurement / Sourcing / Supply Chain,USA,Neutral,Senior-Level,Agentic,China,Competence_Score,Kruskal-Wallis,22.285024154589358,5.6902880919589016e-05,Reject H0 (Models Differ),Do Not Pool
standard,Procurement / Sourcing / Supply Chain,USA,Neutral,Senior-Level,Agentic,China,Fit_Score,Kruskal-Wallis,38.38506789033998,2.342672218554322e-08,Reject H0 (Models Differ),Do Not Pool
standard,Procurement / Sourcing / Supply Chain,USA,Neutral,Senior-Level,Agentic,China,Performance_Score,Kruskal-Wallis,31.02185881394398,8.41087028369314e-07,Reject H0 (Models Differ),Do Not Pool
standard,Procurement / Sourcing / Supply Chain,USA,Neutral,Senior-Level,Agentic,China,Leadership_Avg,Kruskal-Wallis,36.340147728120556,6.345460309600382e-08,Reject H0 (Models Differ),Do Not Pool
standard,Procurement / Sourcing / Supply Chain,USA,Neutral,Senior-Level,Agentic,China,Status_Score,Kruskal-Wallis,40.525345345345315,8.244834908119933e-09,Reject H0 (Models Differ),Do Not Pool
standard,Procurement / Sourcing / Supply Chain,USA,Neutral,Senior-Level,Agentic,China,Warmth_Score,Kruskal-Wallis,4.935411140583545,0.17658821473743022,Fail to Reject H0 (Models Equivalent),Pool
standard,Procurement / Sourcing / Supply Chain,USA,Neutral,Senior-Level,Agentic,USA,Hireability_Score,Kruskal-Wallis,64.40461821444595,6.725215040174473e-14,Reject H0 (Models Differ),Do Not Pool
standard,Procurement / Sourcing / Supply Chain,USA,Neutral,Senior-Level,Agentic,USA,Competence_Score,Kruskal-Wallis,92.10210509654958,7.74457683473089e-20,Reject H0 (Models Differ),Do Not Pool
standard,Procurement / Sourcing / Supply Chain,USA,Neutral,Senior-Level,Agentic,USA,Fit_Score,Kruskal-Wallis,76.0789569160998,2.1273390155063797e-16,Reject H0 (Models Differ),Do Not Pool
standard,Procurement / Sourcing / Supply Chain,USA,Neutral,Senior-Level,Agentic,USA,Performance_Score,Kruskal-Wallis,75.15613688978105,3.3546092244445577e-16,Reject H0 (Models Differ),Do Not Pool
standard,Procurement / Sourcing / Supply Chain,USA,Neutral,Senior-Level,Agentic,USA,Leadership_Avg,Kruskal-Wallis,87.65940529935042,6.969691229152698e-19,Reject H0 (Models Differ),Do Not Pool
standard,Procurement / Sourcing / Supply Chain,USA,Neutral,Senior-Level,Agentic,USA,Status_Score,Kruskal-Wallis,79.84488129245477,3.313664003722296e-17,Reject H0 (Models Differ),Do Not Pool
standard,Procurement / Sourcing / Supply Chain,USA,Neutral,Senior-Level,Agentic,USA,Warmth_Score,Kruskal-Wallis,16.851851851851844,0.0007580937113029225,Reject H0 (Models Differ),Do Not Pool
standard,Procurement / Sourcing / Supply Chain,USA,Neutral,Senior-Level,Communal,China,Hireability_Score,Kruskal-Wallis,18.838500425712997,0.00029524507254517134,Reject H0 (Models Differ),Do Not Pool
standard,Procurement / Sourcing / Supply Chain,USA,Neutral,Senior-Level,Communal,China,Competence_Score,Kruskal-Wallis,10.395520096966285,0.015486654805845166,Reject H0 (Models Differ),Do Not Pool
standard,Procurement / Sourcing / Supply Chain,USA,Neutral,Senior-Level,Communal,China,Fit_Score,Kruskal-Wallis,24.521212121212194,1.9441674910263174e-05,Reject H0 (Models Differ),Do Not Pool
standard,Procurement / Sourcing / Supply Chain,USA,Neutral,Senior-Level,Communal,China,Performance_Score,Kruskal-Wallis,21.47911441172573,8.371121764083085e-05,Reject H0 (Models Differ),Do Not Pool
standard,Procurement / Sourcing / Supply Chain,USA,Neutral,Senior-Level,Communal,China,Leadership_Avg,Kruskal-Wallis,56.06387688549333,4.071125650068623e-12,Reject H0 (Models Differ),Do Not Pool
standard,Procurement / Sourcing / Supply Chain,USA,Neutral,Senior-Level,Communal,China,Status_Score,Kruskal-Wallis,46.192711732711786,5.160844995111345e-10,Reject H0 (Models Differ),Do Not Pool
standard,Procurement / Sourcing / Supply Chain,USA,Neutral,Senior-Level,Communal,China,Warmth_Score,Kruskal-Wallis,17.863076923076914,0.00046939482169839724,Reject H0 (Models Differ),Do Not Pool
standard,Procurement / Sourcing / Supply Chain,USA,Neutral,Senior-Level,Communal,USA,Hireability_Score,Kruskal-Wallis,73.5804557819017,7.299864116584638e-16,Reject H0 (Models Differ),Do Not Pool
standard,Procurement / Sourcing / Supply Chain,USA,Neutral,Senior-Level,Communal,USA,Competence_Score,Kruskal-Wallis,81.30531674208142,1.6107221433939522e-17,Reject H0 (Models Differ),Do Not Pool
standard,Procurement / Sourcing / Supply Chain,USA,Neutral,Senior-Level,Communal,USA,Fit_Score,Kruskal-Wallis,91.01657312259968,1.324945167688827e-19,Reject H0 (Models Differ),Do Not Pool
standard,Procurement / Sourcing / Supply Chain,USA,Neutral,Senior-Level,Communal,USA,Performance_Score,Kruskal-Wallis,79.51627737876376,3.897535305119423e-17,Reject H0 (Models Differ),Do Not Pool
standard,Procurement / Sourcing / Supply Chain,USA,Neutral,Senior-Level,Communal,USA,Leadership_Avg,Kruskal-Wallis,87.09932181073965,9.193334554012855e-19,Reject H0 (Models Differ),Do Not Pool
standard,Procurement / Sourcing / Supply Chain,USA,Neutral,Senior-Level,Communal,USA,Status_Score,Kruskal-Wallis,89.62549432015479,2.6362954632989276e-19,Reject H0 (Models Differ),Do Not Pool
standard,Procurement / Sourcing / Supply Chain,USA,Neutral,Senior-Level,Communal,USA,Warmth_Score,Kruskal-Wallis,8.466103268350418,0.037299714693420215,Reject H0 (Models Differ),Do Not Pool
standard,Project Management / Programme Management,China,Balanced,Entry-Level,Agentic,China,Hireability_Score,Kruskal-Wallis,61.588661295135715,2.690108993868277e-13,Reject H0 (Models Differ),Do Not Pool
standard,Project Management / Programme Management,China,Balanced,Entry-Level,Agentic,China,Competence_Score,Kruskal-Wallis,42.21701150373713,3.6084490285833356e-09,Reject H0 (Models Differ),Do Not Pool
standard,Project Management / Programme Management,China,Balanced,Entry-Level,Agentic,China,Fit_Score,Kruskal-Wallis,63.03927252897067,1.3172673145567395e-13,Reject H0 (Models Differ),Do Not Pool
standard,Project Management / Programme Management,China,Balanced,Entry-Level,Agentic,China,Performance_Score,Kruskal-Wallis,53.65018257758183,1.3323441067459883e-11,Reject H0 (Models Differ),Do Not Pool
standard,Project Management / Programme Management,China,Balanced,Entry-Level,Agentic,China,Leadership_Avg,Kruskal-Wallis,56.744568855712494,2.91364331713739e-12,Reject H0 (Models Differ),Do Not Pool
standard,Project Management / Programme Management,China,Balanced,Entry-Level,Agentic,China,Status_Score,Kruskal-Wallis,33.26820571260517,2.8272656730426967e-07,Reject H0 (Models Differ),Do Not Pool
standard,Project Management / Programme Management,China,Balanced,Entry-Level,Agentic,China,Warmth_Score,Kruskal-Wallis,14.589980766919066,0.002202779670935822,Reject H0 (Models Differ),Do Not Pool
standard,Project Management / Programme Management,China,Balanced,Entry-Level,Agentic,USA,Hireability_Score,Kruskal-Wallis,65.74117087661257,3.481821532469102e-14,Reject H0 (Models Differ),Do Not Pool
standard,Project Management / Programme Management,China,Balanced,Entry-Level,Agentic,USA,Competence_Score,Kruskal-Wallis,83.75398649881407,4.803870051136749e-18,Reject H0 (Models Differ),Do Not Pool
standard,Project Management / Programme Management,China,Balanced,Entry-Level,Agentic,USA,Fit_Score,Kruskal-Wallis,80.08475534792225,2.943446565001432e-17,Reject H0 (Models Differ),Do Not Pool
standard,Project Management / Programme Management,China,Balanced,Entry-Level,Agentic,USA,Performance_Score,Kruskal-Wallis,87.34502057613162,8.141761546927876e-19,Reject H0 (Models Differ),Do Not Pool
standard,Project Management / Programme Management,China,Balanced,Entry-Level,Agentic,USA,Leadership_Avg,Kruskal-Wallis,87.31011326304095,8.283493358146801e-19,Reject H0 (Models Differ),Do Not Pool
standard,Project Management / Programme Management,China,Balanced,Entry-Level,Agentic,USA,Status_Score,Kruskal-Wallis,92.26632931726903,7.140285348384853e-20,Reject H0 (Models Differ),Do Not Pool
standard,Project Management / Programme Management,China,Balanced,Entry-Level,Agentic,USA,Warmth_Score,Kruskal-Wallis,73.3900785257074,8.01875290775809e-16,Reject H0 (Models Differ),Do Not Pool
standard,Project Management / Programme Management,China,Balanced,Entry-Level,Communal,China,Hireability_Score,Kruskal-Wallis,69.56033824072613,5.301507972660843e-15,Reject H0 (Models Differ),Do Not Pool
standard,Project Management / Programme Management,China,Balanced,Entry-Level,Communal,China,Competence_Score,Kruskal-Wallis,61.16324674661739,3.3165699282151405e-13,Reject H0 (Models Differ),Do Not Pool
standard,Project Management / Programme Management,China,Balanced,Entry-Level,Communal,China,Fit_Score,Kruskal-Wallis,69.64381354960926,5.087755541903785e-15,Reject H0 (Models Differ),Do Not Pool
standard,Project Management / Programme Management,China,Balanced,Entry-Level,Communal,China,Performance_Score,Kruskal-Wallis,57.242266513560836,2.2813698080420053e-12,Reject H0 (Models Differ),Do Not Pool
standard,Project Management / Programme Management,China,Balanced,Entry-Level,Communal,China,Leadership_Avg,Kruskal-Wallis,61.14315243625589,3.349526798579003e-13,Reject H0 (Models Differ),Do Not Pool
standard,Project Management / Programme Management,China,Balanced,Entry-Level,Communal,China,Status_Score,Kruskal-Wallis,37.481716776632,3.638761255325417e-08,Reject H0 (Models Differ),Do Not Pool
standard,Project Management / Programme Management,China,Balanced,Entry-Level,Communal,China,Warmth_Score,Kruskal-Wallis,12.526618357487951,0.005780626605491384,Reject H0 (Models Differ),Do Not Pool
standard,Project Management / Programme Management,China,Balanced,Entry-Level,Communal,USA,Hireability_Score,Kruskal-Wallis,66.0079456223007,3.0530290805097204e-14,Reject H0 (Models Differ),Do Not Pool
standard,Project Management / Programme Management,China,Balanced,Entry-Level,Communal,USA,Competence_Score,Kruskal-Wallis,77.85208489575516,8.865117477812433e-17,Reject H0 (Models Differ),Do Not Pool
standard,Project Management / Programme Management,China,Balanced,Entry-Level,Communal,USA,Fit_Score,Kruskal-Wallis,88.03434826855894,5.790313931993129e-19,Reject H0 (Models Differ),Do Not Pool
standard,Project Management / Programme Management,China,Balanced,Entry-Level,Communal,USA,Performance_Score,Kruskal-Wallis,92.3593134435658,6.819278951618771e-20,Reject H0 (Models Differ),Do Not Pool
standard,Project Management / Programme Management,China,Balanced,Entry-Level,Communal,USA,Leadership_Avg,Kruskal-Wallis,85.27544860701875,2.2647998392748823e-18,Reject H0 (Models Differ),Do Not Pool
standard,Project Management / Programme Management,China,Balanced,Entry-Level,Communal,USA,Status_Score,Kruskal-Wallis,97.98543278084718,4.2132840092556744e-21,Reject H0 (Models Differ),Do Not Pool
standard,Project Management / Programme Management,China,Balanced,Entry-Level,Communal,USA,Warmth_Score,Kruskal-Wallis,46.738146788990825,3.9511806933242943e-10,Reject H0 (Models Differ),Do Not Pool
standard,Project Management / Programme Management,China,Balanced,Senior-Level,Agentic,China,Hireability_Score,Kruskal-Wallis,78.0754301461778,7.939485934099045e-17,Reject H0 (Models Differ),Do Not Pool
standard,Project Management / Programme Management,China,Balanced,Senior-Level,Agentic,China,Competence_Score,Kruskal-Wallis,66.42185663924795,2.4898285869859965e-14,Reject H0 (Models Differ),Do Not Pool
standard,Project Management / Programme Management,China,Balanced,Senior-Level,Agentic,China,Fit_Score,Kruskal-Wallis,92.53584693327583,6.249001915796976e-20,Reject H0 (Models Differ),Do Not Pool
standard,Project Management / Programme Management,China,Balanced,Senior-Level,Agentic,China,Performance_Score,Kruskal-Wallis,66.71162107569094,2.1585690518096456e-14,Reject H0 (Models Differ),Do Not Pool
standard,Project Management / Programme Management,China,Balanced,Senior-Level,Agentic,China,Leadership_Avg,Kruskal-Wallis,57.80772605015423,1.7277131401139074e-12,Reject H0 (Models Differ),Do Not Pool
standard,Project Management / Programme Management,China,Balanced,Senior-Level,Agentic,China,Status_Score,Kruskal-Wallis,64.3233508985272,6.999824011600338e-14,Reject H0 (Models Differ),Do Not Pool
standard,Project Management / Programme Management,China,Balanced,Senior-Level,Agentic,China,Warmth_Score,Kruskal-Wallis,3.403483483483543,0.3334974108951757,Fail to Reject H0 (Models Equivalent),Pool
standard,Project Management / Programme Management,China,Balanced,Senior-Level,Agentic,USA,Hireability_Score,Kruskal-Wallis,70.91909667194925,2.7129058920484963e-15,Reject H0 (Models Differ),Do Not Pool
standard,Project Management / Programme Management,China,Balanced,Senior-Level,Agentic,USA,Competence_Score,Kruskal-Wallis,87.1524215607401,8.955132271219595e-19,Reject H0 (Models Differ),Do Not Pool
standard,Project Management / Programme Management,China,Balanced,Senior-Level,Agentic,USA,Fit_Score,Kruskal-Wallis,77.86615445343564,8.803747904083317e-17,Reject H0 (Models Differ),Do Not Pool
standard,Project Management / Programme Management,China,Balanced,Senior-Level,Agentic,USA,Performance_Score,Kruskal-Wallis,80.76548003318929,2.102967418978465e-17,Reject H0 (Models Differ),Do Not Pool
standard,Project Management / Programme Management,China,Balanced,Senior-Level,Agentic,USA,Leadership_Avg,Kruskal-Wallis,75.54243997260653,2.772312172072629e-16,Reject H0 (Models Differ),Do Not Pool
standard,Project Management / Programme Management,China,Balanced,Senior-Level,Agentic,USA,Status_Score,Kruskal-Wallis,82.32713546833124,9.722625437817141e-18,Reject H0 (Models Differ),Do Not Pool
standard,Project Management / Programme Management,China,Balanced,Senior-Level,Agentic,USA,Warmth_Score,Kruskal-Wallis,35.99460654288251,7.508064754577701e-08,Reject H0 (Models Differ),Do Not Pool
standard,Project Management / Programme Management,China,Balanced,Senior-Level,Communal,China,Hireability_Score,Kruskal-Wallis,69.82005270092228,4.664338949622329e-15,Reject H0 (Models Differ),Do Not Pool
standard,Project Management / Programme Management,China,Balanced,Senior-Level,Communal,China,Competence_Score,Kruskal-Wallis,68.31867414693933,9.777347309954053e-15,Reject H0 (Models Differ),Do Not Pool
standard,Project Management / Programme Management,China,Balanced,Senior-Level,Communal,China,Fit_Score,Kruskal-Wallis,68.19189250473286,1.0407808979509355e-14,Reject H0 (Models Differ),Do Not Pool
standard,Project Management / Programme Management,China,Balanced,Senior-Level,Communal,China,Performance_Score,Kruskal-Wallis,52.72910966704628,2.094105103010956e-11,Reject H0 (Models Differ),Do Not Pool
standard,Project Management / Programme Management,China,Balanced,Senior-Level,Communal,China,Leadership_Avg,Kruskal-Wallis,47.965118816075694,2.166189557775635e-10,Reject H0 (Models Differ),Do Not Pool
standard,Project Management / Programme Management,China,Balanced,Senior-Level,Communal,China,Status_Score,Kruskal-Wallis,48.2329553834808,1.899757930076424e-10,Reject H0 (Models Differ),Do Not Pool
standard,Project Management / Programme Management,China,Balanced,Senior-Level,Communal,China,Warmth_Score,Kruskal-Wallis,8.319282424786332,0.039854010801284936,Reject H0 (Models Differ),Do Not Pool
standard,Project Management / Programme Management,China,Balanced,Senior-Level,Communal,USA,Hireability_Score,Kruskal-Wallis,70.47956770324917,3.369487973636878e-15,Reject H0 (Models Differ),Do Not Pool
standard,Project Management / Programme Management,China,Balanced,Senior-Level,Communal,USA,Competence_Score,Kruskal-Wallis,86.17885521885518,1.4490865264713344e-18,Reject H0 (Models Differ),Do Not Pool
standard,Project Management / Programme Management,China,Balanced,Senior-Level,Communal,USA,Fit_Score,Kruskal-Wallis,79.92379609317882,3.1869971239788984e-17,Reject H0 (Models Differ),Do Not Pool
standard,Project Management / Programme Management,China,Balanced,Senior-Level,Communal,USA,Performance_Score,Kruskal-Wallis,77.563228474864,1.0224020215043677e-16,Reject H0 (Models Differ),Do Not Pool
standard,Project Management / Programme Management,China,Balanced,Senior-Level,Communal,USA,Leadership_Avg,Kruskal-Wallis,73.0152057235913,9.647762668375779e-16,Reject H0 (Models Differ),Do Not Pool
standard,Project Management / Programme Management,China,Balanced,Senior-Level,Communal,USA,Status_Score,Kruskal-Wallis,79.15604832822308,4.656405549801989e-17,Reject H0 (Models Differ),Do Not Pool
standard,Project Management / Programme Management,China,Balanced,Senior-Level,Communal,USA,Warmth_Score,Kruskal-Wallis,23.826221354822426,2.7156100771777217e-05,Reject H0 (Models Differ),Do Not Pool
standard,Project Management / Programme Management,China,Neutral,Entry-Level,Agentic,China,Hireability_Score,Kruskal-Wallis,57.222148256210104,2.3040426788117035e-12,Reject H0 (Models Differ),Do Not Pool
standard,Project Management / Programme Management,China,Neutral,Entry-Level,Agentic,China,Competence_Score,Kruskal-Wallis,50.74027777777771,5.556797227500611e-11,Reject H0 (Models Differ),Do Not Pool
standard,Project Management / Programme Management,China,Neutral,Entry-Level,Agentic,China,Fit_Score,Kruskal-Wallis,58.31561754771499,1.3459273427625741e-12,Reject H0 (Models Differ),Do Not Pool
standard,Project Management / Programme Management,China,Neutral,Entry-Level,Agentic,China,Performance_Score,Kruskal-Wallis,58.14879562802568,1.4609817711131747e-12,Reject H0 (Models Differ),Do Not Pool
standard,Project Management / Programme Management,China,Neutral,Entry-Level,Agentic,China,Leadership_Avg,Kruskal-Wallis,26.251183625287165,8.449485830961864e-06,Reject H0 (Models Differ),Do Not Pool
standard,Project Management / Programme Management,China,Neutral,Entry-Level,Agentic,China,Status_Score,Kruskal-Wallis,10.183547715300744,0.01706864986551321,Reject H0 (Models Differ),Do Not Pool
standard,Project Management / Programme Management,China,Neutral,Entry-Level,Agentic,China,Warmth_Score,Kruskal-Wallis,5.684284015832117,0.12802258129467103,Fail to Reject H0 (Models Equivalent),Pool
standard,Project Management / Programme Management,China,Neutral,Entry-Level,Agentic,USA,Hireability_Score,Kruskal-Wallis,74.90812897901435,3.791375755941733e-16,Reject H0 (Models Differ),Do Not Pool
standard,Project Management / Programme Management,China,Neutral,Entry-Level,Agentic,USA,Competence_Score,Kruskal-Wallis,67.38554216867469,1.5486243732239407e-14,Reject H0 (Models Differ),Do Not Pool
standard,Project Management / Programme Management,China,Neutral,Entry-Level,Agentic,USA,Fit_Score,Kruskal-Wallis,82.63707330912396,8.342155263905662e-18,Reject H0 (Models Differ),Do Not Pool
standard,Project Management / Programme Management,China,Neutral,Entry-Level,Agentic,USA,Performance_Score,Kruskal-Wallis,89.22357539919827,3.215991003419215e-19,Reject H0 (Models Differ),Do Not Pool
standard,Project Management / Programme Management,China,Neutral,Entry-Level,Agentic,USA,Leadership_Avg,Kruskal-Wallis,84.19769113501692,3.8580065806987925e-18,Reject H0 (Models Differ),Do Not Pool
standard,Project Management / Programme Management,China,Neutral,Entry-Level,Agentic,USA,Status_Score,Kruskal-Wallis,90.20195804195804,1.9823429698262592e-19,Reject H0 (Models Differ),Do Not Pool
standard,Project Management / Programme Management,China,Neutral,Entry-Level,Agentic,USA,Warmth_Score,Kruskal-Wallis,72.61675956179128,1.1743329264530169e-15,Reject H0 (Models Differ),Do Not Pool
standard,Project Management / Programme Management,China,Neutral,Entry-Level,Communal,China,Hireability_Score,Kruskal-Wallis,61.74870350630679,2.4863556307106487e-13,Reject H0 (Models Differ),Do Not Pool
standard,Project Management / Programme Management,China,Neutral,Entry-Level,Communal,China,Competence_Score,Kruskal-Wallis,50.827510235090486,5.324040759390448e-11,Reject H0 (Models Differ),Do Not Pool
standard,Project Management / Programme Management,China,Neutral,Entry-Level,Communal,China,Fit_Score,Kruskal-Wallis,66.0288971771668,3.021678704184117e-14,Reject H0 (Models Differ),Do Not Pool
standard,Project Management / Programme Management,China,Neutral,Entry-Level,Communal,China,Performance_Score,Kruskal-Wallis,54.16203694648198,1.0362343442072105e-11,Reject H0 (Models Differ),Do Not Pool
standard,Project Management / Programme Management,China,Neutral,Entry-Level,Communal,China,Leadership_Avg,Kruskal-Wallis,34.890589891211825,1.2848442183838682e-07,Reject H0 (Models Differ),Do Not Pool
standard,Project Management / Programme Management,China,Neutral,Entry-Level,Communal,China,Status_Score,Kruskal-Wallis,31.403186408619533,6.990915918365059e-07,Reject H0 (Models Differ),Do Not Pool
standard,Project Management / Programme Management,China,Neutral,Entry-Level,Communal,China,Warmth_Score,Kruskal-Wallis,17.98978995106818,0.00044198747300757334,Reject H0 (Models Differ),Do Not Pool
standard,Project Management / Programme Management,China,Neutral,Entry-Level,Communal,USA,Hireability_Score,Kruskal-Wallis,63.32077351888019,1.14679290603136e-13,Reject H0 (Models Differ),Do Not Pool
standard,Project Management / Programme Management,China,Neutral,Entry-Level,Communal,USA,Competence_Score,Kruskal-Wallis,86.38709149278667,1.3073404741089374e-18,Reject H0 (Models Differ),Do Not Pool
standard,Project Management / Programme Management,China,Neutral,Entry-Level,Communal,USA,Fit_Score,Kruskal-Wallis,83.31528360402996,5.9667843165723116e-18,Reject H0 (Models Differ),Do Not Pool
standard,Project Management / Programme Management,China,Neutral,Entry-Level,Communal,USA,Performance_Score,Kruskal-Wallis,88.4757655171526,4.654915975909523e-19,Reject H0 (Models Differ),Do Not Pool
standard,Project Management / Programme Management,China,Neutral,Entry-Level,Communal,USA,Leadership_Avg,Kruskal-Wallis,85.1289247716551,2.4349055050471853e-18,Reject H0 (Models Differ),Do Not Pool
standard,Project Management / Programme Management,China,Neutral,Entry-Level,Communal,USA,Status_Score,Kruskal-Wallis,89.97634904479371,2.216343425311241e-19,Reject H0 (Models Differ),Do Not Pool
standard,Project Management / Programme Management,China,Neutral,Entry-Level,Communal,USA,Warmth_Score,Kruskal-Wallis,48.671817833230115,1.532112940601429e-10,Reject H0 (Models Differ),Do Not Pool
standard,Project Management / Programme Management,China,Neutral,Senior-Level,Agentic,China,Hireability_Score,Kruskal-Wallis,78.28124776998207,7.172280050542969e-17,Reject H0 (Models Differ),Do Not Pool
standard,Project Management / Programme Management,China,Neutral,Senior-Level,Agentic,China,Competence_Score,Kruskal-Wallis,72.03466666666662,1.564911857734555e-15,Reject H0 (Models Differ),Do Not Pool
standard,Project Management / Programme Management,China,Neutral,Senior-Level,Agentic,China,Fit_Score,Kruskal-Wallis,93.73458656164831,3.4533803640928394e-20,Reject H0 (Models Differ),Do Not Pool
standard,Project Management / Programme Management,China,Neutral,Senior-Level,Agentic,China,Performance_Score,Kruskal-Wallis,66.92380005895852,1.944292704372334e-14,Reject H0 (Models Differ),Do Not Pool
standard,Project Management / Programme Management,China,Neutral,Senior-Level,Agentic,China,Leadership_Avg,Kruskal-Wallis,71.06572538134617,2.52366135216114e-15,Reject H0 (Models Differ),Do Not Pool
standard,Project Management / Programme Management,China,Neutral,Senior-Level,Agentic,China,Status_Score,Kruskal-Wallis,81.6643817730775,1.3489158280917215e-17,Reject H0 (Models Differ),Do Not Pool
standard,Project Management / Programme Management,China,Neutral,Senior-Level,Agentic,China,Warmth_Score,Kruskal-Wallis,0.4329017947165305,0.9333649486062054,Fail to Reject H0 (Models Equivalent),Pool
standard,Project Management / Programme Management,China,Neutral,Senior-Level,Agentic,USA,Hireability_Score,Kruskal-Wallis,80.56003872965535,2.3275752400478085e-17,Reject H0 (Models Differ),Do Not Pool
standard,Project Management / Programme Management,China,Neutral,Senior-Level,Agentic,USA,Competence_Score,Kruskal-Wallis,97.23049690726681,6.122190967940436e-21,Reject H0 (Models Differ),Do Not Pool
standard,Project Management / Programme Management,China,Neutral,Senior-Level,Agentic,USA,Fit_Score,Kruskal-Wallis,74.29412919896636,5.13315114189272e-16,Reject H0 (Models Differ),Do Not Pool
standard,Project Management / Programme Management,China,Neutral,Senior-Level,Agentic,USA,Performance_Score,Kruskal-Wallis,83.79989189189187,4.696120833960513e-18,Reject H0 (Models Differ),Do Not Pool
standard,Project Management / Programme Management,China,Neutral,Senior-Level,Agentic,USA,Leadership_Avg,Kruskal-Wallis,83.81911787721796,4.651714574646792e-18,Reject H0 (Models Differ),Do Not Pool
standard,Project Management / Programme Management,China,Neutral,Senior-Level,Agentic,USA,Status_Score,Kruskal-Wallis,87.08060884911126,9.27878070678402e-19,Reject H0 (Models Differ),Do Not Pool
standard,Project Management / Programme Management,China,Neutral,Senior-Level,Agentic,USA,Warmth_Score,Kruskal-Wallis,17.18468818733192,0.0006475412137468681,Reject H0 (Models Differ),Do Not Pool
standard,Project Management / Programme Management,China,Neutral,Senior-Level,Communal,China,Hireability_Score,Kruskal-Wallis,58.12862021857925,1.475546649757829e-12,Reject H0 (Models Differ),Do Not Pool
standard,Project Management / Programme Management,China,Neutral,Senior-Level,Communal,China,Competence_Score,Kruskal-Wallis,52.73826062795223,2.0847198290141192e-11,Reject H0 (Models Differ),Do Not Pool
standard,Project Management / Programme Management,China,Neutral,Senior-Level,Communal,China,Fit_Score,Kruskal-Wallis,58.238141838559315,1.3981893816716034e-12,Reject H0 (Models Differ),Do Not Pool
standard,Project Management / Programme Management,China,Neutral,Senior-Level,Communal,China,Performance_Score,Kruskal-Wallis,49.34434654919239,1.1018391185961973e-10,Reject H0 (Models Differ),Do Not Pool
standard,Project Management / Programme Management,China,Neutral,Senior-Level,Communal,China,Leadership_Avg,Kruskal-Wallis,45.890652408501914,5.983368345575802e-10,Reject H0 (Models Differ),Do Not Pool
standard,Project Management / Programme Management,China,Neutral,Senior-Level,Communal,China,Status_Score,Kruskal-Wallis,42.17303266395025,3.6868389349735132e-09,Reject H0 (Models Differ),Do Not Pool
standard,Project Management / Programme Management,China,Neutral,Senior-Level,Communal,China,Warmth_Score,Kruskal-Wallis,24.837380545380498,1.6697772960461123e-05,Reject H0 (Models Differ),Do Not Pool
standard,Project Management / Programme Management,China,Neutral,Senior-Level,Communal,USA,Hireability_Score,Kruskal-Wallis,71.14983428229326,2.4211236739654656e-15,Reject H0 (Models Differ),Do Not Pool
standard,Project Management / Programme Management,China,Neutral,Senior-Level,Communal,USA,Competence_Score,Kruskal-Wallis,87.13360323886637,9.038835863521506e-19,Reject H0 (Models Differ),Do Not Pool
standard,Project Management / Programme Management,China,Neutral,Senior-Level,Communal,USA,Fit_Score,Kruskal-Wallis,77.40790038711107,1.1038912561490485e-16,Reject H0 (Models Differ),Do Not Pool
standard,Project Management / Programme Management,China,Neutral,Senior-Level,Communal,USA,Performance_Score,Kruskal-Wallis,76.35826806608925,1.853363974271164e-16,Reject H0 (Models Differ),Do Not Pool
standard,Project Management / Programme Management,China,Neutral,Senior-Level,Communal,USA,Leadership_Avg,Kruskal-Wallis,76.68750899723094,1.5753524277618953e-16,Reject H0 (Models Differ),Do Not Pool
standard,Project Management / Programme Management,China,Neutral,Senior-Level,Communal,USA,Status_Score,Kruskal-Wallis,78.64824481714422,5.98350338668717e-17,Reject H0 (Models Differ),Do Not Pool
standard,Project Management / Programme Management,China,Neutral,Senior-Level,Communal,USA,Warmth_Score,Kruskal-Wallis,43.625854700854696,1.8122217658591955e-09,Reject H0 (Models Differ),Do Not Pool
standard,Project Management / Programme Management,Europe,Balanced,Entry-Level,Agentic,China,Hireability_Score,Kruskal-Wallis,53.24294965886545,1.6272341677783367e-11,Reject H0 (Models Differ),Do Not Pool
standard,Project Management / Programme Management,Europe,Balanced,Entry-Level,Agentic,China,Competence_Score,Kruskal-Wallis,42.04666666666669,3.921674156208866e-09,Reject H0 (Models Differ),Do Not Pool
standard,Project Management / Programme Management,Europe,Balanced,Entry-Level,Agentic,China,Fit_Score,Kruskal-Wallis,55.91620516185474,4.377515918061282e-12,Reject H0 (Models Differ),Do Not Pool
standard,Project Management / Programme Management,Europe,Balanced,Entry-Level,Agentic,China,Performance_Score,Kruskal-Wallis,53.28442602318829,1.5944343831106924e-11,Reject H0 (Models Differ),Do Not Pool
standard,Project Management / Programme Management,Europe,Balanced,Entry-Level,Agentic,China,Leadership_Avg,Kruskal-Wallis,39.4910085180642,1.365943476861083e-08,Reject H0 (Models Differ),Do Not Pool
standard,Project Management / Programme Management,Europe,Balanced,Entry-Level,Agentic,China,Status_Score,Kruskal-Wallis,25.568906955736217,1.1739882426867512e-05,Reject H0 (Models Differ),Do Not Pool
standard,Project Management / Programme Management,Europe,Balanced,Entry-Level,Agentic,China,Warmth_Score,Kruskal-Wallis,15.73044100801832,0.001287794093267442,Reject H0 (Models Differ),Do Not Pool
standard,Project Management / Programme Management,Europe,Balanced,Entry-Level,Agentic,USA,Hireability_Score,Kruskal-Wallis,53.491677546368216,1.4401760476304531e-11,Reject H0 (Models Differ),Do Not Pool
standard,Project Management / Programme Management,Europe,Balanced,Entry-Level,Agentic,USA,Competence_Score,Kruskal-Wallis,82.257103218646,1.0064921769100699e-17,Reject H0 (Models Differ),Do Not Pool
standard,Project Management / Programme Management,Europe,Balanced,Entry-Level,Agentic,USA,Fit_Score,Kruskal-Wallis,79.79785869431312,3.391520662800892e-17,Reject H0 (Models Differ),Do Not Pool
standard,Project Management / Programme Management,Europe,Balanced,Entry-Level,Agentic,USA,Performance_Score,Kruskal-Wallis,86.42481562686862,1.283186252302081e-18,Reject H0 (Models Differ),Do Not Pool
standard,Project Management / Programme Management,Europe,Balanced,Entry-Level,Agentic,USA,Leadership_Avg,Kruskal-Wallis,89.54786631802291,2.7394709173423517e-19,Reject H0 (Models Differ),Do Not Pool
standard,Project Management / Programme Management,Europe,Balanced,Entry-Level,Agentic,USA,Status_Score,Kruskal-Wallis,90.67092894436927,1.5719726792796909e-19,Reject H0 (Models Differ),Do Not Pool
standard,Project Management / Programme Management,Europe,Balanced,Entry-Level,Agentic,USA,Warmth_Score,Kruskal-Wallis,74.15462962962957,5.4989334224388e-16,Reject H0 (Models Differ),Do Not Pool
standard,Project Management / Programme Management,Europe,Balanced,Entry-Level,Communal,China,Hireability_Score,Kruskal-Wallis,59.246452408858204,8.515706706788934e-13,Reject H0 (Models Differ),Do Not Pool
standard,Project Management / Programme Management,Europe,Balanced,Entry-Level,Communal,China,Competence_Score,Kruskal-Wallis,50.21322948322201,7.19596759483819e-11,Reject H0 (Models Differ),Do Not Pool
standard,Project Management / Programme Management,Europe,Balanced,Entry-Level,Communal,China,Fit_Score,Kruskal-Wallis,66.20047867502748,2.7767517708957834e-14,Reject H0 (Models Differ),Do Not Pool
standard,Project Management / Programme Management,Europe,Balanced,Entry-Level,Communal,China,Performance_Score,Kruskal-Wallis,49.26173487989177,1.147379709671306e-10,Reject H0 (Models Differ),Do Not Pool
standard,Project Management / Programme Management,Europe,Balanced,Entry-Level,Communal,China,Leadership_Avg,Kruskal-Wallis,55.368495065471585,5.7292393360137365e-12,Reject H0 (Models Differ),Do Not Pool
standard,Project Management / Programme Management,Europe,Balanced,Entry-Level,Communal,China,Status_Score,Kruskal-Wallis,45.00716387916494,9.22032198638333e-10,Reject H0 (Models Differ),Do Not Pool
standard,Project Management / Programme Management,Europe,Balanced,Entry-Level,Communal,China,Warmth_Score,Kruskal-Wallis,29.374366653736566,1.8683412168488619e-06,Reject H0 (Models Differ),Do Not Pool
standard,Project Management / Programme Management,Europe,Balanced,Entry-Level,Communal,USA,Hireability_Score,Kruskal-Wallis,54.468789408030624,8.913146721110514e-12,Reject H0 (Models Differ),Do Not Pool
standard,Project Management / Programme Management,Europe,Balanced,Entry-Level,Communal,USA,Competence_Score,Kruskal-Wallis,75.55924551284872,2.7494126514471274e-16,Reject H0 (Models Differ),Do Not Pool
standard,Project Management / Programme Management,Europe,Balanced,Entry-Level,Communal,USA,Fit_Score,Kruskal-Wallis,79.86267832980914,3.2846652757517466e-17,Reject H0 (Models Differ),Do Not Pool
standard,Project Management / Programme Management,Europe,Balanced,Entry-Level,Communal,USA,Performance_Score,Kruskal-Wallis,87.39008173776726,7.962381628406823e-19,Reject H0 (Models Differ),Do Not Pool
standard,Project Management / Programme Management,Europe,Balanced,Entry-Level,Communal,USA,Leadership_Avg,Kruskal-Wallis,79.06828130217772,4.8626625648143846e-17,Reject H0 (Models Differ),Do Not Pool
standard,Project Management / Programme Management,Europe,Balanced,Entry-Level,Communal,USA,Status_Score,Kruskal-Wallis,94.14169708788664,2.8233397401869573e-20,Reject H0 (Models Differ),Do Not Pool
standard,Project Management / Programme Management,Europe,Balanced,Entry-Level,Communal,USA,Warmth_Score,Kruskal-Wallis,44.88774928774928,9.775159024532832e-10,Reject H0 (Models Differ),Do Not Pool
standard,Project Management / Programme Management,Europe,Balanced,Senior-Level,Agentic,China,Hireability_Score,Kruskal-Wallis,72.05927783248963,1.5460297035201098e-15,Reject H0 (Models Differ),Do Not Pool
standard,Project Management / Programme Management,Europe,Balanced,Senior-Level,Agentic,China,Competence_Score,Kruskal-Wallis,70.1549295774648,3.954422163323234e-15,Reject H0 (Models Differ),Do Not Pool
standard,Project Management / Programme Management,Europe,Balanced,Senior-Level,Agentic,China,Fit_Score,Kruskal-Wallis,85.80745428795069,1.7411101268722637e-18,Reject H0 (Models Differ),Do Not Pool
standard,Project Management / Programme Management,Europe,Balanced,Senior-Level,Agentic,China,Performance_Score,Kruskal-Wallis,54.796400481782584,7.588363550745497e-12,Reject H0 (Models Differ),Do Not Pool
standard,Project Management / Programme Management,Europe,Balanced,Senior-Level,Agentic,China,Leadership_Avg,Kruskal-Wallis,71.55339925549913,1.9841709292478226e-15,Reject H0 (Models Differ),Do Not Pool
standard,Project Management / Programme Management,Europe,Balanced,Senior-Level,Agentic,China,Status_Score,Kruskal-Wallis,71.19508547008539,2.3676916352912657e-15,Reject H0 (Models Differ),Do Not Pool
standard,Project Management / Programme Management,Europe,Balanced,Senior-Level,Agentic,China,Warmth_Score,Kruskal-Wallis,8.732287089349153,0.03307039289542865,Reject H0 (Models Differ),Do Not Pool
standard,Project Management / Programme Management,Europe,Balanced,Senior-Level,Agentic,USA,Hireability_Score,Kruskal-Wallis,69.4107834930921,5.707164036390582e-15,Reject H0 (Models Differ),Do Not Pool
standard,Project Management / Programme Management,Europe,Balanced,Senior-Level,Agentic,USA,Competence_Score,Kruskal-Wallis,82.08514150943395,1.0957403660573223e-17,Reject H0 (Models Differ),Do Not Pool
standard,Project Management / Programme Management,Europe,Balanced,Senior-Level,Agentic,USA,Fit_Score,Kruskal-Wallis,76.15416018131673,2.0498195867102467e-16,Reject H0 (Models Differ),Do Not Pool
standard,Project Management / Programme Management,Europe,Balanced,Senior-Level,Agentic,USA,Performance_Score,Kruskal-Wallis,79.55435324191414,3.824929400397902e-17,Reject H0 (Models Differ),Do Not Pool
standard,Project Management / Programme Management,Europe,Balanced,Senior-Level,Agentic,USA,Leadership_Avg,Kruskal-Wallis,72.75172518422195,1.0986930536673447e-15,Reject H0 (Models Differ),Do Not Pool
standard,Project Management / Programme Management,Europe,Balanced,Senior-Level,Agentic,USA,Status_Score,Kruskal-Wallis,79.27117440047793,4.399055093955058e-17,Reject H0 (Models Differ),Do Not Pool
standard,Project Management / Programme Management,Europe,Balanced,Senior-Level,Agentic,USA,Warmth_Score,Kruskal-Wallis,49.43749999999997,1.0526501723741355e-10,Reject H0 (Models Differ),Do Not Pool
standard,Project Management / Programme Management,Europe,Balanced,Senior-Level,Communal,China,Hireability_Score,Kruskal-Wallis,64.90274741417167,5.2621391666010444e-14,Reject H0 (Models Differ),Do Not Pool
standard,Project Management / Programme Management,Europe,Balanced,Senior-Level,Communal,China,Competence_Score,Kruskal-Wallis,67.69215291750506,1.3314480930377557e-14,Reject H0 (Models Differ),Do Not Pool
standard,Project Management / Programme Management,Europe,Balanced,Senior-Level,Communal,China,Fit_Score,Kruskal-Wallis,79.4107439409905,4.106056899149952e-17,Reject H0 (Models Differ),Do Not Pool
standard,Project Management / Programme Management,Europe,Balanced,Senior-Level,Communal,China,Performance_Score,Kruskal-Wallis,52.91152565793602,1.9147424569941555e-11,Reject H0 (Models Differ),Do Not Pool
standard,Project Management / Programme Management,Europe,Balanced,Senior-Level,Communal,China,Leadership_Avg,Kruskal-Wallis,57.58523957522789,1.927410525156573e-12,Reject H0 (Models Differ),Do Not Pool
standard,Project Management / Programme Management,Europe,Balanced,Senior-Level,Communal,China,Status_Score,Kruskal-Wallis,50.13742071881608,7.468530107268131e-11,Reject H0 (Models Differ),Do Not Pool
standard,Project Management / Programme Management,Europe,Balanced,Senior-Level,Communal,China,Warmth_Score,Kruskal-Wallis,14.716709016709018,0.0020754642905294273,Reject H0 (Models Differ),Do Not Pool
standard,Project Management / Programme Management,Europe,Balanced,Senior-Level,Communal,USA,Hireability_Score,Kruskal-Wallis,76.21689001699026,1.987322294148765e-16,Reject H0 (Models Differ),Do Not Pool
standard,Project Management / Programme Management,Europe,Balanced,Senior-Level,Communal,USA,Competence_Score,Kruskal-Wallis,91.07817460317453,1.2851833998135134e-19,Reject H0 (Models Differ),Do Not Pool
standard,Project Management / Programme Management,Europe,Balanced,Senior-Level,Communal,USA,Fit_Score,Kruskal-Wallis,86.63311916351458,1.1576258636985826e-18,Reject H0 (Models Differ),Do Not Pool
standard,Project Management / Programme Management,Europe,Balanced,Senior-Level,Communal,USA,Performance_Score,Kruskal-Wallis,81.67495488266677,1.3418883331474407e-17,Reject H0 (Models Differ),Do Not Pool
standard,Project Management / Programme Management,Europe,Balanced,Senior-Level,Communal,USA,Leadership_Avg,Kruskal-Wallis,75.32203030989997,3.0909015783367197e-16,Reject H0 (Models Differ),Do Not Pool
standard,Project Management / Programme Management,Europe,Balanced,Senior-Level,Communal,USA,Status_Score,Kruskal-Wallis,78.25571647883466,7.263270168073308e-17,Reject H0 (Models Differ),Do Not Pool
standard,Project Management / Programme Management,Europe,Balanced,Senior-Level,Communal,USA,Warmth_Score,Kruskal-Wallis,21.298498498498535,9.126861907889058e-05,Reject H0 (Models Differ),Do Not Pool
standard,Project Management / Programme Management,Europe,Neutral,Entry-Level,Agentic,China,Hireability_Score,Kruskal-Wallis,52.2249287456962,2.682063065933983e-11,Reject H0 (Models Differ),Do Not Pool
standard,Project Management / Programme Management,Europe,Neutral,Entry-Level,Agentic,China,Competence_Score,Kruskal-Wallis,30.128891509433952,1.2965314319401447e-06,Reject H0 (Models Differ),Do Not Pool
standard,Project Management / Programme Management,Europe,Neutral,Entry-Level,Agentic,China,Fit_Score,Kruskal-Wallis,51.18085629615206,4.476739466716179e-11,Reject H0 (Models Differ),Do Not Pool
standard,Project Management / Programme Management,Europe,Neutral,Entry-Level,Agentic,China,Performance_Score,Kruskal-Wallis,49.1538822528515,1.2096768919361403e-10,Reject H0 (Models Differ),Do Not Pool
standard,Project Management / Programme Management,Europe,Neutral,Entry-Level,Agentic,China,Leadership_Avg,Kruskal-Wallis,20.036764832793956,0.00016679036909517174,Reject H0 (Models Differ),Do Not Pool
standard,Project Management / Programme Management,Europe,Neutral,Entry-Level,Agentic,China,Status_Score,Kruskal-Wallis,2.5491077221912604,0.46648155157938576,Fail to Reject H0 (Models Equivalent),Pool
standard,Project Management / Programme Management,Europe,Neutral,Entry-Level,Agentic,China,Warmth_Score,Kruskal-Wallis,1.5634897828862937,0.6676963022692632,Fail to Reject H0 (Models Equivalent),Pool
standard,Project Management / Programme Management,Europe,Neutral,Entry-Level,Agentic,USA,Hireability_Score,Kruskal-Wallis,70.6962819203268,3.0279838580140202e-15,Reject H0 (Models Differ),Do Not Pool
standard,Project Management / Programme Management,Europe,Neutral,Entry-Level,Agentic,USA,Competence_Score,Kruskal-Wallis,74.36139062988151,4.9655783093991e-16,Reject H0 (Models Differ),Do Not Pool
standard,Project Management / Programme Management,Europe,Neutral,Entry-Level,Agentic,USA,Fit_Score,Kruskal-Wallis,82.17387441821433,1.0487419647159887e-17,Reject H0 (Models Differ),Do Not Pool
standard,Project Management / Programme Management,Europe,Neutral,Entry-Level,Agentic,USA,Performance_Score,Kruskal-Wallis,90.38012168694782,1.8151408864243885e-19,Reject H0 (Models Differ),Do Not Pool
standard,Project Management / Programme Management,Europe,Neutral,Entry-Level,Agentic,USA,Leadership_Avg,Kruskal-Wallis,88.13608166542664,5.506254330768169e-19,Reject H0 (Models Differ),Do Not Pool
standard,Project Management / Programme Management,Europe,Neutral,Entry-Level,Agentic,USA,Status_Score,Kruskal-Wallis,92.55972542996822,6.175617107745486e-20,Reject H0 (Models Differ),Do Not Pool
standard,Project Management / Programme Management,Europe,Neutral,Entry-Level,Agentic,USA,Warmth_Score,Kruskal-Wallis,74.7027998821102,4.195683997262292e-16,Reject H0 (Models Differ),Do Not Pool
standard,Project Management / Programme Management,Europe,Neutral,Entry-Level,Communal,China,Hireability_Score,Kruskal-Wallis,52.547062034268336,2.2898426774545574e-11,Reject H0 (Models Differ),Do Not Pool
standard,Project Management / Programme Management,Europe,Neutral,Entry-Level,Communal,China,Competence_Score,Kruskal-Wallis,43.94787565731308,1.5481533152737354e-09,Reject H0 (Models Differ),Do Not Pool
standard,Project Management / Programme Management,Europe,Neutral,Entry-Level,Communal,China,Fit_Score,Kruskal-Wallis,54.20526282051276,1.0144689750012685e-11,Reject H0 (Models Differ),Do Not Pool
standard,Project Management / Programme Management,Europe,Neutral,Entry-Level,Communal,China,Performance_Score,Kruskal-Wallis,48.64103749273718,1.5554018248336276e-10,Reject H0 (Models Differ),Do Not Pool
standard,Project Management / Programme Management,Europe,Neutral,Entry-Level,Communal,China,Leadership_Avg,Kruskal-Wallis,24.458614112486952,2.003605382054999e-05,Reject H0 (Models Differ),Do Not Pool
standard,Project Management / Programme Management,Europe,Neutral,Entry-Level,Communal,China,Status_Score,Kruskal-Wallis,11.20198465686005,0.01068233511074785,Reject H0 (Models Differ),Do Not Pool
standard,Project Management / Programme Management,Europe,Neutral,Entry-Level,Communal,China,Warmth_Score,Kruskal-Wallis,26.42852774710794,7.756797559215567e-06,Reject H0 (Models Differ),Do Not Pool
standard,Project Management / Programme Management,Europe,Neutral,Entry-Level,Communal,USA,Hireability_Score,Kruskal-Wallis,56.43522728511326,3.3920474941089675e-12,Reject H0 (Models Differ),Do Not Pool
standard,Project Management / Programme Management,Europe,Neutral,Entry-Level,Communal,USA,Competence_Score,Kruskal-Wallis,81.43665053438198,1.509537910977164e-17,Reject H0 (Models Differ),Do Not Pool
standard,Project Management / Programme Management,Europe,Neutral,Entry-Level,Communal,USA,Fit_Score,Kruskal-Wallis,81.73886074005834,1.3001852137382184e-17,Reject H0 (Models Differ),Do Not Pool
standard,Project Management / Programme Management,Europe,Neutral,Entry-Level,Communal,USA,Performance_Score,Kruskal-Wallis,87.94749471179274,6.04439021194703e-19,Reject H0 (Models Differ),Do Not Pool
standard,Project Management / Programme Management,Europe,Neutral,Entry-Level,Communal,USA,Leadership_Avg,Kruskal-Wallis,89.10860740740739,3.40412816449182e-19,Reject H0 (Models Differ),Do Not Pool
standard,Project Management / Programme Management,Europe,Neutral,Entry-Level,Communal,USA,Status_Score,Kruskal-Wallis,91.51565997196346,1.0351060246787055e-19,Reject H0 (Models Differ),Do Not Pool
standard,Project Management / Programme Management,Europe,Neutral,Entry-Level,Communal,USA,Warmth_Score,Kruskal-Wallis,64.41116334808254,6.703572784080835e-14,Reject H0 (Models Differ),Do Not Pool
standard,Project Management / Programme Management,Europe,Neutral,Senior-Level,Agentic,China,Hireability_Score,Kruskal-Wallis,59.718038010697555,6.752795731721686e-13,Reject H0 (Models Differ),Do Not Pool
standard,Project Management / Programme Management,Europe,Neutral,Senior-Level,Agentic,China,Competence_Score,Kruskal-Wallis,57.43675213675211,2.0733649926542836e-12,Reject H0 (Models Differ),Do Not Pool
standard,Project Management / Programme Management,Europe,Neutral,Senior-Level,Agentic,China,Fit_Score,Kruskal-Wallis,85.13936181730493,2.4223771028264624e-18,Reject H0 (Models Differ),Do Not Pool
standard,Project Management / Programme Management,Europe,Neutral,Senior-Level,Agentic,China,Performance_Score,Kruskal-Wallis,53.999199854518984,1.1225009330810716e-11,Reject H0 (Models Differ),Do Not Pool
standard,Project Management / Programme Management,Europe,Neutral,Senior-Level,Agentic,China,Leadership_Avg,Kruskal-Wallis,56.57114715044895,3.172868538498995e-12,Reject H0 (Models Differ),Do Not Pool
standard,Project Management / Programme Management,Europe,Neutral,Senior-Level,Agentic,China,Status_Score,Kruskal-Wallis,57.78205921920501,1.7496527270241837e-12,Reject H0 (Models Differ),Do Not Pool
standard,Project Management / Programme Management,Europe,Neutral,Senior-Level,Agentic,China,Warmth_Score,Kruskal-Wallis,0.002442528735477237,0.9999679180972092,Fail to Reject H0 (Models Equivalent),Pool
standard,Project Management / Programme Management,Europe,Neutral,Senior-Level,Agentic,USA,Hireability_Score,Kruskal-Wallis,78.14777212614447,7.66089779732073e-17,Reject H0 (Models Differ),Do Not Pool
standard,Project Management / Programme Management,Europe,Neutral,Senior-Level,Agentic,USA,Competence_Score,Kruskal-Wallis,83.87726651959241,4.519947218606095e-18,Reject H0 (Models Differ),Do Not Pool
standard,Project Management / Programme Management,Europe,Neutral,Senior-Level,Agentic,USA,Fit_Score,Kruskal-Wallis,77.65814802361206,9.75594097752063e-17,Reject H0 (Models Differ),Do Not Pool
standard,Project Management / Programme Management,Europe,Neutral,Senior-Level,Agentic,USA,Performance_Score,Kruskal-Wallis,80.26033815663237,2.6989383081033e-17,Reject H0 (Models Differ),Do Not Pool
standard,Project Management / Programme Management,Europe,Neutral,Senior-Level,Agentic,USA,Leadership_Avg,Kruskal-Wallis,77.65038784487233,9.79339122487707e-17,Reject H0 (Models Differ),Do Not Pool
standard,Project Management / Programme Management,Europe,Neutral,Senior-Level,Agentic,USA,Status_Score,Kruskal-Wallis,82.90840575407339,7.295488691951485e-18,Reject H0 (Models Differ),Do Not Pool
standard,Project Management / Programme Management,Europe,Neutral,Senior-Level,Agentic,USA,Warmth_Score,Kruskal-Wallis,20.50724993490319,0.0001332325582871103,Reject H0 (Models Differ),Do Not Pool
standard,Project Management / Programme Management,Europe,Neutral,Senior-Level,Communal,China,Hireability_Score,Kruskal-Wallis,61.17754138370121,3.2933226328476515e-13,Reject H0 (Models Differ),Do Not Pool
standard,Project Management / Programme Management,Europe,Neutral,Senior-Level,Communal,China,Competence_Score,Kruskal-Wallis,47.8125,2.3343846239908655e-10,Reject H0 (Models Differ),Do Not Pool
standard,Project Management / Programme Management,Europe,Neutral,Senior-Level,Communal,China,Fit_Score,Kruskal-Wallis,71.64870012219272,1.8930672005184456e-15,Reject H0 (Models Differ),Do Not Pool
standard,Project Management / Programme Management,Europe,Neutral,Senior-Level,Communal,China,Performance_Score,Kruskal-Wallis,46.25715832791858,5.000539259618526e-10,Reject H0 (Models Differ),Do Not Pool
standard,Project Management / Programme Management,Europe,Neutral,Senior-Level,Communal,China,Leadership_Avg,Kruskal-Wallis,50.745378687624765,5.542911136315713e-11,Reject H0 (Models Differ),Do Not Pool
standard,Project Management / Programme Management,Europe,Neutral,Senior-Level,Communal,China,Status_Score,Kruskal-Wallis,49.06289425526576,1.264853742499152e-10,Reject H0 (Models Differ),Do Not Pool
standard,Project Management / Programme Management,Europe,Neutral,Senior-Level,Communal,China,Warmth_Score,Kruskal-Wallis,30.746519807246997,9.611888954906104e-07,Reject H0 (Models Differ),Do Not Pool
standard,Project Management / Programme Management,Europe,Neutral,Senior-Level,Communal,USA,Hireability_Score,Kruskal-Wallis,71.46500681402394,2.0725835721367765e-15,Reject H0 (Models Differ),Do Not Pool
standard,Project Management / Programme Management,Europe,Neutral,Senior-Level,Communal,USA,Competence_Score,Kruskal-Wallis,87.44431569057309,7.751718148042663e-19,Reject H0 (Models Differ),Do Not Pool
standard,Project Management / Programme Management,Europe,Neutral,Senior-Level,Communal,USA,Fit_Score,Kruskal-Wallis,80.02213300318358,3.035908326816279e-17,Reject H0 (Models Differ),Do Not Pool
standard,Project Management / Programme Management,Europe,Neutral,Senior-Level,Communal,USA,Performance_Score,Kruskal-Wallis,75.45079763995857,2.9005819834831237e-16,Reject H0 (Models Differ),Do Not Pool
standard,Project Management / Programme Management,Europe,Neutral,Senior-Level,Communal,USA,Leadership_Avg,Kruskal-Wallis,74.91605379417875,3.7765771268134337e-16,Reject H0 (Models Differ),Do Not Pool
standard,Project Management / Programme Management,Europe,Neutral,Senior-Level,Communal,USA,Status_Score,Kruskal-Wallis,77.93355145283167,8.515609713199687e-17,Reject H0 (Models Differ),Do Not Pool
standard,Project Management / Programme Management,Europe,Neutral,Senior-Level,Communal,USA,Warmth_Score,Kruskal-Wallis,47.06207219083494,3.371529475051719e-10,Reject H0 (Models Differ),Do Not Pool
standard,Project Management / Programme Management,Singapore,Balanced,Entry-Level,Agentic,China,Hireability_Score,Kruskal-Wallis,56.77264831228589,2.873709316513201e-12,Reject H0 (Models Differ),Do Not Pool
standard,Project Management / Programme Management,Singapore,Balanced,Entry-Level,Agentic,China,Competence_Score,Kruskal-Wallis,52.77501477762344,2.0474461244834803e-11,Reject H0 (Models Differ),Do Not Pool
standard,Project Management / Programme Management,Singapore,Balanced,Entry-Level,Agentic,China,Fit_Score,Kruskal-Wallis,59.07768999293138,9.252679404198397e-13,Reject H0 (Models Differ),Do Not Pool
standard,Project Management / Programme Management,Singapore,Balanced,Entry-Level,Agentic,China,Performance_Score,Kruskal-Wallis,39.94653649465367,1.0936785691215228e-08,Reject H0 (Models Differ),Do Not Pool
standard,Project Management / Programme Management,Singapore,Balanced,Entry-Level,Agentic,China,Leadership_Avg,Kruskal-Wallis,51.163530136346274,4.5149541382620955e-11,Reject H0 (Models Differ),Do Not Pool
standard,Project Management / Programme Management,Singapore,Balanced,Entry-Level,Agentic,China,Status_Score,Kruskal-Wallis,18.940525480688766,0.00028125037123117344,Reject H0 (Models Differ),Do Not Pool
standard,Project Management / Programme Management,Singapore,Balanced,Entry-Level,Agentic,China,Warmth_Score,Kruskal-Wallis,19.17137035935721,0.00025197420788179123,Reject H0 (Models Differ),Do Not Pool
standard,Project Management / Programme Management,Singapore,Balanced,Entry-Level,Agentic,USA,Hireability_Score,Kruskal-Wallis,57.21838517214393,2.308308532378922e-12,Reject H0 (Models Differ),Do Not Pool
standard,Project Management / Programme Management,Singapore,Balanced,Entry-Level,Agentic,USA,Competence_Score,Kruskal-Wallis,88.29593490086762,5.087792983158991e-19,Reject H0 (Models Differ),Do Not Pool
standard,Project Management / Programme Management,Singapore,Balanced,Entry-Level,Agentic,USA,Fit_Score,Kruskal-Wallis,78.41184285086284,6.724375135177833e-17,Reject H0 (Models Differ),Do Not Pool
standard,Project Management / Programme Management,Singapore,Balanced,Entry-Level,Agentic,USA,Performance_Score,Kruskal-Wallis,89.40597087378639,2.9386102558948066e-19,Reject H0 (Models Differ),Do Not Pool
standard,Project Management / Programme Management,Singapore,Balanced,Entry-Level,Agentic,USA,Leadership_Avg,Kruskal-Wallis,94.23417203951257,2.6970641072400648e-20,Reject H0 (Models Differ),Do Not Pool
standard,Project Management / Programme Management,Singapore,Balanced,Entry-Level,Agentic,USA,Status_Score,Kruskal-Wallis,93.08938750985266,4.7520268736163706e-20,Reject H0 (Models Differ),Do Not Pool
standard,Project Management / Programme Management,Singapore,Balanced,Entry-Level,Agentic,USA,Warmth_Score,Kruskal-Wallis,96.34878787878789,9.47172525355268e-21,Reject H0 (Models Differ),Do Not Pool
standard,Project Management / Programme Management,Singapore,Balanced,Entry-Level,Communal,China,Hireability_Score,Kruskal-Wallis,56.73670267406278,2.924929547218713e-12,Reject H0 (Models Differ),Do Not Pool
standard,Project Management / Programme Management,Singapore,Balanced,Entry-Level,Communal,China,Competence_Score,Kruskal-Wallis,47.93429114251896,2.199158253349982e-10,Reject H0 (Models Differ),Do Not Pool
standard,Project Management / Programme Management,Singapore,Balanced,Entry-Level,Communal,China,Fit_Score,Kruskal-Wallis,52.465528117096795,2.38333713579844e-11,Reject H0 (Models Differ),Do Not Pool
standard,Project Management / Programme Management,Singapore,Balanced,Entry-Level,Communal,China,Performance_Score,Kruskal-Wallis,49.12169640245687,1.2289145400198823e-10,Reject H0 (Models Differ),Do Not Pool
standard,Project Management / Programme Management,Singapore,Balanced,Entry-Level,Communal,China,Leadership_Avg,Kruskal-Wallis,42.44634599156118,3.225860917614489e-09,Reject H0 (Models Differ),Do Not Pool
standard,Project Management / Programme Management,Singapore,Balanced,Entry-Level,Communal,China,Status_Score,Kruskal-Wallis,29.810145060314515,1.5129654134850534e-06,Reject H0 (Models Differ),Do Not Pool
standard,Project Management / Programme Management,Singapore,Balanced,Entry-Level,Communal,China,Warmth_Score,Kruskal-Wallis,11.695772305381135,0.00850140930407012,Reject H0 (Models Differ),Do Not Pool
standard,Project Management / Programme Management,Singapore,Balanced,Entry-Level,Communal,USA,Hireability_Score,Kruskal-Wallis,66.59002367649818,2.2918474571507532e-14,Reject H0 (Models Differ),Do Not Pool
standard,Project Management / Programme Management,Singapore,Balanced,Entry-Level,Communal,USA,Competence_Score,Kruskal-Wallis,77.77233489564212,9.221146965558536e-17,Reject H0 (Models Differ),Do Not Pool
standard,Project Management / Programme Management,Singapore,Balanced,Entry-Level,Communal,USA,Fit_Score,Kruskal-Wallis,86.47460907967206,1.251985970156424e-18,Reject H0 (Models Differ),Do Not Pool
standard,Project Management / Programme Management,Singapore,Balanced,Entry-Level,Communal,USA,Performance_Score,Kruskal-Wallis,87.85462529384111,6.328407851182639e-19,Reject H0 (Models Differ),Do Not Pool
standard,Project Management / Programme Management,Singapore,Balanced,Entry-Level,Communal,USA,Leadership_Avg,Kruskal-Wallis,82.99913309364175,6.975657746417506e-18,Reject H0 (Models Differ),Do Not Pool
standard,Project Management / Programme Management,Singapore,Balanced,Entry-Level,Communal,USA,Status_Score,Kruskal-Wallis,91.62365682777548,9.812604641936665e-20,Reject H0 (Models Differ),Do Not Pool
standard,Project Management / Programme Management,Singapore,Balanced,Entry-Level,Communal,USA,Warmth_Score,Kruskal-Wallis,42.92555555555557,2.552216427709106e-09,Reject H0 (Models Differ),Do Not Pool
standard,Project Management / Programme Management,Singapore,Balanced,Senior-Level,Agentic,China,Hireability_Score,Kruskal-Wallis,82.32073103379032,9.75343880251459e-18,Reject H0 (Models Differ),Do Not Pool
standard,Project Management / Programme Management,Singapore,Balanced,Senior-Level,Agentic,China,Competence_Score,Kruskal-Wallis,74.65762159890744,4.2902749991370926e-16,Reject H0 (Models Differ),Do Not Pool
standard,Project Management / Programme Management,Singapore,Balanced,Senior-Level,Agentic,China,Fit_Score,Kruskal-Wallis,85.81331032651978,1.7360774818193393e-18,Reject H0 (Models Differ),Do Not Pool
standard,Project Management / Programme Management,Singapore,Balanced,Senior-Level,Agentic,China,Performance_Score,Kruskal-Wallis,66.21496557310654,2.757004070700575e-14,Reject H0 (Models Differ),Do Not Pool
standard,Project Management / Programme Management,Singapore,Balanced,Senior-Level,Agentic,China,Leadership_Avg,Kruskal-Wallis,69.11174666932823,6.61368955396373e-15,Reject H0 (Models Differ),Do Not Pool
standard,Project Management / Programme Management,Singapore,Balanced,Senior-Level,Agentic,China,Status_Score,Kruskal-Wallis,70.75435342469412,2.942503207332244e-15,Reject H0 (Models Differ),Do Not Pool
standard,Project Management / Programme Management,Singapore,Balanced,Senior-Level,Agentic,China,Warmth_Score,Kruskal-Wallis,16.231269841269764,0.0010166572532669894,Reject H0 (Models Differ),Do Not Pool
standard,Project Management / Programme Management,Singapore,Balanced,Senior-Level,Agentic,USA,Hireability_Score,Kruskal-Wallis,74.58799036910206,4.440255510437349e-16,Reject H0 (Models Differ),Do Not Pool
standard,Project Management / Programme Management,Singapore,Balanced,Senior-Level,Agentic,USA,Competence_Score,Kruskal-Wallis,84.48016528925616,3.3553289527236432e-18,Reject H0 (Models Differ),Do Not Pool
standard,Project Management / Programme Management,Singapore,Balanced,Senior-Level,Agentic,USA,Fit_Score,Kruskal-Wallis,78.46045370359298,6.564890569078303e-17,Reject H0 (Models Differ),Do Not Pool
standard,Project Management / Programme Management,Singapore,Balanced,Senior-Level,Agentic,USA,Performance_Score,Kruskal-Wallis,81.62549600160983,1.3750795108404334e-17,Reject H0 (Models Differ),Do Not Pool
standard,Project Management / Programme Management,Singapore,Balanced,Senior-Level,Agentic,USA,Leadership_Avg,Kruskal-Wallis,73.15081921335168,9.023413462406423e-16,Reject H0 (Models Differ),Do Not Pool
standard,Project Management / Programme Management,Singapore,Balanced,Senior-Level,Agentic,USA,Status_Score,Kruskal-Wallis,80.65351733703186,2.222546737856555e-17,Reject H0 (Models Differ),Do Not Pool
standard,Project Management / Programme Management,Singapore,Balanced,Senior-Level,Agentic,USA,Warmth_Score,Kruskal-Wallis,59.496440677966135,7.530458209287719e-13,Reject H0 (Models Differ),Do Not Pool
standard,Project Management / Programme Management,Singapore,Balanced,Senior-Level,Communal,China,Hireability_Score,Kruskal-Wallis,55.55310917874399,5.232468100853534e-12,Reject H0 (Models Differ),Do Not Pool
standard,Project Management / Programme Management,Singapore,Balanced,Senior-Level,Communal,China,Competence_Score,Kruskal-Wallis,58.12268518518519,1.4798587832318377e-12,Reject H0 (Models Differ),Do Not Pool
standard,Project Management / Programme Management,Singapore,Balanced,Senior-Level,Communal,China,Fit_Score,Kruskal-Wallis,65.0620168374355,4.865124555779997e-14,Reject H0 (Models Differ),Do Not Pool
standard,Project Management / Programme Management,Singapore,Balanced,Senior-Level,Communal,China,Performance_Score,Kruskal-Wallis,50.85898367465368,5.2424756509573906e-11,Reject H0 (Models Differ),Do Not Pool
standard,Project Management / Programme Management,Singapore,Balanced,Senior-Level,Communal,China,Leadership_Avg,Kruskal-Wallis,56.361840804971955,3.51661290414317e-12,Reject H0 (Models Differ),Do Not Pool
standard,Project Management / Programme Management,Singapore,Balanced,Senior-Level,Communal,China,Status_Score,Kruskal-Wallis,49.34156384549004,1.1033433098595603e-10,Reject H0 (Models Differ),Do Not Pool
standard,Project Management / Programme Management,Singapore,Balanced,Senior-Level,Communal,China,Warmth_Score,Kruskal-Wallis,21.177554957534767,9.670526078545968e-05,Reject H0 (Models Differ),Do Not Pool
standard,Project Management / Programme Management,Singapore,Balanced,Senior-Level,Communal,USA,Hireability_Score,Kruskal-Wallis,77.66019930793168,9.746065524415668e-17,Reject H0 (Models Differ),Do Not Pool
standard,Project Management / Programme Management,Singapore,Balanced,Senior-Level,Communal,USA,Competence_Score,Kruskal-Wallis,87.90304735876589,6.178695014828729e-19,Reject H0 (Models Differ),Do Not Pool
standard,Project Management / Programme Management,Singapore,Balanced,Senior-Level,Communal,USA,Fit_Score,Kruskal-Wallis,84.73996033693166,2.9510247286682603e-18,Reject H0 (Models Differ),Do Not Pool
standard,Project Management / Programme Management,Singapore,Balanced,Senior-Level,Communal,USA,Performance_Score,Kruskal-Wallis,78.9262212408679,5.216042482088148e-17,Reject H0 (Models Differ),Do Not Pool
standard,Project Management / Programme Management,Singapore,Balanced,Senior-Level,Communal,USA,Leadership_Avg,Kruskal-Wallis,74.56050266746014,4.500894838382296e-16,Reject H0 (Models Differ),Do Not Pool
standard,Project Management / Programme Management,Singapore,Balanced,Senior-Level,Communal,USA,Status_Score,Kruskal-Wallis,83.0487033006892,6.806874829300522e-18,Reject H0 (Models Differ),Do Not Pool
standard,Project Management / Programme Management,Singapore,Balanced,Senior-Level,Communal,USA,Warmth_Score,Kruskal-Wallis,24.903181029496793,1.6177196382217292e-05,Reject H0 (Models Differ),Do Not Pool
standard,Project Management / Programme Management,Singapore,Neutral,Entry-Level,Agentic,China,Hireability_Score,Kruskal-Wallis,39.98694926896284,1.0723177856850557e-08,Reject H0 (Models Differ),Do Not Pool
standard,Project Management / Programme Management,Singapore,Neutral,Entry-Level,Agentic,China,Competence_Score,Kruskal-Wallis,23.724627980206918,2.851477208430289e-05,Reject H0 (Models Differ),Do Not Pool
standard,Project Management / Programme Management,Singapore,Neutral,Entry-Level,Agentic,China,Fit_Score,Kruskal-Wallis,51.5440460289879,3.7460631016756063e-11,Reject H0 (Models Differ),Do Not Pool
standard,Project Management / Programme Management,Singapore,Neutral,Entry-Level,Agentic,China,Performance_Score,Kruskal-Wallis,39.353271751470686,1.4608951228853482e-08,Reject H0 (Models Differ),Do Not Pool
standard,Project Management / Programme Management,Singapore,Neutral,Entry-Level,Agentic,China,Leadership_Avg,Kruskal-Wallis,39.23667071510068,1.5464105977157006e-08,Reject H0 (Models Differ),Do Not Pool
standard,Project Management / Programme Management,Singapore,Neutral,Entry-Level,Agentic,China,Status_Score,Kruskal-Wallis,11.881983062650288,0.0077985669673067545,Reject H0 (Models Differ),Do Not Pool
standard,Project Management / Programme Management,Singapore,Neutral,Entry-Level,Agentic,China,Warmth_Score,Kruskal-Wallis,2.176581196581133,0.5365758633920377,Fail to Reject H0 (Models Equivalent),Pool
standard,Project Management / Programme Management,Singapore,Neutral,Entry-Level,Agentic,USA,Hireability_Score,Kruskal-Wallis,63.22656991344318,1.2012337360386892e-13,Reject H0 (Models Differ),Do Not Pool
standard,Project Management / Programme Management,Singapore,Neutral,Entry-Level,Agentic,USA,Competence_Score,Kruskal-Wallis,74.98855691056905,3.6438388824737023e-16,Reject H0 (Models Differ),Do Not Pool
standard,Project Management / Programme Management,Singapore,Neutral,Entry-Level,Agentic,USA,Fit_Score,Kruskal-Wallis,79.96994312448402,3.115181027099581e-17,Reject H0 (Models Differ),Do Not Pool
standard,Project Management / Programme Management,Singapore,Neutral,Entry-Level,Agentic,USA,Performance_Score,Kruskal-Wallis,86.55953039246145,1.2005145035221608e-18,Reject H0 (Models Differ),Do Not Pool
standard,Project Management / Programme Management,Singapore,Neutral,Entry-Level,Agentic,USA,Leadership_Avg,Kruskal-Wallis,81.93198903949556,1.1818662112642228e-17,Reject H0 (Models Differ),Do Not Pool
standard,Project Management / Programme Management,Singapore,Neutral,Entry-Level,Agentic,USA,Status_Score,Kruskal-Wallis,90.13507433349537,2.0490133831324484e-19,Reject H0 (Models Differ),Do Not Pool
standard,Project Management / Programme Management,Singapore,Neutral,Entry-Level,Agentic,USA,Warmth_Score,Kruskal-Wallis,57.98888888888888,1.5804826742908116e-12,Reject H0 (Models Differ),Do Not Pool
standard,Project Management / Programme Management,Singapore,Neutral,Entry-Level,Communal,China,Hireability_Score,Kruskal-Wallis,53.47503962049841,1.4519889343281651e-11,Reject H0 (Models Differ),Do Not Pool
standard,Project Management / Programme Management,Singapore,Neutral,Entry-Level,Communal,China,Competence_Score,Kruskal-Wallis,51.501791668425206,3.824537847132235e-11,Reject H0 (Models Differ),Do Not Pool
standard,Project Management / Programme Management,Singapore,Neutral,Entry-Level,Communal,China,Fit_Score,Kruskal-Wallis,53.41917878645308,1.492362850290056e-11,Reject H0 (Models Differ),Do Not Pool
standard,Project Management / Programme Management,Singapore,Neutral,Entry-Level,Communal,China,Performance_Score,Kruskal-Wallis,49.050791716414786,1.2723799966631345e-10,Reject H0 (Models Differ),Do Not Pool
standard,Project Management / Programme Management,Singapore,Neutral,Entry-Level,Communal,China,Leadership_Avg,Kruskal-Wallis,30.226127578813156,1.2368751596033758e-06,Reject H0 (Models Differ),Do Not Pool
standard,Project Management / Programme Management,Singapore,Neutral,Entry-Level,Communal,China,Status_Score,Kruskal-Wallis,22.328567601666084,5.5727441961152046e-05,Reject H0 (Models Differ),Do Not Pool
standard,Project Management / Programme Management,Singapore,Neutral,Entry-Level,Communal,China,Warmth_Score,Kruskal-Wallis,23.46337468982629,3.2327908536889666e-05,Reject H0 (Models Differ),Do Not Pool
standard,Project Management / Programme Management,Singapore,Neutral,Entry-Level,Communal,USA,Hireability_Score,Kruskal-Wallis,61.18248862802638,3.2853149500470846e-13,Reject H0 (Models Differ),Do Not Pool
standard,Project Management / Programme Management,Singapore,Neutral,Entry-Level,Communal,USA,Competence_Score,Kruskal-Wallis,83.63341223584406,5.098800320595677e-18,Reject H0 (Models Differ),Do Not Pool
standard,Project Management / Programme Management,Singapore,Neutral,Entry-Level,Communal,USA,Fit_Score,Kruskal-Wallis,80.45951591722492,2.4460613833839044e-17,Reject H0 (Models Differ),Do Not Pool
standard,Project Management / Programme Management,Singapore,Neutral,Entry-Level,Communal,USA,Performance_Score,Kruskal-Wallis,86.29281649527289,1.3697095024488345e-18,Reject H0 (Models Differ),Do Not Pool
standard,Project Management / Programme Management,Singapore,Neutral,Entry-Level,Communal,USA,Leadership_Avg,Kruskal-Wallis,78.35905344536285,6.901958813234332e-17,Reject H0 (Models Differ),Do Not Pool
standard,Project Management / Programme Management,Singapore,Neutral,Entry-Level,Communal,USA,Status_Score,Kruskal-Wallis,91.39433352111169,1.0991287548125076e-19,Reject H0 (Models Differ),Do Not Pool
standard,Project Management / Programme Management,Singapore,Neutral,Entry-Level,Communal,USA,Warmth_Score,Kruskal-Wallis,34.715693882141224,1.398927829551004e-07,Reject H0 (Models Differ),Do Not Pool
standard,Project Management / Programme Management,Singapore,Neutral,Senior-Level,Agentic,China,Hireability_Score,Kruskal-Wallis,67.7672902233143,1.2830466911939072e-14,Reject H0 (Models Differ),Do Not Pool
standard,Project Management / Programme Management,Singapore,Neutral,Senior-Level,Agentic,China,Competence_Score,Kruskal-Wallis,56.92021297970661,2.6726642196822526e-12,Reject H0 (Models Differ),Do Not Pool
standard,Project Management / Programme Management,Singapore,Neutral,Senior-Level,Agentic,China,Fit_Score,Kruskal-Wallis,69.35121496333707,5.877250695899738e-15,Reject H0 (Models Differ),Do Not Pool
standard,Project Management / Programme Management,Singapore,Neutral,Senior-Level,Agentic,China,Performance_Score,Kruskal-Wallis,54.6801649615354,8.034211026527335e-12,Reject H0 (Models Differ),Do Not Pool
standard,Project Management / Programme Management,Singapore,Neutral,Senior-Level,Agentic,China,Leadership_Avg,Kruskal-Wallis,52.67946475059874,2.1457619614741284e-11,Reject H0 (Models Differ),Do Not Pool
standard,Project Management / Programme Management,Singapore,Neutral,Senior-Level,Agentic,China,Status_Score,Kruskal-Wallis,54.70111132966164,7.951976153625911e-12,Reject H0 (Models Differ),Do Not Pool
standard,Project Management / Programme Management,Singapore,Neutral,Senior-Level,Agentic,China,Warmth_Score,Kruskal-Wallis,1.735779145825323,0.6290087867047343,Fail to Reject H0 (Models Equivalent),Pool
standard,Project Management / Programme Management,Singapore,Neutral,Senior-Level,Agentic,USA,Hireability_Score,Kruskal-Wallis,77.50669345930574,1.0513412934340866e-16,Reject H0 (Models Differ),Do Not Pool
standard,Project Management / Programme Management,Singapore,Neutral,Senior-Level,Agentic,USA,Competence_Score,Kruskal-Wallis,90.78669906930871,1.48448904117173e-19,Reject H0 (Models Differ),Do Not Pool
standard,Project Management / Programme Management,Singapore,Neutral,Senior-Level,Agentic,USA,Fit_Score,Kruskal-Wallis,76.50823630112852,1.7211188261467114e-16,Reject H0 (Models Differ),Do Not Pool
standard,Project Management / Programme Management,Singapore,Neutral,Senior-Level,Agentic,USA,Performance_Score,Kruskal-Wallis,83.87047754100378,4.535136882189173e-18,Reject H0 (Models Differ),Do Not Pool
standard,Project Management / Programme Management,Singapore,Neutral,Senior-Level,Agentic,USA,Leadership_Avg,Kruskal-Wallis,75.64553347194875,2.6347794234394287e-16,Reject H0 (Models Differ),Do Not Pool
standard,Project Management / Programme Management,Singapore,Neutral,Senior-Level,Agentic,USA,Status_Score,Kruskal-Wallis,85.3603632387779,2.171711203623827e-18,Reject H0 (Models Differ),Do Not Pool
standard,Project Management / Programme Management,Singapore,Neutral,Senior-Level,Agentic,USA,Warmth_Score,Kruskal-Wallis,22.659636765952563,4.754690916714566e-05,Reject H0 (Models Differ),Do Not Pool
standard,Project Management / Programme Management,Singapore,Neutral,Senior-Level,Communal,China,Hireability_Score,Kruskal-Wallis,53.218253559787236,1.6470833899471444e-11,Reject H0 (Models Differ),Do Not Pool
standard,Project Management / Programme Management,Singapore,Neutral,Senior-Level,Communal,China,Competence_Score,Kruskal-Wallis,56.021538461538405,4.156709689106618e-12,Reject H0 (Models Differ),Do Not Pool
standard,Project Management / Programme Management,Singapore,Neutral,Senior-Level,Communal,China,Fit_Score,Kruskal-Wallis,57.95591458805743,1.6063144325038709e-12,Reject H0 (Models Differ),Do Not Pool
standard,Project Management / Programme Management,Singapore,Neutral,Senior-Level,Communal,China,Performance_Score,Kruskal-Wallis,37.74416597048174,3.201871069622049e-08,Reject H0 (Models Differ),Do Not Pool
standard,Project Management / Programme Management,Singapore,Neutral,Senior-Level,Communal,China,Leadership_Avg,Kruskal-Wallis,43.131498017613445,2.3077657967942174e-09,Reject H0 (Models Differ),Do Not Pool
standard,Project Management / Programme Management,Singapore,Neutral,Senior-Level,Communal,China,Status_Score,Kruskal-Wallis,35.70027785560845,8.664624962767163e-08,Reject H0 (Models Differ),Do Not Pool
standard,Project Management / Programme Management,Singapore,Neutral,Senior-Level,Communal,China,Warmth_Score,Kruskal-Wallis,35.83572084481186,8.11182267850057e-08,Reject H0 (Models Differ),Do Not Pool
standard,Project Management / Programme Management,Singapore,Neutral,Senior-Level,Communal,USA,Hireability_Score,Kruskal-Wallis,67.34080581182867,1.5831437828905322e-14,Reject H0 (Models Differ),Do Not Pool
standard,Project Management / Programme Management,Singapore,Neutral,Senior-Level,Communal,USA,Competence_Score,Kruskal-Wallis,87.78168385287023,6.560804630093956e-19,Reject H0 (Models Differ),Do Not Pool
standard,Project Management / Programme Management,Singapore,Neutral,Senior-Level,Communal,USA,Fit_Score,Kruskal-Wallis,78.43775219853823,6.638894487927756e-17,Reject H0 (Models Differ),Do Not Pool
standard,Project Management / Programme Management,Singapore,Neutral,Senior-Level,Communal,USA,Performance_Score,Kruskal-Wallis,76.05510409592277,2.1525334569912237e-16,Reject H0 (Models Differ),Do Not Pool
standard,Project Management / Programme Management,Singapore,Neutral,Senior-Level,Communal,USA,Leadership_Avg,Kruskal-Wallis,72.96358727501045,9.896597144729753e-16,Reject H0 (Models Differ),Do Not Pool
standard,Project Management / Programme Management,Singapore,Neutral,Senior-Level,Communal,USA,Status_Score,Kruskal-Wallis,76.5489478932165,1.6868755989669174e-16,Reject H0 (Models Differ),Do Not Pool
standard,Project Management / Programme Management,Singapore,Neutral,Senior-Level,Communal,USA,Warmth_Score,Kruskal-Wallis,45.142521367521326,8.629358137569108e-10,Reject H0 (Models Differ),Do Not Pool
standard,Project Management / Programme Management,USA,Balanced,Entry-Level,Agentic,China,Hireability_Score,Kruskal-Wallis,57.74086956521738,1.7854444073691092e-12,Reject H0 (Models Differ),Do Not Pool
standard,Project Management / Programme Management,USA,Balanced,Entry-Level,Agentic,China,Competence_Score,Kruskal-Wallis,28.372975146198844,3.0328305697334977e-06,Reject H0 (Models Differ),Do Not Pool
standard,Project Management / Programme Management,USA,Balanced,Entry-Level,Agentic,China,Fit_Score,Kruskal-Wallis,55.96133688138134,4.281507901138527e-12,Reject H0 (Models Differ),Do Not Pool
standard,Project Management / Programme Management,USA,Balanced,Entry-Level,Agentic,China,Performance_Score,Kruskal-Wallis,53.360059242834,1.5363146131273033e-11,Reject H0 (Models Differ),Do Not Pool
standard,Project Management / Programme Management,USA,Balanced,Entry-Level,Agentic,China,Leadership_Avg,Kruskal-Wallis,54.21166368555077,1.011285039725085e-11,Reject H0 (Models Differ),Do Not Pool
standard,Project Management / Programme Management,USA,Balanced,Entry-Level,Agentic,China,Status_Score,Kruskal-Wallis,20.7644394469432,0.00011782523459194479,Reject H0 (Models Differ),Do Not Pool
standard,Project Management / Programme Management,USA,Balanced,Entry-Level,Agentic,China,Warmth_Score,Kruskal-Wallis,13.34312831121926,0.003950382769179625,Reject H0 (Models Differ),Do Not Pool
standard,Project Management / Programme Management,USA,Balanced,Entry-Level,Agentic,USA,Hireability_Score,Kruskal-Wallis,63.56766368806523,1.0155306620208658e-13,Reject H0 (Models Differ),Do Not Pool
standard,Project Management / Programme Management,USA,Balanced,Entry-Level,Agentic,USA,Competence_Score,Kruskal-Wallis,80.85587136027804,2.011135856789913e-17,Reject H0 (Models Differ),Do Not Pool
standard,Project Management / Programme Management,USA,Balanced,Entry-Level,Agentic,USA,Fit_Score,Kruskal-Wallis,85.99358537693016,1.5880651604044585e-18,Reject H0 (Models Differ),Do Not Pool
standard,Project Management / Programme Management,USA,Balanced,Entry-Level,Agentic,USA,Performance_Score,Kruskal-Wallis,86.17307820566903,1.4532306552838933e-18,Reject H0 (Models Differ),Do Not Pool
standard,Project Management / Programme Management,USA,Balanced,Entry-Level,Agentic,USA,Leadership_Avg,Kruskal-Wallis,91.07850308818115,1.2849746033313089e-19,Reject H0 (Models Differ),Do Not Pool
standard,Project Management / Programme Management,USA,Balanced,Entry-Level,Agentic,USA,Status_Score,Kruskal-Wallis,97.77634607611634,4.6727084016194904e-21,Reject H0 (Models Differ),Do Not Pool
standard,Project Management / Programme Management,USA,Balanced,Entry-Level,Agentic,USA,Warmth_Score,Kruskal-Wallis,78.39268501901238,6.788287817493866e-17,Reject H0 (Models Differ),Do Not Pool
standard,Project Management / Programme Management,USA,Balanced,Entry-Level,Communal,China,Hireability_Score,Kruskal-Wallis,54.20423232919544,1.0149825001157824e-11,Reject H0 (Models Differ),Do Not Pool
standard,Project Management / Programme Management,USA,Balanced,Entry-Level,Communal,China,Competence_Score,Kruskal-Wallis,51.396950710108634,4.0264162467548316e-11,Reject H0 (Models Differ),Do Not Pool
standard,Project Management / Programme Management,USA,Balanced,Entry-Level,Communal,China,Fit_Score,Kruskal-Wallis,55.980291552987715,4.24181609802425e-12,Reject H0 (Models Differ),Do Not Pool
standard,Project Management / Programme Management,USA,Balanced,Entry-Level,Communal,China,Performance_Score,Kruskal-Wallis,47.45238063465057,2.784803529546978e-10,Reject H0 (Models Differ),Do Not Pool
standard,Project Management / Programme Management,USA,Balanced,Entry-Level,Communal,China,Leadership_Avg,Kruskal-Wallis,42.498793068368215,3.1442221984279375e-09,Reject H0 (Models Differ),Do Not Pool
standard,Project Management / Programme Management,USA,Balanced,Entry-Level,Communal,China,Status_Score,Kruskal-Wallis,29.473863928113,1.7804897146070745e-06,Reject H0 (Models Differ),Do Not Pool
standard,Project Management / Programme Management,USA,Balanced,Entry-Level,Communal,China,Warmth_Score,Kruskal-Wallis,11.417186827378352,0.009671208527150924,Reject H0 (Models Differ),Do Not Pool
standard,Project Management / Programme Management,USA,Balanced,Entry-Level,Communal,USA,Hireability_Score,Kruskal-Wallis,60.00286953321589,5.869938787674749e-13,Reject H0 (Models Differ),Do Not Pool
standard,Project Management / Programme Management,USA,Balanced,Entry-Level,Communal,USA,Competence_Score,Kruskal-Wallis,80.32310589983017,2.6165485111340137e-17,Reject H0 (Models Differ),Do Not Pool
standard,Project Management / Programme Management,USA,Balanced,Entry-Level,Communal,USA,Fit_Score,Kruskal-Wallis,82.91359516576743,7.27680600252753e-18,Reject H0 (Models Differ),Do Not Pool
standard,Project Management / Programme Management,USA,Balanced,Entry-Level,Communal,USA,Performance_Score,Kruskal-Wallis,88.46023451099667,4.690801699955843e-19,Reject H0 (Models Differ),Do Not Pool
standard,Project Management / Programme Management,USA,Balanced,Entry-Level,Communal,USA,Leadership_Avg,Kruskal-Wallis,88.88399037225129,3.8040370307682244e-19,Reject H0 (Models Differ),Do Not Pool
standard,Project Management / Programme Management,USA,Balanced,Entry-Level,Communal,USA,Status_Score,Kruskal-Wallis,95.22521149649442,1.651638655800552e-20,Reject H0 (Models Differ),Do Not Pool
standard,Project Management / Programme Management,USA,Balanced,Entry-Level,Communal,USA,Warmth_Score,Kruskal-Wallis,44.96195975503063,9.426553588929558e-10,Reject H0 (Models Differ),Do Not Pool
standard,Project Management / Programme Management,USA,Balanced,Senior-Level,Agentic,China,Hireability_Score,Kruskal-Wallis,73.65131354587989,7.049068972034974e-16,Reject H0 (Models Differ),Do Not Pool
standard,Project Management / Programme Management,USA,Balanced,Senior-Level,Agentic,China,Competence_Score,Kruskal-Wallis,70.5814631302827,3.204370859111474e-15,Reject H0 (Models Differ),Do Not Pool
standard,Project Management / Programme Management,USA,Balanced,Senior-Level,Agentic,China,Fit_Score,Kruskal-Wallis,87.07404859746293,9.308923370069616e-19,Reject H0 (Models Differ),Do Not Pool
standard,Project Management / Programme Management,USA,Balanced,Senior-Level,Agentic,China,Performance_Score,Kruskal-Wallis,63.80791283935924,9.022318563340272e-14,Reject H0 (Models Differ),Do Not Pool
standard,Project Management / Programme Management,USA,Balanced,Senior-Level,Agentic,China,Leadership_Avg,Kruskal-Wallis,59.808665987317,6.458367988913169e-13,Reject H0 (Models Differ),Do Not Pool
standard,Project Management / Programme Management,USA,Balanced,Senior-Level,Agentic,China,Status_Score,Kruskal-Wallis,68.79478473551487,7.732159494361984e-15,Reject H0 (Models Differ),Do Not Pool
standard,Project Management / Programme Management,USA,Balanced,Senior-Level,Agentic,China,Warmth_Score,Kruskal-Wallis,10.740417940876561,0.013215627428346784,Reject H0 (Models Differ),Do Not Pool
standard,Project Management / Programme Management,USA,Balanced,Senior-Level,Agentic,USA,Hireability_Score,Kruskal-Wallis,73.72257693082317,6.805525057028593e-16,Reject H0 (Models Differ),Do Not Pool
standard,Project Management / Programme Management,USA,Balanced,Senior-Level,Agentic,USA,Competence_Score,Kruskal-Wallis,85.11535591853192,2.451290162577001e-18,Reject H0 (Models Differ),Do Not Pool
standard,Project Management / Programme Management,USA,Balanced,Senior-Level,Agentic,USA,Fit_Score,Kruskal-Wallis,77.43586830392155,1.088753659628369e-16,Reject H0 (Models Differ),Do Not Pool
standard,Project Management / Programme Management,USA,Balanced,Senior-Level,Agentic,USA,Performance_Score,Kruskal-Wallis,79.9704571867904,3.1143901999021987e-17,Reject H0 (Models Differ),Do Not Pool
standard,Project Management / Programme Management,USA,Balanced,Senior-Level,Agentic,USA,Leadership_Avg,Kruskal-Wallis,71.84699360710638,1.7166874065874841e-15,Reject H0 (Models Differ),Do Not Pool
standard,Project Management / Programme Management,USA,Balanced,Senior-Level,Agentic,USA,Status_Score,Kruskal-Wallis,82.81236692333445,7.650029998713817e-18,Reject H0 (Models Differ),Do Not Pool
standard,Project Management / Programme Management,USA,Balanced,Senior-Level,Agentic,USA,Warmth_Score,Kruskal-Wallis,43.58062678062683,1.8527503534375485e-09,Reject H0 (Models Differ),Do Not Pool
standard,Project Management / Programme Management,USA,Balanced,Senior-Level,Communal,China,Hireability_Score,Kruskal-Wallis,65.17566951870388,4.600260768304621e-14,Reject H0 (Models Differ),Do Not Pool
standard,Project Management / Programme Management,USA,Balanced,Senior-Level,Communal,China,Competence_Score,Kruskal-Wallis,46.200491803278695,5.141223402093811e-10,Reject H0 (Models Differ),Do Not Pool
standard,Project Management / Programme Management,USA,Balanced,Senior-Level,Communal,China,Fit_Score,Kruskal-Wallis,67.05586458855518,1.8217972523362632e-14,Reject H0 (Models Differ),Do Not Pool
standard,Project Management / Programme Management,USA,Balanced,Senior-Level,Communal,China,Performance_Score,Kruskal-Wallis,57.12842818679785,2.4126675047269873e-12,Reject H0 (Models Differ),Do Not Pool
standard,Project Management / Programme Management,USA,Balanced,Senior-Level,Communal,China,Leadership_Avg,Kruskal-Wallis,59.62122536258826,7.08215047452477e-13,Reject H0 (Models Differ),Do Not Pool
standard,Project Management / Programme Management,USA,Balanced,Senior-Level,Communal,China,Status_Score,Kruskal-Wallis,48.6401721513672,1.5560616424155347e-10,Reject H0 (Models Differ),Do Not Pool
standard,Project Management / Programme Management,USA,Balanced,Senior-Level,Communal,China,Warmth_Score,Kruskal-Wallis,10.153327541268425,0.017306766230727837,Reject H0 (Models Differ),Do Not Pool
standard,Project Management / Programme Management,USA,Balanced,Senior-Level,Communal,USA,Hireability_Score,Kruskal-Wallis,73.88218410312358,6.290146383507834e-16,Reject H0 (Models Differ),Do Not Pool
standard,Project Management / Programme Management,USA,Balanced,Senior-Level,Communal,USA,Competence_Score,Kruskal-Wallis,84.75071403692094,2.935382081660933e-18,Reject H0 (Models Differ),Do Not Pool
standard,Project Management / Programme Management,USA,Balanced,Senior-Level,Communal,USA,Fit_Score,Kruskal-Wallis,86.74525735860689,1.0951972615120453e-18,Reject H0 (Models Differ),Do Not Pool
standard,Project Management / Programme Management,USA,Balanced,Senior-Level,Communal,USA,Performance_Score,Kruskal-Wallis,76.80442816855631,1.487002038639544e-16,Reject H0 (Models Differ),Do Not Pool
standard,Project Management / Programme Management,USA,Balanced,Senior-Level,Communal,USA,Leadership_Avg,Kruskal-Wallis,71.8677961634395,1.6991635629967096e-15,Reject H0 (Models Differ),Do Not Pool
standard,Project Management / Programme Management,USA,Balanced,Senior-Level,Communal,USA,Status_Score,Kruskal-Wallis,80.55225573902284,2.3365404625109613e-17,Reject H0 (Models Differ),Do Not Pool
standard,Project Management / Programme Management,USA,Balanced,Senior-Level,Communal,USA,Warmth_Score,Kruskal-Wallis,26.16841763463142,8.793547687879365e-06,Reject H0 (Models Differ),Do Not Pool
standard,Project Management / Programme Management,USA,Neutral,Entry-Level,Agentic,China,Hireability_Score,Kruskal-Wallis,41.36059635560462,5.483243338716295e-09,Reject H0 (Models Differ),Do Not Pool
standard,Project Management / Programme Management,USA,Neutral,Entry-Level,Agentic,China,Competence_Score,Kruskal-Wallis,23.380687830687773,3.363756565106674e-05,Reject H0 (Models Differ),Do Not Pool
standard,Project Management / Programme Management,USA,Neutral,Entry-Level,Agentic,China,Fit_Score,Kruskal-Wallis,49.623691721787935,9.608115414567567e-11,Reject H0 (Models Differ),Do Not Pool
standard,Project Management / Programme Management,USA,Neutral,Entry-Level,Agentic,China,Performance_Score,Kruskal-Wallis,39.414398058186286,1.4179689500998902e-08,Reject H0 (Models Differ),Do Not Pool
standard,Project Management / Programme Management,USA,Neutral,Entry-Level,Agentic,China,Leadership_Avg,Kruskal-Wallis,46.3331452536722,4.817907124795321e-10,Reject H0 (Models Differ),Do Not Pool
standard,Project Management / Programme Management,USA,Neutral,Entry-Level,Agentic,China,Status_Score,Kruskal-Wallis,4.715372844515183,0.1938653964117873,Fail to Reject H0 (Models Equivalent),Pool
standard,Project Management / Programme Management,USA,Neutral,Entry-Level,Agentic,China,Warmth_Score,Kruskal-Wallis,1.3709319169483132,0.7123623708346476,Fail to Reject H0 (Models Equivalent),Pool
standard,Project Management / Programme Management,USA,Neutral,Entry-Level,Agentic,USA,Hireability_Score,Kruskal-Wallis,68.11093593768165,1.0831487837936883e-14,Reject H0 (Models Differ),Do Not Pool
standard,Project Management / Programme Management,USA,Neutral,Entry-Level,Agentic,USA,Competence_Score,Kruskal-Wallis,70.2609376548716,3.753034705204224e-15,Reject H0 (Models Differ),Do Not Pool
standard,Project Management / Programme Management,USA,Neutral,Entry-Level,Agentic,USA,Fit_Score,Kruskal-Wallis,83.24724198370963,6.170808835827944e-18,Reject H0 (Models Differ),Do Not Pool
standard,Project Management / Programme Management,USA,Neutral,Entry-Level,Agentic,USA,Performance_Score,Kruskal-Wallis,88.57865586149303,4.424012575114114e-19,Reject H0 (Models Differ),Do Not Pool
standard,Project Management / Programme Management,USA,Neutral,Entry-Level,Agentic,USA,Leadership_Avg,Kruskal-Wallis,86.65963473152212,1.1425505062380311e-18,Reject H0 (Models Differ),Do Not Pool
standard,Project Management / Programme Management,USA,Neutral,Entry-Level,Agentic,USA,Status_Score,Kruskal-Wallis,89.63857079795386,2.6193018921487886e-19,Reject H0 (Models Differ),Do Not Pool
standard,Project Management / Programme Management,USA,Neutral,Entry-Level,Agentic,USA,Warmth_Score,Kruskal-Wallis,61.562771959807584,2.7246028431632096e-13,Reject H0 (Models Differ),Do Not Pool
standard,Project Management / Programme Management,USA,Neutral,Entry-Level,Communal,China,Hireability_Score,Kruskal-Wallis,55.605855635525096,5.0986109806693844e-12,Reject H0 (Models Differ),Do Not Pool
standard,Project Management / Programme Management,USA,Neutral,Entry-Level,Communal,China,Competence_Score,Kruskal-Wallis,44.23833450939951,1.3431088713428558e-09,Reject H0 (Models Differ),Do Not Pool
standard,Project Management / Programme Management,USA,Neutral,Entry-Level,Communal,China,Fit_Score,Kruskal-Wallis,56.336140569765014,3.5613085541316515e-12,Reject H0 (Models Differ),Do Not Pool
standard,Project Management / Programme Management,USA,Neutral,Entry-Level,Communal,China,Performance_Score,Kruskal-Wallis,51.295388970051086,4.232128394279022e-11,Reject H0 (Models Differ),Do Not Pool
standard,Project Management / Programme Management,USA,Neutral,Entry-Level,Communal,China,Leadership_Avg,Kruskal-Wallis,38.85717595238296,1.8608921197503138e-08,Reject H0 (Models Differ),Do Not Pool
standard,Project Management / Programme Management,USA,Neutral,Entry-Level,Communal,China,Status_Score,Kruskal-Wallis,9.8659875252786,0.019740322404065702,Reject H0 (Models Differ),Do Not Pool
standard,Project Management / Programme Management,USA,Neutral,Entry-Level,Communal,China,Warmth_Score,Kruskal-Wallis,24.365339205397227,2.0955484632990394e-05,Reject H0 (Models Differ),Do Not Pool
standard,Project Management / Programme Management,USA,Neutral,Entry-Level,Communal,USA,Hireability_Score,Kruskal-Wallis,53.63900079617305,1.3396792652597048e-11,Reject H0 (Models Differ),Do Not Pool
standard,Project Management / Programme Management,USA,Neutral,Entry-Level,Communal,USA,Competence_Score,Kruskal-Wallis,83.99771510641074,4.258755573588781e-18,Reject H0 (Models Differ),Do Not Pool
standard,Project Management / Programme Management,USA,Neutral,Entry-Level,Communal,USA,Fit_Score,Kruskal-Wallis,79.53933521514129,3.8534040023284296e-17,Reject H0 (Models Differ),Do Not Pool
standard,Project Management / Programme Management,USA,Neutral,Entry-Level,Communal,USA,Performance_Score,Kruskal-Wallis,89.66365964315816,2.5870036377266695e-19,Reject H0 (Models Differ),Do Not Pool
standard,Project Management / Programme Management,USA,Neutral,Entry-Level,Communal,USA,Leadership_Avg,Kruskal-Wallis,86.67365510032847,1.1346587522488983e-18,Reject H0 (Models Differ),Do Not Pool
standard,Project Management / Programme Management,USA,Neutral,Entry-Level,Communal,USA,Status_Score,Kruskal-Wallis,94.833174397614,2.0052441980029026e-20,Reject H0 (Models Differ),Do Not Pool
standard,Project Management / Programme Management,USA,Neutral,Entry-Level,Communal,USA,Warmth_Score,Kruskal-Wallis,62.26310237181096,1.9302294372036238e-13,Reject H0 (Models Differ),Do Not Pool
standard,Project Management / Programme Management,USA,Neutral,Senior-Level,Agentic,China,Hireability_Score,Kruskal-Wallis,60.842344173441695,3.8838790690895167e-13,Reject H0 (Models Differ),Do Not Pool
standard,Project Management / Programme Management,USA,Neutral,Senior-Level,Agentic,China,Competence_Score,Kruskal-Wallis,47.37209302325579,2.8965143725787903e-10,Reject H0 (Models Differ),Do Not Pool
standard,Project Management / Programme Management,USA,Neutral,Senior-Level,Agentic,China,Fit_Score,Kruskal-Wallis,68.60857427319789,8.475469400873992e-15,Reject H0 (Models Differ),Do Not Pool
standard,Project Management / Programme Management,USA,Neutral,Senior-Level,Agentic,China,Performance_Score,Kruskal-Wallis,58.49587856375992,1.2317619320343e-12,Reject H0 (Models Differ),Do Not Pool
standard,Project Management / Programme Management,USA,Neutral,Senior-Level,Agentic,China,Leadership_Avg,Kruskal-Wallis,49.85421321087277,8.581224962146631e-11,Reject H0 (Models Differ),Do Not Pool
standard,Project Management / Programme Management,USA,Neutral,Senior-Level,Agentic,China,Status_Score,Kruskal-Wallis,45.80777777777771,6.231108707643338e-10,Reject H0 (Models Differ),Do Not Pool
standard,Project Management / Programme Management,USA,Neutral,Senior-Level,Agentic,China,Warmth_Score,Kruskal-Wallis,2.644444444444425,0.4497510823810621,Fail to Reject H0 (Models Equivalent),Pool
standard,Project Management / Programme Management,USA,Neutral,Senior-Level,Agentic,USA,Hireability_Score,Kruskal-Wallis,84.70526800161812,3.0020595592549346e-18,Reject H0 (Models Differ),Do Not Pool
standard,Project Management / Programme Management,USA,Neutral,Senior-Level,Agentic,USA,Competence_Score,Kruskal-Wallis,83.80969440164355,4.673427275956154e-18,Reject H0 (Models Differ),Do Not Pool
standard,Project Management / Programme Management,USA,Neutral,Senior-Level,Agentic,USA,Fit_Score,Kruskal-Wallis,77.07535931453836,1.3008437059857808e-16,Reject H0 (Models Differ),Do Not Pool
standard,Project Management / Programme Management,USA,Neutral,Senior-Level,Agentic,USA,Performance_Score,Kruskal-Wallis,79.93774585962771,3.165115050254545e-17,Reject H0 (Models Differ),Do Not Pool
standard,Project Management / Programme Management,USA,Neutral,Senior-Level,Agentic,USA,Leadership_Avg,Kruskal-Wallis,80.61728877297426,2.2626772368823512e-17,Reject H0 (Models Differ),Do Not Pool
standard,Project Management / Programme Management,USA,Neutral,Senior-Level,Agentic,USA,Status_Score,Kruskal-Wallis,86.53485252140821,1.2152499432383384e-18,Reject H0 (Models Differ),Do Not Pool
standard,Project Management / Programme Management,USA,Neutral,Senior-Level,Agentic,USA,Warmth_Score,Kruskal-Wallis,20.974768209464628,0.00010655405372346561,Reject H0 (Models Differ),Do Not Pool
standard,Project Management / Programme Management,USA,Neutral,Senior-Level,Communal,China,Hireability_Score,Kruskal-Wallis,67.53118581135612,1.441370009170308e-14,Reject H0 (Models Differ),Do Not Pool
standard,Project Management / Programme Management,USA,Neutral,Senior-Level,Communal,China,Competence_Score,Kruskal-Wallis,65.29951690821251,4.328022133668122e-14,Reject H0 (Models Differ),Do Not Pool
standard,Project Management / Programme Management,USA,Neutral,Senior-Level,Communal,China,Fit_Score,Kruskal-Wallis,88.90560640732261,3.7635919099142587e-19,Reject H0 (Models Differ),Do Not Pool
standard,Project Management / Programme Management,USA,Neutral,Senior-Level,Communal,China,Performance_Score,Kruskal-Wallis,63.696815405708534,9.529620285443283e-14,Reject H0 (Models Differ),Do Not Pool
standard,Project Management / Programme Management,USA,Neutral,Senior-Level,Communal,China,Leadership_Avg,Kruskal-Wallis,66.01443208035596,3.043288628507893e-14,Reject H0 (Models Differ),Do Not Pool
standard,Project Management / Programme Management,USA,Neutral,Senior-Level,Communal,China,Status_Score,Kruskal-Wallis,70.23007252281619,3.810588510317699e-15,Reject H0 (Models Differ),Do Not Pool
standard,Project Management / Programme Management,USA,Neutral,Senior-Level,Communal,China,Warmth_Score,Kruskal-Wallis,35.0090322580645,1.2129085486332806e-07,Reject H0 (Models Differ),Do Not Pool
standard,Project Management / Programme Management,USA,Neutral,Senior-Level,Communal,USA,Hireability_Score,Kruskal-Wallis,71.72702470422585,1.8213313242890298e-15,Reject H0 (Models Differ),Do Not Pool
standard,Project Management / Programme Management,USA,Neutral,Senior-Level,Communal,USA,Competence_Score,Kruskal-Wallis,85.15825825825827,2.3998579639471846e-18,Reject H0 (Models Differ),Do Not Pool
standard,Project Management / Programme Management,USA,Neutral,Senior-Level,Communal,USA,Fit_Score,Kruskal-Wallis,78.60594277329419,6.109805010789448e-17,Reject H0 (Models Differ),Do Not Pool
standard,Project Management / Programme Management,USA,Neutral,Senior-Level,Communal,USA,Performance_Score,Kruskal-Wallis,76.26302028081919,1.9425817994204506e-16,Reject H0 (Models Differ),Do Not Pool
standard,Project Management / Programme Management,USA,Neutral,Senior-Level,Communal,USA,Leadership_Avg,Kruskal-Wallis,73.58201794887322,7.294239945817338e-16,Reject H0 (Models Differ),Do Not Pool
standard,Project Management / Programme Management,USA,Neutral,Senior-Level,Communal,USA,Status_Score,Kruskal-Wallis,80.79718330909677,2.070291271229492e-17,Reject H0 (Models Differ),Do Not Pool
standard,Project Management / Programme Management,USA,Neutral,Senior-Level,Communal,USA,Warmth_Score,Kruskal-Wallis,26.50382415639777,7.48010561393656e-06,Reject H0 (Models Differ),Do Not Pool
standard,Sales / Business Development,China,Balanced,Entry-Level,Agentic,China,Hireability_Score,Kruskal-Wallis,48.43814238998309,1.7180203862956553e-10,Reject H0 (Models Differ),Do Not Pool
standard,Sales / Business Development,China,Balanced,Entry-Level,Agentic,China,Competence_Score,Kruskal-Wallis,26.12202564102562,8.992475497286217e-06,Reject H0 (Models Differ),Do Not Pool
standard,Sales / Business Development,China,Balanced,Entry-Level,Agentic,China,Fit_Score,Kruskal-Wallis,46.711338093783695,4.003397872417377e-10,Reject H0 (Models Differ),Do Not Pool
standard,Sales / Business Development,China,Balanced,Entry-Level,Agentic,China,Performance_Score,Kruskal-Wallis,49.51789644824014,1.0119651966916392e-10,Reject H0 (Models Differ),Do Not Pool
standard,Sales / Business Development,China,Balanced,Entry-Level,Agentic,China,Leadership_Avg,Kruskal-Wallis,15.731530147292592,0.0012871327432943086,Reject H0 (Models Differ),Do Not Pool
standard,Sales / Business Development,China,Balanced,Entry-Level,Agentic,China,Status_Score,Kruskal-Wallis,1.7446676970633133,0.627049226257635,Fail to Reject H0 (Models Equivalent),Pool
standard,Sales / Business Development,China,Balanced,Entry-Level,Agentic,China,Warmth_Score,Kruskal-Wallis,6.70404721204724,0.08195355776105014,Fail to Reject H0 (Models Equivalent),Pool
standard,Sales / Business Development,China,Balanced,Entry-Level,Agentic,USA,Hireability_Score,Kruskal-Wallis,41.145795352284125,6.089778497619463e-09,Reject H0 (Models Differ),Do Not Pool
standard,Sales / Business Development,China,Balanced,Entry-Level,Agentic,USA,Competence_Score,Kruskal-Wallis,74.94368939362762,3.725421321004401e-16,Reject H0 (Models Differ),Do Not Pool
standard,Sales / Business Development,China,Balanced,Entry-Level,Agentic,USA,Fit_Score,Kruskal-Wallis,86.2240681932141,1.4170585194037492e-18,Reject H0 (Models Differ),Do Not Pool
standard,Sales / Business Development,China,Balanced,Entry-Level,Agentic,USA,Performance_Score,Kruskal-Wallis,72.68426930117467,1.1358686889202434e-15,Reject H0 (Models Differ),Do Not Pool
standard,Sales / Business Development,China,Balanced,Entry-Level,Agentic,USA,Leadership_Avg,Kruskal-Wallis,88.08364851402541,5.6508736601691855e-19,Reject H0 (Models Differ),Do Not Pool
standard,Sales / Business Development,China,Balanced,Entry-Level,Agentic,USA,Status_Score,Kruskal-Wallis,85.72534393572535,1.8132307417308046e-18,Reject H0 (Models Differ),Do Not Pool
standard,Sales / Business Development,China,Balanced,Entry-Level,Agentic,USA,Warmth_Score,Kruskal-Wallis,67.12326933056563,1.762281272846037e-14,Reject H0 (Models Differ),Do Not Pool
standard,Sales / Business Development,China,Balanced,Entry-Level,Communal,China,Hireability_Score,Kruskal-Wallis,33.82563687494848,2.156414651838549e-07,Reject H0 (Models Differ),Do Not Pool
standard,Sales / Business Development,China,Balanced,Entry-Level,Communal,China,Competence_Score,Kruskal-Wallis,35.42749546279491,9.89474792224674e-08,Reject H0 (Models Differ),Do Not Pool
standard,Sales / Business Development,China,Balanced,Entry-Level,Communal,China,Fit_Score,Kruskal-Wallis,26.867274132979887,6.276868464828719e-06,Reject H0 (Models Differ),Do Not Pool
standard,Sales / Business Development,China,Balanced,Entry-Level,Communal,China,Performance_Score,Kruskal-Wallis,34.609085334895475,1.4733731627144814e-07,Reject H0 (Models Differ),Do Not Pool
standard,Sales / Business Development,China,Balanced,Entry-Level,Communal,China,Leadership_Avg,Kruskal-Wallis,13.54703303585402,0.003591282321490065,Reject H0 (Models Differ),Do Not Pool
standard,Sales / Business Development,China,Balanced,Entry-Level,Communal,China,Status_Score,Kruskal-Wallis,5.1632205727414595,0.16022812885762608,Fail to Reject H0 (Models Equivalent),Pool
standard,Sales / Business Development,China,Balanced,Entry-Level,Communal,China,Warmth_Score,Kruskal-Wallis,4.258030441557925,0.23491577759000443,Fail to Reject H0 (Models Equivalent),Pool
standard,Sales / Business Development,China,Balanced,Entry-Level,Communal,USA,Hireability_Score,Kruskal-Wallis,33.1579006330638,2.982894052723666e-07,Reject H0 (Models Differ),Do Not Pool
standard,Sales / Business Development,China,Balanced,Entry-Level,Communal,USA,Competence_Score,Kruskal-Wallis,65.41752182475737,4.083622714626213e-14,Reject H0 (Models Differ),Do Not Pool
standard,Sales / Business Development,China,Balanced,Entry-Level,Communal,USA,Fit_Score,Kruskal-Wallis,62.638573422123386,1.6045086150887547e-13,Reject H0 (Models Differ),Do Not Pool
standard,Sales / Business Development,China,Balanced,Entry-Level,Communal,USA,Performance_Score,Kruskal-Wallis,61.15037738262764,3.337639576641052e-13,Reject H0 (Models Differ),Do Not Pool
standard,Sales / Business Development,China,Balanced,Entry-Level,Communal,USA,Leadership_Avg,Kruskal-Wallis,78.27371706926054,7.198999333119378e-17,Reject H0 (Models Differ),Do Not Pool
standard,Sales / Business Development,China,Balanced,Entry-Level,Communal,USA,Status_Score,Kruskal-Wallis,77.70452999734033,9.535069984711683e-17,Reject H0 (Models Differ),Do Not Pool
standard,Sales / Business Development,China,Balanced,Entry-Level,Communal,USA,Warmth_Score,Kruskal-Wallis,33.75159022659021,2.2354315110000698e-07,Reject H0 (Models Differ),Do Not Pool
standard,Sales / Business Development,China,Balanced,Senior-Level,Agentic,China,Hireability_Score,Kruskal-Wallis,64.37064608214392,6.838674963276295e-14,Reject H0 (Models Differ),Do Not Pool
standard,Sales / Business Development,China,Balanced,Senior-Level,Agentic,China,Competence_Score,Kruskal-Wallis,49.125359032501876,1.2267100433776448e-10,Reject H0 (Models Differ),Do Not Pool
standard,Sales / Business Development,China,Balanced,Senior-Level,Agentic,China,Fit_Score,Kruskal-Wallis,53.88654648633164,1.1863464589395656e-11,Reject H0 (Models Differ),Do Not Pool
standard,Sales / Business Development,China,Balanced,Senior-Level,Agentic,China,Performance_Score,Kruskal-Wallis,52.429252516316346,2.4261511789840282e-11,Reject H0 (Models Differ),Do Not Pool
standard,Sales / Business Development,China,Balanced,Senior-Level,Agentic,China,Leadership_Avg,Kruskal-Wallis,44.71860648065162,1.0618600828842527e-09,Reject H0 (Models Differ),Do Not Pool
standard,Sales / Business Development,China,Balanced,Senior-Level,Agentic,China,Status_Score,Kruskal-Wallis,39.023226601699555,1.7161114064534895e-08,Reject H0 (Models Differ),Do Not Pool
standard,Sales / Business Development,China,Balanced,Senior-Level,Agentic,China,Warmth_Score,Kruskal-Wallis,5.650575125808758,0.1299048605491992,Fail to Reject H0 (Models Equivalent),Pool
standard,Sales / Business Development,China,Balanced,Senior-Level,Agentic,USA,Hireability_Score,Kruskal-Wallis,46.37447900710889,4.721377055348558e-10,Reject H0 (Models Differ),Do Not Pool
standard,Sales / Business Development,China,Balanced,Senior-Level,Agentic,USA,Competence_Score,Kruskal-Wallis,74.79860248601001,4.0019406069855616e-16,Reject H0 (Models Differ),Do Not Pool
standard,Sales / Business Development,China,Balanced,Senior-Level,Agentic,USA,Fit_Score,Kruskal-Wallis,69.90002641728749,4.484001877740936e-15,Reject H0 (Models Differ),Do Not Pool
standard,Sales / Business Development,China,Balanced,Senior-Level,Agentic,USA,Performance_Score,Kruskal-Wallis,70.48418995146261,3.361816891467039e-15,Reject H0 (Models Differ),Do Not Pool
standard,Sales / Business Development,China,Balanced,Senior-Level,Agentic,USA,Leadership_Avg,Kruskal-Wallis,74.14505382571544,5.524977398035795e-16,Reject H0 (Models Differ),Do Not Pool
standard,Sales / Business Development,China,Balanced,Senior-Level,Agentic,USA,Status_Score,Kruskal-Wallis,73.6970781658171,6.891685731070122e-16,Reject H0 (Models Differ),Do Not Pool
standard,Sales / Business Development,China,Balanced,Senior-Level,Agentic,USA,Warmth_Score,Kruskal-Wallis,49.25942180424928,1.1486815298617481e-10,Reject H0 (Models Differ),Do Not Pool
standard,Sales / Business Development,China,Balanced,Senior-Level,Communal,China,Hireability_Score,Kruskal-Wallis,65.521023691082,3.8806432845453035e-14,Reject H0 (Models Differ),Do Not Pool
standard,Sales / Business Development,China,Balanced,Senior-Level,Communal,China,Competence_Score,Kruskal-Wallis,47.54306220095691,2.663798916681091e-10,Reject H0 (Models Differ),Do Not Pool
standard,Sales / Business Development,China,Balanced,Senior-Level,Communal,China,Fit_Score,Kruskal-Wallis,53.03222093384988,1.804590997216843e-11,Reject H0 (Models Differ),Do Not Pool
standard,Sales / Business Development,China,Balanced,Senior-Level,Communal,China,Performance_Score,Kruskal-Wallis,50.293342645647414,6.918723934449507e-11,Reject H0 (Models Differ),Do Not Pool
standard,Sales / Business Development,China,Balanced,Senior-Level,Communal,China,Leadership_Avg,Kruskal-Wallis,41.13611303715476,6.118644202632659e-09,Reject H0 (Models Differ),Do Not Pool
standard,Sales / Business Development,China,Balanced,Senior-Level,Communal,China,Status_Score,Kruskal-Wallis,38.83167473028581,1.884182598148534e-08,Reject H0 (Models Differ),Do Not Pool
standard,Sales / Business Development,China,Balanced,Senior-Level,Communal,China,Warmth_Score,Kruskal-Wallis,2.6324888517279343,0.4518222788289672,Fail to Reject H0 (Models Equivalent),Pool
standard,Sales / Business Development,China,Balanced,Senior-Level,Communal,USA,Hireability_Score,Kruskal-Wallis,48.52098455059197,1.6496658824146746e-10,Reject H0 (Models Differ),Do Not Pool
standard,Sales / Business Development,China,Balanced,Senior-Level,Communal,USA,Competence_Score,Kruskal-Wallis,65.55069969578444,3.8243278660916053e-14,Reject H0 (Models Differ),Do Not Pool
standard,Sales / Business Development,China,Balanced,Senior-Level,Communal,USA,Fit_Score,Kruskal-Wallis,59.005894599552676,9.585221504606876e-13,Reject H0 (Models Differ),Do Not Pool
standard,Sales / Business Development,China,Balanced,Senior-Level,Communal,USA,Performance_Score,Kruskal-Wallis,60.33181826556369,4.992899621617634e-13,Reject H0 (Models Differ),Do Not Pool
standard,Sales / Business Development,China,Balanced,Senior-Level,Communal,USA,Leadership_Avg,Kruskal-Wallis,78.85241605493816,5.4096544395291216e-17,Reject H0 (Models Differ),Do Not Pool
standard,Sales / Business Development,China,Balanced,Senior-Level,Communal,USA,Status_Score,Kruskal-Wallis,63.75606997977973,9.255597952414032e-14,Reject H0 (Models Differ),Do Not Pool
standard,Sales / Business Development,China,Balanced,Senior-Level,Communal,USA,Warmth_Score,Kruskal-Wallis,18.17879471317687,0.000404036526032845,Reject H0 (Models Differ),Do Not Pool
standard,Sales / Business Development,China,Neutral,Entry-Level,Agentic,China,Hireability_Score,Kruskal-Wallis,57.93751669457113,1.6209101225822836e-12,Reject H0 (Models Differ),Do Not Pool
standard,Sales / Business Development,China,Neutral,Entry-Level,Agentic,China,Competence_Score,Kruskal-Wallis,44.870079103148484,9.860046042507204e-10,Reject H0 (Models Differ),Do Not Pool
standard,Sales / Business Development,China,Neutral,Entry-Level,Agentic,China,Fit_Score,Kruskal-Wallis,55.028776154401115,6.769795261968132e-12,Reject H0 (Models Differ),Do Not Pool
standard,Sales / Business Development,China,Neutral,Entry-Level,Agentic,China,Performance_Score,Kruskal-Wallis,55.19951107398179,6.2251587334287396e-12,Reject H0 (Models Differ),Do Not Pool
standard,Sales / Business Development,China,Neutral,Entry-Level,Agentic,China,Leadership_Avg,Kruskal-Wallis,8.968410184961083,0.02971385216975556,Reject H0 (Models Differ),Do Not Pool
standard,Sales / Business Development,China,Neutral,Entry-Level,Agentic,China,Status_Score,Kruskal-Wallis,10.571515519433904,0.014283531610334453,Reject H0 (Models Differ),Do Not Pool
standard,Sales / Business Development,China,Neutral,Entry-Level,Agentic,China,Warmth_Score,Kruskal-Wallis,8.958799178222945,0.029843719104141582,Reject H0 (Models Differ),Do Not Pool
standard,Sales / Business Development,China,Neutral,Entry-Level,Agentic,USA,Hireability_Score,Kruskal-Wallis,42.698051550121434,2.85243593815227e-09,Reject H0 (Models Differ),Do Not Pool
standard,Sales / Business Development,China,Neutral,Entry-Level,Agentic,USA,Competence_Score,Kruskal-Wallis,84.19722821831414,3.858889287246839e-18,Reject H0 (Models Differ),Do Not Pool
standard,Sales / Business Development,China,Neutral,Entry-Level,Agentic,USA,Fit_Score,Kruskal-Wallis,82.55732247505927,8.67743120920787e-18,Reject H0 (Models Differ),Do Not Pool
standard,Sales / Business Development,China,Neutral,Entry-Level,Agentic,USA,Performance_Score,Kruskal-Wallis,76.3965702160494,1.818652238437073e-16,Reject H0 (Models Differ),Do Not Pool
standard,Sales / Business Development,China,Neutral,Entry-Level,Agentic,USA,Leadership_Avg,Kruskal-Wallis,84.4493536972848,3.4068134752716756e-18,Reject H0 (Models Differ),Do Not Pool
standard,Sales / Business Development,China,Neutral,Entry-Level,Agentic,USA,Status_Score,Kruskal-Wallis,86.97946684438516,9.75454168537165e-19,Reject H0 (Models Differ),Do Not Pool
standard,Sales / Business Development,China,Neutral,Entry-Level,Agentic,USA,Warmth_Score,Kruskal-Wallis,43.501020733652325,1.926296857438768e-09,Reject H0 (Models Differ),Do Not Pool
standard,Sales / Business Development,China,Neutral,Entry-Level,Communal,China,Hireability_Score,Kruskal-Wallis,38.84108652656621,1.8755530225771168e-08,Reject H0 (Models Differ),Do Not Pool
standard,Sales / Business Development,China,Neutral,Entry-Level,Communal,China,Competence_Score,Kruskal-Wallis,29.998826623508,1.3808415693305655e-06,Reject H0 (Models Differ),Do Not Pool
standard,Sales / Business Development,China,Neutral,Entry-Level,Communal,China,Fit_Score,Kruskal-Wallis,36.67945336056027,5.378975118631529e-08,Reject H0 (Models Differ),Do Not Pool
standard,Sales / Business Development,China,Neutral,Entry-Level,Communal,China,Performance_Score,Kruskal-Wallis,44.191164252834824,1.3744605396624098e-09,Reject H0 (Models Differ),Do Not Pool
standard,Sales / Business Development,China,Neutral,Entry-Level,Communal,China,Leadership_Avg,Kruskal-Wallis,23.08214534045616,3.882178930894635e-05,Reject H0 (Models Differ),Do Not Pool
standard,Sales / Business Development,China,Neutral,Entry-Level,Communal,China,Status_Score,Kruskal-Wallis,4.573231459807274,0.20585048481028245,Fail to Reject H0 (Models Equivalent),Pool
standard,Sales / Business Development,China,Neutral,Entry-Level,Communal,China,Warmth_Score,Kruskal-Wallis,5.388625234597487,0.14545391049350792,Fail to Reject H0 (Models Equivalent),Pool
standard,Sales / Business Development,China,Neutral,Entry-Level,Communal,USA,Hireability_Score,Kruskal-Wallis,31.58854277633909,6.389811891783329e-07,Reject H0 (Models Differ),Do Not Pool
standard,Sales / Business Development,China,Neutral,Entry-Level,Communal,USA,Competence_Score,Kruskal-Wallis,61.83723900189482,2.38034287767824e-13,Reject H0 (Models Differ),Do Not Pool
standard,Sales / Business Development,China,Neutral,Entry-Level,Communal,USA,Fit_Score,Kruskal-Wallis,64.2875888953003,7.124191281270783e-14,Reject H0 (Models Differ),Do Not Pool
standard,Sales / Business Development,China,Neutral,Entry-Level,Communal,USA,Performance_Score,Kruskal-Wallis,54.890599170897,7.245247133332902e-12,Reject H0 (Models Differ),Do Not Pool
standard,Sales / Business Development,China,Neutral,Entry-Level,Communal,USA,Leadership_Avg,Kruskal-Wallis,71.80465590179774,1.752912198498418e-15,Reject H0 (Models Differ),Do Not Pool
standard,Sales / Business Development,China,Neutral,Entry-Level,Communal,USA,Status_Score,Kruskal-Wallis,76.58328885374453,1.6585209249320124e-16,Reject H0 (Models Differ),Do Not Pool
standard,Sales / Business Development,China,Neutral,Entry-Level,Communal,USA,Warmth_Score,Kruskal-Wallis,38.590252880518364,2.1196194770761266e-08,Reject H0 (Models Differ),Do Not Pool
standard,Sales / Business Development,China,Neutral,Senior-Level,Agentic,China,Hireability_Score,Kruskal-Wallis,57.58222951700835,1.930264734570886e-12,Reject H0 (Models Differ),Do Not Pool
standard,Sales / Business Development,China,Neutral,Senior-Level,Agentic,China,Competence_Score,Kruskal-Wallis,39.78928219717691,1.1809202422827487e-08,Reject H0 (Models Differ),Do Not Pool
standard,Sales / Business Development,China,Neutral,Senior-Level,Agentic,China,Fit_Score,Kruskal-Wallis,52.83396555058447,1.9890477487667525e-11,Reject H0 (Models Differ),Do Not Pool
standard,Sales / Business Development,China,Neutral,Senior-Level,Agentic,China,Performance_Score,Kruskal-Wallis,52.66405864504605,2.162049863970432e-11,Reject H0 (Models Differ),Do Not Pool
standard,Sales / Business Development,China,Neutral,Senior-Level,Agentic,China,Leadership_Avg,Kruskal-Wallis,38.9006815133046,1.8218199081646074e-08,Reject H0 (Models Differ),Do Not Pool
standard,Sales / Business Development,China,Neutral,Senior-Level,Agentic,China,Status_Score,Kruskal-Wallis,41.97350012790992,4.0644151438884795e-09,Reject H0 (Models Differ),Do Not Pool
standard,Sales / Business Development,China,Neutral,Senior-Level,Agentic,China,Warmth_Score,Kruskal-Wallis,2.7164335664334085,0.4374418021149368,Fail to Reject H0 (Models Equivalent),Pool
standard,Sales / Business Development,China,Neutral,Senior-Level,Agentic,USA,Hireability_Score,Kruskal-Wallis,49.21728125826059,1.172658676332798e-10,Reject H0 (Models Differ),Do Not Pool
standard,Sales / Business Development,China,Neutral,Senior-Level,Agentic,USA,Competence_Score,Kruskal-Wallis,68.45750948597967,9.130652300670913e-15,Reject H0 (Models Differ),Do Not Pool
standard,Sales / Business Development,China,Neutral,Senior-Level,Agentic,USA,Fit_Score,Kruskal-Wallis,69.0388313785709,6.8557394797962575e-15,Reject H0 (Models Differ),Do Not Pool
standard,Sales / Business Development,China,Neutral,Senior-Level,Agentic,USA,Performance_Score,Kruskal-Wallis,71.27428100301357,2.2769996004212263e-15,Reject H0 (Models Differ),Do Not Pool
standard,Sales / Business Development,China,Neutral,Senior-Level,Agentic,USA,Leadership_Avg,Kruskal-Wallis,76.73504614101978,1.5388147923025778e-16,Reject H0 (Models Differ),Do Not Pool
standard,Sales / Business Development,China,Neutral,Senior-Level,Agentic,USA,Status_Score,Kruskal-Wallis,71.70297452480942,1.8430644218048763e-15,Reject H0 (Models Differ),Do Not Pool
standard,Sales / Business Development,China,Neutral,Senior-Level,Agentic,USA,Warmth_Score,Kruskal-Wallis,35.48895496446193,9.603194640871653e-08,Reject H0 (Models Differ),Do Not Pool
standard,Sales / Business Development,China,Neutral,Senior-Level,Communal,China,Hireability_Score,Kruskal-Wallis,58.57556169931078,1.1844310525764415e-12,Reject H0 (Models Differ),Do Not Pool
standard,Sales / Business Development,China,Neutral,Senior-Level,Communal,China,Competence_Score,Kruskal-Wallis,50.56612309536039,6.05233604116697e-11,Reject H0 (Models Differ),Do Not Pool
standard,Sales / Business Development,China,Neutral,Senior-Level,Communal,China,Fit_Score,Kruskal-Wallis,48.17432686859323,1.9551294066709989e-10,Reject H0 (Models Differ),Do Not Pool
standard,Sales / Business Development,China,Neutral,Senior-Level,Communal,China,Performance_Score,Kruskal-Wallis,44.94438872896083,9.507954814933499e-10,Reject H0 (Models Differ),Do Not Pool
standard,Sales / Business Development,China,Neutral,Senior-Level,Communal,China,Leadership_Avg,Kruskal-Wallis,33.862394643615204,2.1182315459964827e-07,Reject H0 (Models Differ),Do Not Pool
standard,Sales / Business Development,China,Neutral,Senior-Level,Communal,China,Status_Score,Kruskal-Wallis,32.88667178306473,3.402907767089367e-07,Reject H0 (Models Differ),Do Not Pool
standard,Sales / Business Development,China,Neutral,Senior-Level,Communal,China,Warmth_Score,Kruskal-Wallis,6.137675339972121,0.10510079770806154,Fail to Reject H0 (Models Equivalent),Pool
standard,Sales / Business Development,China,Neutral,Senior-Level,Communal,USA,Hireability_Score,Kruskal-Wallis,53.52469079051507,1.4170203132001974e-11,Reject H0 (Models Differ),Do Not Pool
standard,Sales / Business Development,China,Neutral,Senior-Level,Communal,USA,Competence_Score,Kruskal-Wallis,70.23596441199952,3.799534260596643e-15,Reject H0 (Models Differ),Do Not Pool
standard,Sales / Business Development,China,Neutral,Senior-Level,Communal,USA,Fit_Score,Kruskal-Wallis,62.11829950259127,2.0728238848610588e-13,Reject H0 (Models Differ),Do Not Pool
standard,Sales / Business Development,China,Neutral,Senior-Level,Communal,USA,Performance_Score,Kruskal-Wallis,61.61842467355384,2.650992526944517e-13,Reject H0 (Models Differ),Do Not Pool
standard,Sales / Business Development,China,Neutral,Senior-Level,Communal,USA,Leadership_Avg,Kruskal-Wallis,84.76342222678157,2.9170032059678796e-18,Reject H0 (Models Differ),Do Not Pool
standard,Sales / Business Development,China,Neutral,Senior-Level,Communal,USA,Status_Score,Kruskal-Wallis,63.903058551909474,8.609370421095339e-14,Reject H0 (Models Differ),Do Not Pool
standard,Sales / Business Development,China,Neutral,Senior-Level,Communal,USA,Warmth_Score,Kruskal-Wallis,18.109995318351984,0.0004174604536368407,Reject H0 (Models Differ),Do Not Pool
standard,Sales / Business Development,Europe,Balanced,Entry-Level,Agentic,China,Hireability_Score,Kruskal-Wallis,47.08763718851966,3.329574995957191e-10,Reject H0 (Models Differ),Do Not Pool
standard,Sales / Business Development,Europe,Balanced,Entry-Level,Agentic,China,Competence_Score,Kruskal-Wallis,27.734804213873996,4.128617815889514e-06,Reject H0 (Models Differ),Do Not Pool
standard,Sales / Business Development,Europe,Balanced,Entry-Level,Agentic,China,Fit_Score,Kruskal-Wallis,52.48281931590256,2.3631958481877e-11,Reject H0 (Models Differ),Do Not Pool
standard,Sales / Business Development,Europe,Balanced,Entry-Level,Agentic,China,Performance_Score,Kruskal-Wallis,48.57792429311818,1.6042663143567583e-10,Reject H0 (Models Differ),Do Not Pool
standard,Sales / Business Development,Europe,Balanced,Entry-Level,Agentic,China,Leadership_Avg,Kruskal-Wallis,29.297755135517423,1.93892177056772e-06,Reject H0 (Models Differ),Do Not Pool
standard,Sales / Business Development,Europe,Balanced,Entry-Level,Agentic,China,Status_Score,Kruskal-Wallis,5.603803985480357,0.13256014576195432,Fail to Reject H0 (Models Equivalent),Pool
standard,Sales / Business Development,Europe,Balanced,Entry-Level,Agentic,China,Warmth_Score,Kruskal-Wallis,7.704245014245008,0.05253635810747897,Fail to Reject H0 (Models Equivalent),Pool
standard,Sales / Business Development,Europe,Balanced,Entry-Level,Agentic,USA,Hireability_Score,Kruskal-Wallis,44.168495873821335,1.3897861071880815e-09,Reject H0 (Models Differ),Do Not Pool
standard,Sales / Business Development,Europe,Balanced,Entry-Level,Agentic,USA,Competence_Score,Kruskal-Wallis,74.34080565567805,5.016273893142378e-16,Reject H0 (Models Differ),Do Not Pool
standard,Sales / Business Development,Europe,Balanced,Entry-Level,Agentic,USA,Fit_Score,Kruskal-Wallis,86.81540431442335,1.0578686462899997e-18,Reject H0 (Models Differ),Do Not Pool
standard,Sales / Business Development,Europe,Balanced,Entry-Level,Agentic,USA,Performance_Score,Kruskal-Wallis,71.53956056720372,1.997759671409507e-15,Reject H0 (Models Differ),Do Not Pool
standard,Sales / Business Development,Europe,Balanced,Entry-Level,Agentic,USA,Leadership_Avg,Kruskal-Wallis,90.4434038369143,1.759209364106811e-19,Reject H0 (Models Differ),Do Not Pool
standard,Sales / Business Development,Europe,Balanced,Entry-Level,Agentic,USA,Status_Score,Kruskal-Wallis,89.72135794992016,2.5142281501774727e-19,Reject H0 (Models Differ),Do Not Pool
standard,Sales / Business Development,Europe,Balanced,Entry-Level,Agentic,USA,Warmth_Score,Kruskal-Wallis,64.78380341880349,5.579613573888622e-14,Reject H0 (Models Differ),Do Not Pool
standard,Sales / Business Development,Europe,Balanced,Entry-Level,Communal,China,Hireability_Score,Kruskal-Wallis,29.69425075384041,1.6002988629524746e-06,Reject H0 (Models Differ),Do Not Pool
standard,Sales / Business Development,Europe,Balanced,Entry-Level,Communal,China,Competence_Score,Kruskal-Wallis,20.78930479935465,0.00011643317818920405,Reject H0 (Models Differ),Do Not Pool
standard,Sales / Business Development,Europe,Balanced,Entry-Level,Communal,China,Fit_Score,Kruskal-Wallis,28.071973498810966,3.5078641331311183e-06,Reject H0 (Models Differ),Do Not Pool
standard,Sales / Business Development,Europe,Balanced,Entry-Level,Communal,China,Performance_Score,Kruskal-Wallis,32.02949722867728,5.159086531677652e-07,Reject H0 (Models Differ),Do Not Pool
standard,Sales / Business Development,Europe,Balanced,Entry-Level,Communal,China,Leadership_Avg,Kruskal-Wallis,20.033676905223313,0.00016703633864333017,Reject H0 (Models Differ),Do Not Pool
standard,Sales / Business Development,Europe,Balanced,Entry-Level,Communal,China,Status_Score,Kruskal-Wallis,4.17596273205296,0.24307951700458733,Fail to Reject H0 (Models Equivalent),Pool
standard,Sales / Business Development,Europe,Balanced,Entry-Level,Communal,China,Warmth_Score,Kruskal-Wallis,17.870720169711014,0.0004676947586206315,Reject H0 (Models Differ),Do Not Pool
standard,Sales / Business Development,Europe,Balanced,Entry-Level,Communal,USA,Hireability_Score,Kruskal-Wallis,39.16261398691478,1.6033017833862238e-08,Reject H0 (Models Differ),Do Not Pool
standard,Sales / Business Development,Europe,Balanced,Entry-Level,Communal,USA,Competence_Score,Kruskal-Wallis,70.5090216042347,3.3209041044601218e-15,Reject H0 (Models Differ),Do Not Pool
standard,Sales / Business Development,Europe,Balanced,Entry-Level,Communal,USA,Fit_Score,Kruskal-Wallis,72.34063966267773,1.3456886427203667e-15,Reject H0 (Models Differ),Do Not Pool
standard,Sales / Business Development,Europe,Balanced,Entry-Level,Communal,USA,Performance_Score,Kruskal-Wallis,64.27060923952101,7.184011237118226e-14,Reject H0 (Models Differ),Do Not Pool
standard,Sales / Business Development,Europe,Balanced,Entry-Level,Communal,USA,Leadership_Avg,Kruskal-Wallis,76.68170967927946,1.579868801748899e-16,Reject H0 (Models Differ),Do Not Pool
standard,Sales / Business Development,Europe,Balanced,Entry-Level,Communal,USA,Status_Score,Kruskal-Wallis,74.68508796779685,4.23251688809397e-16,Reject H0 (Models Differ),Do Not Pool
standard,Sales / Business Development,Europe,Balanced,Entry-Level,Communal,USA,Warmth_Score,Kruskal-Wallis,50.764555765595475,5.4910153286526206e-11,Reject H0 (Models Differ),Do Not Pool
standard,Sales / Business Development,Europe,Balanced,Senior-Level,Agentic,China,Hireability_Score,Kruskal-Wallis,67.01016753856683,1.8632847539928444e-14,Reject H0 (Models Differ),Do Not Pool
standard,Sales / Business Development,Europe,Balanced,Senior-Level,Agentic,China,Competence_Score,Kruskal-Wallis,42.648412094632945,2.9224928368916064e-09,Reject H0 (Models Differ),Do Not Pool
standard,Sales / Business Development,Europe,Balanced,Senior-Level,Agentic,China,Fit_Score,Kruskal-Wallis,56.682815238614175,3.00342987298357e-12,Reject H0 (Models Differ),Do Not Pool
standard,Sales / Business Development,Europe,Balanced,Senior-Level,Agentic,China,Performance_Score,Kruskal-Wallis,51.079966673798765,4.703889419700252e-11,Reject H0 (Models Differ),Do Not Pool
standard,Sales / Business Development,Europe,Balanced,Senior-Level,Agentic,China,Leadership_Avg,Kruskal-Wallis,51.568566564308234,3.7012635303713107e-11,Reject H0 (Models Differ),Do Not Pool
standard,Sales / Business Development,Europe,Balanced,Senior-Level,Agentic,China,Status_Score,Kruskal-Wallis,43.8271338372609,1.642331555470272e-09,Reject H0 (Models Differ),Do Not Pool
standard,Sales / Business Development,Europe,Balanced,Senior-Level,Agentic,China,Warmth_Score,Kruskal-Wallis,10.291707317073204,0.016242527620621942,Reject H0 (Models Differ),Do Not Pool
standard,Sales / Business Development,Europe,Balanced,Senior-Level,Agentic,USA,Hireability_Score,Kruskal-Wallis,43.34270303173107,2.081344211787506e-09,Reject H0 (Models Differ),Do Not Pool
standard,Sales / Business Development,Europe,Balanced,Senior-Level,Agentic,USA,Competence_Score,Kruskal-Wallis,73.57688474804873,7.312736969756676e-16,Reject H0 (Models Differ),Do Not Pool
standard,Sales / Business Development,Europe,Balanced,Senior-Level,Agentic,USA,Fit_Score,Kruskal-Wallis,64.54326164496689,6.281353480899926e-14,Reject H0 (Models Differ),Do Not Pool
standard,Sales / Business Development,Europe,Balanced,Senior-Level,Agentic,USA,Performance_Score,Kruskal-Wallis,64.83842180559834,5.4315212793556394e-14,Reject H0 (Models Differ),Do Not Pool
standard,Sales / Business Development,Europe,Balanced,Senior-Level,Agentic,USA,Leadership_Avg,Kruskal-Wallis,79.86174433303901,3.286180815261552e-17,Reject H0 (Models Differ),Do Not Pool
standard,Sales / Business Development,Europe,Balanced,Senior-Level,Agentic,USA,Status_Score,Kruskal-Wallis,72.62701565308625,1.1684066262626825e-15,Reject H0 (Models Differ),Do Not Pool
standard,Sales / Business Development,Europe,Balanced,Senior-Level,Agentic,USA,Warmth_Score,Kruskal-Wallis,42.82913202727776,2.675399262207902e-09,Reject H0 (Models Differ),Do Not Pool
standard,Sales / Business Development,Europe,Balanced,Senior-Level,Communal,China,Hireability_Score,Kruskal-Wallis,67.59364431463133,1.3976802832822188e-14,Reject H0 (Models Differ),Do Not Pool
standard,Sales / Business Development,Europe,Balanced,Senior-Level,Communal,China,Competence_Score,Kruskal-Wallis,45.520551282051265,7.171766416639288e-10,Reject H0 (Models Differ),Do Not Pool
standard,Sales / Business Development,Europe,Balanced,Senior-Level,Communal,China,Fit_Score,Kruskal-Wallis,57.87742314427838,1.6695143078623809e-12,Reject H0 (Models Differ),Do Not Pool
standard,Sales / Business Development,Europe,Balanced,Senior-Level,Communal,China,Performance_Score,Kruskal-Wallis,55.3962085578731,5.6517636419272114e-12,Reject H0 (Models Differ),Do Not Pool
standard,Sales / Business Development,Europe,Balanced,Senior-Level,Communal,China,Leadership_Avg,Kruskal-Wallis,46.13174101365599,5.317228428363851e-10,Reject H0 (Models Differ),Do Not Pool
standard,Sales / Business Development,Europe,Balanced,Senior-Level,Communal,China,Status_Score,Kruskal-Wallis,42.5320705214489,3.093496328721695e-09,Reject H0 (Models Differ),Do Not Pool
standard,Sales / Business Development,Europe,Balanced,Senior-Level,Communal,China,Warmth_Score,Kruskal-Wallis,15.69020270270274,0.0013124655961620911,Reject H0 (Models Differ),Do Not Pool
standard,Sales / Business Development,Europe,Balanced,Senior-Level,Communal,USA,Hireability_Score,Kruskal-Wallis,49.343906847962195,1.1020766628400817e-10,Reject H0 (Models Differ),Do Not Pool
standard,Sales / Business Development,Europe,Balanced,Senior-Level,Communal,USA,Competence_Score,Kruskal-Wallis,64.5834988528614,6.15810594621838e-14,Reject H0 (Models Differ),Do Not Pool
standard,Sales / Business Development,Europe,Balanced,Senior-Level,Communal,USA,Fit_Score,Kruskal-Wallis,59.85217339018257,6.321616531361716e-13,Reject H0 (Models Differ),Do Not Pool
standard,Sales / Business Development,Europe,Balanced,Senior-Level,Communal,USA,Performance_Score,Kruskal-Wallis,60.66172674529901,4.2448364510254416e-13,Reject H0 (Models Differ),Do Not Pool
standard,Sales / Business Development,Europe,Balanced,Senior-Level,Communal,USA,Leadership_Avg,Kruskal-Wallis,71.01214491375337,2.5912336423385326e-15,Reject H0 (Models Differ),Do Not Pool
standard,Sales / Business Development,Europe,Balanced,Senior-Level,Communal,USA,Status_Score,Kruskal-Wallis,66.05249101395447,2.98675965744777e-14,Reject H0 (Models Differ),Do Not Pool
standard,Sales / Business Development,Europe,Balanced,Senior-Level,Communal,USA,Warmth_Score,Kruskal-Wallis,22.572222222222223,4.958275896825012e-05,Reject H0 (Models Differ),Do Not Pool
standard,Sales / Business Development,Europe,Neutral,Entry-Level,Agentic,China,Hireability_Score,Kruskal-Wallis,47.798612581792476,2.350322371889032e-10,Reject H0 (Models Differ),Do Not Pool
standard,Sales / Business Development,Europe,Neutral,Entry-Level,Agentic,China,Competence_Score,Kruskal-Wallis,30.168749533407965,1.271738122478755e-06,Reject H0 (Models Differ),Do Not Pool
standard,Sales / Business Development,Europe,Neutral,Entry-Level,Agentic,China,Fit_Score,Kruskal-Wallis,53.42608902008444,1.4873082351222828e-11,Reject H0 (Models Differ),Do Not Pool
standard,Sales / Business Development,Europe,Neutral,Entry-Level,Agentic,China,Performance_Score,Kruskal-Wallis,50.670529823392165,5.750194906530086e-11,Reject H0 (Models Differ),Do Not Pool
standard,Sales / Business Development,Europe,Neutral,Entry-Level,Agentic,China,Leadership_Avg,Kruskal-Wallis,14.57287090301373,0.0022205518780107195,Reject H0 (Models Differ),Do Not Pool
standard,Sales / Business Development,Europe,Neutral,Entry-Level,Agentic,China,Status_Score,Kruskal-Wallis,3.3723545513277746,0.3376985295312884,Fail to Reject H0 (Models Equivalent),Pool
standard,Sales / Business Development,Europe,Neutral,Entry-Level,Agentic,China,Warmth_Score,Kruskal-Wallis,5.815900383141755,0.12091880216182775,Fail to Reject H0 (Models Equivalent),Pool
standard,Sales / Business Development,Europe,Neutral,Entry-Level,Agentic,USA,Hireability_Score,Kruskal-Wallis,51.90598270801136,3.1365007281112126e-11,Reject H0 (Models Differ),Do Not Pool
standard,Sales / Business Development,Europe,Neutral,Entry-Level,Agentic,USA,Competence_Score,Kruskal-Wallis,80.82593108910892,2.0411003313007728e-17,Reject H0 (Models Differ),Do Not Pool
standard,Sales / Business Development,Europe,Neutral,Entry-Level,Agentic,USA,Fit_Score,Kruskal-Wallis,79.68291803948183,3.5896167222952994e-17,Reject H0 (Models Differ),Do Not Pool
standard,Sales / Business Development,Europe,Neutral,Entry-Level,Agentic,USA,Performance_Score,Kruskal-Wallis,73.69741017671073,6.890556884841263e-16,Reject H0 (Models Differ),Do Not Pool
standard,Sales / Business Development,Europe,Neutral,Entry-Level,Agentic,USA,Leadership_Avg,Kruskal-Wallis,87.07535892231728,9.302894951805994e-19,Reject H0 (Models Differ),Do Not Pool
standard,Sales / Business Development,Europe,Neutral,Entry-Level,Agentic,USA,Status_Score,Kruskal-Wallis,91.50064374056109,1.0428232149410156e-19,Reject H0 (Models Differ),Do Not Pool
standard,Sales / Business Development,Europe,Neutral,Entry-Level,Agentic,USA,Warmth_Score,Kruskal-Wallis,48.166075194570226,1.963051052168725e-10,Reject H0 (Models Differ),Do Not Pool
standard,Sales / Business Development,Europe,Neutral,Entry-Level,Communal,China,Hireability_Score,Kruskal-Wallis,44.6205646437725,1.1140385988163198e-09,Reject H0 (Models Differ),Do Not Pool
standard,Sales / Business Development,Europe,Neutral,Entry-Level,Communal,China,Competence_Score,Kruskal-Wallis,26.418227958467348,7.79543153397312e-06,Reject H0 (Models Differ),Do Not Pool
standard,Sales / Business Development,Europe,Neutral,Entry-Level,Communal,China,Fit_Score,Kruskal-Wallis,40.808764214983455,7.179302443767374e-09,Reject H0 (Models Differ),Do Not Pool
standard,Sales / Business Development,Europe,Neutral,Entry-Level,Communal,China,Performance_Score,Kruskal-Wallis,45.86831080356187,6.049169421740596e-10,Reject H0 (Models Differ),Do Not Pool
standard,Sales / Business Development,Europe,Neutral,Entry-Level,Communal,China,Leadership_Avg,Kruskal-Wallis,8.622610147957722,0.03475298384170579,Reject H0 (Models Differ),Do Not Pool
standard,Sales / Business Development,Europe,Neutral,Entry-Level,Communal,China,Status_Score,Kruskal-Wallis,4.428698445477016,0.21873908232812012,Fail to Reject H0 (Models Equivalent),Pool
standard,Sales / Business Development,Europe,Neutral,Entry-Level,Communal,China,Warmth_Score,Kruskal-Wallis,8.534204204204263,0.03616989963634447,Reject H0 (Models Differ),Do Not Pool
standard,Sales / Business Development,Europe,Neutral,Entry-Level,Communal,USA,Hireability_Score,Kruskal-Wallis,35.00544297762648,1.2150282338546362e-07,Reject H0 (Models Differ),Do Not Pool
standard,Sales / Business Development,Europe,Neutral,Entry-Level,Communal,USA,Competence_Score,Kruskal-Wallis,78.65607348492243,5.960417095473615e-17,Reject H0 (Models Differ),Do Not Pool
standard,Sales / Business Development,Europe,Neutral,Entry-Level,Communal,USA,Fit_Score,Kruskal-Wallis,63.55478203151433,1.0219921784822692e-13,Reject H0 (Models Differ),Do Not Pool
standard,Sales / Business Development,Europe,Neutral,Entry-Level,Communal,USA,Performance_Score,Kruskal-Wallis,56.794292431796976,2.8433012311477127e-12,Reject H0 (Models Differ),Do Not Pool
standard,Sales / Business Development,Europe,Neutral,Entry-Level,Communal,USA,Leadership_Avg,Kruskal-Wallis,68.3989882060832,9.397861368248981e-15,Reject H0 (Models Differ),Do Not Pool
standard,Sales / Business Development,Europe,Neutral,Entry-Level,Communal,USA,Status_Score,Kruskal-Wallis,71.35818864552894,2.184697175306996e-15,Reject H0 (Models Differ),Do Not Pool
standard,Sales / Business Development,Europe,Neutral,Entry-Level,Communal,USA,Warmth_Score,Kruskal-Wallis,35.59279279279278,9.129963840232511e-08,Reject H0 (Models Differ),Do Not Pool
standard,Sales / Business Development,Europe,Neutral,Senior-Level,Agentic,China,Hireability_Score,Kruskal-Wallis,67.3341512259528,1.5883438870894785e-14,Reject H0 (Models Differ),Do Not Pool
standard,Sales / Business Development,Europe,Neutral,Senior-Level,Agentic,China,Competence_Score,Kruskal-Wallis,44.65132313965337,1.0973987435577515e-09,Reject H0 (Models Differ),Do Not Pool
standard,Sales / Business Development,Europe,Neutral,Senior-Level,Agentic,China,Fit_Score,Kruskal-Wallis,56.79899621212117,2.836735487497466e-12,Reject H0 (Models Differ),Do Not Pool
standard,Sales / Business Development,Europe,Neutral,Senior-Level,Agentic,China,Performance_Score,Kruskal-Wallis,55.30958909030262,5.897460275955156e-12,Reject H0 (Models Differ),Do Not Pool
standard,Sales / Business Development,Europe,Neutral,Senior-Level,Agentic,China,Leadership_Avg,Kruskal-Wallis,48.66794741356958,1.5350221006059034e-10,Reject H0 (Models Differ),Do Not Pool
standard,Sales / Business Development,Europe,Neutral,Senior-Level,Agentic,China,Status_Score,Kruskal-Wallis,31.993861820056768,5.249078454737025e-07,Reject H0 (Models Differ),Do Not Pool
standard,Sales / Business Development,Europe,Neutral,Senior-Level,Agentic,China,Warmth_Score,Kruskal-Wallis,3.577438999798266,0.31085655417122654,Fail to Reject H0 (Models Equivalent),Pool
standard,Sales / Business Development,Europe,Neutral,Senior-Level,Agentic,USA,Hireability_Score,Kruskal-Wallis,52.733604651162786,2.0894897590675233e-11,Reject H0 (Models Differ),Do Not Pool
standard,Sales / Business Development,Europe,Neutral,Senior-Level,Agentic,USA,Competence_Score,Kruskal-Wallis,74.46926999958956,4.708155376508855e-16,Reject H0 (Models Differ),Do Not Pool
standard,Sales / Business Development,Europe,Neutral,Senior-Level,Agentic,USA,Fit_Score,Kruskal-Wallis,69.39587597355549,5.749262380935493e-15,Reject H0 (Models Differ),Do Not Pool
standard,Sales / Business Development,Europe,Neutral,Senior-Level,Agentic,USA,Performance_Score,Kruskal-Wallis,73.42106301514552,7.897104625531596e-16,Reject H0 (Models Differ),Do Not Pool
standard,Sales / Business Development,Europe,Neutral,Senior-Level,Agentic,USA,Leadership_Avg,Kruskal-Wallis,77.97161063070877,8.35708272682374e-17,Reject H0 (Models Differ),Do Not Pool
standard,Sales / Business Development,Europe,Neutral,Senior-Level,Agentic,USA,Status_Score,Kruskal-Wallis,75.35514125021467,3.0408025734201217e-16,Reject H0 (Models Differ),Do Not Pool
standard,Sales / Business Development,Europe,Neutral,Senior-Level,Agentic,USA,Warmth_Score,Kruskal-Wallis,38.347354691448565,2.3861499685864754e-08,Reject H0 (Models Differ),Do Not Pool
standard,Sales / Business Development,Europe,Neutral,Senior-Level,Communal,China,Hireability_Score,Kruskal-Wallis,59.287011170614115,8.347516717349925e-13,Reject H0 (Models Differ),Do Not Pool
standard,Sales / Business Development,Europe,Neutral,Senior-Level,Communal,China,Competence_Score,Kruskal-Wallis,35.18783068783063,1.1118608745456934e-07,Reject H0 (Models Differ),Do Not Pool
standard,Sales / Business Development,Europe,Neutral,Senior-Level,Communal,China,Fit_Score,Kruskal-Wallis,49.12077258874881,1.229471198161407e-10,Reject H0 (Models Differ),Do Not Pool
standard,Sales / Business Development,Europe,Neutral,Senior-Level,Communal,China,Performance_Score,Kruskal-Wallis,46.841347565043336,3.756443021830389e-10,Reject H0 (Models Differ),Do Not Pool
standard,Sales / Business Development,Europe,Neutral,Senior-Level,Communal,China,Leadership_Avg,Kruskal-Wallis,41.62244844175598,4.824871580340626e-09,Reject H0 (Models Differ),Do Not Pool
standard,Sales / Business Development,Europe,Neutral,Senior-Level,Communal,China,Status_Score,Kruskal-Wallis,36.14259431765252,6.986153113329301e-08,Reject H0 (Models Differ),Do Not Pool
standard,Sales / Business Development,Europe,Neutral,Senior-Level,Communal,China,Warmth_Score,Kruskal-Wallis,10.543979753242503,0.014465505823084734,Reject H0 (Models Differ),Do Not Pool
standard,Sales / Business Development,Europe,Neutral,Senior-Level,Communal,USA,Hireability_Score,Kruskal-Wallis,47.3471933261281,2.9320607361336556e-10,Reject H0 (Models Differ),Do Not Pool
standard,Sales / Business Development,Europe,Neutral,Senior-Level,Communal,USA,Competence_Score,Kruskal-Wallis,71.24120593408271,2.314445931684731e-15,Reject H0 (Models Differ),Do Not Pool
standard,Sales / Business Development,Europe,Neutral,Senior-Level,Communal,USA,Fit_Score,Kruskal-Wallis,59.18682136022379,8.769155718596421e-13,Reject H0 (Models Differ),Do Not Pool
standard,Sales / Business Development,Europe,Neutral,Senior-Level,Communal,USA,Performance_Score,Kruskal-Wallis,57.276583164983144,2.2432090074634527e-12,Reject H0 (Models Differ),Do Not Pool
standard,Sales / Business Development,Europe,Neutral,Senior-Level,Communal,USA,Leadership_Avg,Kruskal-Wallis,80.15341485613585,2.8453031291790826e-17,Reject H0 (Models Differ),Do Not Pool
standard,Sales / Business Development,Europe,Neutral,Senior-Level,Communal,USA,Status_Score,Kruskal-Wallis,59.707572346486515,6.78764873313345e-13,Reject H0 (Models Differ),Do Not Pool
standard,Sales / Business Development,Europe,Neutral,Senior-Level,Communal,USA,Warmth_Score,Kruskal-Wallis,10.795749826543728,0.012883192839538588,Reject H0 (Models Differ),Do Not Pool
standard,Sales / Business Development,Singapore,Balanced,Entry-Level,Agentic,China,Hireability_Score,Kruskal-Wallis,43.362093204894556,2.0617039940589192e-09,Reject H0 (Models Differ),Do Not Pool
standard,Sales / Business Development,Singapore,Balanced,Entry-Level,Agentic,China,Competence_Score,Kruskal-Wallis,28.742266195961815,2.536804897355005e-06,Reject H0 (Models Differ),Do Not Pool
standard,Sales / Business Development,Singapore,Balanced,Entry-Level,Agentic,China,Fit_Score,Kruskal-Wallis,43.53077852938227,1.8984689157559068e-09,Reject H0 (Models Differ),Do Not Pool
standard,Sales / Business Development,Singapore,Balanced,Entry-Level,Agentic,China,Performance_Score,Kruskal-Wallis,36.722117052311035,5.2683535766683095e-08,Reject H0 (Models Differ),Do Not Pool
standard,Sales / Business Development,Singapore,Balanced,Entry-Level,Agentic,China,Leadership_Avg,Kruskal-Wallis,18.018458245476907,0.00043601085718306104,Reject H0 (Models Differ),Do Not Pool
standard,Sales / Business Development,Singapore,Balanced,Entry-Level,Agentic,China,Status_Score,Kruskal-Wallis,6.914873600682941,0.07466110687816872,Fail to Reject H0 (Models Equivalent),Pool
standard,Sales / Business Development,Singapore,Balanced,Entry-Level,Agentic,China,Warmth_Score,Kruskal-Wallis,4.478291398478603,0.2142348379070935,Fail to Reject H0 (Models Equivalent),Pool
standard,Sales / Business Development,Singapore,Balanced,Entry-Level,Agentic,USA,Hireability_Score,Kruskal-Wallis,35.57130373688139,9.225948368705496e-08,Reject H0 (Models Differ),Do Not Pool
standard,Sales / Business Development,Singapore,Balanced,Entry-Level,Agentic,USA,Competence_Score,Kruskal-Wallis,70.72650050050049,2.9831971315812123e-15,Reject H0 (Models Differ),Do Not Pool
standard,Sales / Business Development,Singapore,Balanced,Entry-Level,Agentic,USA,Fit_Score,Kruskal-Wallis,80.8803897124798,1.9869254954223574e-17,Reject H0 (Models Differ),Do Not Pool
standard,Sales / Business Development,Singapore,Balanced,Entry-Level,Agentic,USA,Performance_Score,Kruskal-Wallis,64.95150796433677,5.1372699061333317e-14,Reject H0 (Models Differ),Do Not Pool
standard,Sales / Business Development,Singapore,Balanced,Entry-Level,Agentic,USA,Leadership_Avg,Kruskal-Wallis,86.03162861695446,1.5584799463025686e-18,Reject H0 (Models Differ),Do Not Pool
standard,Sales / Business Development,Singapore,Balanced,Entry-Level,Agentic,USA,Status_Score,Kruskal-Wallis,80.83509157907122,2.0318853537544773e-17,Reject H0 (Models Differ),Do Not Pool
standard,Sales / Business Development,Singapore,Balanced,Entry-Level,Agentic,USA,Warmth_Score,Kruskal-Wallis,75.5080372156902,2.8197863435552657e-16,Reject H0 (Models Differ),Do Not Pool
standard,Sales / Business Development,Singapore,Balanced,Entry-Level,Communal,China,Hireability_Score,Kruskal-Wallis,42.75565670189513,2.7732373092856034e-09,Reject H0 (Models Differ),Do Not Pool
standard,Sales / Business Development,Singapore,Balanced,Entry-Level,Communal,China,Competence_Score,Kruskal-Wallis,33.10767263427106,3.0565660483287163e-07,Reject H0 (Models Differ),Do Not Pool
standard,Sales / Business Development,Singapore,Balanced,Entry-Level,Communal,China,Fit_Score,Kruskal-Wallis,26.34341042842974,8.081888136074808e-06,Reject H0 (Models Differ),Do Not Pool
standard,Sales / Business Development,Singapore,Balanced,Entry-Level,Communal,China,Performance_Score,Kruskal-Wallis,35.850678029845156,8.052977293771782e-08,Reject H0 (Models Differ),Do Not Pool
standard,Sales / Business Development,Singapore,Balanced,Entry-Level,Communal,China,Leadership_Avg,Kruskal-Wallis,21.96794623238983,6.624057792896043e-05,Reject H0 (Models Differ),Do Not Pool
standard,Sales / Business Development,Singapore,Balanced,Entry-Level,Communal,China,Status_Score,Kruskal-Wallis,10.001568077396817,0.018552810932015957,Reject H0 (Models Differ),Do Not Pool
standard,Sales / Business Development,Singapore,Balanced,Entry-Level,Communal,China,Warmth_Score,Kruskal-Wallis,9.73502715837617,0.020958139435045806,Reject H0 (Models Differ),Do Not Pool
standard,Sales / Business Development,Singapore,Balanced,Entry-Level,Communal,USA,Hireability_Score,Kruskal-Wallis,38.39278395989155,2.333874702105702e-08,Reject H0 (Models Differ),Do Not Pool
standard,Sales / Business Development,Singapore,Balanced,Entry-Level,Communal,USA,Competence_Score,Kruskal-Wallis,63.54850269387982,1.0251568137675669e-13,Reject H0 (Models Differ),Do Not Pool
standard,Sales / Business Development,Singapore,Balanced,Entry-Level,Communal,USA,Fit_Score,Kruskal-Wallis,64.7204829009175,5.756359714164158e-14,Reject H0 (Models Differ),Do Not Pool
standard,Sales / Business Development,Singapore,Balanced,Entry-Level,Communal,USA,Performance_Score,Kruskal-Wallis,65.3699893821577,4.180362393046755e-14,Reject H0 (Models Differ),Do Not Pool
standard,Sales / Business Development,Singapore,Balanced,Entry-Level,Communal,USA,Leadership_Avg,Kruskal-Wallis,73.66645803451125,6.996593731225515e-16,Reject H0 (Models Differ),Do Not Pool
standard,Sales / Business Development,Singapore,Balanced,Entry-Level,Communal,USA,Status_Score,Kruskal-Wallis,72.73150069544748,1.1097094697002432e-15,Reject H0 (Models Differ),Do Not Pool
standard,Sales / Business Development,Singapore,Balanced,Entry-Level,Communal,USA,Warmth_Score,Kruskal-Wallis,44.296100566314436,1.3056862543198998e-09,Reject H0 (Models Differ),Do Not Pool
standard,Sales / Business Development,Singapore,Balanced,Senior-Level,Agentic,China,Hireability_Score,Kruskal-Wallis,67.61487086538177,1.3831357267693738e-14,Reject H0 (Models Differ),Do Not Pool
standard,Sales / Business Development,Singapore,Balanced,Senior-Level,Agentic,China,Competence_Score,Kruskal-Wallis,41.94271956856703,4.126005231444507e-09,Reject H0 (Models Differ),Do Not Pool
standard,Sales / Business Development,Singapore,Balanced,Senior-Level,Agentic,China,Fit_Score,Kruskal-Wallis,58.65834523070558,1.1371827888702491e-12,Reject H0 (Models Differ),Do Not Pool
standard,Sales / Business Development,Singapore,Balanced,Senior-Level,Agentic,China,Performance_Score,Kruskal-Wallis,51.990292903347424,3.0093814954457925e-11,Reject H0 (Models Differ),Do Not Pool
standard,Sales / Business Development,Singapore,Balanced,Senior-Level,Agentic,China,Leadership_Avg,Kruskal-Wallis,51.07925506220865,4.7055318248650513e-11,Reject H0 (Models Differ),Do Not Pool
standard,Sales / Business Development,Singapore,Balanced,Senior-Level,Agentic,China,Status_Score,Kruskal-Wallis,47.12437781828357,3.270192138248871e-10,Reject H0 (Models Differ),Do Not Pool
standard,Sales / Business Development,Singapore,Balanced,Senior-Level,Agentic,China,Warmth_Score,Kruskal-Wallis,15.176011396011402,0.0016722483944028286,Reject H0 (Models Differ),Do Not Pool
standard,Sales / Business Development,Singapore,Balanced,Senior-Level,Agentic,USA,Hireability_Score,Kruskal-Wallis,42.681759601990045,2.8752420690784976e-09,Reject H0 (Models Differ),Do Not Pool
standard,Sales / Business Development,Singapore,Balanced,Senior-Level,Agentic,USA,Competence_Score,Kruskal-Wallis,72.21566672094941,1.431253754110617e-15,Reject H0 (Models Differ),Do Not Pool
standard,Sales / Business Development,Singapore,Balanced,Senior-Level,Agentic,USA,Fit_Score,Kruskal-Wallis,68.52226534019195,8.843818283204543e-15,Reject H0 (Models Differ),Do Not Pool
standard,Sales / Business Development,Singapore,Balanced,Senior-Level,Agentic,USA,Performance_Score,Kruskal-Wallis,68.71196614038857,8.054347430110882e-15,Reject H0 (Models Differ),Do Not Pool
standard,Sales / Business Development,Singapore,Balanced,Senior-Level,Agentic,USA,Leadership_Avg,Kruskal-Wallis,75.17645437904639,3.321140451784921e-16,Reject H0 (Models Differ),Do Not Pool
standard,Sales / Business Development,Singapore,Balanced,Senior-Level,Agentic,USA,Status_Score,Kruskal-Wallis,70.48659945604643,3.3578250027219883e-15,Reject H0 (Models Differ),Do Not Pool
standard,Sales / Business Development,Singapore,Balanced,Senior-Level,Agentic,USA,Warmth_Score,Kruskal-Wallis,44.31261736004096,1.2951789597870202e-09,Reject H0 (Models Differ),Do Not Pool
standard,Sales / Business Development,Singapore,Balanced,Senior-Level,Communal,China,Hireability_Score,Kruskal-Wallis,51.77577991299771,3.343436665542188e-11,Reject H0 (Models Differ),Do Not Pool
standard,Sales / Business Development,Singapore,Balanced,Senior-Level,Communal,China,Competence_Score,Kruskal-Wallis,41.14362655767918,6.096232439564904e-09,Reject H0 (Models Differ),Do Not Pool
standard,Sales / Business Development,Singapore,Balanced,Senior-Level,Communal,China,Fit_Score,Kruskal-Wallis,43.07095317262397,2.3770981007420945e-09,Reject H0 (Models Differ),Do Not Pool
standard,Sales / Business Development,Singapore,Balanced,Senior-Level,Communal,China,Performance_Score,Kruskal-Wallis,38.83937353453979,1.8771207029729897e-08,Reject H0 (Models Differ),Do Not Pool
standard,Sales / Business Development,Singapore,Balanced,Senior-Level,Communal,China,Leadership_Avg,Kruskal-Wallis,39.581471540629536,1.306960250158034e-08,Reject H0 (Models Differ),Do Not Pool
standard,Sales / Business Development,Singapore,Balanced,Senior-Level,Communal,China,Status_Score,Kruskal-Wallis,26.040355740355736,9.353639965146496e-06,Reject H0 (Models Differ),Do Not Pool
standard,Sales / Business Development,Singapore,Balanced,Senior-Level,Communal,China,Warmth_Score,Kruskal-Wallis,6.19850891861738,0.10234177330089425,Fail to Reject H0 (Models Equivalent),Pool
standard,Sales / Business Development,Singapore,Balanced,Senior-Level,Communal,USA,Hireability_Score,Kruskal-Wallis,32.8216642971005,3.512050460315786e-07,Reject H0 (Models Differ),Do Not Pool
standard,Sales / Business Development,Singapore,Balanced,Senior-Level,Communal,USA,Competence_Score,Kruskal-Wallis,51.555455606012345,3.7251505368784954e-11,Reject H0 (Models Differ),Do Not Pool
standard,Sales / Business Development,Singapore,Balanced,Senior-Level,Communal,USA,Fit_Score,Kruskal-Wallis,54.24531076628939,9.94711710801584e-12,Reject H0 (Models Differ),Do Not Pool
standard,Sales / Business Development,Singapore,Balanced,Senior-Level,Communal,USA,Performance_Score,Kruskal-Wallis,55.29609386178277,5.936689108386234e-12,Reject H0 (Models Differ),Do Not Pool
standard,Sales / Business Development,Singapore,Balanced,Senior-Level,Communal,USA,Leadership_Avg,Kruskal-Wallis,61.96133934042261,2.239305766711503e-13,Reject H0 (Models Differ),Do Not Pool
standard,Sales / Business Development,Singapore,Balanced,Senior-Level,Communal,USA,Status_Score,Kruskal-Wallis,61.327269712555264,3.059394298872639e-13,Reject H0 (Models Differ),Do Not Pool
standard,Sales / Business Development,Singapore,Balanced,Senior-Level,Communal,USA,Warmth_Score,Kruskal-Wallis,18.15696996997002,0.00040824774427864873,Reject H0 (Models Differ),Do Not Pool
standard,Sales / Business Development,Singapore,Neutral,Entry-Level,Agentic,China,Hireability_Score,Kruskal-Wallis,46.262195355977695,4.988221700667357e-10,Reject H0 (Models Differ),Do Not Pool
standard,Sales / Business Development,Singapore,Neutral,Entry-Level,Agentic,China,Competence_Score,Kruskal-Wallis,31.278666438877824,7.426101882617152e-07,Reject H0 (Models Differ),Do Not Pool
standard,Sales / Business Development,Singapore,Neutral,Entry-Level,Agentic,China,Fit_Score,Kruskal-Wallis,41.37582637043881,5.442603516311008e-09,Reject H0 (Models Differ),Do Not Pool
standard,Sales / Business Development,Singapore,Neutral,Entry-Level,Agentic,China,Performance_Score,Kruskal-Wallis,46.869114272891345,3.705705095083047e-10,Reject H0 (Models Differ),Do Not Pool
standard,Sales / Business Development,Singapore,Neutral,Entry-Level,Agentic,China,Leadership_Avg,Kruskal-Wallis,19.859297515449548,0.00018152863423843724,Reject H0 (Models Differ),Do Not Pool
standard,Sales / Business Development,Singapore,Neutral,Entry-Level,Agentic,China,Status_Score,Kruskal-Wallis,2.730823095671102,0.4350146202507098,Fail to Reject H0 (Models Equivalent),Pool
standard,Sales / Business Development,Singapore,Neutral,Entry-Level,Agentic,China,Warmth_Score,Kruskal-Wallis,8.823406099546657,0.031733315959017225,Reject H0 (Models Differ),Do Not Pool
standard,Sales / Business Development,Singapore,Neutral,Entry-Level,Agentic,USA,Hireability_Score,Kruskal-Wallis,45.71361190250073,6.525062881594754e-10,Reject H0 (Models Differ),Do Not Pool
standard,Sales / Business Development,Singapore,Neutral,Entry-Level,Agentic,USA,Competence_Score,Kruskal-Wallis,77.51843156747323,1.0452661611550954e-16,Reject H0 (Models Differ),Do Not Pool
standard,Sales / Business Development,Singapore,Neutral,Entry-Level,Agentic,USA,Fit_Score,Kruskal-Wallis,80.71017032330586,2.16121360408617e-17,Reject H0 (Models Differ),Do Not Pool
standard,Sales / Business Development,Singapore,Neutral,Entry-Level,Agentic,USA,Performance_Score,Kruskal-Wallis,71.35983027934272,2.1829291081728904e-15,Reject H0 (Models Differ),Do Not Pool
standard,Sales / Business Development,Singapore,Neutral,Entry-Level,Agentic,USA,Leadership_Avg,Kruskal-Wallis,79.13244195532599,4.7110060959433856e-17,Reject H0 (Models Differ),Do Not Pool
standard,Sales / Business Development,Singapore,Neutral,Entry-Level,Agentic,USA,Status_Score,Kruskal-Wallis,89.19985697522353,3.2539339712667024e-19,Reject H0 (Models Differ),Do Not Pool
standard,Sales / Business Development,Singapore,Neutral,Entry-Level,Agentic,USA,Warmth_Score,Kruskal-Wallis,43.21145533908225,2.2192894315774494e-09,Reject H0 (Models Differ),Do Not Pool
standard,Sales / Business Development,Singapore,Neutral,Entry-Level,Communal,China,Hireability_Score,Kruskal-Wallis,41.53133863985688,5.044469990353508e-09,Reject H0 (Models Differ),Do Not Pool
standard,Sales / Business Development,Singapore,Neutral,Entry-Level,Communal,China,Competence_Score,Kruskal-Wallis,32.315693793495306,4.490012338396817e-07,Reject H0 (Models Differ),Do Not Pool
standard,Sales / Business Development,Singapore,Neutral,Entry-Level,Communal,China,Fit_Score,Kruskal-Wallis,25.559948600063766,1.1790664658336294e-05,Reject H0 (Models Differ),Do Not Pool
standard,Sales / Business Development,Singapore,Neutral,Entry-Level,Communal,China,Performance_Score,Kruskal-Wallis,35.525836788468276,9.432368384973337e-08,Reject H0 (Models Differ),Do Not Pool
standard,Sales / Business Development,Singapore,Neutral,Entry-Level,Communal,China,Leadership_Avg,Kruskal-Wallis,6.502924445811693,0.08954724239768166,Fail to Reject H0 (Models Equivalent),Pool
standard,Sales / Business Development,Singapore,Neutral,Entry-Level,Communal,China,Status_Score,Kruskal-Wallis,1.9464144097221883,0.5836027438559805,Fail to Reject H0 (Models Equivalent),Pool
standard,Sales / Business Development,Singapore,Neutral,Entry-Level,Communal,China,Warmth_Score,Kruskal-Wallis,7.083519582344864,0.06928282947696952,Fail to Reject H0 (Models Equivalent),Pool
standard,Sales / Business Development,Singapore,Neutral,Entry-Level,Communal,USA,Hireability_Score,Kruskal-Wallis,32.510002500625106,4.085845693905343e-07,Reject H0 (Models Differ),Do Not Pool
standard,Sales / Business Development,Singapore,Neutral,Entry-Level,Communal,USA,Competence_Score,Kruskal-Wallis,69.40897856409238,5.712244656148236e-15,Reject H0 (Models Differ),Do Not Pool
standard,Sales / Business Development,Singapore,Neutral,Entry-Level,Communal,USA,Fit_Score,Kruskal-Wallis,62.22415327364899,1.9675913853073275e-13,Reject H0 (Models Differ),Do Not Pool
standard,Sales / Business Development,Singapore,Neutral,Entry-Level,Communal,USA,Performance_Score,Kruskal-Wallis,56.53458087540836,3.230402666343201e-12,Reject H0 (Models Differ),Do Not Pool
standard,Sales / Business Development,Singapore,Neutral,Entry-Level,Communal,USA,Leadership_Avg,Kruskal-Wallis,67.56480234766097,1.4176882657486079e-14,Reject H0 (Models Differ),Do Not Pool
standard,Sales / Business Development,Singapore,Neutral,Entry-Level,Communal,USA,Status_Score,Kruskal-Wallis,74.96688146065297,3.683025837060191e-16,Reject H0 (Models Differ),Do Not Pool
standard,Sales / Business Development,Singapore,Neutral,Entry-Level,Communal,USA,Warmth_Score,Kruskal-Wallis,40.66614385720687,7.697088348559414e-09,Reject H0 (Models Differ),Do Not Pool
standard,Sales / Business Development,Singapore,Neutral,Senior-Level,Agentic,China,Hireability_Score,Kruskal-Wallis,60.4794617477386,4.64308307881513e-13,Reject H0 (Models Differ),Do Not Pool
standard,Sales / Business Development,Singapore,Neutral,Senior-Level,Agentic,China,Competence_Score,Kruskal-Wallis,47.41149530615938,2.8411420929573e-10,Reject H0 (Models Differ),Do Not Pool
standard,Sales / Business Development,Singapore,Neutral,Senior-Level,Agentic,China,Fit_Score,Kruskal-Wallis,53.57531914893612,1.3822299473248787e-11,Reject H0 (Models Differ),Do Not Pool
standard,Sales / Business Development,Singapore,Neutral,Senior-Level,Agentic,China,Performance_Score,Kruskal-Wallis,47.945013873527735,2.187634335810574e-10,Reject H0 (Models Differ),Do Not Pool
standard,Sales / Business Development,Singapore,Neutral,Senior-Level,Agentic,China,Leadership_Avg,Kruskal-Wallis,41.81219301083384,4.397710683726244e-09,Reject H0 (Models Differ),Do Not Pool
standard,Sales / Business Development,Singapore,Neutral,Senior-Level,Agentic,China,Status_Score,Kruskal-Wallis,33.26109870296053,2.8370439251581287e-07,Reject H0 (Models Differ),Do Not Pool
standard,Sales / Business Development,Singapore,Neutral,Senior-Level,Agentic,China,Warmth_Score,Kruskal-Wallis,17.29156695156689,0.0006155610855672561,Reject H0 (Models Differ),Do Not Pool
standard,Sales / Business Development,Singapore,Neutral,Senior-Level,Agentic,USA,Hireability_Score,Kruskal-Wallis,48.370269714217194,1.7761271600102533e-10,Reject H0 (Models Differ),Do Not Pool
standard,Sales / Business Development,Singapore,Neutral,Senior-Level,Agentic,USA,Competence_Score,Kruskal-Wallis,72.99940252987354,9.723272677679345e-16,Reject H0 (Models Differ),Do Not Pool
standard,Sales / Business Development,Singapore,Neutral,Senior-Level,Agentic,USA,Fit_Score,Kruskal-Wallis,72.2852551784259,1.3829589253553316e-15,Reject H0 (Models Differ),Do Not Pool
standard,Sales / Business Development,Singapore,Neutral,Senior-Level,Agentic,USA,Performance_Score,Kruskal-Wallis,74.95629231608122,3.7023228040020184e-16,Reject H0 (Models Differ),Do Not Pool
standard,Sales / Business Development,Singapore,Neutral,Senior-Level,Agentic,USA,Leadership_Avg,Kruskal-Wallis,75.95536910503752,2.2611499451516967e-16,Reject H0 (Models Differ),Do Not Pool
standard,Sales / Business Development,Singapore,Neutral,Senior-Level,Agentic,USA,Status_Score,Kruskal-Wallis,75.04167990259377,3.5495515334457104e-16,Reject H0 (Models Differ),Do Not Pool
standard,Sales / Business Development,Singapore,Neutral,Senior-Level,Agentic,USA,Warmth_Score,Kruskal-Wallis,21.58744575855324,7.9480880421935e-05,Reject H0 (Models Differ),Do Not Pool
standard,Sales / Business Development,Singapore,Neutral,Senior-Level,Communal,China,Hireability_Score,Kruskal-Wallis,60.86406105669415,3.8425984412266736e-13,Reject H0 (Models Differ),Do Not Pool
standard,Sales / Business Development,Singapore,Neutral,Senior-Level,Communal,China,Competence_Score,Kruskal-Wallis,45.60748415596691,6.87299637634768e-10,Reject H0 (Models Differ),Do Not Pool
standard,Sales / Business Development,Singapore,Neutral,Senior-Level,Communal,China,Fit_Score,Kruskal-Wallis,53.2791555416764,1.5985653910156685e-11,Reject H0 (Models Differ),Do Not Pool
standard,Sales / Business Development,Singapore,Neutral,Senior-Level,Communal,China,Performance_Score,Kruskal-Wallis,46.759228286384996,3.910597180224204e-10,Reject H0 (Models Differ),Do Not Pool
standard,Sales / Business Development,Singapore,Neutral,Senior-Level,Communal,China,Leadership_Avg,Kruskal-Wallis,25.515699896503303,1.2044728369968386e-05,Reject H0 (Models Differ),Do Not Pool
standard,Sales / Business Development,Singapore,Neutral,Senior-Level,Communal,China,Status_Score,Kruskal-Wallis,32.22606804223684,4.689653267671904e-07,Reject H0 (Models Differ),Do Not Pool
standard,Sales / Business Development,Singapore,Neutral,Senior-Level,Communal,China,Warmth_Score,Kruskal-Wallis,3.6114638375051595,0.30659076736361407,Fail to Reject H0 (Models Equivalent),Pool
standard,Sales / Business Development,Singapore,Neutral,Senior-Level,Communal,USA,Hireability_Score,Kruskal-Wallis,44.79735636801925,1.0217226249585122e-09,Reject H0 (Models Differ),Do Not Pool
standard,Sales / Business Development,Singapore,Neutral,Senior-Level,Communal,USA,Competence_Score,Kruskal-Wallis,74.78692307692307,4.025072929762769e-16,Reject H0 (Models Differ),Do Not Pool
standard,Sales / Business Development,Singapore,Neutral,Senior-Level,Communal,USA,Fit_Score,Kruskal-Wallis,60.02553703051123,5.80484729263179e-13,Reject H0 (Models Differ),Do Not Pool
standard,Sales / Business Development,Singapore,Neutral,Senior-Level,Communal,USA,Performance_Score,Kruskal-Wallis,60.076068521156415,5.66232703189705e-13,Reject H0 (Models Differ),Do Not Pool
standard,Sales / Business Development,Singapore,Neutral,Senior-Level,Communal,USA,Leadership_Avg,Kruskal-Wallis,81.71728369435151,1.3141188458246952e-17,Reject H0 (Models Differ),Do Not Pool
standard,Sales / Business Development,Singapore,Neutral,Senior-Level,Communal,USA,Status_Score,Kruskal-Wallis,65.0191873532287,4.968845373738894e-14,Reject H0 (Models Differ),Do Not Pool
standard,Sales / Business Development,Singapore,Neutral,Senior-Level,Communal,USA,Warmth_Score,Kruskal-Wallis,9.932896890343637,0.019145233669623847,Reject H0 (Models Differ),Do Not Pool
standard,Sales / Business Development,USA,Balanced,Entry-Level,Agentic,China,Hireability_Score,Kruskal-Wallis,51.01225851315815,4.8627550047379134e-11,Reject H0 (Models Differ),Do Not Pool
standard,Sales / Business Development,USA,Balanced,Entry-Level,Agentic,China,Competence_Score,Kruskal-Wallis,33.99763888888882,1.9834628066559992e-07,Reject H0 (Models Differ),Do Not Pool
standard,Sales / Business Development,USA,Balanced,Entry-Level,Agentic,China,Fit_Score,Kruskal-Wallis,51.754236444073804,3.37896846136155e-11,Reject H0 (Models Differ),Do Not Pool
standard,Sales / Business Development,USA,Balanced,Entry-Level,Agentic,China,Performance_Score,Kruskal-Wallis,50.38688795069633,6.608475201542162e-11,Reject H0 (Models Differ),Do Not Pool
standard,Sales / Business Development,USA,Balanced,Entry-Level,Agentic,China,Leadership_Avg,Kruskal-Wallis,25.931649717194073,9.85690166711602e-06,Reject H0 (Models Differ),Do Not Pool
standard,Sales / Business Development,USA,Balanced,Entry-Level,Agentic,China,Status_Score,Kruskal-Wallis,10.241982506682612,0.016617322420861703,Reject H0 (Models Differ),Do Not Pool
standard,Sales / Business Development,USA,Balanced,Entry-Level,Agentic,China,Warmth_Score,Kruskal-Wallis,23.623376623376558,2.9936265507903016e-05,Reject H0 (Models Differ),Do Not Pool
standard,Sales / Business Development,USA,Balanced,Entry-Level,Agentic,USA,Hireability_Score,Kruskal-Wallis,41.69331463300605,4.660689662889695e-09,Reject H0 (Models Differ),Do Not Pool
standard,Sales / Business Development,USA,Balanced,Entry-Level,Agentic,USA,Competence_Score,Kruskal-Wallis,73.01811276940153,9.633936340259295e-16,Reject H0 (Models Differ),Do Not Pool
standard,Sales / Business Development,USA,Balanced,Entry-Level,Agentic,USA,Fit_Score,Kruskal-Wallis,91.74453153481588,9.243084543869217e-20,Reject H0 (Models Differ),Do Not Pool
standard,Sales / Business Development,USA,Balanced,Entry-Level,Agentic,USA,Performance_Score,Kruskal-Wallis,84.39229153783755,3.5042560447625915e-18,Reject H0 (Models Differ),Do Not Pool
standard,Sales / Business Development,USA,Balanced,Entry-Level,Agentic,USA,Leadership_Avg,Kruskal-Wallis,93.16110517771435,4.5863726929000325e-20,Reject H0 (Models Differ),Do Not Pool
standard,Sales / Business Development,USA,Balanced,Entry-Level,Agentic,USA,Status_Score,Kruskal-Wallis,94.22451979579846,2.7099759837254695e-20,Reject H0 (Models Differ),Do Not Pool
standard,Sales / Business Development,USA,Balanced,Entry-Level,Agentic,USA,Warmth_Score,Kruskal-Wallis,63.897153074623496,8.634442153095839e-14,Reject H0 (Models Differ),Do Not Pool
standard,Sales / Business Development,USA,Balanced,Entry-Level,Communal,China,Hireability_Score,Kruskal-Wallis,43.5469595307423,1.883506218893951e-09,Reject H0 (Models Differ),Do Not Pool
standard,Sales / Business Development,USA,Balanced,Entry-Level,Communal,China,Competence_Score,Kruskal-Wallis,37.63817407412808,3.371623909429796e-08,Reject H0 (Models Differ),Do Not Pool
standard,Sales / Business Development,USA,Balanced,Entry-Level,Communal,China,Fit_Score,Kruskal-Wallis,37.66893496417236,3.3214531670208946e-08,Reject H0 (Models Differ),Do Not Pool
standard,Sales / Business Development,USA,Balanced,Entry-Level,Communal,China,Performance_Score,Kruskal-Wallis,37.16614674310028,4.243595920104219e-08,Reject H0 (Models Differ),Do Not Pool
standard,Sales / Business Development,USA,Balanced,Entry-Level,Communal,China,Leadership_Avg,Kruskal-Wallis,31.691697635123784,6.077923610156831e-07,Reject H0 (Models Differ),Do Not Pool
standard,Sales / Business Development,USA,Balanced,Entry-Level,Communal,China,Status_Score,Kruskal-Wallis,7.09441668569368,0.06894850886651685,Fail to Reject H0 (Models Equivalent),Pool
standard,Sales / Business Development,USA,Balanced,Entry-Level,Communal,China,Warmth_Score,Kruskal-Wallis,6.663196567444506,0.083443913637785,Fail to Reject H0 (Models Equivalent),Pool
standard,Sales / Business Development,USA,Balanced,Entry-Level,Communal,USA,Hireability_Score,Kruskal-Wallis,31.759188181609137,5.882136656733759e-07,Reject H0 (Models Differ),Do Not Pool
standard,Sales / Business Development,USA,Balanced,Entry-Level,Communal,USA,Competence_Score,Kruskal-Wallis,75.86775987107168,2.3610719032955613e-16,Reject H0 (Models Differ),Do Not Pool
standard,Sales / Business Development,USA,Balanced,Entry-Level,Communal,USA,Fit_Score,Kruskal-Wallis,62.5094522973773,1.7098024911809696e-13,Reject H0 (Models Differ),Do Not Pool
standard,Sales / Business Development,USA,Balanced,Entry-Level,Communal,USA,Performance_Score,Kruskal-Wallis,59.64853653791737,6.98764563873055e-13,Reject H0 (Models Differ),Do Not Pool
standard,Sales / Business Development,USA,Balanced,Entry-Level,Communal,USA,Leadership_Avg,Kruskal-Wallis,80.57676245246735,2.3084273583719567e-17,Reject H0 (Models Differ),Do Not Pool
standard,Sales / Business Development,USA,Balanced,Entry-Level,Communal,USA,Status_Score,Kruskal-Wallis,71.56330544288336,1.9745004405317892e-15,Reject H0 (Models Differ),Do Not Pool
standard,Sales / Business Development,USA,Balanced,Entry-Level,Communal,USA,Warmth_Score,Kruskal-Wallis,55.17611614588246,6.297115940925957e-12,Reject H0 (Models Differ),Do Not Pool
standard,Sales / Business Development,USA,Balanced,Senior-Level,Agentic,China,Hireability_Score,Kruskal-Wallis,72.86413784263583,1.039423894328769e-15,Reject H0 (Models Differ),Do Not Pool
standard,Sales / Business Development,USA,Balanced,Senior-Level,Agentic,China,Competence_Score,Kruskal-Wallis,43.382471264367844,2.0412626523231095e-09,Reject H0 (Models Differ),Do Not Pool
standard,Sales / Business Development,USA,Balanced,Senior-Level,Agentic,China,Fit_Score,Kruskal-Wallis,62.150653439558674,2.0400763984361665e-13,Reject H0 (Models Differ),Do Not Pool
standard,Sales / Business Development,USA,Balanced,Senior-Level,Agentic,China,Performance_Score,Kruskal-Wallis,67.01676447394023,1.8572376940062836e-14,Reject H0 (Models Differ),Do Not Pool
standard,Sales / Business Development,USA,Balanced,Senior-Level,Agentic,China,Leadership_Avg,Kruskal-Wallis,46.271552512408036,4.965420097094968e-10,Reject H0 (Models Differ),Do Not Pool
standard,Sales / Business Development,USA,Balanced,Senior-Level,Agentic,China,Status_Score,Kruskal-Wallis,50.86104112753816,5.237187341680772e-11,Reject H0 (Models Differ),Do Not Pool
standard,Sales / Business Development,USA,Balanced,Senior-Level,Agentic,China,Warmth_Score,Kruskal-Wallis,7.373213337196311,0.06090721386498144,Fail to Reject H0 (Models Equivalent),Pool
standard,Sales / Business Development,USA,Balanced,Senior-Level,Agentic,USA,Hireability_Score,Kruskal-Wallis,42.24809335532111,3.5540535833663347e-09,Reject H0 (Models Differ),Do Not Pool
standard,Sales / Business Development,USA,Balanced,Senior-Level,Agentic,USA,Competence_Score,Kruskal-Wallis,75.38980963304405,2.989216764500309e-16,Reject H0 (Models Differ),Do Not Pool
standard,Sales / Business Development,USA,Balanced,Senior-Level,Agentic,USA,Fit_Score,Kruskal-Wallis,67.56063641926742,1.4206017816867106e-14,Reject H0 (Models Differ),Do Not Pool
standard,Sales / Business Development,USA,Balanced,Senior-Level,Agentic,USA,Performance_Score,Kruskal-Wallis,71.76280946207862,1.7894674521171066e-15,Reject H0 (Models Differ),Do Not Pool
standard,Sales / Business Development,USA,Balanced,Senior-Level,Agentic,USA,Leadership_Avg,Kruskal-Wallis,73.9635309105702,6.042675264832961e-16,Reject H0 (Models Differ),Do Not Pool
standard,Sales / Business Development,USA,Balanced,Senior-Level,Agentic,USA,Status_Score,Kruskal-Wallis,73.33166994800342,8.253187946149201e-16,Reject H0 (Models Differ),Do Not Pool
standard,Sales / Business Development,USA,Balanced,Senior-Level,Agentic,USA,Warmth_Score,Kruskal-Wallis,46.36688048018146,4.73897639148839e-10,Reject H0 (Models Differ),Do Not Pool
standard,Sales / Business Development,USA,Balanced,Senior-Level,Communal,China,Hireability_Score,Kruskal-Wallis,61.621009485094866,2.6476223921068423e-13,Reject H0 (Models Differ),Do Not Pool
standard,Sales / Business Development,USA,Balanced,Senior-Level,Communal,China,Competence_Score,Kruskal-Wallis,50.463321995464895,6.36532576668366e-11,Reject H0 (Models Differ),Do Not Pool
standard,Sales / Business Development,USA,Balanced,Senior-Level,Communal,China,Fit_Score,Kruskal-Wallis,62.31937366689918,1.8774999136391344e-13,Reject H0 (Models Differ),Do Not Pool
standard,Sales / Business Development,USA,Balanced,Senior-Level,Communal,China,Performance_Score,Kruskal-Wallis,55.5922369796471,5.132840380653115e-12,Reject H0 (Models Differ),Do Not Pool
standard,Sales / Business Development,USA,Balanced,Senior-Level,Communal,China,Leadership_Avg,Kruskal-Wallis,42.59900362408938,2.9939304685381217e-09,Reject H0 (Models Differ),Do Not Pool
standard,Sales / Business Development,USA,Balanced,Senior-Level,Communal,China,Status_Score,Kruskal-Wallis,53.092307692307635,1.752137657145783e-11,Reject H0 (Models Differ),Do Not Pool
standard,Sales / Business Development,USA,Balanced,Senior-Level,Communal,China,Warmth_Score,Kruskal-Wallis,9.88918918918908,0.01953193785373871,Reject H0 (Models Differ),Do Not Pool
standard,Sales / Business Development,USA,Balanced,Senior-Level,Communal,USA,Hireability_Score,Kruskal-Wallis,39.461195440963785,1.3859587345759036e-08,Reject H0 (Models Differ),Do Not Pool
standard,Sales / Business Development,USA,Balanced,Senior-Level,Communal,USA,Competence_Score,Kruskal-Wallis,58.921015837040706,9.993804630311473e-13,Reject H0 (Models Differ),Do Not Pool
standard,Sales / Business Development,USA,Balanced,Senior-Level,Communal,USA,Fit_Score,Kruskal-Wallis,54.619877378975644,8.275672375655167e-12,Reject H0 (Models Differ),Do Not Pool
standard,Sales / Business Development,USA,Balanced,Senior-Level,Communal,USA,Performance_Score,Kruskal-Wallis,56.02208179388101,4.15560007315571e-12,Reject H0 (Models Differ),Do Not Pool
standard,Sales / Business Development,USA,Balanced,Senior-Level,Communal,USA,Leadership_Avg,Kruskal-Wallis,71.17743016658018,2.388397111648113e-15,Reject H0 (Models Differ),Do Not Pool
standard,Sales / Business Development,USA,Balanced,Senior-Level,Communal,USA,Status_Score,Kruskal-Wallis,63.906014262339845,8.596849275443939e-14,Reject H0 (Models Differ),Do Not Pool
standard,Sales / Business Development,USA,Balanced,Senior-Level,Communal,USA,Warmth_Score,Kruskal-Wallis,14.24898714009336,0.0025851027037283245,Reject H0 (Models Differ),Do Not Pool
standard,Sales / Business Development,USA,Neutral,Entry-Level,Agentic,China,Hireability_Score,Kruskal-Wallis,46.723862021600574,3.9789188761369674e-10,Reject H0 (Models Differ),Do Not Pool
standard,Sales / Business Development,USA,Neutral,Entry-Level,Agentic,China,Competence_Score,Kruskal-Wallis,37.163599092612934,4.2488666001335516e-08,Reject H0 (Models Differ),Do Not Pool
standard,Sales / Business Development,USA,Neutral,Entry-Level,Agentic,China,Fit_Score,Kruskal-Wallis,45.64307906806942,6.75428229729223e-10,Reject H0 (Models Differ),Do Not Pool
standard,Sales / Business Development,USA,Neutral,Entry-Level,Agentic,China,Performance_Score,Kruskal-Wallis,43.67965048758695,1.765167191898813e-09,Reject H0 (Models Differ),Do Not Pool
standard,Sales / Business Development,USA,Neutral,Entry-Level,Agentic,China,Leadership_Avg,Kruskal-Wallis,27.28681709642557,5.126021647810964e-06,Reject H0 (Models Differ),Do Not Pool
standard,Sales / Business Development,USA,Neutral,Entry-Level,Agentic,China,Status_Score,Kruskal-Wallis,5.985919311114644,0.11229729442689969,Fail to Reject H0 (Models Equivalent),Pool
standard,Sales / Business Development,USA,Neutral,Entry-Level,Agentic,China,Warmth_Score,Kruskal-Wallis,7.205760389036236,0.06562077384068439,Fail to Reject H0 (Models Equivalent),Pool
standard,Sales / Business Development,USA,Neutral,Entry-Level,Agentic,USA,Hireability_Score,Kruskal-Wallis,44.09195667144532,1.4428049792868693e-09,Reject H0 (Models Differ),Do Not Pool
standard,Sales / Business Development,USA,Neutral,Entry-Level,Agentic,USA,Competence_Score,Kruskal-Wallis,80.01223837023655,3.050781057763587e-17,Reject H0 (Models Differ),Do Not Pool
standard,Sales / Business Development,USA,Neutral,Entry-Level,Agentic,USA,Fit_Score,Kruskal-Wallis,77.18575092793114,1.2318474020031902e-16,Reject H0 (Models Differ),Do Not Pool
standard,Sales / Business Development,USA,Neutral,Entry-Level,Agentic,USA,Performance_Score,Kruskal-Wallis,64.7331509889697,5.720557140038523e-14,Reject H0 (Models Differ),Do Not Pool
standard,Sales / Business Development,USA,Neutral,Entry-Level,Agentic,USA,Leadership_Avg,Kruskal-Wallis,83.0767962621437,6.713039305155774e-18,Reject H0 (Models Differ),Do Not Pool
standard,Sales / Business Development,USA,Neutral,Entry-Level,Agentic,USA,Status_Score,Kruskal-Wallis,83.09429428366087,6.655247510406824e-18,Reject H0 (Models Differ),Do Not Pool
standard,Sales / Business Development,USA,Neutral,Entry-Level,Agentic,USA,Warmth_Score,Kruskal-Wallis,49.362486920714204,1.0920834282386225e-10,Reject H0 (Models Differ),Do Not Pool
standard,Sales / Business Development,USA,Neutral,Entry-Level,Communal,China,Hireability_Score,Kruskal-Wallis,47.19313426479541,3.1618914122317794e-10,Reject H0 (Models Differ),Do Not Pool
standard,Sales / Business Development,USA,Neutral,Entry-Level,Communal,China,Competence_Score,Kruskal-Wallis,33.792775889738515,2.191131224306775e-07,Reject H0 (Models Differ),Do Not Pool
standard,Sales / Business Development,USA,Neutral,Entry-Level,Communal,China,Fit_Score,Kruskal-Wallis,41.97337725366008,4.064659173099375e-09,Reject H0 (Models Differ),Do Not Pool
standard,Sales / Business Development,USA,Neutral,Entry-Level,Communal,China,Performance_Score,Kruskal-Wallis,45.596543155372785,6.909903329022629e-10,Reject H0 (Models Differ),Do Not Pool
standard,Sales / Business Development,USA,Neutral,Entry-Level,Communal,China,Leadership_Avg,Kruskal-Wallis,7.092452582000834,0.06900865157967677,Fail to Reject H0 (Models Equivalent),Pool
standard,Sales / Business Development,USA,Neutral,Entry-Level,Communal,China,Status_Score,Kruskal-Wallis,9.873829166435884,0.019669649905859284,Reject H0 (Models Differ),Do Not Pool
standard,Sales / Business Development,USA,Neutral,Entry-Level,Communal,China,Warmth_Score,Kruskal-Wallis,8.167987697340243,0.04266453630721231,Reject H0 (Models Differ),Do Not Pool
standard,Sales / Business Development,USA,Neutral,Entry-Level,Communal,USA,Hireability_Score,Kruskal-Wallis,34.29763463569171,1.714294911674198e-07,Reject H0 (Models Differ),Do Not Pool
standard,Sales / Business Development,USA,Neutral,Entry-Level,Communal,USA,Competence_Score,Kruskal-Wallis,69.50237545177518,5.455189671110178e-15,Reject H0 (Models Differ),Do Not Pool
standard,Sales / Business Development,USA,Neutral,Entry-Level,Communal,USA,Fit_Score,Kruskal-Wallis,68.86341367916168,7.474957035416066e-15,Reject H0 (Models Differ),Do Not Pool
standard,Sales / Business Development,USA,Neutral,Entry-Level,Communal,USA,Performance_Score,Kruskal-Wallis,57.99205241476856,1.5780263307057824e-12,Reject H0 (Models Differ),Do Not Pool
standard,Sales / Business Development,USA,Neutral,Entry-Level,Communal,USA,Leadership_Avg,Kruskal-Wallis,77.0489310259225,1.3179269571300855e-16,Reject H0 (Models Differ),Do Not Pool
standard,Sales / Business Development,USA,Neutral,Entry-Level,Communal,USA,Status_Score,Kruskal-Wallis,82.5641864249186,8.648052604695752e-18,Reject H0 (Models Differ),Do Not Pool
standard,Sales / Business Development,USA,Neutral,Entry-Level,Communal,USA,Warmth_Score,Kruskal-Wallis,35.30961319100859,1.0478922276052528e-07,Reject H0 (Models Differ),Do Not Pool
standard,Sales / Business Development,USA,Neutral,Senior-Level,Agentic,China,Hireability_Score,Kruskal-Wallis,58.32919941588279,1.33696878661798e-12,Reject H0 (Models Differ),Do Not Pool
standard,Sales / Business Development,USA,Neutral,Senior-Level,Agentic,China,Competence_Score,Kruskal-Wallis,47.292454842714484,3.011744184611986e-10,Reject H0 (Models Differ),Do Not Pool
standard,Sales / Business Development,USA,Neutral,Senior-Level,Agentic,China,Fit_Score,Kruskal-Wallis,45.05738746611948,8.996472438176102e-10,Reject H0 (Models Differ),Do Not Pool
standard,Sales / Business Development,USA,Neutral,Senior-Level,Agentic,China,Performance_Score,Kruskal-Wallis,47.212497180438085,3.132044102232436e-10,Reject H0 (Models Differ),Do Not Pool
standard,Sales / Business Development,USA,Neutral,Senior-Level,Agentic,China,Leadership_Avg,Kruskal-Wallis,46.73963997840665,3.9482923923435537e-10,Reject H0 (Models Differ),Do Not Pool
standard,Sales / Business Development,USA,Neutral,Senior-Level,Agentic,China,Status_Score,Kruskal-Wallis,38.00068235406904,2.825534845726445e-08,Reject H0 (Models Differ),Do Not Pool
standard,Sales / Business Development,USA,Neutral,Senior-Level,Agentic,China,Warmth_Score,Kruskal-Wallis,7.359137880129978,0.0612904350706828,Fail to Reject H0 (Models Equivalent),Pool
standard,Sales / Business Development,USA,Neutral,Senior-Level,Agentic,USA,Hireability_Score,Kruskal-Wallis,42.44217782163017,3.2324391722824604e-09,Reject H0 (Models Differ),Do Not Pool
standard,Sales / Business Development,USA,Neutral,Senior-Level,Agentic,USA,Competence_Score,Kruskal-Wallis,64.58823965410753,6.143744857858915e-14,Reject H0 (Models Differ),Do Not Pool
standard,Sales / Business Development,USA,Neutral,Senior-Level,Agentic,USA,Fit_Score,Kruskal-Wallis,66.41271881962443,2.5010633211187375e-14,Reject H0 (Models Differ),Do Not Pool
standard,Sales / Business Development,USA,Neutral,Senior-Level,Agentic,USA,Performance_Score,Kruskal-Wallis,66.91715358646587,1.9506706979780662e-14,Reject H0 (Models Differ),Do Not Pool
standard,Sales / Business Development,USA,Neutral,Senior-Level,Agentic,USA,Leadership_Avg,Kruskal-Wallis,84.0802327803499,4.088580418249409e-18,Reject H0 (Models Differ),Do Not Pool
standard,Sales / Business Development,USA,Neutral,Senior-Level,Agentic,USA,Status_Score,Kruskal-Wallis,72.84651549508693,1.0484994384857873e-15,Reject H0 (Models Differ),Do Not Pool
standard,Sales / Business Development,USA,Neutral,Senior-Level,Agentic,USA,Warmth_Score,Kruskal-Wallis,29.338954004151624,1.900641720776254e-06,Reject H0 (Models Differ),Do Not Pool
standard,Sales / Business Development,USA,Neutral,Senior-Level,Communal,China,Hireability_Score,Kruskal-Wallis,62.90543620142962,1.4069821927075188e-13,Reject H0 (Models Differ),Do Not Pool
standard,Sales / Business Development,USA,Neutral,Senior-Level,Communal,China,Competence_Score,Kruskal-Wallis,45.941015853302176,5.837647727509808e-10,Reject H0 (Models Differ),Do Not Pool
standard,Sales / Business Development,USA,Neutral,Senior-Level,Communal,China,Fit_Score,Kruskal-Wallis,51.89157525213491,3.158754322727121e-11,Reject H0 (Models Differ),Do Not Pool
standard,Sales / Business Development,USA,Neutral,Senior-Level,Communal,China,Performance_Score,Kruskal-Wallis,49.39862113263279,1.0729072863830476e-10,Reject H0 (Models Differ),Do Not Pool
standard,Sales / Business Development,USA,Neutral,Senior-Level,Communal,China,Leadership_Avg,Kruskal-Wallis,45.13448675312889,8.663355666088526e-10,Reject H0 (Models Differ),Do Not Pool
standard,Sales / Business Development,USA,Neutral,Senior-Level,Communal,China,Status_Score,Kruskal-Wallis,40.25058247674983,9.428376477055164e-09,Reject H0 (Models Differ),Do Not Pool
standard,Sales / Business Development,USA,Neutral,Senior-Level,Communal,China,Warmth_Score,Kruskal-Wallis,15.140240222114906,0.0017006423444714462,Reject H0 (Models Differ),Do Not Pool
standard,Sales / Business Development,USA,Neutral,Senior-Level,Communal,USA,Hireability_Score,Kruskal-Wallis,48.128686668087006,1.9993479809674758e-10,Reject H0 (Models Differ),Do Not Pool
standard,Sales / Business Development,USA,Neutral,Senior-Level,Communal,USA,Competence_Score,Kruskal-Wallis,72.37829528158294,1.3209238296231598e-15,Reject H0 (Models Differ),Do Not Pool
standard,Sales / Business Development,USA,Neutral,Senior-Level,Communal,USA,Fit_Score,Kruskal-Wallis,59.72819216197611,6.719151105349932e-13,Reject H0 (Models Differ),Do Not Pool
standard,Sales / Business Development,USA,Neutral,Senior-Level,Communal,USA,Performance_Score,Kruskal-Wallis,58.206268665532114,1.4202741524322028e-12,Reject H0 (Models Differ),Do Not Pool
standard,Sales / Business Development,USA,Neutral,Senior-Level,Communal,USA,Leadership_Avg,Kruskal-Wallis,79.3157625301563,4.303247729832335e-17,Reject H0 (Models Differ),Do Not Pool
standard,Sales / Business Development,USA,Neutral,Senior-Level,Communal,USA,Status_Score,Kruskal-Wallis,58.75627498180593,1.0837162232912644e-12,Reject H0 (Models Differ),Do Not Pool
standard,Sales / Business Development,USA,Neutral,Senior-Level,Communal,USA,Warmth_Score,Kruskal-Wallis,17.080558143632803,0.0006802857885818847,Reject H0 (Models Differ),Do Not Pool
